"tab_code","表章項目","cat01_code","経営形態","area_code","新旧市区町村(2015年)_北陸地方","time_code","時間軸(年次)","unit","value"
"0010","経営体数","100","農林業経営体","15000","新潟県","2015000000","2015年","経営体","56826"
"0010","経営体数","100","農林業経営体","15100","新潟市","2015000000","2015年","経営体","8466"
"0010","経営体数","100","農林業経営体","15101","北区","2015000000","2015年","経営体","1291"
"0010","経営体数","100","農林業経営体","65001","旧松ヶ崎浜村２－１","2015000000","2015年","経営体","-"
"0010","経営体数","100","農林業経営体","65002","旧濁川村","2015000000","2015年","経営体","76"
"0010","経営体数","100","農林業経営体","65003","旧南浜村","2015000000","2015年","経営体","87"
"0010","経営体数","100","農林業経営体","65004","旧木崎村２－２","2015000000","2015年","経営体","19"
"0010","経営体数","100","農林業経営体","65005","旧葛塚町","2015000000","2015年","経営体","217"
"0010","経営体数","100","農林業経営体","65006","旧木崎村２－１","2015000000","2015年","経営体","280"
"0010","経営体数","100","農林業経営体","65007","旧岡方村","2015000000","2015年","経営体","275"
"0010","経営体数","100","農林業経営体","65008","旧長浦村","2015000000","2015年","経営体","337"
"0010","経営体数","100","農林業経営体","15102","東区","2015000000","2015年","経営体","217"
"0010","経営体数","100","農林業経営体","65009","旧新潟市２－１","2015000000","2015年","経営体","-"
"0010","経営体数","100","農林業経営体","65010","旧石山村２－１","2015000000","2015年","経営体","82"
"0010","経営体数","100","農林業経営体","65011","旧大形村","2015000000","2015年","経営体","117"
"0010","経営体数","100","農林業経営体","65012","旧松ヶ崎浜村２－２","2015000000","2015年","経営体","18"
"0010","経営体数","100","農林業経営体","15103","中央区","2015000000","2015年","経営体","145"
"0010","経営体数","100","農林業経営体","65013","旧新潟市２－２","2015000000","2015年","経営体","3"
"0010","経営体数","100","農林業経営体","65014","旧石山村２－２","2015000000","2015年","経営体","76"
"0010","経営体数","100","農林業経営体","65015","旧鳥屋野村","2015000000","2015年","経営体","64"
"0010","経営体数","100","農林業経営体","65016","旧曽野木村２－１－１","2015000000","2015年","経営体","2"
"0010","経営体数","100","農林業経営体","15104","江南区","2015000000","2015年","経営体","1149"
"0010","経営体数","100","農林業経営体","65017","旧大江山村","2015000000","2015年","経営体","202"
"0010","経営体数","100","農林業経営体","65018","旧曽野木村２－１－２","2015000000","2015年","経営体","192"
"0010","経営体数","100","農林業経営体","65019","旧両川村","2015000000","2015年","経営体","155"
"0010","経営体数","100","農林業経営体","65020","旧横越町","2015000000","2015年","経営体","384"
"0010","経営体数","100","農林業経営体","65021","旧亀田町","2015000000","2015年","経営体","216"
"0010","経営体数","100","農林業経営体","15105","秋葉区","2015000000","2015年","経営体","1074"
"0010","経営体数","100","農林業経営体","65022","旧新津町","2015000000","2015年","経営体","428"
"0010","経営体数","100","農林業経営体","65023","旧金津村","2015000000","2015年","経営体","86"
"0010","経営体数","100","農林業経営体","65024","旧小合村","2015000000","2015年","経営体","282"
"0010","経営体数","100","農林業経営体","65025","旧新関村２－１","2015000000","2015年","経営体","79"
"0010","経営体数","100","農林業経営体","65026","旧小須戸町","2015000000","2015年","経営体","199"
"0010","経営体数","100","農林業経営体","15106","南区","2015000000","2015年","経営体","1590"
"0010","経営体数","100","農林業経営体","65027","旧白根町","2015000000","2015年","経営体","65"
"0010","経営体数","100","農林業経営体","65028","旧須田村２－２","2015000000","2015年","経営体","11"
"0010","経営体数","100","農林業経営体","65029","旧新飯田村","2015000000","2015年","経営体","73"
"0010","経営体数","100","農林業経営体","65030","旧庄瀬村","2015000000","2015年","経営体","210"
"0010","経営体数","100","農林業経営体","65031","旧小林村","2015000000","2015年","経営体","127"
"0010","経営体数","100","農林業経営体","65032","旧臼井村","2015000000","2015年","経営体","131"
"0010","経営体数","100","農林業経営体","65033","旧鷲巻村","2015000000","2015年","経営体","167"
"0010","経営体数","100","農林業経営体","65034","旧大郷村","2015000000","2015年","経営体","186"
"0010","経営体数","100","農林業経営体","65035","旧根岸村","2015000000","2015年","経営体","115"
"0010","経営体数","100","農林業経営体","65036","旧茨曽根村","2015000000","2015年","経営体","142"
"0010","経営体数","100","農林業経営体","65037","旧曽野木村２－１－３","2015000000","2015年","経営体","-"
"0010","経営体数","100","農林業経営体","65038","旧曽野木村２－２","2015000000","2015年","経営体","-"
"0010","経営体数","100","農林業経営体","65039","旧味方村","2015000000","2015年","経営体","193"
"0010","経営体数","100","農林業経営体","65040","旧月潟村","2015000000","2015年","経営体","170"
"0010","経営体数","100","農林業経営体","15107","西区","2015000000","2015年","経営体","1072"
"0010","経営体数","100","農林業経営体","65041","旧坂井輪村","2015000000","2015年","経営体","189"
"0010","経営体数","100","農林業経営体","65042","旧内野町","2015000000","2015年","経営体","71"
"0010","経営体数","100","農林業経営体","65043","旧赤塚村","2015000000","2015年","経営体","200"
"0010","経営体数","100","農林業経営体","65044","旧中野小屋村","2015000000","2015年","経営体","251"
"0010","経営体数","100","農林業経営体","65045","旧黒埼町","2015000000","2015年","経営体","352"
"0010","経営体数","100","農林業経営体","65046","旧角田村２－１","2015000000","2015年","経営体","9"
"0010","経営体数","100","農林業経営体","15108","西蒲区","2015000000","2015年","経営体","1928"
"0010","経営体数","100","農林業経営体","65047","旧岩室村","2015000000","2015年","経営体","167"
"0010","経営体数","100","農林業経営体","65048","旧間瀬村","2015000000","2015年","経営体","-"
"0010","経営体数","100","農林業経営体","65049","旧和納村３－１","2015000000","2015年","経営体","64"
"0010","経営体数","100","農林業経営体","65050","旧鎧郷村２－１","2015000000","2015年","経営体","143"
"0010","経営体数","100","農林業経営体","65051","旧曽根町","2015000000","2015年","経営体","97"
"0010","経営体数","100","農林業経営体","65052","旧升潟村","2015000000","2015年","経営体","146"
"0010","経営体数","100","農林業経営体","65053","旧四ツ合村２－２","2015000000","2015年","経営体","2"
"0010","経営体数","100","農林業経営体","65054","旧四ツ合村２－１","2015000000","2015年","経営体","216"
"0010","経営体数","100","農林業経営体","65055","旧大原村","2015000000","2015年","経営体","150"
"0010","経営体数","100","農林業経営体","65056","旧小吉村","2015000000","2015年","経営体","138"
"0010","経営体数","100","農林業経営体","65057","旧道上村","2015000000","2015年","経営体","117"
"0010","経営体数","100","農林業経営体","65058","旧松長村２－２","2015000000","2015年","経営体","32"
"0010","経営体数","100","農林業経営体","65059","旧巻町","2015000000","2015年","経営体","83"
"0010","経営体数","100","農林業経営体","65060","旧鎧郷村２－２","2015000000","2015年","経営体","40"
"0010","経営体数","100","農林業経営体","65061","旧漆山村","2015000000","2015年","経営体","225"
"0010","経営体数","100","農林業経営体","65062","旧峰岡村","2015000000","2015年","経営体","175"
"0010","経営体数","100","農林業経営体","65063","旧松野尾村","2015000000","2015年","経営体","76"
"0010","経営体数","100","農林業経営体","65064","旧角田村２－２","2015000000","2015年","経営体","28"
"0010","経営体数","100","農林業経営体","65065","旧浦浜村","2015000000","2015年","経営体","-"
"0010","経営体数","100","農林業経営体","65066","旧和納村３－３","2015000000","2015年","経営体","29"
"0010","経営体数","100","農林業経営体","15202","長岡市","2015000000","2015年","経営体","5213"
"0010","経営体数","100","農林業経営体","65067","旧長岡市","2015000000","2015年","経営体","99"
"0010","経営体数","100","農林業経営体","65068","旧下川西村","2015000000","2015年","経営体","161"
"0010","経営体数","100","農林業経営体","65069","旧黒条村","2015000000","2015年","経営体","150"
"0010","経営体数","100","農林業経営体","65070","旧栖吉村","2015000000","2015年","経営体","81"
"0010","経営体数","100","農林業経営体","65071","旧山本村","2015000000","2015年","経営体","134"
"0010","経営体数","100","農林業経営体","65072","旧富曽亀村","2015000000","2015年","経営体","70"
"0010","経営体数","100","農林業経営体","65073","旧新組村２－１","2015000000","2015年","経営体","113"
"0010","経営体数","100","農林業経営体","65074","旧上川西村","2015000000","2015年","経営体","78"
"0010","経営体数","100","農林業経営体","65075","旧福戸村","2015000000","2015年","経営体","77"
"0010","経営体数","100","農林業経営体","65076","旧王寺川村","2015000000","2015年","経営体","43"
"0010","経営体数","100","農林業経営体","65077","旧日越村","2015000000","2015年","経営体","103"
"0010","経営体数","100","農林業経営体","65078","旧深才村","2015000000","2015年","経営体","99"
"0010","経営体数","100","農林業経営体","65079","旧宮内町","2015000000","2015年","経営体","229"
"0010","経営体数","100","農林業経営体","65080","旧十日町村","2015000000","2015年","経営体","110"
"0010","経営体数","100","農林業経営体","65081","旧六日市村２－１","2015000000","2015年","経営体","65"
"0010","経営体数","100","農林業経営体","65082","旧太田村２－１","2015000000","2015年","経営体","3"
"0010","経営体数","100","農林業経営体","65083","旧関原町","2015000000","2015年","経営体","33"
"0010","経営体数","100","農林業経営体","65084","旧日吉村２－２","2015000000","2015年","経営体","7"
"0010","経営体数","100","農林業経営体","65085","旧黒川村２－２","2015000000","2015年","経営体","27"
"0010","経営体数","100","農林業経営体","65086","旧宮本村","2015000000","2015年","経営体","31"
"0010","経営体数","100","農林業経営体","65087","旧大積村","2015000000","2015年","経営体","44"
"0010","経営体数","100","農林業経営体","65088","旧中之島町","2015000000","2015年","経営体","644"
"0010","経営体数","100","農林業経営体","65089","旧来迎寺村","2015000000","2015年","経営体","168"
"0010","経営体数","100","農林業経営体","65090","旧石津村","2015000000","2015年","経営体","39"
"0010","経営体数","100","農林業経営体","65091","旧塚山村","2015000000","2015年","経営体","58"
"0010","経営体数","100","農林業経営体","65092","旧千谷沢村２－１","2015000000","2015年","経営体","8"
"0010","経営体数","100","農林業経営体","65093","旧岩塚村","2015000000","2015年","経営体","53"
"0010","経営体数","100","農林業経営体","65094","旧脇野町","2015000000","2015年","経営体","88"
"0010","経営体数","100","農林業経営体","65095","旧大津村２－１","2015000000","2015年","経営体","52"
"0010","経営体数","100","農林業経営体","65096","旧日吉村２－１","2015000000","2015年","経営体","40"
"0010","経営体数","100","農林業経営体","65097","旧種苧原村","2015000000","2015年","経営体","54"
"0010","経営体数","100","農林業経営体","65098","旧太田村２－２","2015000000","2015年","経営体","25"
"0010","経営体数","100","農林業経営体","65099","旧竹沢村","2015000000","2015年","経営体","19"
"0010","経営体数","100","農林業経営体","65100","旧東竹沢村２－１","2015000000","2015年","経営体","15"
"0010","経営体数","100","農林業経営体","65101","旧仙田村３－２","2015000000","2015年","経営体","8"
"0010","経営体数","100","農林業経営体","65102","旧上小国村","2015000000","2015年","経営体","188"
"0010","経営体数","100","農林業経営体","65103","旧小国村","2015000000","2015年","経営体","135"
"0010","経営体数","100","農林業経営体","65104","旧山横沢村","2015000000","2015年","経営体","10"
"0010","経営体数","100","農林業経営体","65105","旧千谷沢村２－２","2015000000","2015年","経営体","14"
"0010","経営体数","100","農林業経営体","65106","旧桐島村","2015000000","2015年","経営体","39"
"0010","経営体数","100","農林業経営体","65107","旧島田村","2015000000","2015年","経営体","118"
"0010","経営体数","100","農林業経営体","65108","旧西越村２－２","2015000000","2015年","経営体","14"
"0010","経営体数","100","農林業経営体","65109","旧寺泊町","2015000000","2015年","経営体","199"
"0010","経営体数","100","農林業経営体","65110","旧大河津村３－１","2015000000","2015年","経営体","235"
"0010","経営体数","100","農林業経営体","65111","旧栃尾町","2015000000","2015年","経営体","23"
"0010","経営体数","100","農林業経営体","65112","旧上北谷村２－２","2015000000","2015年","経営体","34"
"0010","経営体数","100","農林業経営体","65113","旧下塩谷村","2015000000","2015年","経営体","227"
"0010","経営体数","100","農林業経営体","65114","旧上塩谷村","2015000000","2015年","経営体","137"
"0010","経営体数","100","農林業経営体","65115","旧東谷村","2015000000","2015年","経営体","114"
"0010","経営体数","100","農林業経営体","65116","旧入東谷村","2015000000","2015年","経営体","63"
"0010","経営体数","100","農林業経営体","65117","旧荷頃村","2015000000","2015年","経営体","103"
"0010","経営体数","100","農林業経営体","65118","旧西谷村","2015000000","2015年","経営体","52"
"0010","経営体数","100","農林業経営体","65119","旧中野俣村","2015000000","2015年","経営体","55"
"0010","経営体数","100","農林業経営体","65120","旧半蔵金村","2015000000","2015年","経営体","18"
"0010","経営体数","100","農林業経営体","65121","旧与板町","2015000000","2015年","経営体","62"
"0010","経営体数","100","農林業経営体","65122","旧大河津村３－３","2015000000","2015年","経営体","18"
"0010","経営体数","100","農林業経営体","65123","旧黒川村２－１","2015000000","2015年","経営体","50"
"0010","経営体数","100","農林業経営体","65124","旧大津村２－２","2015000000","2015年","経営体","36"
"0010","経営体数","100","農林業経営体","65125","旧川口村","2015000000","2015年","経営体","197"
"0010","経営体数","100","農林業経営体","65126","旧東山村２－２","2015000000","2015年","経営体","7"
"0010","経営体数","100","農林業経営体","65127","旧田麦山村","2015000000","2015年","経営体","37"
"0010","経営体数","100","農林業経営体","15204","三条市","2015000000","2015年","経営体","2491"
"0010","経営体数","100","農林業経営体","65128","旧三条市","2015000000","2015年","経営体","149"
"0010","経営体数","100","農林業経営体","65129","旧井栗村","2015000000","2015年","経営体","246"
"0010","経営体数","100","農林業経営体","65130","旧大崎村","2015000000","2015年","経営体","208"
"0010","経営体数","100","農林業経営体","65131","旧本成寺村","2015000000","2015年","経営体","231"
"0010","経営体数","100","農林業経営体","65132","旧大島村２－１","2015000000","2015年","経営体","186"
"0010","経営体数","100","農林業経営体","65133","旧福島村","2015000000","2015年","経営体","259"
"0010","経営体数","100","農林業経営体","65134","旧大面村","2015000000","2015年","経営体","237"
"0010","経営体数","100","農林業経営体","65135","旧長沢村","2015000000","2015年","経営体","436"
"0010","経営体数","100","農林業経営体","65136","旧森町村","2015000000","2015年","経営体","279"
"0010","経営体数","100","農林業経営体","65137","旧鹿峠村","2015000000","2015年","経営体","260"
"0010","経営体数","100","農林業経営体","15205","柏崎市","2015000000","2015年","経営体","1461"
"0010","経営体数","100","農林業経営体","65138","旧柏崎市","2015000000","2015年","経営体","53"
"0010","経営体数","100","農林業経営体","65139","旧西中通村","2015000000","2015年","経営体","83"
"0010","経営体数","100","農林業経営体","65140","旧荒浜村","2015000000","2015年","経営体","4"
"0010","経営体数","100","農林業経営体","65141","旧北鯖石村","2015000000","2015年","経営体","78"
"0010","経営体数","100","農林業経営体","65142","旧田尻村","2015000000","2015年","経営体","134"
"0010","経営体数","100","農林業経営体","65143","旧高田村","2015000000","2015年","経営体","111"
"0010","経営体数","100","農林業経営体","65144","旧中通村２－１","2015000000","2015年","経営体","82"
"0010","経営体数","100","農林業経営体","65145","旧上米山村","2015000000","2015年","経営体","9"
"0010","経営体数","100","農林業経営体","65146","旧米山村２－１","2015000000","2015年","経営体","4"
"0010","経営体数","100","農林業経営体","65147","旧高浜町","2015000000","2015年","経営体","4"
"0010","経営体数","100","農林業経営体","65148","旧上条村","2015000000","2015年","経営体","113"
"0010","経営体数","100","農林業経営体","65149","旧南鯖石村","2015000000","2015年","経営体","111"
"0010","経営体数","100","農林業経営体","65150","旧中鯖石村","2015000000","2015年","経営体","102"
"0010","経営体数","100","農林業経営体","65151","旧野田村","2015000000","2015年","経営体","67"
"0010","経営体数","100","農林業経営体","65152","旧鵜川村","2015000000","2015年","経営体","19"
"0010","経営体数","100","農林業経営体","65153","旧北条村","2015000000","2015年","経営体","138"
"0010","経営体数","100","農林業経営体","65154","旧米山村２－２－２","2015000000","2015年","経営体","1"
"0010","経営体数","100","農林業経営体","65155","旧高柳村","2015000000","2015年","経営体","130"
"0010","経営体数","100","農林業経営体","65156","旧石黒村","2015000000","2015年","経営体","20"
"0010","経営体数","100","農林業経営体","65157","旧山平村２－２","2015000000","2015年","経営体","4"
"0010","経営体数","100","農林業経営体","65158","旧内郷村","2015000000","2015年","経営体","74"
"0010","経営体数","100","農林業経営体","65159","旧石地町","2015000000","2015年","経営体","46"
"0010","経営体数","100","農林業経営体","65160","旧二田村２－１","2015000000","2015年","経営体","74"
"0010","経営体数","100","農林業経営体","15206","新発田市","2015000000","2015年","経営体","2624"
"0010","経営体数","100","農林業経営体","65161","旧新発田市","2015000000","2015年","経営体","166"
"0010","経営体数","100","農林業経営体","65162","旧五十公野村","2015000000","2015年","経営体","166"
"0010","経営体数","100","農林業経営体","65163","旧松浦村","2015000000","2015年","経営体","148"
"0010","経営体数","100","農林業経営体","65164","旧米倉村","2015000000","2015年","経営体","46"
"0010","経営体数","100","農林業経営体","65165","旧赤谷村","2015000000","2015年","経営体","33"
"0010","経営体数","100","農林業経営体","65166","旧川東村","2015000000","2015年","経営体","480"
"0010","経営体数","100","農林業経営体","65167","旧菅谷村","2015000000","2015年","経営体","268"
"0010","経営体数","100","農林業経営体","65168","旧加治村２－２","2015000000","2015年","経営体","42"
"0010","経営体数","100","農林業経営体","65169","旧佐々木村","2015000000","2015年","経営体","204"
"0010","経営体数","100","農林業経営体","65170","旧中浦村２－２","2015000000","2015年","経営体","1"
"0010","経営体数","100","農林業経営体","65171","旧中浦村２－１","2015000000","2015年","経営体","352"
"0010","経営体数","100","農林業経営体","65172","旧本田村","2015000000","2015年","経営体","105"
"0010","経営体数","100","農林業経営体","65173","旧神山村３－３","2015000000","2015年","経営体","16"
"0010","経営体数","100","農林業経営体","65174","旧加治村２－１","2015000000","2015年","経営体","207"
"0010","経営体数","100","農林業経営体","65175","旧金塚村２－１","2015000000","2015年","経営体","132"
"0010","経営体数","100","農林業経営体","65176","旧紫雲寺村","2015000000","2015年","経営体","258"
"0010","経営体数","100","農林業経営体","65177","旧松塚村２－１","2015000000","2015年","経営体","-"
"0010","経営体数","100","農林業経営体","15208","小千谷市","2015000000","2015年","経営体","1436"
"0010","経営体数","100","農林業経営体","65178","旧小千谷町","2015000000","2015年","経営体","458"
"0010","経営体数","100","農林業経営体","65179","旧城川村","2015000000","2015年","経営体","216"
"0010","経営体数","100","農林業経営体","65180","旧千田村","2015000000","2015年","経営体","262"
"0010","経営体数","100","農林業経営体","65181","旧川井村","2015000000","2015年","経営体","64"
"0010","経営体数","100","農林業経営体","65182","旧六日市村２－２","2015000000","2015年","経営体","8"
"0010","経営体数","100","農林業経営体","65183","旧東山村２－１","2015000000","2015年","経営体","14"
"0010","経営体数","100","農林業経営体","65184","旧岩沢村","2015000000","2015年","経営体","61"
"0010","経営体数","100","農林業経営体","65185","旧真人村","2015000000","2015年","経営体","188"
"0010","経営体数","100","農林業経営体","65186","旧片貝町","2015000000","2015年","経営体","165"
"0010","経営体数","100","農林業経営体","15209","加茂市","2015000000","2015年","経営体","731"
"0010","経営体数","100","農林業経営体","65187","旧加茂町","2015000000","2015年","経営体","232"
"0010","経営体数","100","農林業経営体","65188","旧下条村","2015000000","2015年","経営体","117"
"0010","経営体数","100","農林業経営体","65189","旧七谷村","2015000000","2015年","経営体","204"
"0010","経営体数","100","農林業経営体","65190","旧須田村２－１","2015000000","2015年","経営体","178"
"0010","経営体数","100","農林業経営体","15210","十日町市","2015000000","2015年","経営体","3459"
"0010","経営体数","100","農林業経営体","65191","旧十日町","2015000000","2015年","経営体","80"
"0010","経営体数","100","農林業経営体","65192","旧中条村","2015000000","2015年","経営体","316"
"0010","経営体数","100","農林業経営体","65193","旧川治村","2015000000","2015年","経営体","168"
"0010","経営体数","100","農林業経営体","65194","旧六箇村","2015000000","2015年","経営体","71"
"0010","経営体数","100","農林業経営体","65195","旧吉田村","2015000000","2015年","経営体","331"
"0010","経営体数","100","農林業経営体","65196","旧下条村","2015000000","2015年","経営体","218"
"0010","経営体数","100","農林業経営体","65197","旧水沢村","2015000000","2015年","経営体","359"
"0010","経営体数","100","農林業経営体","65198","旧貝野村２－２","2015000000","2015年","経営体","41"
"0010","経営体数","100","農林業経営体","65199","旧千手町","2015000000","2015年","経営体","229"
"0010","経営体数","100","農林業経営体","65200","旧上野村","2015000000","2015年","経営体","140"
"0010","経営体数","100","農林業経営体","65201","旧橘村","2015000000","2015年","経営体","181"
"0010","経営体数","100","農林業経営体","65202","旧仙田村３－１","2015000000","2015年","経営体","124"
"0010","経営体数","100","農林業経営体","65203","旧田沢村","2015000000","2015年","経営体","305"
"0010","経営体数","100","農林業経営体","65204","旧倉俣村２－１","2015000000","2015年","経営体","131"
"0010","経営体数","100","農林業経営体","65205","旧貝野村２－１","2015000000","2015年","経営体","61"
"0010","経営体数","100","農林業経営体","65206","旧中深見村２－２","2015000000","2015年","経営体","9"
"0010","経営体数","100","農林業経営体","65207","旧松代村","2015000000","2015年","経営体","219"
"0010","経営体数","100","農林業経営体","65208","旧山平村２－１","2015000000","2015年","経営体","85"
"0010","経営体数","100","農林業経営体","65209","旧奴奈川村","2015000000","2015年","経営体","64"
"0010","経営体数","100","農林業経営体","65210","旧仙田村３－３","2015000000","2015年","経営体","-"
"0010","経営体数","100","農林業経営体","65211","旧松之山村","2015000000","2015年","経営体","253"
"0010","経営体数","100","農林業経営体","65212","旧浦田村","2015000000","2015年","経営体","74"
"0010","経営体数","100","農林業経営体","15211","見附市","2015000000","2015年","経営体","898"
"0010","経営体数","100","農林業経営体","65213","旧見附町","2015000000","2015年","経営体","162"
"0010","経営体数","100","農林業経営体","65214","旧上北谷村２－１","2015000000","2015年","経営体","101"
"0010","経営体数","100","農林業経営体","65215","旧北谷村","2015000000","2015年","経営体","113"
"0010","経営体数","100","農林業経営体","65216","旧葛巻村","2015000000","2015年","経営体","153"
"0010","経営体数","100","農林業経営体","65217","旧新潟村","2015000000","2015年","経営体","130"
"0010","経営体数","100","農林業経営体","65218","旧新組村２－２","2015000000","2015年","経営体","35"
"0010","経営体数","100","農林業経営体","65219","旧今町","2015000000","2015年","経営体","204"
"0010","経営体数","100","農林業経営体","15212","村上市","2015000000","2015年","経営体","2570"
"0010","経営体数","100","農林業経営体","65220","旧村上町","2015000000","2015年","経営体","20"
"0010","経営体数","100","農林業経営体","65221","旧瀬波町","2015000000","2015年","経営体","58"
"0010","経営体数","100","農林業経営体","65222","旧岩船町２－１","2015000000","2015年","経営体","43"
"0010","経営体数","100","農林業経営体","65223","旧山辺里村","2015000000","2015年","経営体","238"
"0010","経営体数","100","農林業経営体","65224","旧上海府村","2015000000","2015年","経営体","5"
"0010","経営体数","100","農林業経営体","65225","旧保内村","2015000000","2015年","経営体","152"
"0010","経営体数","100","農林業経営体","65226","旧金屋村","2015000000","2015年","経営体","196"
"0010","経営体数","100","農林業経営体","65227","旧西神納村","2015000000","2015年","経営体","87"
"0010","経営体数","100","農林業経営体","65228","旧神納村","2015000000","2015年","経営体","333"
"0010","経営体数","100","農林業経営体","65229","旧平林村","2015000000","2015年","経営体","218"
"0010","経営体数","100","農林業経営体","65230","旧岩船町２－２","2015000000","2015年","経営体","-"
"0010","経営体数","100","農林業経営体","65231","旧高根村","2015000000","2015年","経営体","201"
"0010","経営体数","100","農林業経営体","65232","旧猿沢村","2015000000","2015年","経営体","94"
"0010","経営体数","100","農林業経営体","65233","旧塩野町村","2015000000","2015年","経営体","124"
"0010","経営体数","100","農林業経営体","65234","旧三面村","2015000000","2015年","経営体","92"
"0010","経営体数","100","農林業経営体","65235","旧館腰村","2015000000","2015年","経営体","151"
"0010","経営体数","100","農林業経営体","65236","旧大川谷村","2015000000","2015年","経営体","143"
"0010","経営体数","100","農林業経営体","65237","旧中俣村","2015000000","2015年","経営体","126"
"0010","経営体数","100","農林業経営体","65238","旧黒川俣村","2015000000","2015年","経営体","120"
"0010","経営体数","100","農林業経営体","65239","旧八幡村","2015000000","2015年","経営体","81"
"0010","経営体数","100","農林業経営体","65240","旧下海府村","2015000000","2015年","経営体","88"
"0010","経営体数","100","農林業経営体","15213","燕市","2015000000","2015年","経営体","1418"
"0010","経営体数","100","農林業経営体","65241","旧燕町","2015000000","2015年","経営体","157"
"0010","経営体数","100","農林業経営体","65242","旧小池村","2015000000","2015年","経営体","157"
"0010","経営体数","100","農林業経営体","65243","旧小中川村","2015000000","2015年","経営体","157"
"0010","経営体数","100","農林業経営体","65244","旧大島村２－２","2015000000","2015年","経営体","15"
"0010","経営体数","100","農林業経営体","65245","旧松長村２－１","2015000000","2015年","経営体","76"
"0010","経営体数","100","農林業経営体","65246","旧島上村","2015000000","2015年","経営体","167"
"0010","経営体数","100","農林業経営体","65247","旧大河津村３－２","2015000000","2015年","経営体","34"
"0010","経営体数","100","農林業経営体","65248","旧地蔵堂町","2015000000","2015年","経営体","-"
"0010","経営体数","100","農林業経営体","65249","旧国上村２－１","2015000000","2015年","経営体","187"
"0010","経営体数","100","農林業経営体","65250","旧吉田町","2015000000","2015年","経営体","119"
"0010","経営体数","100","農林業経営体","65251","旧米納津村","2015000000","2015年","経営体","174"
"0010","経営体数","100","農林業経営体","65252","旧粟生津村","2015000000","2015年","経営体","125"
"0010","経営体数","100","農林業経営体","65253","旧国上村２－２","2015000000","2015年","経営体","23"
"0010","経営体数","100","農林業経営体","65254","旧弥彦村２－２","2015000000","2015年","経営体","4"
"0010","経営体数","100","農林業経営体","65255","旧和納村３－２","2015000000","2015年","経営体","23"
"0010","経営体数","100","農林業経営体","15216","糸魚川市","2015000000","2015年","経営体","1169"
"0010","経営体数","100","農林業経営体","65256","旧糸魚川町","2015000000","2015年","経営体","81"
"0010","経営体数","100","農林業経営体","65257","旧浦本村","2015000000","2015年","経営体","1"
"0010","経営体数","100","農林業経営体","65258","旧下早川村","2015000000","2015年","経営体","195"
"0010","経営体数","100","農林業経営体","65259","旧上早川村","2015000000","2015年","経営体","97"
"0010","経営体数","100","農林業経営体","65260","旧大和川村","2015000000","2015年","経営体","42"
"0010","経営体数","100","農林業経営体","65261","旧西海村","2015000000","2015年","経営体","92"
"0010","経営体数","100","農林業経営体","65262","旧大野村","2015000000","2015年","経営体","75"
"0010","経営体数","100","農林業経営体","65263","旧根知村","2015000000","2015年","経営体","90"
"0010","経営体数","100","農林業経営体","65264","旧小滝村","2015000000","2015年","経営体","1"
"0010","経営体数","100","農林業経営体","65265","旧今井村２－１","2015000000","2015年","経営体","70"
"0010","経営体数","100","農林業経営体","65266","旧能生谷村","2015000000","2015年","経営体","271"
"0010","経営体数","100","農林業経営体","65267","旧木浦村","2015000000","2015年","経営体","21"
"0010","経営体数","100","農林業経営体","65268","旧能生町","2015000000","2015年","経営体","22"
"0010","経営体数","100","農林業経営体","65269","旧磯部村","2015000000","2015年","経営体","88"
"0010","経営体数","100","農林業経営体","65270","旧青海町","2015000000","2015年","経営体","3"
"0010","経営体数","100","農林業経営体","65271","旧今井村２－２","2015000000","2015年","経営体","11"
"0010","経営体数","100","農林業経営体","65272","旧歌外波村","2015000000","2015年","経営体","-"
"0010","経営体数","100","農林業経営体","65273","旧市振村","2015000000","2015年","経営体","-"
"0010","経営体数","100","農林業経営体","65274","旧上路村","2015000000","2015年","経営体","9"
"0010","経営体数","100","農林業経営体","15217","妙高市","2015000000","2015年","経営体","1175"
"0010","経営体数","100","農林業経営体","65275","旧新井町","2015000000","2015年","経営体","78"
"0010","経営体数","100","農林業経営体","65276","旧斐太村２－１","2015000000","2015年","経営体","141"
"0010","経営体数","100","農林業経営体","65277","旧和田村２－２","2015000000","2015年","経営体","78"
"0010","経営体数","100","農林業経営体","65278","旧水上村","2015000000","2015年","経営体","103"
"0010","経営体数","100","農林業経営体","65279","旧泉村","2015000000","2015年","経営体","51"
"0010","経営体数","100","農林業経営体","65280","旧水原村","2015000000","2015年","経営体","28"
"0010","経営体数","100","農林業経営体","65281","旧平丸村","2015000000","2015年","経営体","10"
"0010","経営体数","100","農林業経営体","65282","旧上郷村","2015000000","2015年","経営体","38"
"0010","経営体数","100","農林業経営体","65283","旧原通村２－２","2015000000","2015年","経営体","44"
"0010","経営体数","100","農林業経営体","65284","旧鳥坂村","2015000000","2015年","経営体","65"
"0010","経営体数","100","農林業経営体","65285","旧矢代村２－１","2015000000","2015年","経営体","208"
"0010","経営体数","100","農林業経営体","65286","旧名香山村","2015000000","2015年","経営体","21"
"0010","経営体数","100","農林業経営体","65287","旧杉野沢村","2015000000","2015年","経営体","44"
"0010","経営体数","100","農林業経営体","65288","旧関山村","2015000000","2015年","経営体","91"
"0010","経営体数","100","農林業経営体","65289","旧原通村２－１","2015000000","2015年","経営体","124"
"0010","経営体数","100","農林業経営体","65290","旧大鹿村","2015000000","2015年","経営体","50"
"0010","経営体数","100","農林業経営体","65291","旧豊葦村","2015000000","2015年","経営体","1"
"0010","経営体数","100","農林業経営体","15218","五泉市","2015000000","2015年","経営体","1972"
"0010","経営体数","100","農林業経営体","65292","旧五泉町","2015000000","2015年","経営体","238"
"0010","経営体数","100","農林業経営体","65293","旧川東村","2015000000","2015年","経営体","242"
"0010","経営体数","100","農林業経営体","65294","旧巣本村","2015000000","2015年","経営体","229"
"0010","経営体数","100","農林業経営体","65295","旧橋田村","2015000000","2015年","経営体","183"
"0010","経営体数","100","農林業経営体","65296","旧菅名村２－２","2015000000","2015年","経営体","121"
"0010","経営体数","100","農林業経営体","65297","旧新関村２－２","2015000000","2015年","経営体","55"
"0010","経営体数","100","農林業経営体","65298","旧安田村２－２","2015000000","2015年","経営体","11"
"0010","経営体数","100","農林業経営体","65299","旧下条村３－３","2015000000","2015年","経営体","-"
"0010","経営体数","100","農林業経営体","65300","旧村松町","2015000000","2015年","経営体","52"
"0010","経営体数","100","農林業経営体","65301","旧菅名村２－１","2015000000","2015年","経営体","164"
"0010","経営体数","100","農林業経営体","65302","旧大蒲原村","2015000000","2015年","経営体","332"
"0010","経営体数","100","農林業経営体","65303","旧十全村","2015000000","2015年","経営体","167"
"0010","経営体数","100","農林業経営体","65304","旧川内村","2015000000","2015年","経営体","178"
"0010","経営体数","100","農林業経営体","15222","上越市","2015000000","2015年","経営体","4505"
"0010","経営体数","100","農林業経営体","65305","旧高田市","2015000000","2015年","経営体","17"
"0010","経営体数","100","農林業経営体","65306","旧新道村","2015000000","2015年","経営体","54"
"0010","経営体数","100","農林業経営体","65307","旧津有村","2015000000","2015年","経営体","198"
"0010","経営体数","100","農林業経営体","65308","旧諏訪村２－２","2015000000","2015年","経営体","62"
"0010","経営体数","100","農林業経営体","65309","旧三郷村","2015000000","2015年","経営体","89"
"0010","経営体数","100","農林業経営体","65310","旧和田村２－１","2015000000","2015年","経営体","166"
"0010","経営体数","100","農林業経営体","65311","旧斐太村２－２","2015000000","2015年","経営体","13"
"0010","経営体数","100","農林業経営体","65312","旧金谷村","2015000000","2015年","経営体","109"
"0010","経営体数","100","農林業経営体","65313","旧春日村２－１","2015000000","2015年","経営体","92"
"0010","経営体数","100","農林業経営体","65314","旧高士村","2015000000","2015年","経営体","101"
"0010","経営体数","100","農林業経営体","65315","旧直江津町","2015000000","2015年","経営体","2"
"0010","経営体数","100","農林業経営体","65316","旧春日村２－２","2015000000","2015年","経営体","24"
"0010","経営体数","100","農林業経営体","65317","旧有田村","2015000000","2015年","経営体","64"
"0010","経営体数","100","農林業経営体","65318","旧八千浦村","2015000000","2015年","経営体","22"
"0010","経営体数","100","農林業経営体","65319","旧保倉村","2015000000","2015年","経営体","128"
"0010","経営体数","100","農林業経営体","65320","旧諏訪村２－１","2015000000","2015年","経営体","46"
"0010","経営体数","100","農林業経営体","65321","旧谷浜村","2015000000","2015年","経営体","59"
"0010","経営体数","100","農林業経営体","65322","旧桑取村","2015000000","2015年","経営体","36"
"0010","経営体数","100","農林業経営体","65323","旧安塚村２－１","2015000000","2015年","経営体","99"
"0010","経営体数","100","農林業経営体","65324","旧菱里村","2015000000","2015年","経営体","89"
"0010","経営体数","100","農林業経営体","65325","旧小黒村","2015000000","2015年","経営体","62"
"0010","経営体数","100","農林業経営体","65326","旧下保倉村","2015000000","2015年","経営体","153"
"0010","経営体数","100","農林業経営体","65327","旧安塚村２－２","2015000000","2015年","経営体","78"
"0010","経営体数","100","農林業経営体","65328","旧沖見村２－２","2015000000","2015年","経営体","3"
"0010","経営体数","100","農林業経営体","65329","旧大島村","2015000000","2015年","経営体","99"
"0010","経営体数","100","農林業経営体","65330","旧保倉村","2015000000","2015年","経営体","84"
"0010","経営体数","100","農林業経営体","65331","旧旭村","2015000000","2015年","経営体","52"
"0010","経営体数","100","農林業経営体","65332","旧牧村","2015000000","2015年","経営体","170"
"0010","経営体数","100","農林業経営体","65333","旧沖見村２－１","2015000000","2015年","経営体","42"
"0010","経営体数","100","農林業経営体","65334","旧柿崎町","2015000000","2015年","経営体","100"
"0010","経営体数","100","農林業経営体","65335","旧下黒川村","2015000000","2015年","経営体","121"
"0010","経営体数","100","農林業経営体","65336","旧黒川村","2015000000","2015年","経営体","120"
"0010","経営体数","100","農林業経営体","65337","旧黒岩村","2015000000","2015年","経営体","12"
"0010","経営体数","100","農林業経営体","65338","旧米山村２－２－１","2015000000","2015年","経営体","6"
"0010","経営体数","100","農林業経営体","65339","旧潟町村","2015000000","2015年","経営体","61"
"0010","経営体数","100","農林業経営体","65340","旧旭村２－２","2015000000","2015年","経営体","35"
"0010","経営体数","100","農林業経営体","65341","旧大瀁村","2015000000","2015年","経営体","163"
"0010","経営体数","100","農林業経営体","65342","旧明治村","2015000000","2015年","経営体","115"
"0010","経営体数","100","農林業経営体","65343","旧吉川村","2015000000","2015年","経営体","221"
"0010","経営体数","100","農林業経営体","65344","旧源村","2015000000","2015年","経営体","65"
"0010","経営体数","100","農林業経営体","65345","旧旭村２－１","2015000000","2015年","経営体","39"
"0010","経営体数","100","農林業経営体","65346","旧中郷村","2015000000","2015年","経営体","142"
"0010","経営体数","100","農林業経営体","65347","旧矢代村２－２","2015000000","2015年","経営体","83"
"0010","経営体数","100","農林業経営体","65348","旧板倉村","2015000000","2015年","経営体","353"
"0010","経営体数","100","農林業経営体","65349","旧寺野村","2015000000","2015年","経営体","51"
"0010","経営体数","100","農林業経営体","65350","旧菅原村","2015000000","2015年","経営体","121"
"0010","経営体数","100","農林業経営体","65351","旧櫛池村","2015000000","2015年","経営体","70"
"0010","経営体数","100","農林業経営体","65352","旧里五十公野村","2015000000","2015年","経営体","71"
"0010","経営体数","100","農林業経営体","65353","旧上杉村","2015000000","2015年","経営体","86"
"0010","経営体数","100","農林業経営体","65354","旧美守村","2015000000","2015年","経営体","99"
"0010","経営体数","100","農林業経営体","65355","旧名立町","2015000000","2015年","経営体","13"
"0010","経営体数","100","農林業経営体","65356","旧名立村","2015000000","2015年","経営体","145"
"0010","経営体数","100","農林業経営体","15223","阿賀野市","2015000000","2015年","経営体","2159"
"0010","経営体数","100","農林業経営体","65357","旧水原町","2015000000","2015年","経営体","121"
"0010","経営体数","100","農林業経営体","65358","旧分田村２－１","2015000000","2015年","経営体","168"
"0010","経営体数","100","農林業経営体","65359","旧堀越村","2015000000","2015年","経営体","241"
"0010","経営体数","100","農林業経営体","65360","旧神山村３－２","2015000000","2015年","経営体","23"
"0010","経営体数","100","農林業経営体","65361","旧安田村２－１","2015000000","2015年","経営体","343"
"0010","経営体数","100","農林業経営体","65362","旧下条村３－２","2015000000","2015年","経営体","8"
"0010","経営体数","100","農林業経営体","65363","旧分田村２－２","2015000000","2015年","経営体","41"
"0010","経営体数","100","農林業経営体","65364","旧笹岡村","2015000000","2015年","経営体","346"
"0010","経営体数","100","農林業経営体","65365","旧神山村３－１","2015000000","2015年","経営体","255"
"0010","経営体数","100","農林業経営体","65366","旧京ヶ瀬村","2015000000","2015年","経営体","613"
"0010","経営体数","100","農林業経営体","15224","佐渡市","2015000000","2015年","経営体","4447"
"0010","経営体数","100","農林業経営体","65367","旧両津町","2015000000","2015年","経営体","4"
"0010","経営体数","100","農林業経営体","65368","旧加茂村","2015000000","2015年","経営体","230"
"0010","経営体数","100","農林業経営体","65369","旧河崎村","2015000000","2015年","経営体","256"
"0010","経営体数","100","農林業経営体","65370","旧水津村","2015000000","2015年","経営体","46"
"0010","経営体数","100","農林業経営体","65371","旧岩首村","2015000000","2015年","経営体","43"
"0010","経営体数","100","農林業経営体","65372","旧内海府村","2015000000","2015年","経営体","32"
"0010","経営体数","100","農林業経営体","65373","旧外海府村２－１","2015000000","2015年","経営体","30"
"0010","経営体数","100","農林業経営体","65374","旧吉井村２－１","2015000000","2015年","経営体","194"
"0010","経営体数","100","農林業経営体","65375","旧相川町","2015000000","2015年","経営体","20"
"0010","経営体数","100","農林業経営体","65376","旧二見村","2015000000","2015年","経営体","90"
"0010","経営体数","100","農林業経営体","65377","旧金泉村","2015000000","2015年","経営体","88"
"0010","経営体数","100","農林業経営体","65378","旧高千村","2015000000","2015年","経営体","196"
"0010","経営体数","100","農林業経営体","65379","旧外海府村２－２","2015000000","2015年","経営体","29"
"0010","経営体数","100","農林業経営体","65380","旧二宮村","2015000000","2015年","経営体","201"
"0010","経営体数","100","農林業経営体","65381","旧八幡村","2015000000","2015年","経営体","61"
"0010","経営体数","100","農林業経営体","65382","旧河原田町","2015000000","2015年","経営体","6"
"0010","経営体数","100","農林業経営体","65383","旧沢根町","2015000000","2015年","経営体","83"
"0010","経営体数","100","農林業経営体","65384","旧金沢村","2015000000","2015年","経営体","358"
"0010","経営体数","100","農林業経営体","65385","旧吉井村２－２","2015000000","2015年","経営体","137"
"0010","経営体数","100","農林業経営体","65386","旧新穂村","2015000000","2015年","経営体","388"
"0010","経営体数","100","農林業経営体","65387","旧畑野村２－１","2015000000","2015年","経営体","372"
"0010","経営体数","100","農林業経営体","65388","旧松ケ崎村","2015000000","2015年","経営体","29"
"0010","経営体数","100","農林業経営体","65389","旧真野村","2015000000","2015年","経営体","296"
"0010","経営体数","100","農林業経営体","65390","旧西三川村２－１","2015000000","2015年","経営体","174"
"0010","経営体数","100","農林業経営体","65391","旧畑野村２－２","2015000000","2015年","経営体","3"
"0010","経営体数","100","農林業経営体","65392","旧小木町","2015000000","2015年","経営体","253"
"0010","経営体数","100","農林業経営体","65393","旧羽茂村","2015000000","2015年","経営体","476"
"0010","経営体数","100","農林業経営体","65394","旧西三川村２－２","2015000000","2015年","経営体","69"
"0010","経営体数","100","農林業経営体","65395","旧赤泊村","2015000000","2015年","経営体","283"
"0010","経営体数","100","農林業経営体","15225","魚沼市","2015000000","2015年","経営体","2106"
"0010","経営体数","100","農林業経営体","65396","旧小出町２－１","2015000000","2015年","経営体","154"
"0010","経営体数","100","農林業経営体","65397","旧伊米ケ崎村","2015000000","2015年","経営体","134"
"0010","経営体数","100","農林業経営体","65398","旧湯之谷村２－２","2015000000","2015年","経営体","-"
"0010","経営体数","100","農林業経営体","65399","旧堀之内町","2015000000","2015年","経営体","478"
"0010","経営体数","100","農林業経営体","65400","旧湯之谷村２－１","2015000000","2015年","経営体","198"
"0010","経営体数","100","農林業経営体","65401","旧小出町２－２","2015000000","2015年","経営体","2"
"0010","経営体数","100","農林業経営体","65402","旧広瀬村","2015000000","2015年","経営体","317"
"0010","経営体数","100","農林業経営体","65403","旧東竹沢村２－２","2015000000","2015年","経営体","4"
"0010","経営体数","100","農林業経営体","65404","旧薮神村","2015000000","2015年","経営体","271"
"0010","経営体数","100","農林業経営体","65405","旧須原村","2015000000","2015年","経営体","278"
"0010","経営体数","100","農林業経営体","65406","旧上条村","2015000000","2015年","経営体","156"
"0010","経営体数","100","農林業経営体","65407","旧入広瀬村","2015000000","2015年","経営体","114"
"0010","経営体数","100","農林業経営体","15226","南魚沼市","2015000000","2015年","経営体","3711"
"0010","経営体数","100","農林業経営体","65408","旧六日町","2015000000","2015年","経営体","333"
"0010","経営体数","100","農林業経営体","65409","旧五十沢村","2015000000","2015年","経営体","277"
"0010","経営体数","100","農林業経営体","65410","旧城内村","2015000000","2015年","経営体","365"
"0010","経営体数","100","農林業経営体","65411","旧大巻村","2015000000","2015年","経営体","234"
"0010","経営体数","100","農林業経営体","65412","旧浦佐村","2015000000","2015年","経営体","114"
"0010","経営体数","100","農林業経営体","65413","旧東村","2015000000","2015年","経営体","276"
"0010","経営体数","100","農林業経営体","65414","旧大崎村","2015000000","2015年","経営体","220"
"0010","経営体数","100","農林業経営体","65415","旧薮神村","2015000000","2015年","経営体","310"
"0010","経営体数","100","農林業経営体","65416","旧塩沢町","2015000000","2015年","経営体","419"
"0010","経営体数","100","農林業経営体","65417","旧中之島村","2015000000","2015年","経営体","494"
"0010","経営体数","100","農林業経営体","65418","旧石打村","2015000000","2015年","経営体","295"
"0010","経営体数","100","農林業経営体","65419","旧上田村","2015000000","2015年","経営体","374"
"0010","経営体数","100","農林業経営体","15227","胎内市","2015000000","2015年","経営体","1324"
"0010","経営体数","100","農林業経営体","65420","旧中条町","2015000000","2015年","経営体","246"
"0010","経営体数","100","農林業経営体","65421","旧金塚村２－２","2015000000","2015年","経営体","53"
"0010","経営体数","100","農林業経営体","65422","旧乙村","2015000000","2015年","経営体","365"
"0010","経営体数","100","農林業経営体","65423","旧築地村","2015000000","2015年","経営体","275"
"0010","経営体数","100","農林業経営体","65424","旧松塚村２－２","2015000000","2015年","経営体","3"
"0010","経営体数","100","農林業経営体","65425","旧黒川村","2015000000","2015年","経営体","382"
"0010","経営体数","100","農林業経営体","15307","聖籠町","2015000000","2015年","経営体","387"
"0010","経営体数","100","農林業経営体","65426","旧聖籠村","2015000000","2015年","経営体","340"
"0010","経営体数","100","農林業経営体","65427","旧亀代村","2015000000","2015年","経営体","47"
"0010","経営体数","100","農林業経営体","15342","弥彦村","2015000000","2015年","経営体","197"
"0010","経営体数","100","農林業経営体","15361","田上町","2015000000","2015年","経営体","229"
"0010","経営体数","100","農林業経営体","15385","阿賀町","2015000000","2015年","経営体","532"
"0010","経営体数","100","農林業経営体","65428","旧津川町","2015000000","2015年","経営体","14"
"0010","経営体数","100","農林業経営体","65429","旧小川村","2015000000","2015年","経営体","64"
"0010","経営体数","100","農林業経営体","65430","旧揚川村２－１","2015000000","2015年","経営体","6"
"0010","経営体数","100","農林業経営体","65431","旧上条村２－２","2015000000","2015年","経営体","-"
"0010","経営体数","100","農林業経営体","65432","旧両鹿瀬村","2015000000","2015年","経営体","33"
"0010","経営体数","100","農林業経営体","65433","旧日出谷村","2015000000","2015年","経営体","42"
"0010","経営体数","100","農林業経営体","65434","旧豊実村","2015000000","2015年","経営体","22"
"0010","経営体数","100","農林業経営体","65435","旧西川村","2015000000","2015年","経営体","151"
"0010","経営体数","100","農林業経営体","65436","旧東川村","2015000000","2015年","経営体","30"
"0010","経営体数","100","農林業経営体","65437","旧上条村２－１","2015000000","2015年","経営体","44"
"0010","経営体数","100","農林業経営体","65438","旧三川村","2015000000","2015年","経営体","76"
"0010","経営体数","100","農林業経営体","65439","旧下条村３－１","2015000000","2015年","経営体","30"
"0010","経営体数","100","農林業経営体","65440","旧揚川村２－２","2015000000","2015年","経営体","20"
"0010","経営体数","100","農林業経営体","15405","出雲崎町","2015000000","2015年","経営体","204"
"0010","経営体数","100","農林業経営体","65441","旧出雲崎町","2015000000","2015年","経営体","1"
"0010","経営体数","100","農林業経営体","65442","旧西越村２－１","2015000000","2015年","経営体","203"
"0010","経営体数","100","農林業経営体","15461","湯沢町","2015000000","2015年","経営体","179"
"0010","経営体数","100","農林業経営体","65443","旧湯沢村","2015000000","2015年","経営体","9"
"0010","経営体数","100","農林業経営体","65444","旧神立村","2015000000","2015年","経営体","40"
"0010","経営体数","100","農林業経営体","65445","旧土樽村","2015000000","2015年","経営体","124"
"0010","経営体数","100","農林業経営体","65446","旧三俣村","2015000000","2015年","経営体","1"
"0010","経営体数","100","農林業経営体","65447","旧三国村","2015000000","2015年","経営体","5"
"0010","経営体数","100","農林業経営体","15482","津南町","2015000000","2015年","経営体","1079"
"0010","経営体数","100","農林業経営体","65448","旧下船渡村","2015000000","2015年","経営体","254"
"0010","経営体数","100","農林業経営体","65449","旧外丸村","2015000000","2015年","経営体","94"
"0010","経営体数","100","農林業経営体","65450","旧上郷村","2015000000","2015年","経営体","246"
"0010","経営体数","100","農林業経営体","65451","旧芦ケ崎村","2015000000","2015年","経営体","233"
"0010","経営体数","100","農林業経営体","65452","旧秋成村","2015000000","2015年","経営体","78"
"0010","経営体数","100","農林業経営体","65453","旧中深見村２－１","2015000000","2015年","経営体","136"
"0010","経営体数","100","農林業経営体","65454","旧倉俣村２－２","2015000000","2015年","経営体","38"
"0010","経営体数","100","農林業経営体","15504","刈羽村","2015000000","2015年","経営体","168"
"0010","経営体数","100","農林業経営体","65455","旧刈羽村","2015000000","2015年","経営体","138"
"0010","経営体数","100","農林業経営体","65456","旧中通村２－２","2015000000","2015年","経営体","27"
"0010","経営体数","100","農林業経営体","65457","旧二田村２－２","2015000000","2015年","経営体","3"
"0010","経営体数","100","農林業経営体","15581","関川村","2015000000","2015年","経営体","516"
"0010","経営体数","100","農林業経営体","65458","旧関谷村","2015000000","2015年","経営体","272"
"0010","経営体数","100","農林業経営体","65459","旧女川村","2015000000","2015年","経営体","244"
"0010","経営体数","100","農林業経営体","15586","粟島浦村","2015000000","2015年","経営体","-"
"0010","経営体数","100","農林業経営体","16000","富山県","2015000000","2015年","経営体","17979"
"0010","経営体数","100","農林業経営体","16201","富山市","2015000000","2015年","経営体","4995"
"0010","経営体数","100","農林業経営体","66001","うち奥田","2015000000","2015年","経営体","6"
"0010","経営体数","100","農林業経営体","66002","うち呉羽)・(五福","2015000000","2015年","経営体","47"
"0010","経営体数","100","農林業経営体","66003","うち櫻谷","2015000000","2015年","経営体","10"
"0010","経営体数","100","農林業経営体","66004","うち東部","2015000000","2015年","経営体","8"
"0010","経営体数","100","農林業経営体","66005","うち新庄","2015000000","2015年","経営体","69"
"0010","経営体数","100","農林業経営体","66006","うち島","2015000000","2015年","経営体","76"
"0010","経営体数","100","農林業経営体","66007","うち針原","2015000000","2015年","経営体","127"
"0010","経営体数","100","農林業経営体","66008","うち浜黒崎","2015000000","2015年","経営体","83"
"0010","経営体数","100","農林業経営体","66009","うち大広田","2015000000","2015年","経営体","31"
"0010","経営体数","100","農林業経営体","66010","うち豊田","2015000000","2015年","経営体","40"
"0010","経営体数","100","農林業経営体","66011","うち広田","2015000000","2015年","経営体","62"
"0010","経営体数","100","農林業経営体","66012","うち神明","2015000000","2015年","経営体","76"
"0010","経営体数","100","農林業経営体","66013","うち山室","2015000000","2015年","経営体","118"
"0010","経営体数","100","農林業経営体","66014","うち堀川","2015000000","2015年","経営体","90"
"0010","経営体数","100","農林業経営体","66015","うち蜷川","2015000000","2015年","経営体","111"
"0010","経営体数","100","農林業経営体","66016","うち太田","2015000000","2015年","経営体","203"
"0010","経営体数","100","農林業経営体","66017","旧月岡村２－１","2015000000","2015年","経営体","176"
"0010","経営体数","100","農林業経営体","66018","旧熊野村","2015000000","2015年","経営体","195"
"0010","経営体数","100","農林業経営体","66019","旧新保村","2015000000","2015年","経営体","121"
"0010","経営体数","100","農林業経営体","66020","旧四方町","2015000000","2015年","経営体","7"
"0010","経営体数","100","農林業経営体","66021","旧八幡村","2015000000","2015年","経営体","118"
"0010","経営体数","100","農林業経営体","66022","旧倉垣村","2015000000","2015年","経営体","67"
"0010","経営体数","100","農林業経営体","66023","旧水橋町","2015000000","2015年","経営体","122"
"0010","経営体数","100","農林業経営体","66024","旧上条村","2015000000","2015年","経営体","110"
"0010","経営体数","100","農林業経営体","66025","旧三郷村","2015000000","2015年","経営体","208"
"0010","経営体数","100","農林業経営体","66026","旧呉羽村","2015000000","2015年","経営体","169"
"0010","経営体数","100","農林業経営体","66027","旧長岡村","2015000000","2015年","経営体","87"
"0010","経営体数","100","農林業経営体","66028","旧寒江村","2015000000","2015年","経営体","67"
"0010","経営体数","100","農林業経営体","66029","旧老田村","2015000000","2015年","経営体","138"
"0010","経営体数","100","農林業経営体","66030","旧池多村２－１","2015000000","2015年","経営体","72"
"0010","経営体数","100","農林業経営体","66031","旧大沢野町","2015000000","2015年","経営体","167"
"0010","経営体数","100","農林業経営体","66032","旧黒瀬谷村２－２","2015000000","2015年","経営体","29"
"0010","経営体数","100","農林業経営体","66033","旧下夕村","2015000000","2015年","経営体","42"
"0010","経営体数","100","農林業経営体","66034","旧船峅村","2015000000","2015年","経営体","141"
"0010","経営体数","100","農林業経営体","66035","旧大久保町","2015000000","2015年","経営体","133"
"0010","経営体数","100","農林業経営体","66036","旧上滝町","2015000000","2015年","経営体","36"
"0010","経営体数","100","農林業経営体","66037","旧大山村","2015000000","2015年","経営体","27"
"0010","経営体数","100","農林業経営体","66038","旧福沢村","2015000000","2015年","経営体","55"
"0010","経営体数","100","農林業経営体","66039","旧大庄村","2015000000","2015年","経営体","93"
"0010","経営体数","100","農林業経営体","66040","旧月岡村２－２","2015000000","2015年","経営体","4"
"0010","経営体数","100","農林業経営体","66041","旧八尾町","2015000000","2015年","経営体","-"
"0010","経営体数","100","農林業経営体","66042","旧保内村","2015000000","2015年","経営体","187"
"0010","経営体数","100","農林業経営体","66043","旧杉原村","2015000000","2015年","経営体","194"
"0010","経営体数","100","農林業経営体","66044","旧卯花村","2015000000","2015年","経営体","49"
"0010","経営体数","100","農林業経営体","66045","旧室牧村","2015000000","2015年","経営体","45"
"0010","経営体数","100","農林業経営体","66046","旧黒瀬谷村２－１","2015000000","2015年","経営体","34"
"0010","経営体数","100","農林業経営体","66047","旧大長谷村","2015000000","2015年","経営体","7"
"0010","経営体数","100","農林業経営体","66048","旧仁歩村","2015000000","2015年","経営体","29"
"0010","経営体数","100","農林業経営体","66049","旧野積村","2015000000","2015年","経営体","46"
"0010","経営体数","100","農林業経営体","66050","旧婦中町","2015000000","2015年","経営体","109"
"0010","経営体数","100","農林業経営体","66051","旧朝日村","2015000000","2015年","経営体","105"
"0010","経営体数","100","農林業経営体","66052","旧熊野村","2015000000","2015年","経営体","65"
"0010","経営体数","100","農林業経営体","66053","旧宮川村","2015000000","2015年","経営体","120"
"0010","経営体数","100","農林業経営体","66054","旧神保村","2015000000","2015年","経営体","72"
"0010","経営体数","100","農林業経営体","66055","旧古里村","2015000000","2015年","経営体","152"
"0010","経営体数","100","農林業経営体","66056","旧音川村","2015000000","2015年","経営体","135"
"0010","経営体数","100","農林業経営体","66057","旧山田村","2015000000","2015年","経営体","85"
"0010","経営体数","100","農林業経営体","66058","旧細入村","2015000000","2015年","経営体","20"
"0010","経営体数","100","農林業経営体","16202","高岡市","2015000000","2015年","経営体","1982"
"0010","経営体数","100","農林業経営体","66059","うち横田","2015000000","2015年","経営体","172"
"0010","経営体数","100","農林業経営体","66060","うち下関","2015000000","2015年","経営体","45"
"0010","経営体数","100","農林業経営体","66061","うち北部","2015000000","2015年","経営体","8"
"0010","経営体数","100","農林業経営体","66062","うち二上","2015000000","2015年","経営体","44"
"0010","経営体数","100","農林業経営体","66063","うち伏木","2015000000","2015年","経営体","8"
"0010","経営体数","100","農林業経営体","66064","うち能町","2015000000","2015年","経営体","36"
"0010","経営体数","100","農林業経営体","66065","うち守山","2015000000","2015年","経営体","70"
"0010","経営体数","100","農林業経営体","66066","うち野村","2015000000","2015年","経営体","69"
"0010","経営体数","100","農林業経営体","66067","うち佐野","2015000000","2015年","経営体","158"
"0010","経営体数","100","農林業経営体","66068","うち二塚","2015000000","2015年","経営体","131"
"0010","経営体数","100","農林業経営体","66069","うち牧野","2015000000","2015年","経営体","35"
"0010","経営体数","100","農林業経営体","66070","うち福田","2015000000","2015年","経営体","46"
"0010","経営体数","100","農林業経営体","66071","旧国吉村","2015000000","2015年","経営体","171"
"0010","経営体数","100","農林業経営体","66072","旧太田村","2015000000","2015年","経営体","54"
"0010","経営体数","100","農林業経営体","66073","旧東五位村","2015000000","2015年","経営体","109"
"0010","経営体数","100","農林業経営体","66074","旧石堤村","2015000000","2015年","経営体","108"
"0010","経営体数","100","農林業経営体","66075","旧立野村","2015000000","2015年","経営体","67"
"0010","経営体数","100","農林業経営体","66076","旧小勢村２－１","2015000000","2015年","経営体","26"
"0010","経営体数","100","農林業経営体","66077","旧小勢村２－２","2015000000","2015年","経営体","16"
"0010","経営体数","100","農林業経営体","66078","旧戸出町","2015000000","2015年","経営体","88"
"0010","経営体数","100","農林業経営体","66079","旧是戸村","2015000000","2015年","経営体","55"
"0010","経営体数","100","農林業経営体","66080","旧醍醐村","2015000000","2015年","経営体","40"
"0010","経営体数","100","農林業経営体","66081","旧北般若村","2015000000","2015年","経営体","75"
"0010","経営体数","100","農林業経営体","66082","旧中田町","2015000000","2015年","経営体","26"
"0010","経営体数","100","農林業経営体","66083","旧般若野村","2015000000","2015年","経営体","49"
"0010","経営体数","100","農林業経営体","66084","旧福岡町","2015000000","2015年","経営体","142"
"0010","経営体数","100","農林業経営体","66085","旧五位山村","2015000000","2015年","経営体","20"
"0010","経営体数","100","農林業経営体","66086","旧西五位村","2015000000","2015年","経営体","83"
"0010","経営体数","100","農林業経営体","66087","旧赤丸村","2015000000","2015年","経営体","31"
"0010","経営体数","100","農林業経営体","16204","魚津市","2015000000","2015年","経営体","767"
"0010","経営体数","100","農林業経営体","66088","旧魚津町","2015000000","2015年","経営体","1"
"0010","経営体数","100","農林業経営体","66089","旧下中島村","2015000000","2015年","経営体","40"
"0010","経営体数","100","農林業経営体","66090","旧上中島村","2015000000","2015年","経営体","119"
"0010","経営体数","100","農林業経営体","66091","旧松倉村","2015000000","2015年","経営体","83"
"0010","経営体数","100","農林業経営体","66092","旧上野方村","2015000000","2015年","経営体","28"
"0010","経営体数","100","農林業経営体","66093","旧下野方村","2015000000","2015年","経営体","49"
"0010","経営体数","100","農林業経営体","66094","旧片貝谷村","2015000000","2015年","経営体","131"
"0010","経営体数","100","農林業経営体","66095","旧道下村","2015000000","2015年","経営体","49"
"0010","経営体数","100","農林業経営体","66096","旧加積村","2015000000","2015年","経営体","95"
"0010","経営体数","100","農林業経営体","66097","旧天神村","2015000000","2015年","経営体","73"
"0010","経営体数","100","農林業経営体","66098","旧西布施村","2015000000","2015年","経営体","54"
"0010","経営体数","100","農林業経営体","66099","旧経田村","2015000000","2015年","経営体","45"
"0010","経営体数","100","農林業経営体","16205","氷見市","2015000000","2015年","経営体","1155"
"0010","経営体数","100","農林業経営体","66100","旧氷見町","2015000000","2015年","経営体","67"
"0010","経営体数","100","農林業経営体","66101","旧余川村","2015000000","2015年","経営体","60"
"0010","経営体数","100","農林業経営体","66102","旧碁石村","2015000000","2015年","経営体","60"
"0010","経営体数","100","農林業経営体","66103","旧八代村","2015000000","2015年","経営体","29"
"0010","経営体数","100","農林業経営体","66104","旧宮田村","2015000000","2015年","経営体","70"
"0010","経営体数","100","農林業経営体","66105","旧窪村","2015000000","2015年","経営体","72"
"0010","経営体数","100","農林業経営体","66106","旧上庄村","2015000000","2015年","経営体","109"
"0010","経営体数","100","農林業経営体","66107","旧熊無村","2015000000","2015年","経営体","74"
"0010","経営体数","100","農林業経営体","66108","旧神代村","2015000000","2015年","経営体","56"
"0010","経営体数","100","農林業経営体","66109","旧仏生寺村","2015000000","2015年","経営体","93"
"0010","経営体数","100","農林業経営体","66110","旧布勢村","2015000000","2015年","経営体","59"
"0010","経営体数","100","農林業経営体","66111","旧十二町村","2015000000","2015年","経営体","114"
"0010","経営体数","100","農林業経営体","66112","旧速川村","2015000000","2015年","経営体","75"
"0010","経営体数","100","農林業経営体","66113","旧久目村","2015000000","2015年","経営体","101"
"0010","経営体数","100","農林業経営体","66114","旧阿尾村","2015000000","2015年","経営体","38"
"0010","経営体数","100","農林業経営体","66115","旧薮田村","2015000000","2015年","経営体","2"
"0010","経営体数","100","農林業経営体","66116","旧宇波村","2015000000","2015年","経営体","25"
"0010","経営体数","100","農林業経営体","66117","旧女良村","2015000000","2015年","経営体","51"
"0010","経営体数","100","農林業経営体","16206","滑川市","2015000000","2015年","経営体","611"
"0010","経営体数","100","農林業経営体","66118","旧滑川町","2015000000","2015年","経営体","3"
"0010","経営体数","100","農林業経営体","66119","旧浜加積村","2015000000","2015年","経営体","98"
"0010","経営体数","100","農林業経営体","66120","旧早月加積村","2015000000","2015年","経営体","83"
"0010","経営体数","100","農林業経営体","66121","旧北加積村","2015000000","2015年","経営体","99"
"0010","経営体数","100","農林業経営体","66122","旧東加積村","2015000000","2015年","経営体","96"
"0010","経営体数","100","農林業経営体","66123","旧中加積村","2015000000","2015年","経営体","56"
"0010","経営体数","100","農林業経営体","66124","旧西加積村","2015000000","2015年","経営体","124"
"0010","経営体数","100","農林業経営体","66125","旧山加積村２－１","2015000000","2015年","経営体","52"
"0010","経営体数","100","農林業経営体","16207","黒部市","2015000000","2015年","経営体","820"
"0010","経営体数","100","農林業経営体","66126","うち石田","2015000000","2015年","経営体","53"
"0010","経営体数","100","農林業経営体","66127","うち田家","2015000000","2015年","経営体","70"
"0010","経営体数","100","農林業経営体","66128","うち村椿","2015000000","2015年","経営体","81"
"0010","経営体数","100","農林業経営体","66129","うち大布施","2015000000","2015年","経営体","77"
"0010","経営体数","100","農林業経営体","66130","うち三日市","2015000000","2015年","経営体","25"
"0010","経営体数","100","農林業経営体","66131","うち前沢","2015000000","2015年","経営体","128"
"0010","経営体数","100","農林業経営体","66132","うち荻生","2015000000","2015年","経営体","135"
"0010","経営体数","100","農林業経営体","66133","うち若栗","2015000000","2015年","経営体","77"
"0010","経営体数","100","農林業経営体","66134","旧生地町","2015000000","2015年","経営体","11"
"0010","経営体数","100","農林業経営体","66135","旧東布施村","2015000000","2015年","経営体","65"
"0010","経営体数","100","農林業経営体","66136","うち浦山","2015000000","2015年","経営体","52"
"0010","経営体数","100","農林業経営体","66137","うち下立","2015000000","2015年","経営体","24"
"0010","経営体数","100","農林業経営体","66138","旧内山村","2015000000","2015年","経営体","-"
"0010","経営体数","100","農林業経営体","66139","旧愛本村","2015000000","2015年","経営体","22"
"0010","経営体数","100","農林業経営体","16208","砺波市","2015000000","2015年","経営体","1317"
"0010","経営体数","100","農林業経営体","66140","旧中野村","2015000000","2015年","経営体","154"
"0010","経営体数","100","農林業経営体","66141","旧油田村","2015000000","2015年","経営体","48"
"0010","経営体数","100","農林業経営体","66142","旧庄下村","2015000000","2015年","経営体","72"
"0010","経営体数","100","農林業経営体","66143","旧五鹿屋村","2015000000","2015年","経営体","65"
"0010","経営体数","100","農林業経営体","66144","旧出町","2015000000","2015年","経営体","80"
"0010","経営体数","100","農林業経営体","66145","旧林村","2015000000","2015年","経営体","68"
"0010","経営体数","100","農林業経営体","66146","旧南般若村","2015000000","2015年","経営体","53"
"0010","経営体数","100","農林業経営体","66147","旧柳瀬村","2015000000","2015年","経営体","21"
"0010","経営体数","100","農林業経営体","66148","旧太田村","2015000000","2015年","経営体","31"
"0010","経営体数","100","農林業経営体","66149","旧東野尻村","2015000000","2015年","経営体","85"
"0010","経営体数","100","農林業経営体","66150","旧高波村","2015000000","2015年","経営体","44"
"0010","経営体数","100","農林業経営体","66151","旧栴檀山村","2015000000","2015年","経営体","62"
"0010","経営体数","100","農林業経営体","66152","旧栴檀野村","2015000000","2015年","経営体","83"
"0010","経営体数","100","農林業経営体","66153","旧般若村","2015000000","2015年","経営体","72"
"0010","経営体数","100","農林業経営体","66154","旧東般若村","2015000000","2015年","経営体","29"
"0010","経営体数","100","農林業経営体","66155","旧鷹栖村","2015000000","2015年","経営体","98"
"0010","経営体数","100","農林業経営体","66156","旧若林村２－２","2015000000","2015年","経営体","46"
"0010","経営体数","100","農林業経営体","66157","旧青島村","2015000000","2015年","経営体","52"
"0010","経営体数","100","農林業経営体","66158","旧東山見村","2015000000","2015年","経営体","26"
"0010","経営体数","100","農林業経営体","66159","旧雄神村","2015000000","2015年","経営体","21"
"0010","経営体数","100","農林業経営体","66160","旧種田村","2015000000","2015年","経営体","107"
"0010","経営体数","100","農林業経営体","16209","小矢部市","2015000000","2015年","経営体","819"
"0010","経営体数","100","農林業経営体","66161","旧石動町","2015000000","2015年","経営体","26"
"0010","経営体数","100","農林業経営体","66162","旧南谷村","2015000000","2015年","経営体","74"
"0010","経営体数","100","農林業経営体","66163","旧埴生村","2015000000","2015年","経営体","71"
"0010","経営体数","100","農林業経営体","66164","旧松沢村","2015000000","2015年","経営体","51"
"0010","経営体数","100","農林業経営体","66165","旧正得村","2015000000","2015年","経営体","43"
"0010","経営体数","100","農林業経営体","66166","旧荒川村","2015000000","2015年","経営体","76"
"0010","経営体数","100","農林業経営体","66167","旧子撫村","2015000000","2015年","経営体","46"
"0010","経営体数","100","農林業経営体","66168","旧宮島村","2015000000","2015年","経営体","41"
"0010","経営体数","100","農林業経営体","66169","旧北蟹谷村","2015000000","2015年","経営体","43"
"0010","経営体数","100","農林業経営体","66170","旧若林村２－１","2015000000","2015年","経営体","54"
"0010","経営体数","100","農林業経営体","66171","旧津沢町","2015000000","2015年","経営体","70"
"0010","経営体数","100","農林業経営体","66172","旧薮波村","2015000000","2015年","経営体","50"
"0010","経営体数","100","農林業経営体","66173","旧水島村","2015000000","2015年","経営体","86"
"0010","経営体数","100","農林業経営体","66174","旧東蟹谷村","2015000000","2015年","経営体","62"
"0010","経営体数","100","農林業経営体","66175","旧西野尻村３－２","2015000000","2015年","経営体","26"
"0010","経営体数","100","農林業経営体","16210","南砺市","2015000000","2015年","経営体","1756"
"0010","経営体数","100","農林業経営体","66176","旧南山田村","2015000000","2015年","経営体","67"
"0010","経営体数","100","農林業経営体","66177","旧山田村２－２","2015000000","2015年","経営体","17"
"0010","経営体数","100","農林業経営体","66178","旧大鋸屋村","2015000000","2015年","経営体","66"
"0010","経営体数","100","農林業経営体","66179","旧城端町","2015000000","2015年","経営体","7"
"0010","経営体数","100","農林業経営体","66180","旧北野村","2015000000","2015年","経営体","38"
"0010","経営体数","100","農林業経営体","66181","旧蓑谷村","2015000000","2015年","経営体","80"
"0010","経営体数","100","農林業経営体","66182","旧平村","2015000000","2015年","経営体","34"
"0010","経営体数","100","農林業経営体","66183","旧上平村","2015000000","2015年","経営体","33"
"0010","経営体数","100","農林業経営体","66184","旧利賀村","2015000000","2015年","経営体","34"
"0010","経営体数","100","農林業経営体","66185","旧井波町","2015000000","2015年","経営体","19"
"0010","経営体数","100","農林業経営体","66186","旧南山見村","2015000000","2015年","経営体","33"
"0010","経営体数","100","農林業経営体","66187","旧山野村","2015000000","2015年","経営体","131"
"0010","経営体数","100","農林業経営体","66188","旧高瀬村２－１","2015000000","2015年","経営体","52"
"0010","経営体数","100","農林業経営体","66189","旧井口村","2015000000","2015年","経営体","25"
"0010","経営体数","100","農林業経営体","66190","うち南野尻","2015000000","2015年","経営体","101"
"0010","経営体数","100","農林業経営体","66191","うち広塚","2015000000","2015年","経営体","118"
"0010","経営体数","100","農林業経営体","66192","うち野尻","2015000000","2015年","経営体","102"
"0010","経営体数","100","農林業経営体","66193","旧東石黒村","2015000000","2015年","経営体","90"
"0010","経営体数","100","農林業経営体","66194","旧西野尻村３－１","2015000000","2015年","経営体","20"
"0010","経営体数","100","農林業経営体","66195","旧高瀬村２－２","2015000000","2015年","経営体","36"
"0010","経営体数","100","農林業経営体","66196","旧福光町","2015000000","2015年","経営体","25"
"0010","経営体数","100","農林業経営体","66197","旧石黒村","2015000000","2015年","経営体","46"
"0010","経営体数","100","農林業経営体","66198","旧広瀬村","2015000000","2015年","経営体","48"
"0010","経営体数","100","農林業経営体","66199","旧広瀬館村","2015000000","2015年","経営体","59"
"0010","経営体数","100","農林業経営体","66200","旧西太美村","2015000000","2015年","経営体","113"
"0010","経営体数","100","農林業経営体","66201","旧太美山村","2015000000","2015年","経営体","54"
"0010","経営体数","100","農林業経営体","66202","旧東太美村","2015000000","2015年","経営体","104"
"0010","経営体数","100","農林業経営体","66203","旧吉江村","2015000000","2015年","経営体","89"
"0010","経営体数","100","農林業経営体","66204","旧北山田村","2015000000","2015年","経営体","24"
"0010","経営体数","100","農林業経営体","66205","旧山田村２－１","2015000000","2015年","経営体","63"
"0010","経営体数","100","農林業経営体","66206","旧南蟹谷村","2015000000","2015年","経営体","25"
"0010","経営体数","100","農林業経営体","66207","旧西野尻村３－３","2015000000","2015年","経営体","3"
"0010","経営体数","100","農林業経営体","16211","射水市","2015000000","2015年","経営体","724"
"0010","経営体数","100","農林業経営体","66208","旧新湊","2015000000","2015年","経営体","4"
"0010","経営体数","100","農林業経営体","66209","旧作道村","2015000000","2015年","経営体","61"
"0010","経営体数","100","農林業経営体","66210","旧片口村","2015000000","2015年","経営体","29"
"0010","経営体数","100","農林業経営体","66211","旧堀岡村","2015000000","2015年","経営体","1"
"0010","経営体数","100","農林業経営体","66212","旧海老江村","2015000000","2015年","経営体","4"
"0010","経営体数","100","農林業経営体","66213","旧本江村","2015000000","2015年","経営体","66"
"0010","経営体数","100","農林業経営体","66214","旧七美村","2015000000","2015年","経営体","25"
"0010","経営体数","100","農林業経営体","66215","旧塚原村","2015000000","2015年","経営体","67"
"0010","経営体数","100","農林業経営体","66216","旧小杉町","2015000000","2015年","経営体","73"
"0010","経営体数","100","農林業経営体","66217","旧金山村","2015000000","2015年","経営体","20"
"0010","経営体数","100","農林業経営体","66218","旧大江村","2015000000","2015年","経営体","47"
"0010","経営体数","100","農林業経営体","66219","旧黒河村","2015000000","2015年","経営体","81"
"0010","経営体数","100","農林業経営体","66220","旧池多村２－２","2015000000","2015年","経営体","56"
"0010","経営体数","100","農林業経営体","66221","旧大門町","2015000000","2015年","経営体","1"
"0010","経営体数","100","農林業経営体","66222","旧水戸田村","2015000000","2015年","経営体","14"
"0010","経営体数","100","農林業経営体","66223","旧櫛田村","2015000000","2015年","経営体","57"
"0010","経営体数","100","農林業経営体","66224","旧浅井村","2015000000","2015年","経営体","11"
"0010","経営体数","100","農林業経営体","66225","旧二口村","2015000000","2015年","経営体","7"
"0010","経営体数","100","農林業経営体","66226","旧下村","2015000000","2015年","経営体","65"
"0010","経営体数","100","農林業経営体","66227","旧大島町","2015000000","2015年","経営体","35"
"0010","経営体数","100","農林業経営体","16321","舟橋村","2015000000","2015年","経営体","66"
"0010","経営体数","100","農林業経営体","16322","上市町","2015000000","2015年","経営体","685"
"0010","経営体数","100","農林業経営体","66228","旧上市町","2015000000","2015年","経営体","142"
"0010","経営体数","100","農林業経営体","66229","旧山加積村２－２","2015000000","2015年","経営体","8"
"0010","経営体数","100","農林業経営体","66230","旧南加積村","2015000000","2015年","経営体","158"
"0010","経営体数","100","農林業経営体","66231","旧宮川村","2015000000","2015年","経営体","74"
"0010","経営体数","100","農林業経営体","66232","旧柿沢村","2015000000","2015年","経営体","87"
"0010","経営体数","100","農林業経営体","66233","旧大岩村","2015000000","2015年","経営体","12"
"0010","経営体数","100","農林業経営体","66234","旧相ノ木村","2015000000","2015年","経営体","77"
"0010","経営体数","100","農林業経営体","66235","旧白萩村","2015000000","2015年","経営体","82"
"0010","経営体数","100","農林業経営体","66236","旧新川村２－２","2015000000","2015年","経営体","45"
"0010","経営体数","100","農林業経営体","16323","立山町","2015000000","2015年","経営体","957"
"0010","経営体数","100","農林業経営体","66237","うち五百石","2015000000","2015年","経営体","85"
"0010","経営体数","100","農林業経営体","66238","うち大森","2015000000","2015年","経営体","112"
"0010","経営体数","100","農林業経営体","66239","うち高野","2015000000","2015年","経営体","93"
"0010","経営体数","100","農林業経営体","66240","うち下段","2015000000","2015年","経営体","86"
"0010","経営体数","100","農林業経営体","66241","旧利田村","2015000000","2015年","経営体","67"
"0010","経営体数","100","農林業経営体","66242","旧上段村","2015000000","2015年","経営体","109"
"0010","経営体数","100","農林業経営体","66243","旧東谷村","2015000000","2015年","経営体","99"
"0010","経営体数","100","農林業経営体","66244","旧釜ケ渕村","2015000000","2015年","経営体","131"
"0010","経営体数","100","農林業経営体","66245","旧立山村","2015000000","2015年","経営体","97"
"0010","経営体数","100","農林業経営体","66246","旧新川村２－１","2015000000","2015年","経営体","78"
"0010","経営体数","100","農林業経営体","16342","入善町","2015000000","2015年","経営体","977"
"0010","経営体数","100","農林業経営体","66247","旧新屋村","2015000000","2015年","経営体","158"
"0010","経営体数","100","農林業経営体","66248","旧小摺戸村","2015000000","2015年","経営体","74"
"0010","経営体数","100","農林業経営体","66249","旧青木村","2015000000","2015年","経営体","77"
"0010","経営体数","100","農林業経営体","66250","旧飯野村","2015000000","2015年","経営体","205"
"0010","経営体数","100","農林業経営体","66251","旧上原村","2015000000","2015年","経営体","107"
"0010","経営体数","100","農林業経営体","66252","旧入善町","2015000000","2015年","経営体","96"
"0010","経営体数","100","農林業経営体","66253","旧横山村","2015000000","2015年","経営体","34"
"0010","経営体数","100","農林業経営体","66254","旧椚山村","2015000000","2015年","経営体","112"
"0010","経営体数","100","農林業経営体","66255","旧舟見町","2015000000","2015年","経営体","55"
"0010","経営体数","100","農林業経営体","66256","旧野中村２－１","2015000000","2015年","経営体","59"
"0010","経営体数","100","農林業経営体","16343","朝日町","2015000000","2015年","経営体","348"
"0010","経営体数","100","農林業経営体","66257","旧大家庄村","2015000000","2015年","経営体","85"
"0010","経営体数","100","農林業経営体","66258","旧山崎村","2015000000","2015年","経営体","80"
"0010","経営体数","100","農林業経営体","66259","旧南保村","2015000000","2015年","経営体","65"
"0010","経営体数","100","農林業経営体","66260","旧五箇庄村","2015000000","2015年","経営体","48"
"0010","経営体数","100","農林業経営体","66261","旧泊町","2015000000","2015年","経営体","42"
"0010","経営体数","100","農林業経営体","66262","旧宮崎村","2015000000","2015年","経営体","10"
"0010","経営体数","100","農林業経営体","66263","旧境村","2015000000","2015年","経営体","3"
"0010","経営体数","100","農林業経営体","66264","旧野中村２－２","2015000000","2015年","経営体","15"
"0010","経営体数","100","農林業経営体","17000","石川県","2015000000","2015年","経営体","14149"
"0010","経営体数","100","農林業経営体","17201","金沢市","2015000000","2015年","経営体","1791"
"0010","経営体数","100","農林業経営体","67001","旧金沢市","2015000000","2015年","経営体","848"
"0010","経営体数","100","農林業経営体","67002","旧安原村","2015000000","2015年","経営体","114"
"0010","経営体数","100","農林業経営体","67003","旧額村","2015000000","2015年","経営体","28"
"0010","経営体数","100","農林業経営体","67004","旧押野村２－１","2015000000","2015年","経営体","18"
"0010","経営体数","100","農林業経営体","67005","旧内川村","2015000000","2015年","経営体","39"
"0010","経営体数","100","農林業経営体","67006","旧犀川村","2015000000","2015年","経営体","98"
"0010","経営体数","100","農林業経営体","67007","旧湯涌谷村","2015000000","2015年","経営体","34"
"0010","経営体数","100","農林業経営体","67008","旧浅川村","2015000000","2015年","経営体","186"
"0010","経営体数","100","農林業経営体","67009","旧大場村","2015000000","2015年","経営体","20"
"0010","経営体数","100","農林業経営体","67010","旧八田村","2015000000","2015年","経営体","33"
"0010","経営体数","100","農林業経営体","67011","旧花園村２－１","2015000000","2015年","経営体","155"
"0010","経営体数","100","農林業経営体","67012","旧三谷村","2015000000","2015年","経営体","194"
"0010","経営体数","100","農林業経営体","67013","旧森本村","2015000000","2015年","経営体","24"
"0010","経営体数","100","農林業経営体","17202","七尾市","2015000000","2015年","経営体","1661"
"0010","経営体数","100","農林業経営体","67014","旧七尾市","2015000000","2015年","経営体","530"
"0010","経営体数","100","農林業経営体","67015","旧南大呑村","2015000000","2015年","経営体","60"
"0010","経営体数","100","農林業経営体","67016","旧北大呑村","2015000000","2015年","経営体","30"
"0010","経営体数","100","農林業経営体","67017","旧崎山村","2015000000","2015年","経営体","68"
"0010","経営体数","100","農林業経営体","67018","旧高階村","2015000000","2015年","経営体","41"
"0010","経営体数","100","農林業経営体","67019","旧田鶴浜町","2015000000","2015年","経営体","90"
"0010","経営体数","100","農林業経営体","67020","旧相馬村２－１","2015000000","2015年","経営体","52"
"0010","経営体数","100","農林業経営体","67021","旧金ヶ崎村","2015000000","2015年","経営体","61"
"0010","経営体数","100","農林業経営体","67022","旧笠師保村","2015000000","2015年","経営体","90"
"0010","経営体数","100","農林業経営体","67023","旧豊川村","2015000000","2015年","経営体","107"
"0010","経営体数","100","農林業経営体","67024","旧熊木村","2015000000","2015年","経営体","84"
"0010","経営体数","100","農林業経営体","67025","旧西岸村","2015000000","2015年","経営体","65"
"0010","経営体数","100","農林業経営体","67026","旧中島村","2015000000","2015年","経営体","23"
"0010","経営体数","100","農林業経営体","67027","旧釶打村","2015000000","2015年","経営体","80"
"0010","経営体数","100","農林業経営体","67028","旧東島村","2015000000","2015年","経営体","124"
"0010","経営体数","100","農林業経営体","67029","旧中乃島村","2015000000","2015年","経営体","65"
"0010","経営体数","100","農林業経営体","67030","旧西島村","2015000000","2015年","経営体","91"
"0010","経営体数","100","農林業経営体","17203","小松市","2015000000","2015年","経営体","935"
"0010","経営体数","100","農林業経営体","67031","旧小松市","2015000000","2015年","経営体","630"
"0010","経営体数","100","農林業経営体","67032","旧那谷村","2015000000","2015年","経営体","27"
"0010","経営体数","100","農林業経営体","67033","旧矢田野村","2015000000","2015年","経営体","19"
"0010","経営体数","100","農林業経営体","67034","旧月津村２－１","2015000000","2015年","経営体","17"
"0010","経営体数","100","農林業経営体","67035","旧大杉谷村","2015000000","2015年","経営体","66"
"0010","経営体数","100","農林業経営体","67036","旧金野村","2015000000","2015年","経営体","42"
"0010","経営体数","100","農林業経営体","67037","旧新丸村","2015000000","2015年","経営体","-"
"0010","経営体数","100","農林業経営体","67038","旧中海村","2015000000","2015年","経営体","42"
"0010","経営体数","100","農林業経営体","67039","旧国府村２－１","2015000000","2015年","経営体","55"
"0010","経営体数","100","農林業経営体","67040","旧西尾村","2015000000","2015年","経営体","37"
"0010","経営体数","100","農林業経営体","17204","輪島市","2015000000","2015年","経営体","1016"
"0010","経営体数","100","農林業経営体","67041","旧輪島市","2015000000","2015年","経営体","5"
"0010","経営体数","100","農林業経営体","67042","旧町野町","2015000000","2015年","経営体","216"
"0010","経営体数","100","農林業経営体","67043","旧西保村","2015000000","2015年","経営体","54"
"0010","経営体数","100","農林業経営体","67044","旧大屋村","2015000000","2015年","経営体","114"
"0010","経営体数","100","農林業経営体","67045","旧河原田村","2015000000","2015年","経営体","55"
"0010","経営体数","100","農林業経営体","67046","旧鵠巣村","2015000000","2015年","経営体","53"
"0010","経営体数","100","農林業経営体","67047","旧南志見村","2015000000","2015年","経営体","76"
"0010","経営体数","100","農林業経営体","67048","旧三井村","2015000000","2015年","経営体","102"
"0010","経営体数","100","農林業経営体","67049","旧門前町","2015000000","2015年","経営体","86"
"0010","経営体数","100","農林業経営体","67050","旧剣地村","2015000000","2015年","経営体","99"
"0010","経営体数","100","農林業経営体","67051","旧諸岡村","2015000000","2015年","経営体","28"
"0010","経営体数","100","農林業経営体","67052","旧浦上村","2015000000","2015年","経営体","46"
"0010","経営体数","100","農林業経営体","67053","旧七浦村","2015000000","2015年","経営体","19"
"0010","経営体数","100","農林業経営体","67054","旧本郷村","2015000000","2015年","経営体","63"
"0010","経営体数","100","農林業経営体","67055","旧黒島村","2015000000","2015年","経営体","-"
"0010","経営体数","100","農林業経営体","17205","珠洲市","2015000000","2015年","経営体","725"
"0010","経営体数","100","農林業経営体","67056","旧飯田町","2015000000","2015年","経営体","6"
"0010","経営体数","100","農林業経営体","67057","旧宝立町","2015000000","2015年","経営体","91"
"0010","経営体数","100","農林業経営体","67058","旧正院町","2015000000","2015年","経営体","70"
"0010","経営体数","100","農林業経営体","67059","旧上戸村","2015000000","2015年","経営体","40"
"0010","経営体数","100","農林業経営体","67060","旧若山村","2015000000","2015年","経営体","158"
"0010","経営体数","100","農林業経営体","67061","旧直村","2015000000","2015年","経営体","38"
"0010","経営体数","100","農林業経営体","67062","旧三崎村","2015000000","2015年","経営体","190"
"0010","経営体数","100","農林業経営体","67063","旧西海村","2015000000","2015年","経営体","118"
"0010","経営体数","100","農林業経営体","67064","旧蛸島村","2015000000","2015年","経営体","14"
"0010","経営体数","100","農林業経営体","17206","加賀市","2015000000","2015年","経営体","1038"
"0010","経営体数","100","農林業経営体","67065","旧大聖寺町","2015000000","2015年","経営体","78"
"0010","経営体数","100","農林業経営体","67066","旧山代町","2015000000","2015年","経営体","142"
"0010","経営体数","100","農林業経営体","67067","旧片山津町","2015000000","2015年","経営体","151"
"0010","経営体数","100","農林業経営体","67068","旧動橋町","2015000000","2015年","経営体","51"
"0010","経営体数","100","農林業経営体","67069","旧三木村","2015000000","2015年","経営体","68"
"0010","経営体数","100","農林業経営体","67070","旧瀬越村","2015000000","2015年","経営体","1"
"0010","経営体数","100","農林業経営体","67071","旧三谷村","2015000000","2015年","経営体","75"
"0010","経営体数","100","農林業経営体","67072","旧南郷村","2015000000","2015年","経営体","71"
"0010","経営体数","100","農林業経営体","67073","旧東谷口村","2015000000","2015年","経営体","53"
"0010","経営体数","100","農林業経営体","67074","旧勅使村","2015000000","2015年","経営体","66"
"0010","経営体数","100","農林業経営体","67075","旧橋立村","2015000000","2015年","経営体","62"
"0010","経営体数","100","農林業経営体","67076","旧篠原村","2015000000","2015年","経営体","70"
"0010","経営体数","100","農林業経営体","67077","旧分校村","2015000000","2015年","経営体","65"
"0010","経営体数","100","農林業経営体","67078","旧月津村２－２","2015000000","2015年","経営体","25"
"0010","経営体数","100","農林業経営体","67079","旧塩屋村","2015000000","2015年","経営体","1"
"0010","経営体数","100","農林業経営体","67080","旧河南村２－２","2015000000","2015年","経営体","8"
"0010","経営体数","100","農林業経営体","67081","旧山中町","2015000000","2015年","経営体","1"
"0010","経営体数","100","農林業経営体","67082","旧河南村２－１","2015000000","2015年","経営体","1"
"0010","経営体数","100","農林業経営体","67083","旧西谷村","2015000000","2015年","経営体","10"
"0010","経営体数","100","農林業経営体","67084","旧東谷奥村","2015000000","2015年","経営体","39"
"0010","経営体数","100","農林業経営体","17207","羽咋市","2015000000","2015年","経営体","630"
"0010","経営体数","100","農林業経営体","67085","旧羽咋町","2015000000","2015年","経営体","14"
"0010","経営体数","100","農林業経営体","67086","旧邑知町","2015000000","2015年","経営体","261"
"0010","経営体数","100","農林業経営体","67087","旧粟ノ保村","2015000000","2015年","経営体","61"
"0010","経営体数","100","農林業経営体","67088","旧富永村","2015000000","2015年","経営体","73"
"0010","経営体数","100","農林業経営体","67089","旧一ノ宮村","2015000000","2015年","経営体","7"
"0010","経営体数","100","農林業経営体","67090","旧越路野村","2015000000","2015年","経営体","30"
"0010","経営体数","100","農林業経営体","67091","旧上甘田村２－１","2015000000","2015年","経営体","55"
"0010","経営体数","100","農林業経営体","67092","旧下甘田村２－２","2015000000","2015年","経営体","8"
"0010","経営体数","100","農林業経営体","67093","旧千里浜村","2015000000","2015年","経営体","-"
"0010","経営体数","100","農林業経営体","67094","旧余喜村","2015000000","2015年","経営体","89"
"0010","経営体数","100","農林業経営体","67095","旧鹿島路村","2015000000","2015年","経営体","32"
"0010","経営体数","100","農林業経営体","17209","かほく市","2015000000","2015年","経営体","395"
"0010","経営体数","100","農林業経営体","67096","旧高松町２－１","2015000000","2015年","経営体","70"
"0010","経営体数","100","農林業経営体","67097","旧南大海村","2015000000","2015年","経営体","114"
"0010","経営体数","100","農林業経営体","67098","旧七塚町","2015000000","2015年","経営体","13"
"0010","経営体数","100","農林業経営体","67099","旧宇ノ気町","2015000000","2015年","経営体","150"
"0010","経営体数","100","農林業経営体","67100","旧金津村(高松町２－２)","2015000000","2015年","経営体","48"
"0010","経営体数","100","農林業経営体","17210","白山市","2015000000","2015年","経営体","1099"
"0010","経営体数","100","農林業経営体","67101","旧松任町","2015000000","2015年","経営体","22"
"0010","経営体数","100","農林業経営体","67102","旧石川村","2015000000","2015年","経営体","71"
"0010","経営体数","100","農林業経営体","67103","旧柏野村","2015000000","2015年","経営体","20"
"0010","経営体数","100","農林業経営体","67104","旧笠間村","2015000000","2015年","経営体","40"
"0010","経営体数","100","農林業経営体","67105","旧宮保村","2015000000","2015年","経営体","38"
"0010","経営体数","100","農林業経営体","67106","旧一木村","2015000000","2015年","経営体","54"
"0010","経営体数","100","農林業経営体","67107","旧出城村","2015000000","2015年","経営体","55"
"0010","経営体数","100","農林業経営体","67108","旧御手洗村","2015000000","2015年","経営体","30"
"0010","経営体数","100","農林業経営体","67109","旧旭村","2015000000","2015年","経営体","64"
"0010","経営体数","100","農林業経営体","67110","旧郷村２－２","2015000000","2015年","経営体","26"
"0010","経営体数","100","農林業経営体","67111","旧中奥村","2015000000","2015年","経営体","31"
"0010","経営体数","100","農林業経営体","67112","旧林中村","2015000000","2015年","経営体","58"
"0010","経営体数","100","農林業経営体","67113","旧山島村","2015000000","2015年","経営体","112"
"0010","経営体数","100","農林業経営体","67114","旧湊村","2015000000","2015年","経営体","12"
"0010","経営体数","100","農林業経営体","67115","旧美川町","2015000000","2015年","経営体","5"
"0010","経営体数","100","農林業経営体","67116","旧蝶屋村","2015000000","2015年","経営体","26"
"0010","経営体数","100","農林業経営体","67117","旧鶴来町","2015000000","2015年","経営体","4"
"0010","経営体数","100","農林業経営体","67118","旧館畑村","2015000000","2015年","経営体","46"
"0010","経営体数","100","農林業経営体","67119","旧林村","2015000000","2015年","経営体","40"
"0010","経営体数","100","農林業経営体","67120","旧蔵山村","2015000000","2015年","経営体","40"
"0010","経営体数","100","農林業経営体","67121","旧河内村２－２","2015000000","2015年","経営体","34"
"0010","経営体数","100","農林業経営体","67122","旧河内村(河内村２－１)","2015000000","2015年","経営体","21"
"0010","経営体数","100","農林業経営体","67123","旧吉野谷村","2015000000","2015年","経営体","44"
"0010","経営体数","100","農林業経営体","67124","旧鳥越村","2015000000","2015年","経営体","197"
"0010","経営体数","100","農林業経営体","67125","旧尾口村","2015000000","2015年","経営体","5"
"0010","経営体数","100","農林業経営体","67126","旧白峰村","2015000000","2015年","経営体","4"
"0010","経営体数","100","農林業経営体","17211","能美市","2015000000","2015年","経営体","471"
"0010","経営体数","100","農林業経営体","67127","旧根上町","2015000000","2015年","経営体","120"
"0010","経営体数","100","農林業経営体","67128","旧吉田村２－１","2015000000","2015年","経営体","24"
"0010","経営体数","100","農林業経営体","67129","旧寺井野町","2015000000","2015年","経営体","85"
"0010","経営体数","100","農林業経営体","67130","旧粟生村","2015000000","2015年","経営体","15"
"0010","経営体数","100","農林業経営体","67131","旧吉田村２－２","2015000000","2015年","経営体","14"
"0010","経営体数","100","農林業経営体","67132","旧久常村２－２","2015000000","2015年","経営体","42"
"0010","経営体数","100","農林業経営体","67133","旧久常村２－１","2015000000","2015年","経営体","24"
"0010","経営体数","100","農林業経営体","67134","旧国府村２－２","2015000000","2015年","経営体","41"
"0010","経営体数","100","農林業経営体","67135","旧山上村","2015000000","2015年","経営体","106"
"0010","経営体数","100","農林業経営体","17212","野々市市","2015000000","2015年","経営体","148"
"0010","経営体数","100","農林業経営体","67136","旧野々市町","2015000000","2015年","経営体","13"
"0010","経営体数","100","農林業経営体","67137","旧郷村２－１","2015000000","2015年","経営体","32"
"0010","経営体数","100","農林業経営体","67138","旧富奥村","2015000000","2015年","経営体","78"
"0010","経営体数","100","農林業経営体","67139","旧押野村２－２","2015000000","2015年","経営体","25"
"0010","経営体数","100","農林業経営体","17324","川北町","2015000000","2015年","経営体","200"
"0010","経営体数","100","農林業経営体","17361","津幡町","2015000000","2015年","経営体","564"
"0010","経営体数","100","農林業経営体","67140","旧津幡町","2015000000","2015年","経営体","22"
"0010","経営体数","100","農林業経営体","67141","旧中條村","2015000000","2015年","経営体","97"
"0010","経営体数","100","農林業経営体","67142","旧井上村","2015000000","2015年","経営体","72"
"0010","経営体数","100","農林業経営体","67143","旧花園村２－２","2015000000","2015年","経営体","8"
"0010","経営体数","100","農林業経営体","67144","旧倶利伽羅村","2015000000","2015年","経営体","105"
"0010","経営体数","100","農林業経営体","67145","旧笠谷村","2015000000","2015年","経営体","82"
"0010","経営体数","100","農林業経営体","67146","旧英田村","2015000000","2015年","経営体","135"
"0010","経営体数","100","農林業経営体","67147","旧河合谷村","2015000000","2015年","経営体","43"
"0010","経営体数","100","農林業経営体","17365","内灘町","2015000000","2015年","経営体","61"
"0010","経営体数","100","農林業経営体","17384","志賀町","2015000000","2015年","経営体","1090"
"0010","経営体数","100","農林業経営体","67148","旧高浜町","2015000000","2015年","経営体","10"
"0010","経営体数","100","農林業経営体","67149","旧上甘田村２－２","2015000000","2015年","経営体","14"
"0010","経営体数","100","農林業経営体","67150","旧中甘田村","2015000000","2015年","経営体","66"
"0010","経営体数","100","農林業経営体","67151","旧下甘田村２－１","2015000000","2015年","経営体","132"
"0010","経営体数","100","農林業経営体","67152","旧志加浦村","2015000000","2015年","経営体","86"
"0010","経営体数","100","農林業経営体","67153","旧堀松村","2015000000","2015年","経営体","93"
"0010","経営体数","100","農林業経営体","67154","旧加茂村","2015000000","2015年","経営体","88"
"0010","経営体数","100","農林業経営体","67155","旧土田村","2015000000","2015年","経営体","134"
"0010","経営体数","100","農林業経営体","67156","旧上熊野村","2015000000","2015年","経営体","84"
"0010","経営体数","100","農林業経営体","67157","旧富来町","2015000000","2015年","経営体","22"
"0010","経営体数","100","農林業経営体","67158","旧熊野村","2015000000","2015年","経営体","74"
"0010","経営体数","100","農林業経営体","67159","旧稗造村","2015000000","2015年","経営体","101"
"0010","経営体数","100","農林業経営体","67160","旧東増穂村","2015000000","2015年","経営体","78"
"0010","経営体数","100","農林業経営体","67161","旧西増穂村","2015000000","2015年","経営体","60"
"0010","経営体数","100","農林業経営体","67162","旧西海村","2015000000","2015年","経営体","6"
"0010","経営体数","100","農林業経営体","67163","旧西浦村","2015000000","2015年","経営体","40"
"0010","経営体数","100","農林業経営体","67164","旧福浦村","2015000000","2015年","経営体","2"
"0010","経営体数","100","農林業経営体","17386","宝達志水町","2015000000","2015年","経営体","446"
"0010","経営体数","100","農林業経営体","67165","旧志雄町","2015000000","2015年","経営体","202"
"0010","経営体数","100","農林業経営体","67166","旧柏崎村２－２","2015000000","2015年","経営体","15"
"0010","経営体数","100","農林業経営体","67167","旧北大海村","2015000000","2015年","経営体","75"
"0010","経営体数","100","農林業経営体","67168","旧北荘村","2015000000","2015年","経営体","44"
"0010","経営体数","100","農林業経営体","67169","旧中荘村","2015000000","2015年","経営体","70"
"0010","経営体数","100","農林業経営体","67170","旧末森村","2015000000","2015年","経営体","24"
"0010","経営体数","100","農林業経営体","67171","旧柏崎村２－１","2015000000","2015年","経営体","16"
"0010","経営体数","100","農林業経営体","17407","中能登町","2015000000","2015年","経営体","492"
"0010","経営体数","100","農林業経営体","67172","旧鳥屋町","2015000000","2015年","経営体","132"
"0010","経営体数","100","農林業経営体","67173","旧相馬村２－２","2015000000","2015年","経営体","21"
"0010","経営体数","100","農林業経営体","67174","旧越路町","2015000000","2015年","経営体","106"
"0010","経営体数","100","農林業経営体","67175","旧御祖村","2015000000","2015年","経営体","65"
"0010","経営体数","100","農林業経営体","67176","旧滝尾村","2015000000","2015年","経営体","56"
"0010","経営体数","100","農林業経営体","67177","旧久江村","2015000000","2015年","経営体","17"
"0010","経営体数","100","農林業経営体","67178","旧能登部町","2015000000","2015年","経営体","62"
"0010","経営体数","100","農林業経営体","67179","旧金丸村","2015000000","2015年","経営体","33"
"0010","経営体数","100","農林業経営体","17461","穴水町","2015000000","2015年","経営体","462"
"0010","経営体数","100","農林業経営体","67180","旧穴水町","2015000000","2015年","経営体","157"
"0010","経営体数","100","農林業経営体","67181","旧諸橋村","2015000000","2015年","経営体","104"
"0010","経営体数","100","農林業経営体","67182","旧兜村","2015000000","2015年","経営体","111"
"0010","経営体数","100","農林業経営体","67183","旧住吉村","2015000000","2015年","経営体","90"
"0010","経営体数","100","農林業経営体","17463","能登町","2015000000","2015年","経営体","925"
"0010","経営体数","100","農林業経営体","67184","旧宇出津町","2015000000","2015年","経営体","21"
"0010","経営体数","100","農林業経営体","67185","旧鵜川町","2015000000","2015年","経営体","135"
"0010","経営体数","100","農林業経営体","67186","旧神野村２－１","2015000000","2015年","経営体","92"
"0010","経営体数","100","農林業経営体","67187","旧三波村","2015000000","2015年","経営体","28"
"0010","経営体数","100","農林業経営体","67188","旧小木町２－１","2015000000","2015年","経営体","11"
"0010","経営体数","100","農林業経営体","67189","旧柳田村","2015000000","2015年","経営体","367"
"0010","経営体数","100","農林業経営体","67190","旧神野村２－２","2015000000","2015年","経営体","30"
"0010","経営体数","100","農林業経営体","67191","旧小木町２－２","2015000000","2015年","経営体","12"
"0010","経営体数","100","農林業経営体","67192","旧松波町","2015000000","2015年","経営体","229"
"0010","経営体数","100","農林業経営体","18000","福井県","2015000000","2015年","経営体","16365"
"0010","経営体数","100","農林業経営体","18201","福井市","2015000000","2015年","経営体","3619"
"0010","経営体数","100","農林業経営体","68001","旧福井市","2015000000","2015年","経営体","361"
"0010","経営体数","100","農林業経営体","68002","旧西藤島村","2015000000","2015年","経営体","134"
"0010","経営体数","100","農林業経営体","68003","旧西安居村","2015000000","2015年","経営体","90"
"0010","経営体数","100","農林業経営体","68004","旧社村","2015000000","2015年","経営体","101"
"0010","経営体数","100","農林業経営体","68005","旧中藤島村","2015000000","2015年","経営体","116"
"0010","経営体数","100","農林業経営体","68006","旧河合村","2015000000","2015年","経営体","99"
"0010","経営体数","100","農林業経営体","68007","旧六条村","2015000000","2015年","経営体","170"
"0010","経営体数","100","農林業経営体","68008","旧大安寺村","2015000000","2015年","経営体","68"
"0010","経営体数","100","農林業経営体","68009","旧麻生津村","2015000000","2015年","経営体","114"
"0010","経営体数","100","農林業経営体","68010","旧国見村","2015000000","2015年","経営体","24"
"0010","経営体数","100","農林業経営体","68011","旧岡保村","2015000000","2015年","経営体","106"
"0010","経営体数","100","農林業経営体","68012","旧東藤島村","2015000000","2015年","経営体","160"
"0010","経営体数","100","農林業経営体","68013","旧殿下村","2015000000","2015年","経営体","15"
"0010","経営体数","100","農林業経営体","68014","旧鶉村","2015000000","2015年","経営体","130"
"0010","経営体数","100","農林業経営体","68015","旧本郷村","2015000000","2015年","経営体","86"
"0010","経営体数","100","農林業経営体","68016","旧棗村","2015000000","2015年","経営体","165"
"0010","経営体数","100","農林業経営体","68017","旧鷹巣村","2015000000","2015年","経営体","72"
"0010","経営体数","100","農林業経営体","68018","旧浜四郷村２－２","2015000000","2015年","経営体","27"
"0010","経営体数","100","農林業経営体","68019","旧森田町","2015000000","2015年","経営体","82"
"0010","経営体数","100","農林業経営体","68020","旧酒生村","2015000000","2015年","経営体","184"
"0010","経営体数","100","農林業経営体","68021","旧一乗谷村","2015000000","2015年","経営体","52"
"0010","経営体数","100","農林業経営体","68022","旧東郷村","2015000000","2015年","経営体","177"
"0010","経営体数","100","農林業経営体","68023","旧上文殊村","2015000000","2015年","経営体","110"
"0010","経営体数","100","農林業経営体","68024","旧下文殊村","2015000000","2015年","経営体","162"
"0010","経営体数","100","農林業経営体","68025","旧羽生村","2015000000","2015年","経営体","78"
"0010","経営体数","100","農林業経営体","68026","旧芦見村","2015000000","2015年","経営体","17"
"0010","経営体数","100","農林業経営体","68027","旧上味見村","2015000000","2015年","経営体","35"
"0010","経営体数","100","農林業経営体","68028","旧下味見村","2015000000","2015年","経営体","23"
"0010","経営体数","100","農林業経営体","68029","旧上宇坂村","2015000000","2015年","経営体","40"
"0010","経営体数","100","農林業経営体","68030","旧下宇坂村","2015000000","2015年","経営体","90"
"0010","経営体数","100","農林業経営体","68031","旧越廼村","2015000000","2015年","経営体","1"
"0010","経営体数","100","農林業経営体","68032","旧下岬村","2015000000","2015年","経営体","35"
"0010","経営体数","100","農林業経営体","68033","旧志津村","2015000000","2015年","経営体","153"
"0010","経営体数","100","農林業経営体","68034","旧三方村","2015000000","2015年","経営体","125"
"0010","経営体数","100","農林業経営体","68035","旧天津村","2015000000","2015年","経営体","217"
"0010","経営体数","100","農林業経営体","18202","敦賀市","2015000000","2015年","経営体","523"
"0010","経営体数","100","農林業経営体","68036","旧敦賀市","2015000000","2015年","経営体","138"
"0010","経営体数","100","農林業経営体","68037","旧東浦村","2015000000","2015年","経営体","31"
"0010","経営体数","100","農林業経営体","68038","旧東郷村","2015000000","2015年","経営体","92"
"0010","経営体数","100","農林業経営体","68039","旧中郷村","2015000000","2015年","経営体","64"
"0010","経営体数","100","農林業経営体","68040","旧愛発村","2015000000","2015年","経営体","4"
"0010","経営体数","100","農林業経営体","68041","旧粟野村","2015000000","2015年","経営体","194"
"0010","経営体数","100","農林業経営体","18204","小浜市","2015000000","2015年","経営体","649"
"0010","経営体数","100","農林業経営体","68042","旧小浜町","2015000000","2015年","経営体","14"
"0010","経営体数","100","農林業経営体","68043","旧内外海村","2015000000","2015年","経営体","71"
"0010","経営体数","100","農林業経営体","68044","旧国富村","2015000000","2015年","経営体","139"
"0010","経営体数","100","農林業経営体","68045","旧遠敷村","2015000000","2015年","経営体","48"
"0010","経営体数","100","農林業経営体","68046","旧今富村","2015000000","2015年","経営体","134"
"0010","経営体数","100","農林業経営体","68047","旧松永村","2015000000","2015年","経営体","37"
"0010","経営体数","100","農林業経営体","68048","旧口名田村","2015000000","2015年","経営体","43"
"0010","経営体数","100","農林業経営体","68049","旧中名田村","2015000000","2015年","経営体","45"
"0010","経営体数","100","農林業経営体","68050","旧宮川村","2015000000","2015年","経営体","39"
"0010","経営体数","100","農林業経営体","68051","旧加斗村２－１","2015000000","2015年","経営体","79"
"0010","経営体数","100","農林業経営体","18205","大野市","2015000000","2015年","経営体","1389"
"0010","経営体数","100","農林業経営体","68052","旧大野町","2015000000","2015年","経営体","69"
"0010","経営体数","100","農林業経営体","68053","旧小山村","2015000000","2015年","経営体","90"
"0010","経営体数","100","農林業経営体","68054","旧乾側村","2015000000","2015年","経営体","15"
"0010","経営体数","100","農林業経営体","68055","旧下庄町","2015000000","2015年","経営体","221"
"0010","経営体数","100","農林業経営体","68056","旧上庄村","2015000000","2015年","経営体","467"
"0010","経営体数","100","農林業経営体","68057","旧五箇村","2015000000","2015年","経営体","12"
"0010","経営体数","100","農林業経営体","68058","旧阪谷村","2015000000","2015年","経営体","230"
"0010","経営体数","100","農林業経営体","68059","旧富田村","2015000000","2015年","経営体","252"
"0010","経営体数","100","農林業経営体","68060","旧和泉村","2015000000","2015年","経営体","33"
"0010","経営体数","100","農林業経営体","18206","勝山市","2015000000","2015年","経営体","910"
"0010","経営体数","100","農林業経営体","68061","旧勝山町","2015000000","2015年","経営体","128"
"0010","経営体数","100","農林業経営体","68062","旧平泉寺村","2015000000","2015年","経営体","147"
"0010","経営体数","100","農林業経営体","68063","旧村岡村","2015000000","2015年","経営体","98"
"0010","経営体数","100","農林業経営体","68064","旧北谷村","2015000000","2015年","経営体","11"
"0010","経営体数","100","農林業経営体","68065","旧野向村","2015000000","2015年","経営体","62"
"0010","経営体数","100","農林業経営体","68066","旧荒土村","2015000000","2015年","経営体","178"
"0010","経営体数","100","農林業経営体","68067","旧北郷村","2015000000","2015年","経営体","90"
"0010","経営体数","100","農林業経営体","68068","旧鹿谷村","2015000000","2015年","経営体","130"
"0010","経営体数","100","農林業経営体","68069","旧遅羽村","2015000000","2015年","経営体","66"
"0010","経営体数","100","農林業経営体","18207","鯖江市","2015000000","2015年","経営体","758"
"0010","経営体数","100","農林業経営体","68070","旧鯖江町","2015000000","2015年","経営体","141"
"0010","経営体数","100","農林業経営体","68071","旧神明町","2015000000","2015年","経営体","75"
"0010","経営体数","100","農林業経営体","68072","旧中河村","2015000000","2015年","経営体","100"
"0010","経営体数","100","農林業経営体","68073","旧片上村","2015000000","2015年","経営体","45"
"0010","経営体数","100","農林業経営体","68074","旧立待村","2015000000","2015年","経営体","95"
"0010","経営体数","100","農林業経営体","68075","旧吉川村","2015000000","2015年","経営体","122"
"0010","経営体数","100","農林業経営体","68076","旧豊村","2015000000","2015年","経営体","81"
"0010","経営体数","100","農林業経営体","68077","旧北中山村２－１","2015000000","2015年","経営体","70"
"0010","経営体数","100","農林業経営体","68078","旧河和田村","2015000000","2015年","経営体","29"
"0010","経営体数","100","農林業経営体","18208","あわら市","2015000000","2015年","経営体","763"
"0010","経営体数","100","農林業経営体","68079","旧金津町","2015000000","2015年","経営体","19"
"0010","経営体数","100","農林業経営体","68080","旧細呂木村","2015000000","2015年","経営体","142"
"0010","経営体数","100","農林業経営体","68081","旧坪江村２－１","2015000000","2015年","経営体","69"
"0010","経営体数","100","農林業経営体","68082","旧剱岳村","2015000000","2015年","経営体","64"
"0010","経営体数","100","農林業経営体","68083","旧伊井村","2015000000","2015年","経営体","78"
"0010","経営体数","100","農林業経営体","68084","旧吉崎村","2015000000","2015年","経営体","1"
"0010","経営体数","100","農林業経営体","68085","旧本荘村３－３","2015000000","2015年","経営体","10"
"0010","経営体数","100","農林業経営体","68086","旧芦原町","2015000000","2015年","経営体","143"
"0010","経営体数","100","農林業経営体","68087","旧本荘村３－１","2015000000","2015年","経営体","88"
"0010","経営体数","100","農林業経営体","68088","旧北潟村","2015000000","2015年","経営体","149"
"0010","経営体数","100","農林業経営体","18209","越前市","2015000000","2015年","経営体","1862"
"0010","経営体数","100","農林業経営体","68089","旧武生市","2015000000","2015年","経営体","291"
"0010","経営体数","100","農林業経営体","68090","旧国高村","2015000000","2015年","経営体","202"
"0010","経営体数","100","農林業経営体","68091","旧大虫村","2015000000","2015年","経営体","159"
"0010","経営体数","100","農林業経営体","68092","旧坂口村","2015000000","2015年","経営体","53"
"0010","経営体数","100","農林業経営体","68093","旧王子保村","2015000000","2015年","経営体","180"
"0010","経営体数","100","農林業経営体","68094","旧北新庄村２－１","2015000000","2015年","経営体","106"
"0010","経営体数","100","農林業経営体","68095","旧北日野村","2015000000","2015年","経営体","216"
"0010","経営体数","100","農林業経営体","68096","旧味真野村","2015000000","2015年","経営体","164"
"0010","経営体数","100","農林業経営体","68097","旧白山村","2015000000","2015年","経営体","163"
"0010","経営体数","100","農林業経営体","68098","旧粟田部町","2015000000","2015年","経営体","12"
"0010","経営体数","100","農林業経営体","68099","旧岡本村","2015000000","2015年","経営体","72"
"0010","経営体数","100","農林業経営体","68100","旧服間村","2015000000","2015年","経営体","126"
"0010","経営体数","100","農林業経営体","68101","旧南中山村","2015000000","2015年","経営体","63"
"0010","経営体数","100","農林業経営体","68102","旧北新庄村２－２","2015000000","2015年","経営体","19"
"0010","経営体数","100","農林業経営体","68103","旧北中山村２－２","2015000000","2015年","経営体","36"
"0010","経営体数","100","農林業経営体","18210","坂井市","2015000000","2015年","経営体","2188"
"0010","経営体数","100","農林業経営体","68104","旧三国町","2015000000","2015年","経営体","9"
"0010","経営体数","100","農林業経営体","68105","旧新保村","2015000000","2015年","経営体","5"
"0010","経営体数","100","農林業経営体","68106","旧雄島村","2015000000","2015年","経営体","7"
"0010","経営体数","100","農林業経営体","68107","旧加戸村","2015000000","2015年","経営体","156"
"0010","経営体数","100","農林業経営体","68108","旧木部村２－２","2015000000","2015年","経営体","74"
"0010","経営体数","100","農林業経営体","68109","旧本荘村３－２","2015000000","2015年","経営体","25"
"0010","経営体数","100","農林業経営体","68110","旧浜四郷村２－１","2015000000","2015年","経営体","193"
"0010","経営体数","100","農林業経営体","68111","旧丸岡町","2015000000","2015年","経営体","1"
"0010","経営体数","100","農林業経営体","68112","旧坪江村２－２","2015000000","2015年","経営体","37"
"0010","経営体数","100","農林業経営体","68113","旧磯部村２－１","2015000000","2015年","経営体","152"
"0010","経営体数","100","農林業経営体","68114","旧鳴鹿村２－１","2015000000","2015年","経営体","99"
"0010","経営体数","100","農林業経営体","68115","旧竹田村","2015000000","2015年","経営体","31"
"0010","経営体数","100","農林業経営体","68116","旧長畝村","2015000000","2015年","経営体","163"
"0010","経営体数","100","農林業経営体","68117","旧高椋村","2015000000","2015年","経営体","311"
"0010","経営体数","100","農林業経営体","68118","旧春江町","2015000000","2015年","経営体","294"
"0010","経営体数","100","農林業経営体","68119","旧大石村","2015000000","2015年","経営体","175"
"0010","経営体数","100","農林業経営体","68120","旧磯部村２－２","2015000000","2015年","経営体","35"
"0010","経営体数","100","農林業経営体","68121","旧東十郷村","2015000000","2015年","経営体","165"
"0010","経営体数","100","農林業経営体","68122","旧大関村","2015000000","2015年","経営体","97"
"0010","経営体数","100","農林業経営体","68123","旧木部村２－１","2015000000","2015年","経営体","103"
"0010","経営体数","100","農林業経営体","68124","旧兵庫村","2015000000","2015年","経営体","56"
"0010","経営体数","100","農林業経営体","18322","永平寺町","2015000000","2015年","経営体","531"
"0010","経営体数","100","農林業経営体","68125","旧松岡町","2015000000","2015年","経営体","18"
"0010","経営体数","100","農林業経営体","68126","旧五領ヶ島村","2015000000","2015年","経営体","116"
"0010","経営体数","100","農林業経営体","68127","旧吉野村","2015000000","2015年","経営体","34"
"0010","経営体数","100","農林業経営体","68128","旧下志比村２－２","2015000000","2015年","経営体","-"
"0010","経営体数","100","農林業経営体","68129","旧志比谷村","2015000000","2015年","経営体","66"
"0010","経営体数","100","農林業経営体","68130","旧浄法寺村","2015000000","2015年","経営体","59"
"0010","経営体数","100","農林業経営体","68131","旧下志比村２－１","2015000000","2015年","経営体","55"
"0010","経営体数","100","農林業経営体","68132","旧鳴鹿村２－２","2015000000","2015年","経営体","18"
"0010","経営体数","100","農林業経営体","68133","旧上志比村","2015000000","2015年","経営体","165"
"0010","経営体数","100","農林業経営体","18382","池田町","2015000000","2015年","経営体","200"
"0010","経営体数","100","農林業経営体","68134","旧上池田村","2015000000","2015年","経営体","190"
"0010","経営体数","100","農林業経営体","68135","旧下池田村","2015000000","2015年","経営体","10"
"0010","経営体数","100","農林業経営体","18404","南越前町","2015000000","2015年","経営体","398"
"0010","経営体数","100","農林業経営体","68136","旧南日野村","2015000000","2015年","経営体","63"
"0010","経営体数","100","農林業経営体","68137","旧北杣山村","2015000000","2015年","経営体","72"
"0010","経営体数","100","農林業経営体","68138","旧南杣山村","2015000000","2015年","経営体","47"
"0010","経営体数","100","農林業経営体","68139","旧湯尾村","2015000000","2015年","経営体","52"
"0010","経営体数","100","農林業経営体","68140","旧鹿蒜村","2015000000","2015年","経営体","26"
"0010","経営体数","100","農林業経営体","68141","旧今庄村","2015000000","2015年","経営体","8"
"0010","経営体数","100","農林業経営体","68142","旧宅良村","2015000000","2015年","経営体","41"
"0010","経営体数","100","農林業経営体","68143","旧堺村","2015000000","2015年","経営体","56"
"0010","経営体数","100","農林業経営体","68144","旧河野村","2015000000","2015年","経営体","33"
"0010","経営体数","100","農林業経営体","18423","越前町","2015000000","2015年","経営体","760"
"0010","経営体数","100","農林業経営体","68145","旧朝日町","2015000000","2015年","経営体","191"
"0010","経営体数","100","農林業経営体","68146","旧常磐村２－１","2015000000","2015年","経営体","15"
"0010","経営体数","100","農林業経営体","68147","旧糸生村","2015000000","2015年","経営体","105"
"0010","経営体数","100","農林業経営体","68148","旧宮崎村","2015000000","2015年","経営体","173"
"0010","経営体数","100","農林業経営体","68149","旧四ヶ浦町","2015000000","2015年","経営体","36"
"0010","経営体数","100","農林業経営体","68150","旧城崎村","2015000000","2015年","経営体","3"
"0010","経営体数","100","農林業経営体","68151","旧織田村","2015000000","2015年","経営体","155"
"0010","経営体数","100","農林業経営体","68152","旧萩野村","2015000000","2015年","経営体","65"
"0010","経営体数","100","農林業経営体","68153","旧常磐村２－２","2015000000","2015年","経営体","17"
"0010","経営体数","100","農林業経営体","18442","美浜町","2015000000","2015年","経営体","307"
"0010","経営体数","100","農林業経営体","68154","旧山東村","2015000000","2015年","経営体","109"
"0010","経営体数","100","農林業経営体","68155","旧耳村","2015000000","2015年","経営体","132"
"0010","経営体数","100","農林業経営体","68156","旧南西郷村","2015000000","2015年","経営体","64"
"0010","経営体数","100","農林業経営体","68157","旧北西郷村","2015000000","2015年","経営体","2"
"0010","経営体数","100","農林業経営体","18481","高浜町","2015000000","2015年","経営体","265"
"0010","経営体数","100","農林業経営体","68158","旧高浜町","2015000000","2015年","経営体","75"
"0010","経営体数","100","農林業経営体","68159","旧和田村","2015000000","2015年","経営体","32"
"0010","経営体数","100","農林業経営体","68160","旧青郷村","2015000000","2015年","経営体","131"
"0010","経営体数","100","農林業経営体","68161","旧内浦村","2015000000","2015年","経営体","27"
"0010","経営体数","100","農林業経営体","18483","おおい町","2015000000","2015年","経営体","428"
"0010","経営体数","100","農林業経営体","68162","旧知三村","2015000000","2015年","経営体","60"
"0010","経営体数","100","農林業経営体","68163","旧奥名田村","2015000000","2015年","経営体","47"
"0010","経営体数","100","農林業経営体","68164","旧佐分利村","2015000000","2015年","経営体","132"
"0010","経営体数","100","農林業経営体","68165","旧本郷村","2015000000","2015年","経営体","139"
"0010","経営体数","100","農林業経営体","68166","旧大島村","2015000000","2015年","経営体","37"
"0010","経営体数","100","農林業経営体","68167","旧加斗村２－２","2015000000","2015年","経営体","13"
"0010","経営体数","100","農林業経営体","18501","若狭町","2015000000","2015年","経営体","815"
"0010","経営体数","100","農林業経営体","68168","旧西田村","2015000000","2015年","経営体","145"
"0010","経営体数","100","農林業経営体","68169","旧八村","2015000000","2015年","経営体","203"
"0010","経営体数","100","農林業経営体","68170","旧十村","2015000000","2015年","経営体","118"
"0010","経営体数","100","農林業経営体","68171","旧鳥羽村","2015000000","2015年","経営体","86"
"0010","経営体数","100","農林業経営体","68172","旧野木村","2015000000","2015年","経営体","85"
"0010","経営体数","100","農林業経営体","68173","旧瓜生村","2015000000","2015年","経営体","113"
"0010","経営体数","100","農林業経営体","68174","旧三宅村","2015000000","2015年","経営体","61"
"0010","経営体数","100","農林業経営体","68175","旧熊川村","2015000000","2015年","経営体","4"
"0010","経営体数","110","農林業経営体_うち組織経営体","15000","新潟県","2015000000","2015年","経営体","1765"
"0010","経営体数","110","農林業経営体_うち組織経営体","15100","新潟市","2015000000","2015年","経営体","161"
"0010","経営体数","110","農林業経営体_うち組織経営体","15101","北区","2015000000","2015年","経営体","22"
"0010","経営体数","110","農林業経営体_うち組織経営体","65001","旧松ヶ崎浜村２－１","2015000000","2015年","経営体","-"
"0010","経営体数","110","農林業経営体_うち組織経営体","65002","旧濁川村","2015000000","2015年","経営体","3"
"0010","経営体数","110","農林業経営体_うち組織経営体","65003","旧南浜村","2015000000","2015年","経営体","1"
"0010","経営体数","110","農林業経営体_うち組織経営体","65004","旧木崎村２－２","2015000000","2015年","経営体","-"
"0010","経営体数","110","農林業経営体_うち組織経営体","65005","旧葛塚町","2015000000","2015年","経営体","2"
"0010","経営体数","110","農林業経営体_うち組織経営体","65006","旧木崎村２－１","2015000000","2015年","経営体","3"
"0010","経営体数","110","農林業経営体_うち組織経営体","65007","旧岡方村","2015000000","2015年","経営体","7"
"0010","経営体数","110","農林業経営体_うち組織経営体","65008","旧長浦村","2015000000","2015年","経営体","6"
"0010","経営体数","110","農林業経営体_うち組織経営体","15102","東区","2015000000","2015年","経営体","2"
"0010","経営体数","110","農林業経営体_うち組織経営体","65009","旧新潟市２－１","2015000000","2015年","経営体","-"
"0010","経営体数","110","農林業経営体_うち組織経営体","65010","旧石山村２－１","2015000000","2015年","経営体","1"
"0010","経営体数","110","農林業経営体_うち組織経営体","65011","旧大形村","2015000000","2015年","経営体","1"
"0010","経営体数","110","農林業経営体_うち組織経営体","65012","旧松ヶ崎浜村２－２","2015000000","2015年","経営体","-"
"0010","経営体数","110","農林業経営体_うち組織経営体","15103","中央区","2015000000","2015年","経営体","2"
"0010","経営体数","110","農林業経営体_うち組織経営体","65013","旧新潟市２－２","2015000000","2015年","経営体","1"
"0010","経営体数","110","農林業経営体_うち組織経営体","65014","旧石山村２－２","2015000000","2015年","経営体","-"
"0010","経営体数","110","農林業経営体_うち組織経営体","65015","旧鳥屋野村","2015000000","2015年","経営体","1"
"0010","経営体数","110","農林業経営体_うち組織経営体","65016","旧曽野木村２－１－１","2015000000","2015年","経営体","-"
"0010","経営体数","110","農林業経営体_うち組織経営体","15104","江南区","2015000000","2015年","経営体","16"
"0010","経営体数","110","農林業経営体_うち組織経営体","65017","旧大江山村","2015000000","2015年","経営体","1"
"0010","経営体数","110","農林業経営体_うち組織経営体","65018","旧曽野木村２－１－２","2015000000","2015年","経営体","3"
"0010","経営体数","110","農林業経営体_うち組織経営体","65019","旧両川村","2015000000","2015年","経営体","1"
"0010","経営体数","110","農林業経営体_うち組織経営体","65020","旧横越町","2015000000","2015年","経営体","6"
"0010","経営体数","110","農林業経営体_うち組織経営体","65021","旧亀田町","2015000000","2015年","経営体","5"
"0010","経営体数","110","農林業経営体_うち組織経営体","15105","秋葉区","2015000000","2015年","経営体","20"
"0010","経営体数","110","農林業経営体_うち組織経営体","65022","旧新津町","2015000000","2015年","経営体","5"
"0010","経営体数","110","農林業経営体_うち組織経営体","65023","旧金津村","2015000000","2015年","経営体","-"
"0010","経営体数","110","農林業経営体_うち組織経営体","65024","旧小合村","2015000000","2015年","経営体","10"
"0010","経営体数","110","農林業経営体_うち組織経営体","65025","旧新関村２－１","2015000000","2015年","経営体","2"
"0010","経営体数","110","農林業経営体_うち組織経営体","65026","旧小須戸町","2015000000","2015年","経営体","3"
"0010","経営体数","110","農林業経営体_うち組織経営体","15106","南区","2015000000","2015年","経営体","44"
"0010","経営体数","110","農林業経営体_うち組織経営体","65027","旧白根町","2015000000","2015年","経営体","-"
"0010","経営体数","110","農林業経営体_うち組織経営体","65028","旧須田村２－２","2015000000","2015年","経営体","-"
"0010","経営体数","110","農林業経営体_うち組織経営体","65029","旧新飯田村","2015000000","2015年","経営体","-"
"0010","経営体数","110","農林業経営体_うち組織経営体","65030","旧庄瀬村","2015000000","2015年","経営体","5"
"0010","経営体数","110","農林業経営体_うち組織経営体","65031","旧小林村","2015000000","2015年","経営体","2"
"0010","経営体数","110","農林業経営体_うち組織経営体","65032","旧臼井村","2015000000","2015年","経営体","1"
"0010","経営体数","110","農林業経営体_うち組織経営体","65033","旧鷲巻村","2015000000","2015年","経営体","7"
"0010","経営体数","110","農林業経営体_うち組織経営体","65034","旧大郷村","2015000000","2015年","経営体","3"
"0010","経営体数","110","農林業経営体_うち組織経営体","65035","旧根岸村","2015000000","2015年","経営体","8"
"0010","経営体数","110","農林業経営体_うち組織経営体","65036","旧茨曽根村","2015000000","2015年","経営体","5"
"0010","経営体数","110","農林業経営体_うち組織経営体","65037","旧曽野木村２－１－３","2015000000","2015年","経営体","-"
"0010","経営体数","110","農林業経営体_うち組織経営体","65038","旧曽野木村２－２","2015000000","2015年","経営体","-"
"0010","経営体数","110","農林業経営体_うち組織経営体","65039","旧味方村","2015000000","2015年","経営体","8"
"0010","経営体数","110","農林業経営体_うち組織経営体","65040","旧月潟村","2015000000","2015年","経営体","5"
"0010","経営体数","110","農林業経営体_うち組織経営体","15107","西区","2015000000","2015年","経営体","14"
"0010","経営体数","110","農林業経営体_うち組織経営体","65041","旧坂井輪村","2015000000","2015年","経営体","1"
"0010","経営体数","110","農林業経営体_うち組織経営体","65042","旧内野町","2015000000","2015年","経営体","2"
"0010","経営体数","110","農林業経営体_うち組織経営体","65043","旧赤塚村","2015000000","2015年","経営体","2"
"0010","経営体数","110","農林業経営体_うち組織経営体","65044","旧中野小屋村","2015000000","2015年","経営体","2"
"0010","経営体数","110","農林業経営体_うち組織経営体","65045","旧黒埼町","2015000000","2015年","経営体","6"
"0010","経営体数","110","農林業経営体_うち組織経営体","65046","旧角田村２－１","2015000000","2015年","経営体","1"
"0010","経営体数","110","農林業経営体_うち組織経営体","15108","西蒲区","2015000000","2015年","経営体","41"
"0010","経営体数","110","農林業経営体_うち組織経営体","65047","旧岩室村","2015000000","2015年","経営体","7"
"0010","経営体数","110","農林業経営体_うち組織経営体","65048","旧間瀬村","2015000000","2015年","経営体","-"
"0010","経営体数","110","農林業経営体_うち組織経営体","65049","旧和納村３－１","2015000000","2015年","経営体","3"
"0010","経営体数","110","農林業経営体_うち組織経営体","65050","旧鎧郷村２－１","2015000000","2015年","経営体","2"
"0010","経営体数","110","農林業経営体_うち組織経営体","65051","旧曽根町","2015000000","2015年","経営体","2"
"0010","経営体数","110","農林業経営体_うち組織経営体","65052","旧升潟村","2015000000","2015年","経営体","1"
"0010","経営体数","110","農林業経営体_うち組織経営体","65053","旧四ツ合村２－２","2015000000","2015年","経営体","-"
"0010","経営体数","110","農林業経営体_うち組織経営体","65054","旧四ツ合村２－１","2015000000","2015年","経営体","3"
"0010","経営体数","110","農林業経営体_うち組織経営体","65055","旧大原村","2015000000","2015年","経営体","3"
"0010","経営体数","110","農林業経営体_うち組織経営体","65056","旧小吉村","2015000000","2015年","経営体","1"
"0010","経営体数","110","農林業経営体_うち組織経営体","65057","旧道上村","2015000000","2015年","経営体","5"
"0010","経営体数","110","農林業経営体_うち組織経営体","65058","旧松長村２－２","2015000000","2015年","経営体","2"
"0010","経営体数","110","農林業経営体_うち組織経営体","65059","旧巻町","2015000000","2015年","経営体","-"
"0010","経営体数","110","農林業経営体_うち組織経営体","65060","旧鎧郷村２－２","2015000000","2015年","経営体","2"
"0010","経営体数","110","農林業経営体_うち組織経営体","65061","旧漆山村","2015000000","2015年","経営体","3"
"0010","経営体数","110","農林業経営体_うち組織経営体","65062","旧峰岡村","2015000000","2015年","経営体","1"
"0010","経営体数","110","農林業経営体_うち組織経営体","65063","旧松野尾村","2015000000","2015年","経営体","4"
"0010","経営体数","110","農林業経営体_うち組織経営体","65064","旧角田村２－２","2015000000","2015年","経営体","2"
"0010","経営体数","110","農林業経営体_うち組織経営体","65065","旧浦浜村","2015000000","2015年","経営体","-"
"0010","経営体数","110","農林業経営体_うち組織経営体","65066","旧和納村３－３","2015000000","2015年","経営体","-"
"0010","経営体数","110","農林業経営体_うち組織経営体","15202","長岡市","2015000000","2015年","経営体","216"
"0010","経営体数","110","農林業経営体_うち組織経営体","65067","旧長岡市","2015000000","2015年","経営体","6"
"0010","経営体数","110","農林業経営体_うち組織経営体","65068","旧下川西村","2015000000","2015年","経営体","3"
"0010","経営体数","110","農林業経営体_うち組織経営体","65069","旧黒条村","2015000000","2015年","経営体","2"
"0010","経営体数","110","農林業経営体_うち組織経営体","65070","旧栖吉村","2015000000","2015年","経営体","6"
"0010","経営体数","110","農林業経営体_うち組織経営体","65071","旧山本村","2015000000","2015年","経営体","6"
"0010","経営体数","110","農林業経営体_うち組織経営体","65072","旧富曽亀村","2015000000","2015年","経営体","1"
"0010","経営体数","110","農林業経営体_うち組織経営体","65073","旧新組村２－１","2015000000","2015年","経営体","6"
"0010","経営体数","110","農林業経営体_うち組織経営体","65074","旧上川西村","2015000000","2015年","経営体","2"
"0010","経営体数","110","農林業経営体_うち組織経営体","65075","旧福戸村","2015000000","2015年","経営体","3"
"0010","経営体数","110","農林業経営体_うち組織経営体","65076","旧王寺川村","2015000000","2015年","経営体","2"
"0010","経営体数","110","農林業経営体_うち組織経営体","65077","旧日越村","2015000000","2015年","経営体","6"
"0010","経営体数","110","農林業経営体_うち組織経営体","65078","旧深才村","2015000000","2015年","経営体","7"
"0010","経営体数","110","農林業経営体_うち組織経営体","65079","旧宮内町","2015000000","2015年","経営体","3"
"0010","経営体数","110","農林業経営体_うち組織経営体","65080","旧十日町村","2015000000","2015年","経営体","-"
"0010","経営体数","110","農林業経営体_うち組織経営体","65081","旧六日市村２－１","2015000000","2015年","経営体","2"
"0010","経営体数","110","農林業経営体_うち組織経営体","65082","旧太田村２－１","2015000000","2015年","経営体","-"
"0010","経営体数","110","農林業経営体_うち組織経営体","65083","旧関原町","2015000000","2015年","経営体","2"
"0010","経営体数","110","農林業経営体_うち組織経営体","65084","旧日吉村２－２","2015000000","2015年","経営体","1"
"0010","経営体数","110","農林業経営体_うち組織経営体","65085","旧黒川村２－２","2015000000","2015年","経営体","1"
"0010","経営体数","110","農林業経営体_うち組織経営体","65086","旧宮本村","2015000000","2015年","経営体","2"
"0010","経営体数","110","農林業経営体_うち組織経営体","65087","旧大積村","2015000000","2015年","経営体","1"
"0010","経営体数","110","農林業経営体_うち組織経営体","65088","旧中之島町","2015000000","2015年","経営体","24"
"0010","経営体数","110","農林業経営体_うち組織経営体","65089","旧来迎寺村","2015000000","2015年","経営体","12"
"0010","経営体数","110","農林業経営体_うち組織経営体","65090","旧石津村","2015000000","2015年","経営体","3"
"0010","経営体数","110","農林業経営体_うち組織経営体","65091","旧塚山村","2015000000","2015年","経営体","4"
"0010","経営体数","110","農林業経営体_うち組織経営体","65092","旧千谷沢村２－１","2015000000","2015年","経営体","1"
"0010","経営体数","110","農林業経営体_うち組織経営体","65093","旧岩塚村","2015000000","2015年","経営体","6"
"0010","経営体数","110","農林業経営体_うち組織経営体","65094","旧脇野町","2015000000","2015年","経営体","2"
"0010","経営体数","110","農林業経営体_うち組織経営体","65095","旧大津村２－１","2015000000","2015年","経営体","1"
"0010","経営体数","110","農林業経営体_うち組織経営体","65096","旧日吉村２－１","2015000000","2015年","経営体","2"
"0010","経営体数","110","農林業経営体_うち組織経営体","65097","旧種苧原村","2015000000","2015年","経営体","2"
"0010","経営体数","110","農林業経営体_うち組織経営体","65098","旧太田村２－２","2015000000","2015年","経営体","1"
"0010","経営体数","110","農林業経営体_うち組織経営体","65099","旧竹沢村","2015000000","2015年","経営体","-"
"0010","経営体数","110","農林業経営体_うち組織経営体","65100","旧東竹沢村２－１","2015000000","2015年","経営体","-"
"0010","経営体数","110","農林業経営体_うち組織経営体","65101","旧仙田村３－２","2015000000","2015年","経営体","-"
"0010","経営体数","110","農林業経営体_うち組織経営体","65102","旧上小国村","2015000000","2015年","経営体","9"
"0010","経営体数","110","農林業経営体_うち組織経営体","65103","旧小国村","2015000000","2015年","経営体","9"
"0010","経営体数","110","農林業経営体_うち組織経営体","65104","旧山横沢村","2015000000","2015年","経営体","-"
"0010","経営体数","110","農林業経営体_うち組織経営体","65105","旧千谷沢村２－２","2015000000","2015年","経営体","2"
"0010","経営体数","110","農林業経営体_うち組織経営体","65106","旧桐島村","2015000000","2015年","経営体","10"
"0010","経営体数","110","農林業経営体_うち組織経営体","65107","旧島田村","2015000000","2015年","経営体","10"
"0010","経営体数","110","農林業経営体_うち組織経営体","65108","旧西越村２－２","2015000000","2015年","経営体","-"
"0010","経営体数","110","農林業経営体_うち組織経営体","65109","旧寺泊町","2015000000","2015年","経営体","9"
"0010","経営体数","110","農林業経営体_うち組織経営体","65110","旧大河津村３－１","2015000000","2015年","経営体","8"
"0010","経営体数","110","農林業経営体_うち組織経営体","65111","旧栃尾町","2015000000","2015年","経営体","-"
"0010","経営体数","110","農林業経営体_うち組織経営体","65112","旧上北谷村２－２","2015000000","2015年","経営体","-"
"0010","経営体数","110","農林業経営体_うち組織経営体","65113","旧下塩谷村","2015000000","2015年","経営体","7"
"0010","経営体数","110","農林業経営体_うち組織経営体","65114","旧上塩谷村","2015000000","2015年","経営体","1"
"0010","経営体数","110","農林業経営体_うち組織経営体","65115","旧東谷村","2015000000","2015年","経営体","6"
"0010","経営体数","110","農林業経営体_うち組織経営体","65116","旧入東谷村","2015000000","2015年","経営体","3"
"0010","経営体数","110","農林業経営体_うち組織経営体","65117","旧荷頃村","2015000000","2015年","経営体","3"
"0010","経営体数","110","農林業経営体_うち組織経営体","65118","旧西谷村","2015000000","2015年","経営体","-"
"0010","経営体数","110","農林業経営体_うち組織経営体","65119","旧中野俣村","2015000000","2015年","経営体","2"
"0010","経営体数","110","農林業経営体_うち組織経営体","65120","旧半蔵金村","2015000000","2015年","経営体","-"
"0010","経営体数","110","農林業経営体_うち組織経営体","65121","旧与板町","2015000000","2015年","経営体","2"
"0010","経営体数","110","農林業経営体_うち組織経営体","65122","旧大河津村３－３","2015000000","2015年","経営体","-"
"0010","経営体数","110","農林業経営体_うち組織経営体","65123","旧黒川村２－１","2015000000","2015年","経営体","2"
"0010","経営体数","110","農林業経営体_うち組織経営体","65124","旧大津村２－２","2015000000","2015年","経営体","2"
"0010","経営体数","110","農林業経営体_うち組織経営体","65125","旧川口村","2015000000","2015年","経営体","9"
"0010","経営体数","110","農林業経営体_うち組織経営体","65126","旧東山村２－２","2015000000","2015年","経営体","-"
"0010","経営体数","110","農林業経営体_うち組織経営体","65127","旧田麦山村","2015000000","2015年","経営体","2"
"0010","経営体数","110","農林業経営体_うち組織経営体","15204","三条市","2015000000","2015年","経営体","57"
"0010","経営体数","110","農林業経営体_うち組織経営体","65128","旧三条市","2015000000","2015年","経営体","3"
"0010","経営体数","110","農林業経営体_うち組織経営体","65129","旧井栗村","2015000000","2015年","経営体","3"
"0010","経営体数","110","農林業経営体_うち組織経営体","65130","旧大崎村","2015000000","2015年","経営体","-"
"0010","経営体数","110","農林業経営体_うち組織経営体","65131","旧本成寺村","2015000000","2015年","経営体","-"
"0010","経営体数","110","農林業経営体_うち組織経営体","65132","旧大島村２－１","2015000000","2015年","経営体","-"
"0010","経営体数","110","農林業経営体_うち組織経営体","65133","旧福島村","2015000000","2015年","経営体","19"
"0010","経営体数","110","農林業経営体_うち組織経営体","65134","旧大面村","2015000000","2015年","経営体","5"
"0010","経営体数","110","農林業経営体_うち組織経営体","65135","旧長沢村","2015000000","2015年","経営体","12"
"0010","経営体数","110","農林業経営体_うち組織経営体","65136","旧森町村","2015000000","2015年","経営体","10"
"0010","経営体数","110","農林業経営体_うち組織経営体","65137","旧鹿峠村","2015000000","2015年","経営体","5"
"0010","経営体数","110","農林業経営体_うち組織経営体","15205","柏崎市","2015000000","2015年","経営体","59"
"0010","経営体数","110","農林業経営体_うち組織経営体","65138","旧柏崎市","2015000000","2015年","経営体","5"
"0010","経営体数","110","農林業経営体_うち組織経営体","65139","旧西中通村","2015000000","2015年","経営体","3"
"0010","経営体数","110","農林業経営体_うち組織経営体","65140","旧荒浜村","2015000000","2015年","経営体","1"
"0010","経営体数","110","農林業経営体_うち組織経営体","65141","旧北鯖石村","2015000000","2015年","経営体","4"
"0010","経営体数","110","農林業経営体_うち組織経営体","65142","旧田尻村","2015000000","2015年","経営体","7"
"0010","経営体数","110","農林業経営体_うち組織経営体","65143","旧高田村","2015000000","2015年","経営体","8"
"0010","経営体数","110","農林業経営体_うち組織経営体","65144","旧中通村２－１","2015000000","2015年","経営体","2"
"0010","経営体数","110","農林業経営体_うち組織経営体","65145","旧上米山村","2015000000","2015年","経営体","2"
"0010","経営体数","110","農林業経営体_うち組織経営体","65146","旧米山村２－１","2015000000","2015年","経営体","-"
"0010","経営体数","110","農林業経営体_うち組織経営体","65147","旧高浜町","2015000000","2015年","経営体","-"
"0010","経営体数","110","農林業経営体_うち組織経営体","65148","旧上条村","2015000000","2015年","経営体","8"
"0010","経営体数","110","農林業経営体_うち組織経営体","65149","旧南鯖石村","2015000000","2015年","経営体","2"
"0010","経営体数","110","農林業経営体_うち組織経営体","65150","旧中鯖石村","2015000000","2015年","経営体","6"
"0010","経営体数","110","農林業経営体_うち組織経営体","65151","旧野田村","2015000000","2015年","経営体","-"
"0010","経営体数","110","農林業経営体_うち組織経営体","65152","旧鵜川村","2015000000","2015年","経営体","-"
"0010","経営体数","110","農林業経営体_うち組織経営体","65153","旧北条村","2015000000","2015年","経営体","4"
"0010","経営体数","110","農林業経営体_うち組織経営体","65154","旧米山村２－２－２","2015000000","2015年","経営体","-"
"0010","経営体数","110","農林業経営体_うち組織経営体","65155","旧高柳村","2015000000","2015年","経営体","1"
"0010","経営体数","110","農林業経営体_うち組織経営体","65156","旧石黒村","2015000000","2015年","経営体","1"
"0010","経営体数","110","農林業経営体_うち組織経営体","65157","旧山平村２－２","2015000000","2015年","経営体","-"
"0010","経営体数","110","農林業経営体_うち組織経営体","65158","旧内郷村","2015000000","2015年","経営体","1"
"0010","経営体数","110","農林業経営体_うち組織経営体","65159","旧石地町","2015000000","2015年","経営体","3"
"0010","経営体数","110","農林業経営体_うち組織経営体","65160","旧二田村２－１","2015000000","2015年","経営体","1"
"0010","経営体数","110","農林業経営体_うち組織経営体","15206","新発田市","2015000000","2015年","経営体","93"
"0010","経営体数","110","農林業経営体_うち組織経営体","65161","旧新発田市","2015000000","2015年","経営体","12"
"0010","経営体数","110","農林業経営体_うち組織経営体","65162","旧五十公野村","2015000000","2015年","経営体","4"
"0010","経営体数","110","農林業経営体_うち組織経営体","65163","旧松浦村","2015000000","2015年","経営体","4"
"0010","経営体数","110","農林業経営体_うち組織経営体","65164","旧米倉村","2015000000","2015年","経営体","4"
"0010","経営体数","110","農林業経営体_うち組織経営体","65165","旧赤谷村","2015000000","2015年","経営体","-"
"0010","経営体数","110","農林業経営体_うち組織経営体","65166","旧川東村","2015000000","2015年","経営体","10"
"0010","経営体数","110","農林業経営体_うち組織経営体","65167","旧菅谷村","2015000000","2015年","経営体","6"
"0010","経営体数","110","農林業経営体_うち組織経営体","65168","旧加治村２－２","2015000000","2015年","経営体","5"
"0010","経営体数","110","農林業経営体_うち組織経営体","65169","旧佐々木村","2015000000","2015年","経営体","7"
"0010","経営体数","110","農林業経営体_うち組織経営体","65170","旧中浦村２－２","2015000000","2015年","経営体","1"
"0010","経営体数","110","農林業経営体_うち組織経営体","65171","旧中浦村２－１","2015000000","2015年","経営体","5"
"0010","経営体数","110","農林業経営体_うち組織経営体","65172","旧本田村","2015000000","2015年","経営体","2"
"0010","経営体数","110","農林業経営体_うち組織経営体","65173","旧神山村３－３","2015000000","2015年","経営体","-"
"0010","経営体数","110","農林業経営体_うち組織経営体","65174","旧加治村２－１","2015000000","2015年","経営体","11"
"0010","経営体数","110","農林業経営体_うち組織経営体","65175","旧金塚村２－１","2015000000","2015年","経営体","11"
"0010","経営体数","110","農林業経営体_うち組織経営体","65176","旧紫雲寺村","2015000000","2015年","経営体","11"
"0010","経営体数","110","農林業経営体_うち組織経営体","65177","旧松塚村２－１","2015000000","2015年","経営体","-"
"0010","経営体数","110","農林業経営体_うち組織経営体","15208","小千谷市","2015000000","2015年","経営体","33"
"0010","経営体数","110","農林業経営体_うち組織経営体","65178","旧小千谷町","2015000000","2015年","経営体","10"
"0010","経営体数","110","農林業経営体_うち組織経営体","65179","旧城川村","2015000000","2015年","経営体","5"
"0010","経営体数","110","農林業経営体_うち組織経営体","65180","旧千田村","2015000000","2015年","経営体","6"
"0010","経営体数","110","農林業経営体_うち組織経営体","65181","旧川井村","2015000000","2015年","経営体","3"
"0010","経営体数","110","農林業経営体_うち組織経営体","65182","旧六日市村２－２","2015000000","2015年","経営体","-"
"0010","経営体数","110","農林業経営体_うち組織経営体","65183","旧東山村２－１","2015000000","2015年","経営体","1"
"0010","経営体数","110","農林業経営体_うち組織経営体","65184","旧岩沢村","2015000000","2015年","経営体","1"
"0010","経営体数","110","農林業経営体_うち組織経営体","65185","旧真人村","2015000000","2015年","経営体","2"
"0010","経営体数","110","農林業経営体_うち組織経営体","65186","旧片貝町","2015000000","2015年","経営体","5"
"0010","経営体数","110","農林業経営体_うち組織経営体","15209","加茂市","2015000000","2015年","経営体","11"
"0010","経営体数","110","農林業経営体_うち組織経営体","65187","旧加茂町","2015000000","2015年","経営体","5"
"0010","経営体数","110","農林業経営体_うち組織経営体","65188","旧下条村","2015000000","2015年","経営体","-"
"0010","経営体数","110","農林業経営体_うち組織経営体","65189","旧七谷村","2015000000","2015年","経営体","4"
"0010","経営体数","110","農林業経営体_うち組織経営体","65190","旧須田村２－１","2015000000","2015年","経営体","2"
"0010","経営体数","110","農林業経営体_うち組織経営体","15210","十日町市","2015000000","2015年","経営体","95"
"0010","経営体数","110","農林業経営体_うち組織経営体","65191","旧十日町","2015000000","2015年","経営体","2"
"0010","経営体数","110","農林業経営体_うち組織経営体","65192","旧中条村","2015000000","2015年","経営体","14"
"0010","経営体数","110","農林業経営体_うち組織経営体","65193","旧川治村","2015000000","2015年","経営体","4"
"0010","経営体数","110","農林業経営体_うち組織経営体","65194","旧六箇村","2015000000","2015年","経営体","4"
"0010","経営体数","110","農林業経営体_うち組織経営体","65195","旧吉田村","2015000000","2015年","経営体","6"
"0010","経営体数","110","農林業経営体_うち組織経営体","65196","旧下条村","2015000000","2015年","経営体","3"
"0010","経営体数","110","農林業経営体_うち組織経営体","65197","旧水沢村","2015000000","2015年","経営体","10"
"0010","経営体数","110","農林業経営体_うち組織経営体","65198","旧貝野村２－２","2015000000","2015年","経営体","3"
"0010","経営体数","110","農林業経営体_うち組織経営体","65199","旧千手町","2015000000","2015年","経営体","1"
"0010","経営体数","110","農林業経営体_うち組織経営体","65200","旧上野村","2015000000","2015年","経営体","2"
"0010","経営体数","110","農林業経営体_うち組織経営体","65201","旧橘村","2015000000","2015年","経営体","9"
"0010","経営体数","110","農林業経営体_うち組織経営体","65202","旧仙田村３－１","2015000000","2015年","経営体","4"
"0010","経営体数","110","農林業経営体_うち組織経営体","65203","旧田沢村","2015000000","2015年","経営体","7"
"0010","経営体数","110","農林業経営体_うち組織経営体","65204","旧倉俣村２－１","2015000000","2015年","経営体","3"
"0010","経営体数","110","農林業経営体_うち組織経営体","65205","旧貝野村２－１","2015000000","2015年","経営体","2"
"0010","経営体数","110","農林業経営体_うち組織経営体","65206","旧中深見村２－２","2015000000","2015年","経営体","-"
"0010","経営体数","110","農林業経営体_うち組織経営体","65207","旧松代村","2015000000","2015年","経営体","7"
"0010","経営体数","110","農林業経営体_うち組織経営体","65208","旧山平村２－１","2015000000","2015年","経営体","-"
"0010","経営体数","110","農林業経営体_うち組織経営体","65209","旧奴奈川村","2015000000","2015年","経営体","4"
"0010","経営体数","110","農林業経営体_うち組織経営体","65210","旧仙田村３－３","2015000000","2015年","経営体","-"
"0010","経営体数","110","農林業経営体_うち組織経営体","65211","旧松之山村","2015000000","2015年","経営体","8"
"0010","経営体数","110","農林業経営体_うち組織経営体","65212","旧浦田村","2015000000","2015年","経営体","2"
"0010","経営体数","110","農林業経営体_うち組織経営体","15211","見附市","2015000000","2015年","経営体","21"
"0010","経営体数","110","農林業経営体_うち組織経営体","65213","旧見附町","2015000000","2015年","経営体","1"
"0010","経営体数","110","農林業経営体_うち組織経営体","65214","旧上北谷村２－１","2015000000","2015年","経営体","5"
"0010","経営体数","110","農林業経営体_うち組織経営体","65215","旧北谷村","2015000000","2015年","経営体","3"
"0010","経営体数","110","農林業経営体_うち組織経営体","65216","旧葛巻村","2015000000","2015年","経営体","3"
"0010","経営体数","110","農林業経営体_うち組織経営体","65217","旧新潟村","2015000000","2015年","経営体","5"
"0010","経営体数","110","農林業経営体_うち組織経営体","65218","旧新組村２－２","2015000000","2015年","経営体","-"
"0010","経営体数","110","農林業経営体_うち組織経営体","65219","旧今町","2015000000","2015年","経営体","4"
"0010","経営体数","110","農林業経営体_うち組織経営体","15212","村上市","2015000000","2015年","経営体","142"
"0010","経営体数","110","農林業経営体_うち組織経営体","65220","旧村上町","2015000000","2015年","経営体","5"
"0010","経営体数","110","農林業経営体_うち組織経営体","65221","旧瀬波町","2015000000","2015年","経営体","3"
"0010","経営体数","110","農林業経営体_うち組織経営体","65222","旧岩船町２－１","2015000000","2015年","経営体","3"
"0010","経営体数","110","農林業経営体_うち組織経営体","65223","旧山辺里村","2015000000","2015年","経営体","8"
"0010","経営体数","110","農林業経営体_うち組織経営体","65224","旧上海府村","2015000000","2015年","経営体","-"
"0010","経営体数","110","農林業経営体_うち組織経営体","65225","旧保内村","2015000000","2015年","経営体","6"
"0010","経営体数","110","農林業経営体_うち組織経営体","65226","旧金屋村","2015000000","2015年","経営体","5"
"0010","経営体数","110","農林業経営体_うち組織経営体","65227","旧西神納村","2015000000","2015年","経営体","7"
"0010","経営体数","110","農林業経営体_うち組織経営体","65228","旧神納村","2015000000","2015年","経営体","18"
"0010","経営体数","110","農林業経営体_うち組織経営体","65229","旧平林村","2015000000","2015年","経営体","7"
"0010","経営体数","110","農林業経営体_うち組織経営体","65230","旧岩船町２－２","2015000000","2015年","経営体","-"
"0010","経営体数","110","農林業経営体_うち組織経営体","65231","旧高根村","2015000000","2015年","経営体","20"
"0010","経営体数","110","農林業経営体_うち組織経営体","65232","旧猿沢村","2015000000","2015年","経営体","7"
"0010","経営体数","110","農林業経営体_うち組織経営体","65233","旧塩野町村","2015000000","2015年","経営体","15"
"0010","経営体数","110","農林業経営体_うち組織経営体","65234","旧三面村","2015000000","2015年","経営体","5"
"0010","経営体数","110","農林業経営体_うち組織経営体","65235","旧館腰村","2015000000","2015年","経営体","2"
"0010","経営体数","110","農林業経営体_うち組織経営体","65236","旧大川谷村","2015000000","2015年","経営体","10"
"0010","経営体数","110","農林業経営体_うち組織経営体","65237","旧中俣村","2015000000","2015年","経営体","5"
"0010","経営体数","110","農林業経営体_うち組織経営体","65238","旧黒川俣村","2015000000","2015年","経営体","1"
"0010","経営体数","110","農林業経営体_うち組織経営体","65239","旧八幡村","2015000000","2015年","経営体","8"
"0010","経営体数","110","農林業経営体_うち組織経営体","65240","旧下海府村","2015000000","2015年","経営体","7"
"0010","経営体数","110","農林業経営体_うち組織経営体","15213","燕市","2015000000","2015年","経営体","41"
"0010","経営体数","110","農林業経営体_うち組織経営体","65241","旧燕町","2015000000","2015年","経営体","4"
"0010","経営体数","110","農林業経営体_うち組織経営体","65242","旧小池村","2015000000","2015年","経営体","2"
"0010","経営体数","110","農林業経営体_うち組織経営体","65243","旧小中川村","2015000000","2015年","経営体","5"
"0010","経営体数","110","農林業経営体_うち組織経営体","65244","旧大島村２－２","2015000000","2015年","経営体","-"
"0010","経営体数","110","農林業経営体_うち組織経営体","65245","旧松長村２－１","2015000000","2015年","経営体","6"
"0010","経営体数","110","農林業経営体_うち組織経営体","65246","旧島上村","2015000000","2015年","経営体","4"
"0010","経営体数","110","農林業経営体_うち組織経営体","65247","旧大河津村３－２","2015000000","2015年","経営体","1"
"0010","経営体数","110","農林業経営体_うち組織経営体","65248","旧地蔵堂町","2015000000","2015年","経営体","-"
"0010","経営体数","110","農林業経営体_うち組織経営体","65249","旧国上村２－１","2015000000","2015年","経営体","7"
"0010","経営体数","110","農林業経営体_うち組織経営体","65250","旧吉田町","2015000000","2015年","経営体","4"
"0010","経営体数","110","農林業経営体_うち組織経営体","65251","旧米納津村","2015000000","2015年","経営体","2"
"0010","経営体数","110","農林業経営体_うち組織経営体","65252","旧粟生津村","2015000000","2015年","経営体","4"
"0010","経営体数","110","農林業経営体_うち組織経営体","65253","旧国上村２－２","2015000000","2015年","経営体","1"
"0010","経営体数","110","農林業経営体_うち組織経営体","65254","旧弥彦村２－２","2015000000","2015年","経営体","-"
"0010","経営体数","110","農林業経営体_うち組織経営体","65255","旧和納村３－２","2015000000","2015年","経営体","1"
"0010","経営体数","110","農林業経営体_うち組織経営体","15216","糸魚川市","2015000000","2015年","経営体","42"
"0010","経営体数","110","農林業経営体_うち組織経営体","65256","旧糸魚川町","2015000000","2015年","経営体","4"
"0010","経営体数","110","農林業経営体_うち組織経営体","65257","旧浦本村","2015000000","2015年","経営体","-"
"0010","経営体数","110","農林業経営体_うち組織経営体","65258","旧下早川村","2015000000","2015年","経営体","8"
"0010","経営体数","110","農林業経営体_うち組織経営体","65259","旧上早川村","2015000000","2015年","経営体","1"
"0010","経営体数","110","農林業経営体_うち組織経営体","65260","旧大和川村","2015000000","2015年","経営体","2"
"0010","経営体数","110","農林業経営体_うち組織経営体","65261","旧西海村","2015000000","2015年","経営体","3"
"0010","経営体数","110","農林業経営体_うち組織経営体","65262","旧大野村","2015000000","2015年","経営体","1"
"0010","経営体数","110","農林業経営体_うち組織経営体","65263","旧根知村","2015000000","2015年","経営体","5"
"0010","経営体数","110","農林業経営体_うち組織経営体","65264","旧小滝村","2015000000","2015年","経営体","1"
"0010","経営体数","110","農林業経営体_うち組織経営体","65265","旧今井村２－１","2015000000","2015年","経営体","1"
"0010","経営体数","110","農林業経営体_うち組織経営体","65266","旧能生谷村","2015000000","2015年","経営体","10"
"0010","経営体数","110","農林業経営体_うち組織経営体","65267","旧木浦村","2015000000","2015年","経営体","-"
"0010","経営体数","110","農林業経営体_うち組織経営体","65268","旧能生町","2015000000","2015年","経営体","1"
"0010","経営体数","110","農林業経営体_うち組織経営体","65269","旧磯部村","2015000000","2015年","経営体","3"
"0010","経営体数","110","農林業経営体_うち組織経営体","65270","旧青海町","2015000000","2015年","経営体","-"
"0010","経営体数","110","農林業経営体_うち組織経営体","65271","旧今井村２－２","2015000000","2015年","経営体","-"
"0010","経営体数","110","農林業経営体_うち組織経営体","65272","旧歌外波村","2015000000","2015年","経営体","-"
"0010","経営体数","110","農林業経営体_うち組織経営体","65273","旧市振村","2015000000","2015年","経営体","-"
"0010","経営体数","110","農林業経営体_うち組織経営体","65274","旧上路村","2015000000","2015年","経営体","2"
"0010","経営体数","110","農林業経営体_うち組織経営体","15217","妙高市","2015000000","2015年","経営体","25"
"0010","経営体数","110","農林業経営体_うち組織経営体","65275","旧新井町","2015000000","2015年","経営体","4"
"0010","経営体数","110","農林業経営体_うち組織経営体","65276","旧斐太村２－１","2015000000","2015年","経営体","3"
"0010","経営体数","110","農林業経営体_うち組織経営体","65277","旧和田村２－２","2015000000","2015年","経営体","2"
"0010","経営体数","110","農林業経営体_うち組織経営体","65278","旧水上村","2015000000","2015年","経営体","1"
"0010","経営体数","110","農林業経営体_うち組織経営体","65279","旧泉村","2015000000","2015年","経営体","-"
"0010","経営体数","110","農林業経営体_うち組織経営体","65280","旧水原村","2015000000","2015年","経営体","-"
"0010","経営体数","110","農林業経営体_うち組織経営体","65281","旧平丸村","2015000000","2015年","経営体","1"
"0010","経営体数","110","農林業経営体_うち組織経営体","65282","旧上郷村","2015000000","2015年","経営体","1"
"0010","経営体数","110","農林業経営体_うち組織経営体","65283","旧原通村２－２","2015000000","2015年","経営体","2"
"0010","経営体数","110","農林業経営体_うち組織経営体","65284","旧鳥坂村","2015000000","2015年","経営体","-"
"0010","経営体数","110","農林業経営体_うち組織経営体","65285","旧矢代村２－１","2015000000","2015年","経営体","2"
"0010","経営体数","110","農林業経営体_うち組織経営体","65286","旧名香山村","2015000000","2015年","経営体","2"
"0010","経営体数","110","農林業経営体_うち組織経営体","65287","旧杉野沢村","2015000000","2015年","経営体","1"
"0010","経営体数","110","農林業経営体_うち組織経営体","65288","旧関山村","2015000000","2015年","経営体","2"
"0010","経営体数","110","農林業経営体_うち組織経営体","65289","旧原通村２－１","2015000000","2015年","経営体","4"
"0010","経営体数","110","農林業経営体_うち組織経営体","65290","旧大鹿村","2015000000","2015年","経営体","-"
"0010","経営体数","110","農林業経営体_うち組織経営体","65291","旧豊葦村","2015000000","2015年","経営体","-"
"0010","経営体数","110","農林業経営体_うち組織経営体","15218","五泉市","2015000000","2015年","経営体","34"
"0010","経営体数","110","農林業経営体_うち組織経営体","65292","旧五泉町","2015000000","2015年","経営体","3"
"0010","経営体数","110","農林業経営体_うち組織経営体","65293","旧川東村","2015000000","2015年","経営体","7"
"0010","経営体数","110","農林業経営体_うち組織経営体","65294","旧巣本村","2015000000","2015年","経営体","2"
"0010","経営体数","110","農林業経営体_うち組織経営体","65295","旧橋田村","2015000000","2015年","経営体","2"
"0010","経営体数","110","農林業経営体_うち組織経営体","65296","旧菅名村２－２","2015000000","2015年","経営体","3"
"0010","経営体数","110","農林業経営体_うち組織経営体","65297","旧新関村２－２","2015000000","2015年","経営体","2"
"0010","経営体数","110","農林業経営体_うち組織経営体","65298","旧安田村２－２","2015000000","2015年","経営体","-"
"0010","経営体数","110","農林業経営体_うち組織経営体","65299","旧下条村３－３","2015000000","2015年","経営体","-"
"0010","経営体数","110","農林業経営体_うち組織経営体","65300","旧村松町","2015000000","2015年","経営体","1"
"0010","経営体数","110","農林業経営体_うち組織経営体","65301","旧菅名村２－１","2015000000","2015年","経営体","1"
"0010","経営体数","110","農林業経営体_うち組織経営体","65302","旧大蒲原村","2015000000","2015年","経営体","2"
"0010","経営体数","110","農林業経営体_うち組織経営体","65303","旧十全村","2015000000","2015年","経営体","7"
"0010","経営体数","110","農林業経営体_うち組織経営体","65304","旧川内村","2015000000","2015年","経営体","4"
"0010","経営体数","110","農林業経営体_うち組織経営体","15222","上越市","2015000000","2015年","経営体","228"
"0010","経営体数","110","農林業経営体_うち組織経営体","65305","旧高田市","2015000000","2015年","経営体","1"
"0010","経営体数","110","農林業経営体_うち組織経営体","65306","旧新道村","2015000000","2015年","経営体","2"
"0010","経営体数","110","農林業経営体_うち組織経営体","65307","旧津有村","2015000000","2015年","経営体","21"
"0010","経営体数","110","農林業経営体_うち組織経営体","65308","旧諏訪村２－２","2015000000","2015年","経営体","3"
"0010","経営体数","110","農林業経営体_うち組織経営体","65309","旧三郷村","2015000000","2015年","経営体","2"
"0010","経営体数","110","農林業経営体_うち組織経営体","65310","旧和田村２－１","2015000000","2015年","経営体","6"
"0010","経営体数","110","農林業経営体_うち組織経営体","65311","旧斐太村２－２","2015000000","2015年","経営体","-"
"0010","経営体数","110","農林業経営体_うち組織経営体","65312","旧金谷村","2015000000","2015年","経営体","5"
"0010","経営体数","110","農林業経営体_うち組織経営体","65313","旧春日村２－１","2015000000","2015年","経営体","4"
"0010","経営体数","110","農林業経営体_うち組織経営体","65314","旧高士村","2015000000","2015年","経営体","4"
"0010","経営体数","110","農林業経営体_うち組織経営体","65315","旧直江津町","2015000000","2015年","経営体","-"
"0010","経営体数","110","農林業経営体_うち組織経営体","65316","旧春日村２－２","2015000000","2015年","経営体","-"
"0010","経営体数","110","農林業経営体_うち組織経営体","65317","旧有田村","2015000000","2015年","経営体","1"
"0010","経営体数","110","農林業経営体_うち組織経営体","65318","旧八千浦村","2015000000","2015年","経営体","-"
"0010","経営体数","110","農林業経営体_うち組織経営体","65319","旧保倉村","2015000000","2015年","経営体","2"
"0010","経営体数","110","農林業経営体_うち組織経営体","65320","旧諏訪村２－１","2015000000","2015年","経営体","8"
"0010","経営体数","110","農林業経営体_うち組織経営体","65321","旧谷浜村","2015000000","2015年","経営体","-"
"0010","経営体数","110","農林業経営体_うち組織経営体","65322","旧桑取村","2015000000","2015年","経営体","1"
"0010","経営体数","110","農林業経営体_うち組織経営体","65323","旧安塚村２－１","2015000000","2015年","経営体","3"
"0010","経営体数","110","農林業経営体_うち組織経営体","65324","旧菱里村","2015000000","2015年","経営体","3"
"0010","経営体数","110","農林業経営体_うち組織経営体","65325","旧小黒村","2015000000","2015年","経営体","-"
"0010","経営体数","110","農林業経営体_うち組織経営体","65326","旧下保倉村","2015000000","2015年","経営体","7"
"0010","経営体数","110","農林業経営体_うち組織経営体","65327","旧安塚村２－２","2015000000","2015年","経営体","3"
"0010","経営体数","110","農林業経営体_うち組織経営体","65328","旧沖見村２－２","2015000000","2015年","経営体","-"
"0010","経営体数","110","農林業経営体_うち組織経営体","65329","旧大島村","2015000000","2015年","経営体","5"
"0010","経営体数","110","農林業経営体_うち組織経営体","65330","旧保倉村","2015000000","2015年","経営体","1"
"0010","経営体数","110","農林業経営体_うち組織経営体","65331","旧旭村","2015000000","2015年","経営体","5"
"0010","経営体数","110","農林業経営体_うち組織経営体","65332","旧牧村","2015000000","2015年","経営体","15"
"0010","経営体数","110","農林業経営体_うち組織経営体","65333","旧沖見村２－１","2015000000","2015年","経営体","3"
"0010","経営体数","110","農林業経営体_うち組織経営体","65334","旧柿崎町","2015000000","2015年","経営体","3"
"0010","経営体数","110","農林業経営体_うち組織経営体","65335","旧下黒川村","2015000000","2015年","経営体","8"
"0010","経営体数","110","農林業経営体_うち組織経営体","65336","旧黒川村","2015000000","2015年","経営体","6"
"0010","経営体数","110","農林業経営体_うち組織経営体","65337","旧黒岩村","2015000000","2015年","経営体","-"
"0010","経営体数","110","農林業経営体_うち組織経営体","65338","旧米山村２－２－１","2015000000","2015年","経営体","-"
"0010","経営体数","110","農林業経営体_うち組織経営体","65339","旧潟町村","2015000000","2015年","経営体","4"
"0010","経営体数","110","農林業経営体_うち組織経営体","65340","旧旭村２－２","2015000000","2015年","経営体","1"
"0010","経営体数","110","農林業経営体_うち組織経営体","65341","旧大瀁村","2015000000","2015年","経営体","12"
"0010","経営体数","110","農林業経営体_うち組織経営体","65342","旧明治村","2015000000","2015年","経営体","4"
"0010","経営体数","110","農林業経営体_うち組織経営体","65343","旧吉川村","2015000000","2015年","経営体","14"
"0010","経営体数","110","農林業経営体_うち組織経営体","65344","旧源村","2015000000","2015年","経営体","5"
"0010","経営体数","110","農林業経営体_うち組織経営体","65345","旧旭村２－１","2015000000","2015年","経営体","7"
"0010","経営体数","110","農林業経営体_うち組織経営体","65346","旧中郷村","2015000000","2015年","経営体","4"
"0010","経営体数","110","農林業経営体_うち組織経営体","65347","旧矢代村２－２","2015000000","2015年","経営体","3"
"0010","経営体数","110","農林業経営体_うち組織経営体","65348","旧板倉村","2015000000","2015年","経営体","21"
"0010","経営体数","110","農林業経営体_うち組織経営体","65349","旧寺野村","2015000000","2015年","経営体","-"
"0010","経営体数","110","農林業経営体_うち組織経営体","65350","旧菅原村","2015000000","2015年","経営体","4"
"0010","経営体数","110","農林業経営体_うち組織経営体","65351","旧櫛池村","2015000000","2015年","経営体","5"
"0010","経営体数","110","農林業経営体_うち組織経営体","65352","旧里五十公野村","2015000000","2015年","経営体","5"
"0010","経営体数","110","農林業経営体_うち組織経営体","65353","旧上杉村","2015000000","2015年","経営体","5"
"0010","経営体数","110","農林業経営体_うち組織経営体","65354","旧美守村","2015000000","2015年","経営体","4"
"0010","経営体数","110","農林業経営体_うち組織経営体","65355","旧名立町","2015000000","2015年","経営体","1"
"0010","経営体数","110","農林業経営体_うち組織経営体","65356","旧名立村","2015000000","2015年","経営体","7"
"0010","経営体数","110","農林業経営体_うち組織経営体","15223","阿賀野市","2015000000","2015年","経営体","32"
"0010","経営体数","110","農林業経営体_うち組織経営体","65357","旧水原町","2015000000","2015年","経営体","4"
"0010","経営体数","110","農林業経営体_うち組織経営体","65358","旧分田村２－１","2015000000","2015年","経営体","2"
"0010","経営体数","110","農林業経営体_うち組織経営体","65359","旧堀越村","2015000000","2015年","経営体","5"
"0010","経営体数","110","農林業経営体_うち組織経営体","65360","旧神山村３－２","2015000000","2015年","経営体","-"
"0010","経営体数","110","農林業経営体_うち組織経営体","65361","旧安田村２－１","2015000000","2015年","経営体","6"
"0010","経営体数","110","農林業経営体_うち組織経営体","65362","旧下条村３－２","2015000000","2015年","経営体","-"
"0010","経営体数","110","農林業経営体_うち組織経営体","65363","旧分田村２－２","2015000000","2015年","経営体","1"
"0010","経営体数","110","農林業経営体_うち組織経営体","65364","旧笹岡村","2015000000","2015年","経営体","10"
"0010","経営体数","110","農林業経営体_うち組織経営体","65365","旧神山村３－１","2015000000","2015年","経営体","2"
"0010","経営体数","110","農林業経営体_うち組織経営体","65366","旧京ヶ瀬村","2015000000","2015年","経営体","2"
"0010","経営体数","110","農林業経営体_うち組織経営体","15224","佐渡市","2015000000","2015年","経営体","98"
"0010","経営体数","110","農林業経営体_うち組織経営体","65367","旧両津町","2015000000","2015年","経営体","1"
"0010","経営体数","110","農林業経営体_うち組織経営体","65368","旧加茂村","2015000000","2015年","経営体","2"
"0010","経営体数","110","農林業経営体_うち組織経営体","65369","旧河崎村","2015000000","2015年","経営体","9"
"0010","経営体数","110","農林業経営体_うち組織経営体","65370","旧水津村","2015000000","2015年","経営体","2"
"0010","経営体数","110","農林業経営体_うち組織経営体","65371","旧岩首村","2015000000","2015年","経営体","4"
"0010","経営体数","110","農林業経営体_うち組織経営体","65372","旧内海府村","2015000000","2015年","経営体","-"
"0010","経営体数","110","農林業経営体_うち組織経営体","65373","旧外海府村２－１","2015000000","2015年","経営体","-"
"0010","経営体数","110","農林業経営体_うち組織経営体","65374","旧吉井村２－１","2015000000","2015年","経営体","-"
"0010","経営体数","110","農林業経営体_うち組織経営体","65375","旧相川町","2015000000","2015年","経営体","1"
"0010","経営体数","110","農林業経営体_うち組織経営体","65376","旧二見村","2015000000","2015年","経営体","1"
"0010","経営体数","110","農林業経営体_うち組織経営体","65377","旧金泉村","2015000000","2015年","経営体","3"
"0010","経営体数","110","農林業経営体_うち組織経営体","65378","旧高千村","2015000000","2015年","経営体","6"
"0010","経営体数","110","農林業経営体_うち組織経営体","65379","旧外海府村２－２","2015000000","2015年","経営体","3"
"0010","経営体数","110","農林業経営体_うち組織経営体","65380","旧二宮村","2015000000","2015年","経営体","2"
"0010","経営体数","110","農林業経営体_うち組織経営体","65381","旧八幡村","2015000000","2015年","経営体","-"
"0010","経営体数","110","農林業経営体_うち組織経営体","65382","旧河原田町","2015000000","2015年","経営体","-"
"0010","経営体数","110","農林業経営体_うち組織経営体","65383","旧沢根町","2015000000","2015年","経営体","-"
"0010","経営体数","110","農林業経営体_うち組織経営体","65384","旧金沢村","2015000000","2015年","経営体","8"
"0010","経営体数","110","農林業経営体_うち組織経営体","65385","旧吉井村２－２","2015000000","2015年","経営体","4"
"0010","経営体数","110","農林業経営体_うち組織経営体","65386","旧新穂村","2015000000","2015年","経営体","20"
"0010","経営体数","110","農林業経営体_うち組織経営体","65387","旧畑野村２－１","2015000000","2015年","経営体","7"
"0010","経営体数","110","農林業経営体_うち組織経営体","65388","旧松ケ崎村","2015000000","2015年","経営体","2"
"0010","経営体数","110","農林業経営体_うち組織経営体","65389","旧真野村","2015000000","2015年","経営体","4"
"0010","経営体数","110","農林業経営体_うち組織経営体","65390","旧西三川村２－１","2015000000","2015年","経営体","-"
"0010","経営体数","110","農林業経営体_うち組織経営体","65391","旧畑野村２－２","2015000000","2015年","経営体","-"
"0010","経営体数","110","農林業経営体_うち組織経営体","65392","旧小木町","2015000000","2015年","経営体","3"
"0010","経営体数","110","農林業経営体_うち組織経営体","65393","旧羽茂村","2015000000","2015年","経営体","14"
"0010","経営体数","110","農林業経営体_うち組織経営体","65394","旧西三川村２－２","2015000000","2015年","経営体","-"
"0010","経営体数","110","農林業経営体_うち組織経営体","65395","旧赤泊村","2015000000","2015年","経営体","2"
"0010","経営体数","110","農林業経営体_うち組織経営体","15225","魚沼市","2015000000","2015年","経営体","57"
"0010","経営体数","110","農林業経営体_うち組織経営体","65396","旧小出町２－１","2015000000","2015年","経営体","3"
"0010","経営体数","110","農林業経営体_うち組織経営体","65397","旧伊米ケ崎村","2015000000","2015年","経営体","2"
"0010","経営体数","110","農林業経営体_うち組織経営体","65398","旧湯之谷村２－２","2015000000","2015年","経営体","-"
"0010","経営体数","110","農林業経営体_うち組織経営体","65399","旧堀之内町","2015000000","2015年","経営体","12"
"0010","経営体数","110","農林業経営体_うち組織経営体","65400","旧湯之谷村２－１","2015000000","2015年","経営体","6"
"0010","経営体数","110","農林業経営体_うち組織経営体","65401","旧小出町２－２","2015000000","2015年","経営体","-"
"0010","経営体数","110","農林業経営体_うち組織経営体","65402","旧広瀬村","2015000000","2015年","経営体","5"
"0010","経営体数","110","農林業経営体_うち組織経営体","65403","旧東竹沢村２－２","2015000000","2015年","経営体","-"
"0010","経営体数","110","農林業経営体_うち組織経営体","65404","旧薮神村","2015000000","2015年","経営体","16"
"0010","経営体数","110","農林業経営体_うち組織経営体","65405","旧須原村","2015000000","2015年","経営体","6"
"0010","経営体数","110","農林業経営体_うち組織経営体","65406","旧上条村","2015000000","2015年","経営体","-"
"0010","経営体数","110","農林業経営体_うち組織経営体","65407","旧入広瀬村","2015000000","2015年","経営体","7"
"0010","経営体数","110","農林業経営体_うち組織経営体","15226","南魚沼市","2015000000","2015年","経営体","99"
"0010","経営体数","110","農林業経営体_うち組織経営体","65408","旧六日町","2015000000","2015年","経営体","7"
"0010","経営体数","110","農林業経営体_うち組織経営体","65409","旧五十沢村","2015000000","2015年","経営体","2"
"0010","経営体数","110","農林業経営体_うち組織経営体","65410","旧城内村","2015000000","2015年","経営体","10"
"0010","経営体数","110","農林業経営体_うち組織経営体","65411","旧大巻村","2015000000","2015年","経営体","11"
"0010","経営体数","110","農林業経営体_うち組織経営体","65412","旧浦佐村","2015000000","2015年","経営体","5"
"0010","経営体数","110","農林業経営体_うち組織経営体","65413","旧東村","2015000000","2015年","経営体","15"
"0010","経営体数","110","農林業経営体_うち組織経営体","65414","旧大崎村","2015000000","2015年","経営体","5"
"0010","経営体数","110","農林業経営体_うち組織経営体","65415","旧薮神村","2015000000","2015年","経営体","8"
"0010","経営体数","110","農林業経営体_うち組織経営体","65416","旧塩沢町","2015000000","2015年","経営体","7"
"0010","経営体数","110","農林業経営体_うち組織経営体","65417","旧中之島村","2015000000","2015年","経営体","13"
"0010","経営体数","110","農林業経営体_うち組織経営体","65418","旧石打村","2015000000","2015年","経営体","5"
"0010","経営体数","110","農林業経営体_うち組織経営体","65419","旧上田村","2015000000","2015年","経営体","11"
"0010","経営体数","110","農林業経営体_うち組織経営体","15227","胎内市","2015000000","2015年","経営体","68"
"0010","経営体数","110","農林業経営体_うち組織経営体","65420","旧中条町","2015000000","2015年","経営体","19"
"0010","経営体数","110","農林業経営体_うち組織経営体","65421","旧金塚村２－２","2015000000","2015年","経営体","-"
"0010","経営体数","110","農林業経営体_うち組織経営体","65422","旧乙村","2015000000","2015年","経営体","18"
"0010","経営体数","110","農林業経営体_うち組織経営体","65423","旧築地村","2015000000","2015年","経営体","13"
"0010","経営体数","110","農林業経営体_うち組織経営体","65424","旧松塚村２－２","2015000000","2015年","経営体","-"
"0010","経営体数","110","農林業経営体_うち組織経営体","65425","旧黒川村","2015000000","2015年","経営体","18"
"0010","経営体数","110","農林業経営体_うち組織経営体","15307","聖籠町","2015000000","2015年","経営体","12"
"0010","経営体数","110","農林業経営体_うち組織経営体","65426","旧聖籠村","2015000000","2015年","経営体","10"
"0010","経営体数","110","農林業経営体_うち組織経営体","65427","旧亀代村","2015000000","2015年","経営体","2"
"0010","経営体数","110","農林業経営体_うち組織経営体","15342","弥彦村","2015000000","2015年","経営体","6"
"0010","経営体数","110","農林業経営体_うち組織経営体","15361","田上町","2015000000","2015年","経営体","11"
"0010","経営体数","110","農林業経営体_うち組織経営体","15385","阿賀町","2015000000","2015年","経営体","41"
"0010","経営体数","110","農林業経営体_うち組織経営体","65428","旧津川町","2015000000","2015年","経営体","2"
"0010","経営体数","110","農林業経営体_うち組織経営体","65429","旧小川村","2015000000","2015年","経営体","4"
"0010","経営体数","110","農林業経営体_うち組織経営体","65430","旧揚川村２－１","2015000000","2015年","経営体","3"
"0010","経営体数","110","農林業経営体_うち組織経営体","65431","旧上条村２－２","2015000000","2015年","経営体","-"
"0010","経営体数","110","農林業経営体_うち組織経営体","65432","旧両鹿瀬村","2015000000","2015年","経営体","3"
"0010","経営体数","110","農林業経営体_うち組織経営体","65433","旧日出谷村","2015000000","2015年","経営体","6"
"0010","経営体数","110","農林業経営体_うち組織経営体","65434","旧豊実村","2015000000","2015年","経営体","3"
"0010","経営体数","110","農林業経営体_うち組織経営体","65435","旧西川村","2015000000","2015年","経営体","8"
"0010","経営体数","110","農林業経営体_うち組織経営体","65436","旧東川村","2015000000","2015年","経営体","1"
"0010","経営体数","110","農林業経営体_うち組織経営体","65437","旧上条村２－１","2015000000","2015年","経営体","3"
"0010","経営体数","110","農林業経営体_うち組織経営体","65438","旧三川村","2015000000","2015年","経営体","5"
"0010","経営体数","110","農林業経営体_うち組織経営体","65439","旧下条村３－１","2015000000","2015年","経営体","2"
"0010","経営体数","110","農林業経営体_うち組織経営体","65440","旧揚川村２－２","2015000000","2015年","経営体","1"
"0010","経営体数","110","農林業経営体_うち組織経営体","15405","出雲崎町","2015000000","2015年","経営体","5"
"0010","経営体数","110","農林業経営体_うち組織経営体","65441","旧出雲崎町","2015000000","2015年","経営体","-"
"0010","経営体数","110","農林業経営体_うち組織経営体","65442","旧西越村２－１","2015000000","2015年","経営体","5"
"0010","経営体数","110","農林業経営体_うち組織経営体","15461","湯沢町","2015000000","2015年","経営体","7"
"0010","経営体数","110","農林業経営体_うち組織経営体","65443","旧湯沢村","2015000000","2015年","経営体","1"
"0010","経営体数","110","農林業経営体_うち組織経営体","65444","旧神立村","2015000000","2015年","経営体","1"
"0010","経営体数","110","農林業経営体_うち組織経営体","65445","旧土樽村","2015000000","2015年","経営体","4"
"0010","経営体数","110","農林業経営体_うち組織経営体","65446","旧三俣村","2015000000","2015年","経営体","-"
"0010","経営体数","110","農林業経営体_うち組織経営体","65447","旧三国村","2015000000","2015年","経営体","1"
"0010","経営体数","110","農林業経営体_うち組織経営体","15482","津南町","2015000000","2015年","経営体","36"
"0010","経営体数","110","農林業経営体_うち組織経営体","65448","旧下船渡村","2015000000","2015年","経営体","9"
"0010","経営体数","110","農林業経営体_うち組織経営体","65449","旧外丸村","2015000000","2015年","経営体","2"
"0010","経営体数","110","農林業経営体_うち組織経営体","65450","旧上郷村","2015000000","2015年","経営体","10"
"0010","経営体数","110","農林業経営体_うち組織経営体","65451","旧芦ケ崎村","2015000000","2015年","経営体","5"
"0010","経営体数","110","農林業経営体_うち組織経営体","65452","旧秋成村","2015000000","2015年","経営体","1"
"0010","経営体数","110","農林業経営体_うち組織経営体","65453","旧中深見村２－１","2015000000","2015年","経営体","7"
"0010","経営体数","110","農林業経営体_うち組織経営体","65454","旧倉俣村２－２","2015000000","2015年","経営体","2"
"0010","経営体数","110","農林業経営体_うち組織経営体","15504","刈羽村","2015000000","2015年","経営体","14"
"0010","経営体数","110","農林業経営体_うち組織経営体","65455","旧刈羽村","2015000000","2015年","経営体","9"
"0010","経営体数","110","農林業経営体_うち組織経営体","65456","旧中通村２－２","2015000000","2015年","経営体","4"
"0010","経営体数","110","農林業経営体_うち組織経営体","65457","旧二田村２－２","2015000000","2015年","経営体","1"
"0010","経営体数","110","農林業経営体_うち組織経営体","15581","関川村","2015000000","2015年","経営体","21"
"0010","経営体数","110","農林業経営体_うち組織経営体","65458","旧関谷村","2015000000","2015年","経営体","10"
"0010","経営体数","110","農林業経営体_うち組織経営体","65459","旧女川村","2015000000","2015年","経営体","11"
"0010","経営体数","110","農林業経営体_うち組織経営体","15586","粟島浦村","2015000000","2015年","経営体","-"
"0010","経営体数","110","農林業経営体_うち組織経営体","16000","富山県","2015000000","2015年","経営体","1004"
"0010","経営体数","110","農林業経営体_うち組織経営体","16201","富山市","2015000000","2015年","経営体","170"
"0010","経営体数","110","農林業経営体_うち組織経営体","66001","うち奥田","2015000000","2015年","経営体","1"
"0010","経営体数","110","農林業経営体_うち組織経営体","66002","うち呉羽)・(五福","2015000000","2015年","経営体","-"
"0010","経営体数","110","農林業経営体_うち組織経営体","66003","うち櫻谷","2015000000","2015年","経営体","2"
"0010","経営体数","110","農林業経営体_うち組織経営体","66004","うち東部","2015000000","2015年","経営体","-"
"0010","経営体数","110","農林業経営体_うち組織経営体","66005","うち新庄","2015000000","2015年","経営体","-"
"0010","経営体数","110","農林業経営体_うち組織経営体","66006","うち島","2015000000","2015年","経営体","1"
"0010","経営体数","110","農林業経営体_うち組織経営体","66007","うち針原","2015000000","2015年","経営体","3"
"0010","経営体数","110","農林業経営体_うち組織経営体","66008","うち浜黒崎","2015000000","2015年","経営体","3"
"0010","経営体数","110","農林業経営体_うち組織経営体","66009","うち大広田","2015000000","2015年","経営体","-"
"0010","経営体数","110","農林業経営体_うち組織経営体","66010","うち豊田","2015000000","2015年","経営体","1"
"0010","経営体数","110","農林業経営体_うち組織経営体","66011","うち広田","2015000000","2015年","経営体","-"
"0010","経営体数","110","農林業経営体_うち組織経営体","66012","うち神明","2015000000","2015年","経営体","-"
"0010","経営体数","110","農林業経営体_うち組織経営体","66013","うち山室","2015000000","2015年","経営体","1"
"0010","経営体数","110","農林業経営体_うち組織経営体","66014","うち堀川","2015000000","2015年","経営体","-"
"0010","経営体数","110","農林業経営体_うち組織経営体","66015","うち蜷川","2015000000","2015年","経営体","5"
"0010","経営体数","110","農林業経営体_うち組織経営体","66016","うち太田","2015000000","2015年","経営体","5"
"0010","経営体数","110","農林業経営体_うち組織経営体","66017","旧月岡村２－１","2015000000","2015年","経営体","2"
"0010","経営体数","110","農林業経営体_うち組織経営体","66018","旧熊野村","2015000000","2015年","経営体","10"
"0010","経営体数","110","農林業経営体_うち組織経営体","66019","旧新保村","2015000000","2015年","経営体","5"
"0010","経営体数","110","農林業経営体_うち組織経営体","66020","旧四方町","2015000000","2015年","経営体","-"
"0010","経営体数","110","農林業経営体_うち組織経営体","66021","旧八幡村","2015000000","2015年","経営体","4"
"0010","経営体数","110","農林業経営体_うち組織経営体","66022","旧倉垣村","2015000000","2015年","経営体","4"
"0010","経営体数","110","農林業経営体_うち組織経営体","66023","旧水橋町","2015000000","2015年","経営体","3"
"0010","経営体数","110","農林業経営体_うち組織経営体","66024","旧上条村","2015000000","2015年","経営体","1"
"0010","経営体数","110","農林業経営体_うち組織経営体","66025","旧三郷村","2015000000","2015年","経営体","-"
"0010","経営体数","110","農林業経営体_うち組織経営体","66026","旧呉羽村","2015000000","2015年","経営体","6"
"0010","経営体数","110","農林業経営体_うち組織経営体","66027","旧長岡村","2015000000","2015年","経営体","1"
"0010","経営体数","110","農林業経営体_うち組織経営体","66028","旧寒江村","2015000000","2015年","経営体","2"
"0010","経営体数","110","農林業経営体_うち組織経営体","66029","旧老田村","2015000000","2015年","経営体","2"
"0010","経営体数","110","農林業経営体_うち組織経営体","66030","旧池多村２－１","2015000000","2015年","経営体","-"
"0010","経営体数","110","農林業経営体_うち組織経営体","66031","旧大沢野町","2015000000","2015年","経営体","3"
"0010","経営体数","110","農林業経営体_うち組織経営体","66032","旧黒瀬谷村２－２","2015000000","2015年","経営体","2"
"0010","経営体数","110","農林業経営体_うち組織経営体","66033","旧下夕村","2015000000","2015年","経営体","1"
"0010","経営体数","110","農林業経営体_うち組織経営体","66034","旧船峅村","2015000000","2015年","経営体","8"
"0010","経営体数","110","農林業経営体_うち組織経営体","66035","旧大久保町","2015000000","2015年","経営体","6"
"0010","経営体数","110","農林業経営体_うち組織経営体","66036","旧上滝町","2015000000","2015年","経営体","1"
"0010","経営体数","110","農林業経営体_うち組織経営体","66037","旧大山村","2015000000","2015年","経営体","4"
"0010","経営体数","110","農林業経営体_うち組織経営体","66038","旧福沢村","2015000000","2015年","経営体","3"
"0010","経営体数","110","農林業経営体_うち組織経営体","66039","旧大庄村","2015000000","2015年","経営体","8"
"0010","経営体数","110","農林業経営体_うち組織経営体","66040","旧月岡村２－２","2015000000","2015年","経営体","-"
"0010","経営体数","110","農林業経営体_うち組織経営体","66041","旧八尾町","2015000000","2015年","経営体","-"
"0010","経営体数","110","農林業経営体_うち組織経営体","66042","旧保内村","2015000000","2015年","経営体","9"
"0010","経営体数","110","農林業経営体_うち組織経営体","66043","旧杉原村","2015000000","2015年","経営体","10"
"0010","経営体数","110","農林業経営体_うち組織経営体","66044","旧卯花村","2015000000","2015年","経営体","5"
"0010","経営体数","110","農林業経営体_うち組織経営体","66045","旧室牧村","2015000000","2015年","経営体","-"
"0010","経営体数","110","農林業経営体_うち組織経営体","66046","旧黒瀬谷村２－１","2015000000","2015年","経営体","4"
"0010","経営体数","110","農林業経営体_うち組織経営体","66047","旧大長谷村","2015000000","2015年","経営体","-"
"0010","経営体数","110","農林業経営体_うち組織経営体","66048","旧仁歩村","2015000000","2015年","経営体","-"
"0010","経営体数","110","農林業経営体_うち組織経営体","66049","旧野積村","2015000000","2015年","経営体","4"
"0010","経営体数","110","農林業経営体_うち組織経営体","66050","旧婦中町","2015000000","2015年","経営体","2"
"0010","経営体数","110","農林業経営体_うち組織経営体","66051","旧朝日村","2015000000","2015年","経営体","-"
"0010","経営体数","110","農林業経営体_うち組織経営体","66052","旧熊野村","2015000000","2015年","経営体","3"
"0010","経営体数","110","農林業経営体_うち組織経営体","66053","旧宮川村","2015000000","2015年","経営体","3"
"0010","経営体数","110","農林業経営体_うち組織経営体","66054","旧神保村","2015000000","2015年","経営体","13"
"0010","経営体数","110","農林業経営体_うち組織経営体","66055","旧古里村","2015000000","2015年","経営体","2"
"0010","経営体数","110","農林業経営体_うち組織経営体","66056","旧音川村","2015000000","2015年","経営体","2"
"0010","経営体数","110","農林業経営体_うち組織経営体","66057","旧山田村","2015000000","2015年","経営体","14"
"0010","経営体数","110","農林業経営体_うち組織経営体","66058","旧細入村","2015000000","2015年","経営体","1"
"0010","経営体数","110","農林業経営体_うち組織経営体","16202","高岡市","2015000000","2015年","経営体","102"
"0010","経営体数","110","農林業経営体_うち組織経営体","66059","うち横田","2015000000","2015年","経営体","4"
"0010","経営体数","110","農林業経営体_うち組織経営体","66060","うち下関","2015000000","2015年","経営体","-"
"0010","経営体数","110","農林業経営体_うち組織経営体","66061","うち北部","2015000000","2015年","経営体","-"
"0010","経営体数","110","農林業経営体_うち組織経営体","66062","うち二上","2015000000","2015年","経営体","2"
"0010","経営体数","110","農林業経営体_うち組織経営体","66063","うち伏木","2015000000","2015年","経営体","-"
"0010","経営体数","110","農林業経営体_うち組織経営体","66064","うち能町","2015000000","2015年","経営体","-"
"0010","経営体数","110","農林業経営体_うち組織経営体","66065","うち守山","2015000000","2015年","経営体","3"
"0010","経営体数","110","農林業経営体_うち組織経営体","66066","うち野村","2015000000","2015年","経営体","-"
"0010","経営体数","110","農林業経営体_うち組織経営体","66067","うち佐野","2015000000","2015年","経営体","3"
"0010","経営体数","110","農林業経営体_うち組織経営体","66068","うち二塚","2015000000","2015年","経営体","3"
"0010","経営体数","110","農林業経営体_うち組織経営体","66069","うち牧野","2015000000","2015年","経営体","3"
"0010","経営体数","110","農林業経営体_うち組織経営体","66070","うち福田","2015000000","2015年","経営体","5"
"0010","経営体数","110","農林業経営体_うち組織経営体","66071","旧国吉村","2015000000","2015年","経営体","4"
"0010","経営体数","110","農林業経営体_うち組織経営体","66072","旧太田村","2015000000","2015年","経営体","4"
"0010","経営体数","110","農林業経営体_うち組織経営体","66073","旧東五位村","2015000000","2015年","経営体","1"
"0010","経営体数","110","農林業経営体_うち組織経営体","66074","旧石堤村","2015000000","2015年","経営体","5"
"0010","経営体数","110","農林業経営体_うち組織経営体","66075","旧立野村","2015000000","2015年","経営体","1"
"0010","経営体数","110","農林業経営体_うち組織経営体","66076","旧小勢村２－１","2015000000","2015年","経営体","7"
"0010","経営体数","110","農林業経営体_うち組織経営体","66077","旧小勢村２－２","2015000000","2015年","経営体","2"
"0010","経営体数","110","農林業経営体_うち組織経営体","66078","旧戸出町","2015000000","2015年","経営体","1"
"0010","経営体数","110","農林業経営体_うち組織経営体","66079","旧是戸村","2015000000","2015年","経営体","6"
"0010","経営体数","110","農林業経営体_うち組織経営体","66080","旧醍醐村","2015000000","2015年","経営体","9"
"0010","経営体数","110","農林業経営体_うち組織経営体","66081","旧北般若村","2015000000","2015年","経営体","5"
"0010","経営体数","110","農林業経営体_うち組織経営体","66082","旧中田町","2015000000","2015年","経営体","2"
"0010","経営体数","110","農林業経営体_うち組織経営体","66083","旧般若野村","2015000000","2015年","経営体","5"
"0010","経営体数","110","農林業経営体_うち組織経営体","66084","旧福岡町","2015000000","2015年","経営体","16"
"0010","経営体数","110","農林業経営体_うち組織経営体","66085","旧五位山村","2015000000","2015年","経営体","2"
"0010","経営体数","110","農林業経営体_うち組織経営体","66086","旧西五位村","2015000000","2015年","経営体","7"
"0010","経営体数","110","農林業経営体_うち組織経営体","66087","旧赤丸村","2015000000","2015年","経営体","2"
"0010","経営体数","110","農林業経営体_うち組織経営体","16204","魚津市","2015000000","2015年","経営体","29"
"0010","経営体数","110","農林業経営体_うち組織経営体","66088","旧魚津町","2015000000","2015年","経営体","-"
"0010","経営体数","110","農林業経営体_うち組織経営体","66089","旧下中島村","2015000000","2015年","経営体","3"
"0010","経営体数","110","農林業経営体_うち組織経営体","66090","旧上中島村","2015000000","2015年","経営体","3"
"0010","経営体数","110","農林業経営体_うち組織経営体","66091","旧松倉村","2015000000","2015年","経営体","6"
"0010","経営体数","110","農林業経営体_うち組織経営体","66092","旧上野方村","2015000000","2015年","経営体","1"
"0010","経営体数","110","農林業経営体_うち組織経営体","66093","旧下野方村","2015000000","2015年","経営体","2"
"0010","経営体数","110","農林業経営体_うち組織経営体","66094","旧片貝谷村","2015000000","2015年","経営体","3"
"0010","経営体数","110","農林業経営体_うち組織経営体","66095","旧道下村","2015000000","2015年","経営体","3"
"0010","経営体数","110","農林業経営体_うち組織経営体","66096","旧加積村","2015000000","2015年","経営体","1"
"0010","経営体数","110","農林業経営体_うち組織経営体","66097","旧天神村","2015000000","2015年","経営体","5"
"0010","経営体数","110","農林業経営体_うち組織経営体","66098","旧西布施村","2015000000","2015年","経営体","2"
"0010","経営体数","110","農林業経営体_うち組織経営体","66099","旧経田村","2015000000","2015年","経営体","-"
"0010","経営体数","110","農林業経営体_うち組織経営体","16205","氷見市","2015000000","2015年","経営体","52"
"0010","経営体数","110","農林業経営体_うち組織経営体","66100","旧氷見町","2015000000","2015年","経営体","6"
"0010","経営体数","110","農林業経営体_うち組織経営体","66101","旧余川村","2015000000","2015年","経営体","4"
"0010","経営体数","110","農林業経営体_うち組織経営体","66102","旧碁石村","2015000000","2015年","経営体","-"
"0010","経営体数","110","農林業経営体_うち組織経営体","66103","旧八代村","2015000000","2015年","経営体","2"
"0010","経営体数","110","農林業経営体_うち組織経営体","66104","旧宮田村","2015000000","2015年","経営体","5"
"0010","経営体数","110","農林業経営体_うち組織経営体","66105","旧窪村","2015000000","2015年","経営体","2"
"0010","経営体数","110","農林業経営体_うち組織経営体","66106","旧上庄村","2015000000","2015年","経営体","2"
"0010","経営体数","110","農林業経営体_うち組織経営体","66107","旧熊無村","2015000000","2015年","経営体","4"
"0010","経営体数","110","農林業経営体_うち組織経営体","66108","旧神代村","2015000000","2015年","経営体","2"
"0010","経営体数","110","農林業経営体_うち組織経営体","66109","旧仏生寺村","2015000000","2015年","経営体","3"
"0010","経営体数","110","農林業経営体_うち組織経営体","66110","旧布勢村","2015000000","2015年","経営体","4"
"0010","経営体数","110","農林業経営体_うち組織経営体","66111","旧十二町村","2015000000","2015年","経営体","5"
"0010","経営体数","110","農林業経営体_うち組織経営体","66112","旧速川村","2015000000","2015年","経営体","3"
"0010","経営体数","110","農林業経営体_うち組織経営体","66113","旧久目村","2015000000","2015年","経営体","2"
"0010","経営体数","110","農林業経営体_うち組織経営体","66114","旧阿尾村","2015000000","2015年","経営体","6"
"0010","経営体数","110","農林業経営体_うち組織経営体","66115","旧薮田村","2015000000","2015年","経営体","-"
"0010","経営体数","110","農林業経営体_うち組織経営体","66116","旧宇波村","2015000000","2015年","経営体","1"
"0010","経営体数","110","農林業経営体_うち組織経営体","66117","旧女良村","2015000000","2015年","経営体","1"
"0010","経営体数","110","農林業経営体_うち組織経営体","16206","滑川市","2015000000","2015年","経営体","25"
"0010","経営体数","110","農林業経営体_うち組織経営体","66118","旧滑川町","2015000000","2015年","経営体","1"
"0010","経営体数","110","農林業経営体_うち組織経営体","66119","旧浜加積村","2015000000","2015年","経営体","4"
"0010","経営体数","110","農林業経営体_うち組織経営体","66120","旧早月加積村","2015000000","2015年","経営体","8"
"0010","経営体数","110","農林業経営体_うち組織経営体","66121","旧北加積村","2015000000","2015年","経営体","3"
"0010","経営体数","110","農林業経営体_うち組織経営体","66122","旧東加積村","2015000000","2015年","経営体","3"
"0010","経営体数","110","農林業経営体_うち組織経営体","66123","旧中加積村","2015000000","2015年","経営体","3"
"0010","経営体数","110","農林業経営体_うち組織経営体","66124","旧西加積村","2015000000","2015年","経営体","3"
"0010","経営体数","110","農林業経営体_うち組織経営体","66125","旧山加積村２－１","2015000000","2015年","経営体","-"
"0010","経営体数","110","農林業経営体_うち組織経営体","16207","黒部市","2015000000","2015年","経営体","49"
"0010","経営体数","110","農林業経営体_うち組織経営体","66126","うち石田","2015000000","2015年","経営体","-"
"0010","経営体数","110","農林業経営体_うち組織経営体","66127","うち田家","2015000000","2015年","経営体","-"
"0010","経営体数","110","農林業経営体_うち組織経営体","66128","うち村椿","2015000000","2015年","経営体","6"
"0010","経営体数","110","農林業経営体_うち組織経営体","66129","うち大布施","2015000000","2015年","経営体","6"
"0010","経営体数","110","農林業経営体_うち組織経営体","66130","うち三日市","2015000000","2015年","経営体","1"
"0010","経営体数","110","農林業経営体_うち組織経営体","66131","うち前沢","2015000000","2015年","経営体","4"
"0010","経営体数","110","農林業経営体_うち組織経営体","66132","うち荻生","2015000000","2015年","経営体","4"
"0010","経営体数","110","農林業経営体_うち組織経営体","66133","うち若栗","2015000000","2015年","経営体","7"
"0010","経営体数","110","農林業経営体_うち組織経営体","66134","旧生地町","2015000000","2015年","経営体","-"
"0010","経営体数","110","農林業経営体_うち組織経営体","66135","旧東布施村","2015000000","2015年","経営体","9"
"0010","経営体数","110","農林業経営体_うち組織経営体","66136","うち浦山","2015000000","2015年","経営体","4"
"0010","経営体数","110","農林業経営体_うち組織経営体","66137","うち下立","2015000000","2015年","経営体","2"
"0010","経営体数","110","農林業経営体_うち組織経営体","66138","旧内山村","2015000000","2015年","経営体","-"
"0010","経営体数","110","農林業経営体_うち組織経営体","66139","旧愛本村","2015000000","2015年","経営体","6"
"0010","経営体数","110","農林業経営体_うち組織経営体","16208","砺波市","2015000000","2015年","経営体","88"
"0010","経営体数","110","農林業経営体_うち組織経営体","66140","旧中野村","2015000000","2015年","経営体","6"
"0010","経営体数","110","農林業経営体_うち組織経営体","66141","旧油田村","2015000000","2015年","経営体","1"
"0010","経営体数","110","農林業経営体_うち組織経営体","66142","旧庄下村","2015000000","2015年","経営体","4"
"0010","経営体数","110","農林業経営体_うち組織経営体","66143","旧五鹿屋村","2015000000","2015年","経営体","6"
"0010","経営体数","110","農林業経営体_うち組織経営体","66144","旧出町","2015000000","2015年","経営体","6"
"0010","経営体数","110","農林業経営体_うち組織経営体","66145","旧林村","2015000000","2015年","経営体","8"
"0010","経営体数","110","農林業経営体_うち組織経営体","66146","旧南般若村","2015000000","2015年","経営体","2"
"0010","経営体数","110","農林業経営体_うち組織経営体","66147","旧柳瀬村","2015000000","2015年","経営体","1"
"0010","経営体数","110","農林業経営体_うち組織経営体","66148","旧太田村","2015000000","2015年","経営体","5"
"0010","経営体数","110","農林業経営体_うち組織経営体","66149","旧東野尻村","2015000000","2015年","経営体","4"
"0010","経営体数","110","農林業経営体_うち組織経営体","66150","旧高波村","2015000000","2015年","経営体","11"
"0010","経営体数","110","農林業経営体_うち組織経営体","66151","旧栴檀山村","2015000000","2015年","経営体","2"
"0010","経営体数","110","農林業経営体_うち組織経営体","66152","旧栴檀野村","2015000000","2015年","経営体","-"
"0010","経営体数","110","農林業経営体_うち組織経営体","66153","旧般若村","2015000000","2015年","経営体","4"
"0010","経営体数","110","農林業経営体_うち組織経営体","66154","旧東般若村","2015000000","2015年","経営体","11"
"0010","経営体数","110","農林業経営体_うち組織経営体","66155","旧鷹栖村","2015000000","2015年","経営体","3"
"0010","経営体数","110","農林業経営体_うち組織経営体","66156","旧若林村２－２","2015000000","2015年","経営体","4"
"0010","経営体数","110","農林業経営体_うち組織経営体","66157","旧青島村","2015000000","2015年","経営体","1"
"0010","経営体数","110","農林業経営体_うち組織経営体","66158","旧東山見村","2015000000","2015年","経営体","3"
"0010","経営体数","110","農林業経営体_うち組織経営体","66159","旧雄神村","2015000000","2015年","経営体","1"
"0010","経営体数","110","農林業経営体_うち組織経営体","66160","旧種田村","2015000000","2015年","経営体","5"
"0010","経営体数","110","農林業経営体_うち組織経営体","16209","小矢部市","2015000000","2015年","経営体","78"
"0010","経営体数","110","農林業経営体_うち組織経営体","66161","旧石動町","2015000000","2015年","経営体","1"
"0010","経営体数","110","農林業経営体_うち組織経営体","66162","旧南谷村","2015000000","2015年","経営体","4"
"0010","経営体数","110","農林業経営体_うち組織経営体","66163","旧埴生村","2015000000","2015年","経営体","6"
"0010","経営体数","110","農林業経営体_うち組織経営体","66164","旧松沢村","2015000000","2015年","経営体","9"
"0010","経営体数","110","農林業経営体_うち組織経営体","66165","旧正得村","2015000000","2015年","経営体","6"
"0010","経営体数","110","農林業経営体_うち組織経営体","66166","旧荒川村","2015000000","2015年","経営体","5"
"0010","経営体数","110","農林業経営体_うち組織経営体","66167","旧子撫村","2015000000","2015年","経営体","2"
"0010","経営体数","110","農林業経営体_うち組織経営体","66168","旧宮島村","2015000000","2015年","経営体","4"
"0010","経営体数","110","農林業経営体_うち組織経営体","66169","旧北蟹谷村","2015000000","2015年","経営体","8"
"0010","経営体数","110","農林業経営体_うち組織経営体","66170","旧若林村２－１","2015000000","2015年","経営体","5"
"0010","経営体数","110","農林業経営体_うち組織経営体","66171","旧津沢町","2015000000","2015年","経営体","3"
"0010","経営体数","110","農林業経営体_うち組織経営体","66172","旧薮波村","2015000000","2015年","経営体","8"
"0010","経営体数","110","農林業経営体_うち組織経営体","66173","旧水島村","2015000000","2015年","経営体","7"
"0010","経営体数","110","農林業経営体_うち組織経営体","66174","旧東蟹谷村","2015000000","2015年","経営体","6"
"0010","経営体数","110","農林業経営体_うち組織経営体","66175","旧西野尻村３－２","2015000000","2015年","経営体","4"
"0010","経営体数","110","農林業経営体_うち組織経営体","16210","南砺市","2015000000","2015年","経営体","177"
"0010","経営体数","110","農林業経営体_うち組織経営体","66176","旧南山田村","2015000000","2015年","経営体","12"
"0010","経営体数","110","農林業経営体_うち組織経営体","66177","旧山田村２－２","2015000000","2015年","経営体","1"
"0010","経営体数","110","農林業経営体_うち組織経営体","66178","旧大鋸屋村","2015000000","2015年","経営体","7"
"0010","経営体数","110","農林業経営体_うち組織経営体","66179","旧城端町","2015000000","2015年","経営体","-"
"0010","経営体数","110","農林業経営体_うち組織経営体","66180","旧北野村","2015000000","2015年","経営体","8"
"0010","経営体数","110","農林業経営体_うち組織経営体","66181","旧蓑谷村","2015000000","2015年","経営体","7"
"0010","経営体数","110","農林業経営体_うち組織経営体","66182","旧平村","2015000000","2015年","経営体","3"
"0010","経営体数","110","農林業経営体_うち組織経営体","66183","旧上平村","2015000000","2015年","経営体","1"
"0010","経営体数","110","農林業経営体_うち組織経営体","66184","旧利賀村","2015000000","2015年","経営体","4"
"0010","経営体数","110","農林業経営体_うち組織経営体","66185","旧井波町","2015000000","2015年","経営体","5"
"0010","経営体数","110","農林業経営体_うち組織経営体","66186","旧南山見村","2015000000","2015年","経営体","3"
"0010","経営体数","110","農林業経営体_うち組織経営体","66187","旧山野村","2015000000","2015年","経営体","7"
"0010","経営体数","110","農林業経営体_うち組織経営体","66188","旧高瀬村２－１","2015000000","2015年","経営体","5"
"0010","経営体数","110","農林業経営体_うち組織経営体","66189","旧井口村","2015000000","2015年","経営体","9"
"0010","経営体数","110","農林業経営体_うち組織経営体","66190","うち南野尻","2015000000","2015年","経営体","2"
"0010","経営体数","110","農林業経営体_うち組織経営体","66191","うち広塚","2015000000","2015年","経営体","6"
"0010","経営体数","110","農林業経営体_うち組織経営体","66192","うち野尻","2015000000","2015年","経営体","8"
"0010","経営体数","110","農林業経営体_うち組織経営体","66193","旧東石黒村","2015000000","2015年","経営体","6"
"0010","経営体数","110","農林業経営体_うち組織経営体","66194","旧西野尻村３－１","2015000000","2015年","経営体","4"
"0010","経営体数","110","農林業経営体_うち組織経営体","66195","旧高瀬村２－２","2015000000","2015年","経営体","5"
"0010","経営体数","110","農林業経営体_うち組織経営体","66196","旧福光町","2015000000","2015年","経営体","1"
"0010","経営体数","110","農林業経営体_うち組織経営体","66197","旧石黒村","2015000000","2015年","経営体","9"
"0010","経営体数","110","農林業経営体_うち組織経営体","66198","旧広瀬村","2015000000","2015年","経営体","6"
"0010","経営体数","110","農林業経営体_うち組織経営体","66199","旧広瀬館村","2015000000","2015年","経営体","5"
"0010","経営体数","110","農林業経営体_うち組織経営体","66200","旧西太美村","2015000000","2015年","経営体","5"
"0010","経営体数","110","農林業経営体_うち組織経営体","66201","旧太美山村","2015000000","2015年","経営体","5"
"0010","経営体数","110","農林業経営体_うち組織経営体","66202","旧東太美村","2015000000","2015年","経営体","8"
"0010","経営体数","110","農林業経営体_うち組織経営体","66203","旧吉江村","2015000000","2015年","経営体","3"
"0010","経営体数","110","農林業経営体_うち組織経営体","66204","旧北山田村","2015000000","2015年","経営体","16"
"0010","経営体数","110","農林業経営体_うち組織経営体","66205","旧山田村２－１","2015000000","2015年","経営体","12"
"0010","経営体数","110","農林業経営体_うち組織経営体","66206","旧南蟹谷村","2015000000","2015年","経営体","3"
"0010","経営体数","110","農林業経営体_うち組織経営体","66207","旧西野尻村３－３","2015000000","2015年","経営体","1"
"0010","経営体数","110","農林業経営体_うち組織経営体","16211","射水市","2015000000","2015年","経営体","84"
"0010","経営体数","110","農林業経営体_うち組織経営体","66208","旧新湊","2015000000","2015年","経営体","-"
"0010","経営体数","110","農林業経営体_うち組織経営体","66209","旧作道村","2015000000","2015年","経営体","9"
"0010","経営体数","110","農林業経営体_うち組織経営体","66210","旧片口村","2015000000","2015年","経営体","2"
"0010","経営体数","110","農林業経営体_うち組織経営体","66211","旧堀岡村","2015000000","2015年","経営体","-"
"0010","経営体数","110","農林業経営体_うち組織経営体","66212","旧海老江村","2015000000","2015年","経営体","-"
"0010","経営体数","110","農林業経営体_うち組織経営体","66213","旧本江村","2015000000","2015年","経営体","4"
"0010","経営体数","110","農林業経営体_うち組織経営体","66214","旧七美村","2015000000","2015年","経営体","3"
"0010","経営体数","110","農林業経営体_うち組織経営体","66215","旧塚原村","2015000000","2015年","経営体","8"
"0010","経営体数","110","農林業経営体_うち組織経営体","66216","旧小杉町","2015000000","2015年","経営体","9"
"0010","経営体数","110","農林業経営体_うち組織経営体","66217","旧金山村","2015000000","2015年","経営体","5"
"0010","経営体数","110","農林業経営体_うち組織経営体","66218","旧大江村","2015000000","2015年","経営体","5"
"0010","経営体数","110","農林業経営体_うち組織経営体","66219","旧黒河村","2015000000","2015年","経営体","1"
"0010","経営体数","110","農林業経営体_うち組織経営体","66220","旧池多村２－２","2015000000","2015年","経営体","2"
"0010","経営体数","110","農林業経営体_うち組織経営体","66221","旧大門町","2015000000","2015年","経営体","-"
"0010","経営体数","110","農林業経営体_うち組織経営体","66222","旧水戸田村","2015000000","2015年","経営体","5"
"0010","経営体数","110","農林業経営体_うち組織経営体","66223","旧櫛田村","2015000000","2015年","経営体","6"
"0010","経営体数","110","農林業経営体_うち組織経営体","66224","旧浅井村","2015000000","2015年","経営体","7"
"0010","経営体数","110","農林業経営体_うち組織経営体","66225","旧二口村","2015000000","2015年","経営体","4"
"0010","経営体数","110","農林業経営体_うち組織経営体","66226","旧下村","2015000000","2015年","経営体","5"
"0010","経営体数","110","農林業経営体_うち組織経営体","66227","旧大島町","2015000000","2015年","経営体","9"
"0010","経営体数","110","農林業経営体_うち組織経営体","16321","舟橋村","2015000000","2015年","経営体","3"
"0010","経営体数","110","農林業経営体_うち組織経営体","16322","上市町","2015000000","2015年","経営体","23"
"0010","経営体数","110","農林業経営体_うち組織経営体","66228","旧上市町","2015000000","2015年","経営体","2"
"0010","経営体数","110","農林業経営体_うち組織経営体","66229","旧山加積村２－２","2015000000","2015年","経営体","1"
"0010","経営体数","110","農林業経営体_うち組織経営体","66230","旧南加積村","2015000000","2015年","経営体","2"
"0010","経営体数","110","農林業経営体_うち組織経営体","66231","旧宮川村","2015000000","2015年","経営体","6"
"0010","経営体数","110","農林業経営体_うち組織経営体","66232","旧柿沢村","2015000000","2015年","経営体","2"
"0010","経営体数","110","農林業経営体_うち組織経営体","66233","旧大岩村","2015000000","2015年","経営体","-"
"0010","経営体数","110","農林業経営体_うち組織経営体","66234","旧相ノ木村","2015000000","2015年","経営体","4"
"0010","経営体数","110","農林業経営体_うち組織経営体","66235","旧白萩村","2015000000","2015年","経営体","6"
"0010","経営体数","110","農林業経営体_うち組織経営体","66236","旧新川村２－２","2015000000","2015年","経営体","-"
"0010","経営体数","110","農林業経営体_うち組織経営体","16323","立山町","2015000000","2015年","経営体","45"
"0010","経営体数","110","農林業経営体_うち組織経営体","66237","うち五百石","2015000000","2015年","経営体","6"
"0010","経営体数","110","農林業経営体_うち組織経営体","66238","うち大森","2015000000","2015年","経営体","2"
"0010","経営体数","110","農林業経営体_うち組織経営体","66239","うち高野","2015000000","2015年","経営体","3"
"0010","経営体数","110","農林業経営体_うち組織経営体","66240","うち下段","2015000000","2015年","経営体","5"
"0010","経営体数","110","農林業経営体_うち組織経営体","66241","旧利田村","2015000000","2015年","経営体","9"
"0010","経営体数","110","農林業経営体_うち組織経営体","66242","旧上段村","2015000000","2015年","経営体","6"
"0010","経営体数","110","農林業経営体_うち組織経営体","66243","旧東谷村","2015000000","2015年","経営体","3"
"0010","経営体数","110","農林業経営体_うち組織経営体","66244","旧釜ケ渕村","2015000000","2015年","経営体","2"
"0010","経営体数","110","農林業経営体_うち組織経営体","66245","旧立山村","2015000000","2015年","経営体","1"
"0010","経営体数","110","農林業経営体_うち組織経営体","66246","旧新川村２－１","2015000000","2015年","経営体","8"
"0010","経営体数","110","農林業経営体_うち組織経営体","16342","入善町","2015000000","2015年","経営体","64"
"0010","経営体数","110","農林業経営体_うち組織経営体","66247","旧新屋村","2015000000","2015年","経営体","7"
"0010","経営体数","110","農林業経営体_うち組織経営体","66248","旧小摺戸村","2015000000","2015年","経営体","5"
"0010","経営体数","110","農林業経営体_うち組織経営体","66249","旧青木村","2015000000","2015年","経営体","9"
"0010","経営体数","110","農林業経営体_うち組織経営体","66250","旧飯野村","2015000000","2015年","経営体","9"
"0010","経営体数","110","農林業経営体_うち組織経営体","66251","旧上原村","2015000000","2015年","経営体","8"
"0010","経営体数","110","農林業経営体_うち組織経営体","66252","旧入善町","2015000000","2015年","経営体","8"
"0010","経営体数","110","農林業経営体_うち組織経営体","66253","旧横山村","2015000000","2015年","経営体","5"
"0010","経営体数","110","農林業経営体_うち組織経営体","66254","旧椚山村","2015000000","2015年","経営体","4"
"0010","経営体数","110","農林業経営体_うち組織経営体","66255","旧舟見町","2015000000","2015年","経営体","4"
"0010","経営体数","110","農林業経営体_うち組織経営体","66256","旧野中村２－１","2015000000","2015年","経営体","5"
"0010","経営体数","110","農林業経営体_うち組織経営体","16343","朝日町","2015000000","2015年","経営体","15"
"0010","経営体数","110","農林業経営体_うち組織経営体","66257","旧大家庄村","2015000000","2015年","経営体","11"
"0010","経営体数","110","農林業経営体_うち組織経営体","66258","旧山崎村","2015000000","2015年","経営体","2"
"0010","経営体数","110","農林業経営体_うち組織経営体","66259","旧南保村","2015000000","2015年","経営体","1"
"0010","経営体数","110","農林業経営体_うち組織経営体","66260","旧五箇庄村","2015000000","2015年","経営体","1"
"0010","経営体数","110","農林業経営体_うち組織経営体","66261","旧泊町","2015000000","2015年","経営体","-"
"0010","経営体数","110","農林業経営体_うち組織経営体","66262","旧宮崎村","2015000000","2015年","経営体","-"
"0010","経営体数","110","農林業経営体_うち組織経営体","66263","旧境村","2015000000","2015年","経営体","-"
"0010","経営体数","110","農林業経営体_うち組織経営体","66264","旧野中村２－２","2015000000","2015年","経営体","-"
"0010","経営体数","110","農林業経営体_うち組織経営体","17000","石川県","2015000000","2015年","経営体","583"
"0010","経営体数","110","農林業経営体_うち組織経営体","17201","金沢市","2015000000","2015年","経営体","51"
"0010","経営体数","110","農林業経営体_うち組織経営体","67001","旧金沢市","2015000000","2015年","経営体","32"
"0010","経営体数","110","農林業経営体_うち組織経営体","67002","旧安原村","2015000000","2015年","経営体","4"
"0010","経営体数","110","農林業経営体_うち組織経営体","67003","旧額村","2015000000","2015年","経営体","-"
"0010","経営体数","110","農林業経営体_うち組織経営体","67004","旧押野村２－１","2015000000","2015年","経営体","-"
"0010","経営体数","110","農林業経営体_うち組織経営体","67005","旧内川村","2015000000","2015年","経営体","-"
"0010","経営体数","110","農林業経営体_うち組織経営体","67006","旧犀川村","2015000000","2015年","経営体","1"
"0010","経営体数","110","農林業経営体_うち組織経営体","67007","旧湯涌谷村","2015000000","2015年","経営体","-"
"0010","経営体数","110","農林業経営体_うち組織経営体","67008","旧浅川村","2015000000","2015年","経営体","3"
"0010","経営体数","110","農林業経営体_うち組織経営体","67009","旧大場村","2015000000","2015年","経営体","1"
"0010","経営体数","110","農林業経営体_うち組織経営体","67010","旧八田村","2015000000","2015年","経営体","1"
"0010","経営体数","110","農林業経営体_うち組織経営体","67011","旧花園村２－１","2015000000","2015年","経営体","4"
"0010","経営体数","110","農林業経営体_うち組織経営体","67012","旧三谷村","2015000000","2015年","経営体","5"
"0010","経営体数","110","農林業経営体_うち組織経営体","67013","旧森本村","2015000000","2015年","経営体","-"
"0010","経営体数","110","農林業経営体_うち組織経営体","17202","七尾市","2015000000","2015年","経営体","61"
"0010","経営体数","110","農林業経営体_うち組織経営体","67014","旧七尾市","2015000000","2015年","経営体","27"
"0010","経営体数","110","農林業経営体_うち組織経営体","67015","旧南大呑村","2015000000","2015年","経営体","1"
"0010","経営体数","110","農林業経営体_うち組織経営体","67016","旧北大呑村","2015000000","2015年","経営体","-"
"0010","経営体数","110","農林業経営体_うち組織経営体","67017","旧崎山村","2015000000","2015年","経営体","1"
"0010","経営体数","110","農林業経営体_うち組織経営体","67018","旧高階村","2015000000","2015年","経営体","5"
"0010","経営体数","110","農林業経営体_うち組織経営体","67019","旧田鶴浜町","2015000000","2015年","経営体","4"
"0010","経営体数","110","農林業経営体_うち組織経営体","67020","旧相馬村２－１","2015000000","2015年","経営体","3"
"0010","経営体数","110","農林業経営体_うち組織経営体","67021","旧金ヶ崎村","2015000000","2015年","経営体","-"
"0010","経営体数","110","農林業経営体_うち組織経営体","67022","旧笠師保村","2015000000","2015年","経営体","2"
"0010","経営体数","110","農林業経営体_うち組織経営体","67023","旧豊川村","2015000000","2015年","経営体","1"
"0010","経営体数","110","農林業経営体_うち組織経営体","67024","旧熊木村","2015000000","2015年","経営体","7"
"0010","経営体数","110","農林業経営体_うち組織経営体","67025","旧西岸村","2015000000","2015年","経営体","2"
"0010","経営体数","110","農林業経営体_うち組織経営体","67026","旧中島村","2015000000","2015年","経営体","1"
"0010","経営体数","110","農林業経営体_うち組織経営体","67027","旧釶打村","2015000000","2015年","経営体","2"
"0010","経営体数","110","農林業経営体_うち組織経営体","67028","旧東島村","2015000000","2015年","経営体","-"
"0010","経営体数","110","農林業経営体_うち組織経営体","67029","旧中乃島村","2015000000","2015年","経営体","3"
"0010","経営体数","110","農林業経営体_うち組織経営体","67030","旧西島村","2015000000","2015年","経営体","2"
"0010","経営体数","110","農林業経営体_うち組織経営体","17203","小松市","2015000000","2015年","経営体","56"
"0010","経営体数","110","農林業経営体_うち組織経営体","67031","旧小松市","2015000000","2015年","経営体","28"
"0010","経営体数","110","農林業経営体_うち組織経営体","67032","旧那谷村","2015000000","2015年","経営体","4"
"0010","経営体数","110","農林業経営体_うち組織経営体","67033","旧矢田野村","2015000000","2015年","経営体","4"
"0010","経営体数","110","農林業経営体_うち組織経営体","67034","旧月津村２－１","2015000000","2015年","経営体","3"
"0010","経営体数","110","農林業経営体_うち組織経営体","67035","旧大杉谷村","2015000000","2015年","経営体","5"
"0010","経営体数","110","農林業経営体_うち組織経営体","67036","旧金野村","2015000000","2015年","経営体","1"
"0010","経営体数","110","農林業経営体_うち組織経営体","67037","旧新丸村","2015000000","2015年","経営体","-"
"0010","経営体数","110","農林業経営体_うち組織経営体","67038","旧中海村","2015000000","2015年","経営体","7"
"0010","経営体数","110","農林業経営体_うち組織経営体","67039","旧国府村２－１","2015000000","2015年","経営体","2"
"0010","経営体数","110","農林業経営体_うち組織経営体","67040","旧西尾村","2015000000","2015年","経営体","2"
"0010","経営体数","110","農林業経営体_うち組織経営体","17204","輪島市","2015000000","2015年","経営体","27"
"0010","経営体数","110","農林業経営体_うち組織経営体","67041","旧輪島市","2015000000","2015年","経営体","1"
"0010","経営体数","110","農林業経営体_うち組織経営体","67042","旧町野町","2015000000","2015年","経営体","9"
"0010","経営体数","110","農林業経営体_うち組織経営体","67043","旧西保村","2015000000","2015年","経営体","-"
"0010","経営体数","110","農林業経営体_うち組織経営体","67044","旧大屋村","2015000000","2015年","経営体","2"
"0010","経営体数","110","農林業経営体_うち組織経営体","67045","旧河原田村","2015000000","2015年","経営体","-"
"0010","経営体数","110","農林業経営体_うち組織経営体","67046","旧鵠巣村","2015000000","2015年","経営体","-"
"0010","経営体数","110","農林業経営体_うち組織経営体","67047","旧南志見村","2015000000","2015年","経営体","1"
"0010","経営体数","110","農林業経営体_うち組織経営体","67048","旧三井村","2015000000","2015年","経営体","3"
"0010","経営体数","110","農林業経営体_うち組織経営体","67049","旧門前町","2015000000","2015年","経営体","5"
"0010","経営体数","110","農林業経営体_うち組織経営体","67050","旧剣地村","2015000000","2015年","経営体","2"
"0010","経営体数","110","農林業経営体_うち組織経営体","67051","旧諸岡村","2015000000","2015年","経営体","1"
"0010","経営体数","110","農林業経営体_うち組織経営体","67052","旧浦上村","2015000000","2015年","経営体","-"
"0010","経営体数","110","農林業経営体_うち組織経営体","67053","旧七浦村","2015000000","2015年","経営体","1"
"0010","経営体数","110","農林業経営体_うち組織経営体","67054","旧本郷村","2015000000","2015年","経営体","2"
"0010","経営体数","110","農林業経営体_うち組織経営体","67055","旧黒島村","2015000000","2015年","経営体","-"
"0010","経営体数","110","農林業経営体_うち組織経営体","17205","珠洲市","2015000000","2015年","経営体","25"
"0010","経営体数","110","農林業経営体_うち組織経営体","67056","旧飯田町","2015000000","2015年","経営体","1"
"0010","経営体数","110","農林業経営体_うち組織経営体","67057","旧宝立町","2015000000","2015年","経営体","5"
"0010","経営体数","110","農林業経営体_うち組織経営体","67058","旧正院町","2015000000","2015年","経営体","2"
"0010","経営体数","110","農林業経営体_うち組織経営体","67059","旧上戸村","2015000000","2015年","経営体","-"
"0010","経営体数","110","農林業経営体_うち組織経営体","67060","旧若山村","2015000000","2015年","経営体","7"
"0010","経営体数","110","農林業経営体_うち組織経営体","67061","旧直村","2015000000","2015年","経営体","5"
"0010","経営体数","110","農林業経営体_うち組織経営体","67062","旧三崎村","2015000000","2015年","経営体","2"
"0010","経営体数","110","農林業経営体_うち組織経営体","67063","旧西海村","2015000000","2015年","経営体","3"
"0010","経営体数","110","農林業経営体_うち組織経営体","67064","旧蛸島村","2015000000","2015年","経営体","-"
"0010","経営体数","110","農林業経営体_うち組織経営体","17206","加賀市","2015000000","2015年","経営体","25"
"0010","経営体数","110","農林業経営体_うち組織経営体","67065","旧大聖寺町","2015000000","2015年","経営体","1"
"0010","経営体数","110","農林業経営体_うち組織経営体","67066","旧山代町","2015000000","2015年","経営体","4"
"0010","経営体数","110","農林業経営体_うち組織経営体","67067","旧片山津町","2015000000","2015年","経営体","10"
"0010","経営体数","110","農林業経営体_うち組織経営体","67068","旧動橋町","2015000000","2015年","経営体","-"
"0010","経営体数","110","農林業経営体_うち組織経営体","67069","旧三木村","2015000000","2015年","経営体","2"
"0010","経営体数","110","農林業経営体_うち組織経営体","67070","旧瀬越村","2015000000","2015年","経営体","-"
"0010","経営体数","110","農林業経営体_うち組織経営体","67071","旧三谷村","2015000000","2015年","経営体","-"
"0010","経営体数","110","農林業経営体_うち組織経営体","67072","旧南郷村","2015000000","2015年","経営体","-"
"0010","経営体数","110","農林業経営体_うち組織経営体","67073","旧東谷口村","2015000000","2015年","経営体","1"
"0010","経営体数","110","農林業経営体_うち組織経営体","67074","旧勅使村","2015000000","2015年","経営体","2"
"0010","経営体数","110","農林業経営体_うち組織経営体","67075","旧橋立村","2015000000","2015年","経営体","1"
"0010","経営体数","110","農林業経営体_うち組織経営体","67076","旧篠原村","2015000000","2015年","経営体","1"
"0010","経営体数","110","農林業経営体_うち組織経営体","67077","旧分校村","2015000000","2015年","経営体","-"
"0010","経営体数","110","農林業経営体_うち組織経営体","67078","旧月津村２－２","2015000000","2015年","経営体","-"
"0010","経営体数","110","農林業経営体_うち組織経営体","67079","旧塩屋村","2015000000","2015年","経営体","-"
"0010","経営体数","110","農林業経営体_うち組織経営体","67080","旧河南村２－２","2015000000","2015年","経営体","-"
"0010","経営体数","110","農林業経営体_うち組織経営体","67081","旧山中町","2015000000","2015年","経営体","-"
"0010","経営体数","110","農林業経営体_うち組織経営体","67082","旧河南村２－１","2015000000","2015年","経営体","-"
"0010","経営体数","110","農林業経営体_うち組織経営体","67083","旧西谷村","2015000000","2015年","経営体","1"
"0010","経営体数","110","農林業経営体_うち組織経営体","67084","旧東谷奥村","2015000000","2015年","経営体","2"
"0010","経営体数","110","農林業経営体_うち組織経営体","17207","羽咋市","2015000000","2015年","経営体","26"
"0010","経営体数","110","農林業経営体_うち組織経営体","67085","旧羽咋町","2015000000","2015年","経営体","2"
"0010","経営体数","110","農林業経営体_うち組織経営体","67086","旧邑知町","2015000000","2015年","経営体","13"
"0010","経営体数","110","農林業経営体_うち組織経営体","67087","旧粟ノ保村","2015000000","2015年","経営体","1"
"0010","経営体数","110","農林業経営体_うち組織経営体","67088","旧富永村","2015000000","2015年","経営体","6"
"0010","経営体数","110","農林業経営体_うち組織経営体","67089","旧一ノ宮村","2015000000","2015年","経営体","-"
"0010","経営体数","110","農林業経営体_うち組織経営体","67090","旧越路野村","2015000000","2015年","経営体","-"
"0010","経営体数","110","農林業経営体_うち組織経営体","67091","旧上甘田村２－１","2015000000","2015年","経営体","2"
"0010","経営体数","110","農林業経営体_うち組織経営体","67092","旧下甘田村２－２","2015000000","2015年","経営体","-"
"0010","経営体数","110","農林業経営体_うち組織経営体","67093","旧千里浜村","2015000000","2015年","経営体","-"
"0010","経営体数","110","農林業経営体_うち組織経営体","67094","旧余喜村","2015000000","2015年","経営体","2"
"0010","経営体数","110","農林業経営体_うち組織経営体","67095","旧鹿島路村","2015000000","2015年","経営体","-"
"0010","経営体数","110","農林業経営体_うち組織経営体","17209","かほく市","2015000000","2015年","経営体","13"
"0010","経営体数","110","農林業経営体_うち組織経営体","67096","旧高松町２－１","2015000000","2015年","経営体","1"
"0010","経営体数","110","農林業経営体_うち組織経営体","67097","旧南大海村","2015000000","2015年","経営体","2"
"0010","経営体数","110","農林業経営体_うち組織経営体","67098","旧七塚町","2015000000","2015年","経営体","-"
"0010","経営体数","110","農林業経営体_うち組織経営体","67099","旧宇ノ気町","2015000000","2015年","経営体","10"
"0010","経営体数","110","農林業経営体_うち組織経営体","67100","旧金津村(高松町２－２)","2015000000","2015年","経営体","-"
"0010","経営体数","110","農林業経営体_うち組織経営体","17210","白山市","2015000000","2015年","経営体","72"
"0010","経営体数","110","農林業経営体_うち組織経営体","67101","旧松任町","2015000000","2015年","経営体","1"
"0010","経営体数","110","農林業経営体_うち組織経営体","67102","旧石川村","2015000000","2015年","経営体","4"
"0010","経営体数","110","農林業経営体_うち組織経営体","67103","旧柏野村","2015000000","2015年","経営体","2"
"0010","経営体数","110","農林業経営体_うち組織経営体","67104","旧笠間村","2015000000","2015年","経営体","2"
"0010","経営体数","110","農林業経営体_うち組織経営体","67105","旧宮保村","2015000000","2015年","経営体","4"
"0010","経営体数","110","農林業経営体_うち組織経営体","67106","旧一木村","2015000000","2015年","経営体","5"
"0010","経営体数","110","農林業経営体_うち組織経営体","67107","旧出城村","2015000000","2015年","経営体","1"
"0010","経営体数","110","農林業経営体_うち組織経営体","67108","旧御手洗村","2015000000","2015年","経営体","5"
"0010","経営体数","110","農林業経営体_うち組織経営体","67109","旧旭村","2015000000","2015年","経営体","4"
"0010","経営体数","110","農林業経営体_うち組織経営体","67110","旧郷村２－２","2015000000","2015年","経営体","2"
"0010","経営体数","110","農林業経営体_うち組織経営体","67111","旧中奥村","2015000000","2015年","経営体","1"
"0010","経営体数","110","農林業経営体_うち組織経営体","67112","旧林中村","2015000000","2015年","経営体","3"
"0010","経営体数","110","農林業経営体_うち組織経営体","67113","旧山島村","2015000000","2015年","経営体","2"
"0010","経営体数","110","農林業経営体_うち組織経営体","67114","旧湊村","2015000000","2015年","経営体","-"
"0010","経営体数","110","農林業経営体_うち組織経営体","67115","旧美川町","2015000000","2015年","経営体","1"
"0010","経営体数","110","農林業経営体_うち組織経営体","67116","旧蝶屋村","2015000000","2015年","経営体","8"
"0010","経営体数","110","農林業経営体_うち組織経営体","67117","旧鶴来町","2015000000","2015年","経営体","1"
"0010","経営体数","110","農林業経営体_うち組織経営体","67118","旧館畑村","2015000000","2015年","経営体","6"
"0010","経営体数","110","農林業経営体_うち組織経営体","67119","旧林村","2015000000","2015年","経営体","2"
"0010","経営体数","110","農林業経営体_うち組織経営体","67120","旧蔵山村","2015000000","2015年","経営体","3"
"0010","経営体数","110","農林業経営体_うち組織経営体","67121","旧河内村２－２","2015000000","2015年","経営体","2"
"0010","経営体数","110","農林業経営体_うち組織経営体","67122","旧河内村(河内村２－１)","2015000000","2015年","経営体","3"
"0010","経営体数","110","農林業経営体_うち組織経営体","67123","旧吉野谷村","2015000000","2015年","経営体","3"
"0010","経営体数","110","農林業経営体_うち組織経営体","67124","旧鳥越村","2015000000","2015年","経営体","5"
"0010","経営体数","110","農林業経営体_うち組織経営体","67125","旧尾口村","2015000000","2015年","経営体","-"
"0010","経営体数","110","農林業経営体_うち組織経営体","67126","旧白峰村","2015000000","2015年","経営体","2"
"0010","経営体数","110","農林業経営体_うち組織経営体","17211","能美市","2015000000","2015年","経営体","41"
"0010","経営体数","110","農林業経営体_うち組織経営体","67127","旧根上町","2015000000","2015年","経営体","7"
"0010","経営体数","110","農林業経営体_うち組織経営体","67128","旧吉田村２－１","2015000000","2015年","経営体","4"
"0010","経営体数","110","農林業経営体_うち組織経営体","67129","旧寺井野町","2015000000","2015年","経営体","9"
"0010","経営体数","110","農林業経営体_うち組織経営体","67130","旧粟生村","2015000000","2015年","経営体","5"
"0010","経営体数","110","農林業経営体_うち組織経営体","67131","旧吉田村２－２","2015000000","2015年","経営体","-"
"0010","経営体数","110","農林業経営体_うち組織経営体","67132","旧久常村２－２","2015000000","2015年","経営体","2"
"0010","経営体数","110","農林業経営体_うち組織経営体","67133","旧久常村２－１","2015000000","2015年","経営体","1"
"0010","経営体数","110","農林業経営体_うち組織経営体","67134","旧国府村２－２","2015000000","2015年","経営体","-"
"0010","経営体数","110","農林業経営体_うち組織経営体","67135","旧山上村","2015000000","2015年","経営体","13"
"0010","経営体数","110","農林業経営体_うち組織経営体","17212","野々市市","2015000000","2015年","経営体","3"
"0010","経営体数","110","農林業経営体_うち組織経営体","67136","旧野々市町","2015000000","2015年","経営体","-"
"0010","経営体数","110","農林業経営体_うち組織経営体","67137","旧郷村２－１","2015000000","2015年","経営体","-"
"0010","経営体数","110","農林業経営体_うち組織経営体","67138","旧富奥村","2015000000","2015年","経営体","3"
"0010","経営体数","110","農林業経営体_うち組織経営体","67139","旧押野村２－２","2015000000","2015年","経営体","-"
"0010","経営体数","110","農林業経営体_うち組織経営体","17324","川北町","2015000000","2015年","経営体","9"
"0010","経営体数","110","農林業経営体_うち組織経営体","17361","津幡町","2015000000","2015年","経営体","31"
"0010","経営体数","110","農林業経営体_うち組織経営体","67140","旧津幡町","2015000000","2015年","経営体","1"
"0010","経営体数","110","農林業経営体_うち組織経営体","67141","旧中條村","2015000000","2015年","経営体","2"
"0010","経営体数","110","農林業経営体_うち組織経営体","67142","旧井上村","2015000000","2015年","経営体","-"
"0010","経営体数","110","農林業経営体_うち組織経営体","67143","旧花園村２－２","2015000000","2015年","経営体","-"
"0010","経営体数","110","農林業経営体_うち組織経営体","67144","旧倶利伽羅村","2015000000","2015年","経営体","7"
"0010","経営体数","110","農林業経営体_うち組織経営体","67145","旧笠谷村","2015000000","2015年","経営体","8"
"0010","経営体数","110","農林業経営体_うち組織経営体","67146","旧英田村","2015000000","2015年","経営体","10"
"0010","経営体数","110","農林業経営体_うち組織経営体","67147","旧河合谷村","2015000000","2015年","経営体","3"
"0010","経営体数","110","農林業経営体_うち組織経営体","17365","内灘町","2015000000","2015年","経営体","5"
"0010","経営体数","110","農林業経営体_うち組織経営体","17384","志賀町","2015000000","2015年","経営体","38"
"0010","経営体数","110","農林業経営体_うち組織経営体","67148","旧高浜町","2015000000","2015年","経営体","1"
"0010","経営体数","110","農林業経営体_うち組織経営体","67149","旧上甘田村２－２","2015000000","2015年","経営体","-"
"0010","経営体数","110","農林業経営体_うち組織経営体","67150","旧中甘田村","2015000000","2015年","経営体","1"
"0010","経営体数","110","農林業経営体_うち組織経営体","67151","旧下甘田村２－１","2015000000","2015年","経営体","5"
"0010","経営体数","110","農林業経営体_うち組織経営体","67152","旧志加浦村","2015000000","2015年","経営体","1"
"0010","経営体数","110","農林業経営体_うち組織経営体","67153","旧堀松村","2015000000","2015年","経営体","5"
"0010","経営体数","110","農林業経営体_うち組織経営体","67154","旧加茂村","2015000000","2015年","経営体","1"
"0010","経営体数","110","農林業経営体_うち組織経営体","67155","旧土田村","2015000000","2015年","経営体","5"
"0010","経営体数","110","農林業経営体_うち組織経営体","67156","旧上熊野村","2015000000","2015年","経営体","2"
"0010","経営体数","110","農林業経営体_うち組織経営体","67157","旧富来町","2015000000","2015年","経営体","2"
"0010","経営体数","110","農林業経営体_うち組織経営体","67158","旧熊野村","2015000000","2015年","経営体","3"
"0010","経営体数","110","農林業経営体_うち組織経営体","67159","旧稗造村","2015000000","2015年","経営体","4"
"0010","経営体数","110","農林業経営体_うち組織経営体","67160","旧東増穂村","2015000000","2015年","経営体","6"
"0010","経営体数","110","農林業経営体_うち組織経営体","67161","旧西増穂村","2015000000","2015年","経営体","1"
"0010","経営体数","110","農林業経営体_うち組織経営体","67162","旧西海村","2015000000","2015年","経営体","-"
"0010","経営体数","110","農林業経営体_うち組織経営体","67163","旧西浦村","2015000000","2015年","経営体","1"
"0010","経営体数","110","農林業経営体_うち組織経営体","67164","旧福浦村","2015000000","2015年","経営体","-"
"0010","経営体数","110","農林業経営体_うち組織経営体","17386","宝達志水町","2015000000","2015年","経営体","20"
"0010","経営体数","110","農林業経営体_うち組織経営体","67165","旧志雄町","2015000000","2015年","経営体","7"
"0010","経営体数","110","農林業経営体_うち組織経営体","67166","旧柏崎村２－２","2015000000","2015年","経営体","1"
"0010","経営体数","110","農林業経営体_うち組織経営体","67167","旧北大海村","2015000000","2015年","経営体","4"
"0010","経営体数","110","農林業経営体_うち組織経営体","67168","旧北荘村","2015000000","2015年","経営体","2"
"0010","経営体数","110","農林業経営体_うち組織経営体","67169","旧中荘村","2015000000","2015年","経営体","2"
"0010","経営体数","110","農林業経営体_うち組織経営体","67170","旧末森村","2015000000","2015年","経営体","3"
"0010","経営体数","110","農林業経営体_うち組織経営体","67171","旧柏崎村２－１","2015000000","2015年","経営体","1"
"0010","経営体数","110","農林業経営体_うち組織経営体","17407","中能登町","2015000000","2015年","経営体","19"
"0010","経営体数","110","農林業経営体_うち組織経営体","67172","旧鳥屋町","2015000000","2015年","経営体","7"
"0010","経営体数","110","農林業経営体_うち組織経営体","67173","旧相馬村２－２","2015000000","2015年","経営体","1"
"0010","経営体数","110","農林業経営体_うち組織経営体","67174","旧越路町","2015000000","2015年","経営体","3"
"0010","経営体数","110","農林業経営体_うち組織経営体","67175","旧御祖村","2015000000","2015年","経営体","1"
"0010","経営体数","110","農林業経営体_うち組織経営体","67176","旧滝尾村","2015000000","2015年","経営体","1"
"0010","経営体数","110","農林業経営体_うち組織経営体","67177","旧久江村","2015000000","2015年","経営体","-"
"0010","経営体数","110","農林業経営体_うち組織経営体","67178","旧能登部町","2015000000","2015年","経営体","5"
"0010","経営体数","110","農林業経営体_うち組織経営体","67179","旧金丸村","2015000000","2015年","経営体","1"
"0010","経営体数","110","農林業経営体_うち組織経営体","17461","穴水町","2015000000","2015年","経営体","25"
"0010","経営体数","110","農林業経営体_うち組織経営体","67180","旧穴水町","2015000000","2015年","経営体","8"
"0010","経営体数","110","農林業経営体_うち組織経営体","67181","旧諸橋村","2015000000","2015年","経営体","5"
"0010","経営体数","110","農林業経営体_うち組織経営体","67182","旧兜村","2015000000","2015年","経営体","7"
"0010","経営体数","110","農林業経営体_うち組織経営体","67183","旧住吉村","2015000000","2015年","経営体","5"
"0010","経営体数","110","農林業経営体_うち組織経営体","17463","能登町","2015000000","2015年","経営体","36"
"0010","経営体数","110","農林業経営体_うち組織経営体","67184","旧宇出津町","2015000000","2015年","経営体","2"
"0010","経営体数","110","農林業経営体_うち組織経営体","67185","旧鵜川町","2015000000","2015年","経営体","7"
"0010","経営体数","110","農林業経営体_うち組織経営体","67186","旧神野村２－１","2015000000","2015年","経営体","3"
"0010","経営体数","110","農林業経営体_うち組織経営体","67187","旧三波村","2015000000","2015年","経営体","1"
"0010","経営体数","110","農林業経営体_うち組織経営体","67188","旧小木町２－１","2015000000","2015年","経営体","-"
"0010","経営体数","110","農林業経営体_うち組織経営体","67189","旧柳田村","2015000000","2015年","経営体","10"
"0010","経営体数","110","農林業経営体_うち組織経営体","67190","旧神野村２－２","2015000000","2015年","経営体","3"
"0010","経営体数","110","農林業経営体_うち組織経営体","67191","旧小木町２－２","2015000000","2015年","経営体","-"
"0010","経営体数","110","農林業経営体_うち組織経営体","67192","旧松波町","2015000000","2015年","経営体","10"
"0010","経営体数","110","農林業経営体_うち組織経営体","18000","福井県","2015000000","2015年","経営体","770"
"0010","経営体数","110","農林業経営体_うち組織経営体","18201","福井市","2015000000","2015年","経営体","153"
"0010","経営体数","110","農林業経営体_うち組織経営体","68001","旧福井市","2015000000","2015年","経営体","12"
"0010","経営体数","110","農林業経営体_うち組織経営体","68002","旧西藤島村","2015000000","2015年","経営体","5"
"0010","経営体数","110","農林業経営体_うち組織経営体","68003","旧西安居村","2015000000","2015年","経営体","2"
"0010","経営体数","110","農林業経営体_うち組織経営体","68004","旧社村","2015000000","2015年","経営体","11"
"0010","経営体数","110","農林業経営体_うち組織経営体","68005","旧中藤島村","2015000000","2015年","経営体","4"
"0010","経営体数","110","農林業経営体_うち組織経営体","68006","旧河合村","2015000000","2015年","経営体","6"
"0010","経営体数","110","農林業経営体_うち組織経営体","68007","旧六条村","2015000000","2015年","経営体","6"
"0010","経営体数","110","農林業経営体_うち組織経営体","68008","旧大安寺村","2015000000","2015年","経営体","5"
"0010","経営体数","110","農林業経営体_うち組織経営体","68009","旧麻生津村","2015000000","2015年","経営体","14"
"0010","経営体数","110","農林業経営体_うち組織経営体","68010","旧国見村","2015000000","2015年","経営体","-"
"0010","経営体数","110","農林業経営体_うち組織経営体","68011","旧岡保村","2015000000","2015年","経営体","11"
"0010","経営体数","110","農林業経営体_うち組織経営体","68012","旧東藤島村","2015000000","2015年","経営体","6"
"0010","経営体数","110","農林業経営体_うち組織経営体","68013","旧殿下村","2015000000","2015年","経営体","-"
"0010","経営体数","110","農林業経営体_うち組織経営体","68014","旧鶉村","2015000000","2015年","経営体","7"
"0010","経営体数","110","農林業経営体_うち組織経営体","68015","旧本郷村","2015000000","2015年","経営体","-"
"0010","経営体数","110","農林業経営体_うち組織経営体","68016","旧棗村","2015000000","2015年","経営体","4"
"0010","経営体数","110","農林業経営体_うち組織経営体","68017","旧鷹巣村","2015000000","2015年","経営体","2"
"0010","経営体数","110","農林業経営体_うち組織経営体","68018","旧浜四郷村２－２","2015000000","2015年","経営体","1"
"0010","経営体数","110","農林業経営体_うち組織経営体","68019","旧森田町","2015000000","2015年","経営体","3"
"0010","経営体数","110","農林業経営体_うち組織経営体","68020","旧酒生村","2015000000","2015年","経営体","5"
"0010","経営体数","110","農林業経営体_うち組織経営体","68021","旧一乗谷村","2015000000","2015年","経営体","-"
"0010","経営体数","110","農林業経営体_うち組織経営体","68022","旧東郷村","2015000000","2015年","経営体","6"
"0010","経営体数","110","農林業経営体_うち組織経営体","68023","旧上文殊村","2015000000","2015年","経営体","8"
"0010","経営体数","110","農林業経営体_うち組織経営体","68024","旧下文殊村","2015000000","2015年","経営体","4"
"0010","経営体数","110","農林業経営体_うち組織経営体","68025","旧羽生村","2015000000","2015年","経営体","1"
"0010","経営体数","110","農林業経営体_うち組織経営体","68026","旧芦見村","2015000000","2015年","経営体","-"
"0010","経営体数","110","農林業経営体_うち組織経営体","68027","旧上味見村","2015000000","2015年","経営体","1"
"0010","経営体数","110","農林業経営体_うち組織経営体","68028","旧下味見村","2015000000","2015年","経営体","-"
"0010","経営体数","110","農林業経営体_うち組織経営体","68029","旧上宇坂村","2015000000","2015年","経営体","2"
"0010","経営体数","110","農林業経営体_うち組織経営体","68030","旧下宇坂村","2015000000","2015年","経営体","1"
"0010","経営体数","110","農林業経営体_うち組織経営体","68031","旧越廼村","2015000000","2015年","経営体","-"
"0010","経営体数","110","農林業経営体_うち組織経営体","68032","旧下岬村","2015000000","2015年","経営体","-"
"0010","経営体数","110","農林業経営体_うち組織経営体","68033","旧志津村","2015000000","2015年","経営体","5"
"0010","経営体数","110","農林業経営体_うち組織経営体","68034","旧三方村","2015000000","2015年","経営体","7"
"0010","経営体数","110","農林業経営体_うち組織経営体","68035","旧天津村","2015000000","2015年","経営体","14"
"0010","経営体数","110","農林業経営体_うち組織経営体","18202","敦賀市","2015000000","2015年","経営体","13"
"0010","経営体数","110","農林業経営体_うち組織経営体","68036","旧敦賀市","2015000000","2015年","経営体","3"
"0010","経営体数","110","農林業経営体_うち組織経営体","68037","旧東浦村","2015000000","2015年","経営体","2"
"0010","経営体数","110","農林業経営体_うち組織経営体","68038","旧東郷村","2015000000","2015年","経営体","3"
"0010","経営体数","110","農林業経営体_うち組織経営体","68039","旧中郷村","2015000000","2015年","経営体","1"
"0010","経営体数","110","農林業経営体_うち組織経営体","68040","旧愛発村","2015000000","2015年","経営体","1"
"0010","経営体数","110","農林業経営体_うち組織経営体","68041","旧粟野村","2015000000","2015年","経営体","3"
"0010","経営体数","110","農林業経営体_うち組織経営体","18204","小浜市","2015000000","2015年","経営体","24"
"0010","経営体数","110","農林業経営体_うち組織経営体","68042","旧小浜町","2015000000","2015年","経営体","1"
"0010","経営体数","110","農林業経営体_うち組織経営体","68043","旧内外海村","2015000000","2015年","経営体","-"
"0010","経営体数","110","農林業経営体_うち組織経営体","68044","旧国富村","2015000000","2015年","経営体","4"
"0010","経営体数","110","農林業経営体_うち組織経営体","68045","旧遠敷村","2015000000","2015年","経営体","2"
"0010","経営体数","110","農林業経営体_うち組織経営体","68046","旧今富村","2015000000","2015年","経営体","3"
"0010","経営体数","110","農林業経営体_うち組織経営体","68047","旧松永村","2015000000","2015年","経営体","3"
"0010","経営体数","110","農林業経営体_うち組織経営体","68048","旧口名田村","2015000000","2015年","経営体","2"
"0010","経営体数","110","農林業経営体_うち組織経営体","68049","旧中名田村","2015000000","2015年","経営体","-"
"0010","経営体数","110","農林業経営体_うち組織経営体","68050","旧宮川村","2015000000","2015年","経営体","8"
"0010","経営体数","110","農林業経営体_うち組織経営体","68051","旧加斗村２－１","2015000000","2015年","経営体","1"
"0010","経営体数","110","農林業経営体_うち組織経営体","18205","大野市","2015000000","2015年","経営体","66"
"0010","経営体数","110","農林業経営体_うち組織経営体","68052","旧大野町","2015000000","2015年","経営体","2"
"0010","経営体数","110","農林業経営体_うち組織経営体","68053","旧小山村","2015000000","2015年","経営体","9"
"0010","経営体数","110","農林業経営体_うち組織経営体","68054","旧乾側村","2015000000","2015年","経営体","2"
"0010","経営体数","110","農林業経営体_うち組織経営体","68055","旧下庄町","2015000000","2015年","経営体","11"
"0010","経営体数","110","農林業経営体_うち組織経営体","68056","旧上庄村","2015000000","2015年","経営体","22"
"0010","経営体数","110","農林業経営体_うち組織経営体","68057","旧五箇村","2015000000","2015年","経営体","-"
"0010","経営体数","110","農林業経営体_うち組織経営体","68058","旧阪谷村","2015000000","2015年","経営体","7"
"0010","経営体数","110","農林業経営体_うち組織経営体","68059","旧富田村","2015000000","2015年","経営体","11"
"0010","経営体数","110","農林業経営体_うち組織経営体","68060","旧和泉村","2015000000","2015年","経営体","2"
"0010","経営体数","110","農林業経営体_うち組織経営体","18206","勝山市","2015000000","2015年","経営体","37"
"0010","経営体数","110","農林業経営体_うち組織経営体","68061","旧勝山町","2015000000","2015年","経営体","5"
"0010","経営体数","110","農林業経営体_うち組織経営体","68062","旧平泉寺村","2015000000","2015年","経営体","5"
"0010","経営体数","110","農林業経営体_うち組織経営体","68063","旧村岡村","2015000000","2015年","経営体","4"
"0010","経営体数","110","農林業経営体_うち組織経営体","68064","旧北谷村","2015000000","2015年","経営体","1"
"0010","経営体数","110","農林業経営体_うち組織経営体","68065","旧野向村","2015000000","2015年","経営体","4"
"0010","経営体数","110","農林業経営体_うち組織経営体","68066","旧荒土村","2015000000","2015年","経営体","5"
"0010","経営体数","110","農林業経営体_うち組織経営体","68067","旧北郷村","2015000000","2015年","経営体","1"
"0010","経営体数","110","農林業経営体_うち組織経営体","68068","旧鹿谷村","2015000000","2015年","経営体","11"
"0010","経営体数","110","農林業経営体_うち組織経営体","68069","旧遅羽村","2015000000","2015年","経営体","1"
"0010","経営体数","110","農林業経営体_うち組織経営体","18207","鯖江市","2015000000","2015年","経営体","36"
"0010","経営体数","110","農林業経営体_うち組織経営体","68070","旧鯖江町","2015000000","2015年","経営体","4"
"0010","経営体数","110","農林業経営体_うち組織経営体","68071","旧神明町","2015000000","2015年","経営体","2"
"0010","経営体数","110","農林業経営体_うち組織経営体","68072","旧中河村","2015000000","2015年","経営体","10"
"0010","経営体数","110","農林業経営体_うち組織経営体","68073","旧片上村","2015000000","2015年","経営体","4"
"0010","経営体数","110","農林業経営体_うち組織経営体","68074","旧立待村","2015000000","2015年","経営体","5"
"0010","経営体数","110","農林業経営体_うち組織経営体","68075","旧吉川村","2015000000","2015年","経営体","2"
"0010","経営体数","110","農林業経営体_うち組織経営体","68076","旧豊村","2015000000","2015年","経営体","6"
"0010","経営体数","110","農林業経営体_うち組織経営体","68077","旧北中山村２－１","2015000000","2015年","経営体","2"
"0010","経営体数","110","農林業経営体_うち組織経営体","68078","旧河和田村","2015000000","2015年","経営体","1"
"0010","経営体数","110","農林業経営体_うち組織経営体","18208","あわら市","2015000000","2015年","経営体","58"
"0010","経営体数","110","農林業経営体_うち組織経営体","68079","旧金津町","2015000000","2015年","経営体","3"
"0010","経営体数","110","農林業経営体_うち組織経営体","68080","旧細呂木村","2015000000","2015年","経営体","12"
"0010","経営体数","110","農林業経営体_うち組織経営体","68081","旧坪江村２－１","2015000000","2015年","経営体","8"
"0010","経営体数","110","農林業経営体_うち組織経営体","68082","旧剱岳村","2015000000","2015年","経営体","6"
"0010","経営体数","110","農林業経営体_うち組織経営体","68083","旧伊井村","2015000000","2015年","経営体","7"
"0010","経営体数","110","農林業経営体_うち組織経営体","68084","旧吉崎村","2015000000","2015年","経営体","-"
"0010","経営体数","110","農林業経営体_うち組織経営体","68085","旧本荘村３－３","2015000000","2015年","経営体","-"
"0010","経営体数","110","農林業経営体_うち組織経営体","68086","旧芦原町","2015000000","2015年","経営体","7"
"0010","経営体数","110","農林業経営体_うち組織経営体","68087","旧本荘村３－１","2015000000","2015年","経営体","11"
"0010","経営体数","110","農林業経営体_うち組織経営体","68088","旧北潟村","2015000000","2015年","経営体","4"
"0010","経営体数","110","農林業経営体_うち組織経営体","18209","越前市","2015000000","2015年","経営体","78"
"0010","経営体数","110","農林業経営体_うち組織経営体","68089","旧武生市","2015000000","2015年","経営体","15"
"0010","経営体数","110","農林業経営体_うち組織経営体","68090","旧国高村","2015000000","2015年","経営体","2"
"0010","経営体数","110","農林業経営体_うち組織経営体","68091","旧大虫村","2015000000","2015年","経営体","3"
"0010","経営体数","110","農林業経営体_うち組織経営体","68092","旧坂口村","2015000000","2015年","経営体","2"
"0010","経営体数","110","農林業経営体_うち組織経営体","68093","旧王子保村","2015000000","2015年","経営体","10"
"0010","経営体数","110","農林業経営体_うち組織経営体","68094","旧北新庄村２－１","2015000000","2015年","経営体","6"
"0010","経営体数","110","農林業経営体_うち組織経営体","68095","旧北日野村","2015000000","2015年","経営体","12"
"0010","経営体数","110","農林業経営体_うち組織経営体","68096","旧味真野村","2015000000","2015年","経営体","9"
"0010","経営体数","110","農林業経営体_うち組織経営体","68097","旧白山村","2015000000","2015年","経営体","7"
"0010","経営体数","110","農林業経営体_うち組織経営体","68098","旧粟田部町","2015000000","2015年","経営体","1"
"0010","経営体数","110","農林業経営体_うち組織経営体","68099","旧岡本村","2015000000","2015年","経営体","1"
"0010","経営体数","110","農林業経営体_うち組織経営体","68100","旧服間村","2015000000","2015年","経営体","3"
"0010","経営体数","110","農林業経営体_うち組織経営体","68101","旧南中山村","2015000000","2015年","経営体","5"
"0010","経営体数","110","農林業経営体_うち組織経営体","68102","旧北新庄村２－２","2015000000","2015年","経営体","1"
"0010","経営体数","110","農林業経営体_うち組織経営体","68103","旧北中山村２－２","2015000000","2015年","経営体","1"
"0010","経営体数","110","農林業経営体_うち組織経営体","18210","坂井市","2015000000","2015年","経営体","119"
"0010","経営体数","110","農林業経営体_うち組織経営体","68104","旧三国町","2015000000","2015年","経営体","-"
"0010","経営体数","110","農林業経営体_うち組織経営体","68105","旧新保村","2015000000","2015年","経営体","-"
"0010","経営体数","110","農林業経営体_うち組織経営体","68106","旧雄島村","2015000000","2015年","経営体","1"
"0010","経営体数","110","農林業経営体_うち組織経営体","68107","旧加戸村","2015000000","2015年","経営体","9"
"0010","経営体数","110","農林業経営体_うち組織経営体","68108","旧木部村２－２","2015000000","2015年","経営体","10"
"0010","経営体数","110","農林業経営体_うち組織経営体","68109","旧本荘村３－２","2015000000","2015年","経営体","2"
"0010","経営体数","110","農林業経営体_うち組織経営体","68110","旧浜四郷村２－１","2015000000","2015年","経営体","6"
"0010","経営体数","110","農林業経営体_うち組織経営体","68111","旧丸岡町","2015000000","2015年","経営体","-"
"0010","経営体数","110","農林業経営体_うち組織経営体","68112","旧坪江村２－２","2015000000","2015年","経営体","2"
"0010","経営体数","110","農林業経営体_うち組織経営体","68113","旧磯部村２－１","2015000000","2015年","経営体","3"
"0010","経営体数","110","農林業経営体_うち組織経営体","68114","旧鳴鹿村２－１","2015000000","2015年","経営体","2"
"0010","経営体数","110","農林業経営体_うち組織経営体","68115","旧竹田村","2015000000","2015年","経営体","1"
"0010","経営体数","110","農林業経営体_うち組織経営体","68116","旧長畝村","2015000000","2015年","経営体","3"
"0010","経営体数","110","農林業経営体_うち組織経営体","68117","旧高椋村","2015000000","2015年","経営体","11"
"0010","経営体数","110","農林業経営体_うち組織経営体","68118","旧春江町","2015000000","2015年","経営体","18"
"0010","経営体数","110","農林業経営体_うち組織経営体","68119","旧大石村","2015000000","2015年","経営体","10"
"0010","経営体数","110","農林業経営体_うち組織経営体","68120","旧磯部村２－２","2015000000","2015年","経営体","1"
"0010","経営体数","110","農林業経営体_うち組織経営体","68121","旧東十郷村","2015000000","2015年","経営体","15"
"0010","経営体数","110","農林業経営体_うち組織経営体","68122","旧大関村","2015000000","2015年","経営体","12"
"0010","経営体数","110","農林業経営体_うち組織経営体","68123","旧木部村２－１","2015000000","2015年","経営体","8"
"0010","経営体数","110","農林業経営体_うち組織経営体","68124","旧兵庫村","2015000000","2015年","経営体","5"
"0010","経営体数","110","農林業経営体_うち組織経営体","18322","永平寺町","2015000000","2015年","経営体","20"
"0010","経営体数","110","農林業経営体_うち組織経営体","68125","旧松岡町","2015000000","2015年","経営体","-"
"0010","経営体数","110","農林業経営体_うち組織経営体","68126","旧五領ヶ島村","2015000000","2015年","経営体","3"
"0010","経営体数","110","農林業経営体_うち組織経営体","68127","旧吉野村","2015000000","2015年","経営体","2"
"0010","経営体数","110","農林業経営体_うち組織経営体","68128","旧下志比村２－２","2015000000","2015年","経営体","-"
"0010","経営体数","110","農林業経営体_うち組織経営体","68129","旧志比谷村","2015000000","2015年","経営体","4"
"0010","経営体数","110","農林業経営体_うち組織経営体","68130","旧浄法寺村","2015000000","2015年","経営体","3"
"0010","経営体数","110","農林業経営体_うち組織経営体","68131","旧下志比村２－１","2015000000","2015年","経営体","4"
"0010","経営体数","110","農林業経営体_うち組織経営体","68132","旧鳴鹿村２－２","2015000000","2015年","経営体","-"
"0010","経営体数","110","農林業経営体_うち組織経営体","68133","旧上志比村","2015000000","2015年","経営体","4"
"0010","経営体数","110","農林業経営体_うち組織経営体","18382","池田町","2015000000","2015年","経営体","22"
"0010","経営体数","110","農林業経営体_うち組織経営体","68134","旧上池田村","2015000000","2015年","経営体","19"
"0010","経営体数","110","農林業経営体_うち組織経営体","68135","旧下池田村","2015000000","2015年","経営体","3"
"0010","経営体数","110","農林業経営体_うち組織経営体","18404","南越前町","2015000000","2015年","経営体","29"
"0010","経営体数","110","農林業経営体_うち組織経営体","68136","旧南日野村","2015000000","2015年","経営体","6"
"0010","経営体数","110","農林業経営体_うち組織経営体","68137","旧北杣山村","2015000000","2015年","経営体","2"
"0010","経営体数","110","農林業経営体_うち組織経営体","68138","旧南杣山村","2015000000","2015年","経営体","1"
"0010","経営体数","110","農林業経営体_うち組織経営体","68139","旧湯尾村","2015000000","2015年","経営体","6"
"0010","経営体数","110","農林業経営体_うち組織経営体","68140","旧鹿蒜村","2015000000","2015年","経営体","2"
"0010","経営体数","110","農林業経営体_うち組織経営体","68141","旧今庄村","2015000000","2015年","経営体","3"
"0010","経営体数","110","農林業経営体_うち組織経営体","68142","旧宅良村","2015000000","2015年","経営体","6"
"0010","経営体数","110","農林業経営体_うち組織経営体","68143","旧堺村","2015000000","2015年","経営体","3"
"0010","経営体数","110","農林業経営体_うち組織経営体","68144","旧河野村","2015000000","2015年","経営体","-"
"0010","経営体数","110","農林業経営体_うち組織経営体","18423","越前町","2015000000","2015年","経営体","31"
"0010","経営体数","110","農林業経営体_うち組織経営体","68145","旧朝日町","2015000000","2015年","経営体","12"
"0010","経営体数","110","農林業経営体_うち組織経営体","68146","旧常磐村２－１","2015000000","2015年","経営体","2"
"0010","経営体数","110","農林業経営体_うち組織経営体","68147","旧糸生村","2015000000","2015年","経営体","6"
"0010","経営体数","110","農林業経営体_うち組織経営体","68148","旧宮崎村","2015000000","2015年","経営体","7"
"0010","経営体数","110","農林業経営体_うち組織経営体","68149","旧四ヶ浦町","2015000000","2015年","経営体","-"
"0010","経営体数","110","農林業経営体_うち組織経営体","68150","旧城崎村","2015000000","2015年","経営体","-"
"0010","経営体数","110","農林業経営体_うち組織経営体","68151","旧織田村","2015000000","2015年","経営体","3"
"0010","経営体数","110","農林業経営体_うち組織経営体","68152","旧萩野村","2015000000","2015年","経営体","1"
"0010","経営体数","110","農林業経営体_うち組織経営体","68153","旧常磐村２－２","2015000000","2015年","経営体","-"
"0010","経営体数","110","農林業経営体_うち組織経営体","18442","美浜町","2015000000","2015年","経営体","12"
"0010","経営体数","110","農林業経営体_うち組織経営体","68154","旧山東村","2015000000","2015年","経営体","3"
"0010","経営体数","110","農林業経営体_うち組織経営体","68155","旧耳村","2015000000","2015年","経営体","5"
"0010","経営体数","110","農林業経営体_うち組織経営体","68156","旧南西郷村","2015000000","2015年","経営体","4"
"0010","経営体数","110","農林業経営体_うち組織経営体","68157","旧北西郷村","2015000000","2015年","経営体","-"
"0010","経営体数","110","農林業経営体_うち組織経営体","18481","高浜町","2015000000","2015年","経営体","8"
"0010","経営体数","110","農林業経営体_うち組織経営体","68158","旧高浜町","2015000000","2015年","経営体","-"
"0010","経営体数","110","農林業経営体_うち組織経営体","68159","旧和田村","2015000000","2015年","経営体","1"
"0010","経営体数","110","農林業経営体_うち組織経営体","68160","旧青郷村","2015000000","2015年","経営体","3"
"0010","経営体数","110","農林業経営体_うち組織経営体","68161","旧内浦村","2015000000","2015年","経営体","4"
"0010","経営体数","110","農林業経営体_うち組織経営体","18483","おおい町","2015000000","2015年","経営体","21"
"0010","経営体数","110","農林業経営体_うち組織経営体","68162","旧知三村","2015000000","2015年","経営体","2"
"0010","経営体数","110","農林業経営体_うち組織経営体","68163","旧奥名田村","2015000000","2015年","経営体","7"
"0010","経営体数","110","農林業経営体_うち組織経営体","68164","旧佐分利村","2015000000","2015年","経営体","5"
"0010","経営体数","110","農林業経営体_うち組織経営体","68165","旧本郷村","2015000000","2015年","経営体","7"
"0010","経営体数","110","農林業経営体_うち組織経営体","68166","旧大島村","2015000000","2015年","経営体","-"
"0010","経営体数","110","農林業経営体_うち組織経営体","68167","旧加斗村２－２","2015000000","2015年","経営体","-"
"0010","経営体数","110","農林業経営体_うち組織経営体","18501","若狭町","2015000000","2015年","経営体","43"
"0010","経営体数","110","農林業経営体_うち組織経営体","68168","旧西田村","2015000000","2015年","経営体","2"
"0010","経営体数","110","農林業経営体_うち組織経営体","68169","旧八村","2015000000","2015年","経営体","11"
"0010","経営体数","110","農林業経営体_うち組織経営体","68170","旧十村","2015000000","2015年","経営体","8"
"0010","経営体数","110","農林業経営体_うち組織経営体","68171","旧鳥羽村","2015000000","2015年","経営体","4"
"0010","経営体数","110","農林業経営体_うち組織経営体","68172","旧野木村","2015000000","2015年","経営体","2"
"0010","経営体数","110","農林業経営体_うち組織経営体","68173","旧瓜生村","2015000000","2015年","経営体","8"
"0010","経営体数","110","農林業経営体_うち組織経営体","68174","旧三宅村","2015000000","2015年","経営体","8"
"0010","経営体数","110","農林業経営体_うち組織経営体","68175","旧熊川村","2015000000","2015年","経営体","-"
"0010","経営体数","120","農業経営体","15000","新潟県","2015000000","2015年","経営体","56114"
"0010","経営体数","120","農業経営体","15100","新潟市","2015000000","2015年","経営体","8461"
"0010","経営体数","120","農業経営体","15101","北区","2015000000","2015年","経営体","1291"
"0010","経営体数","120","農業経営体","65001","旧松ヶ崎浜村２－１","2015000000","2015年","経営体","-"
"0010","経営体数","120","農業経営体","65002","旧濁川村","2015000000","2015年","経営体","76"
"0010","経営体数","120","農業経営体","65003","旧南浜村","2015000000","2015年","経営体","87"
"0010","経営体数","120","農業経営体","65004","旧木崎村２－２","2015000000","2015年","経営体","19"
"0010","経営体数","120","農業経営体","65005","旧葛塚町","2015000000","2015年","経営体","217"
"0010","経営体数","120","農業経営体","65006","旧木崎村２－１","2015000000","2015年","経営体","280"
"0010","経営体数","120","農業経営体","65007","旧岡方村","2015000000","2015年","経営体","275"
"0010","経営体数","120","農業経営体","65008","旧長浦村","2015000000","2015年","経営体","337"
"0010","経営体数","120","農業経営体","15102","東区","2015000000","2015年","経営体","217"
"0010","経営体数","120","農業経営体","65009","旧新潟市２－１","2015000000","2015年","経営体","-"
"0010","経営体数","120","農業経営体","65010","旧石山村２－１","2015000000","2015年","経営体","82"
"0010","経営体数","120","農業経営体","65011","旧大形村","2015000000","2015年","経営体","117"
"0010","経営体数","120","農業経営体","65012","旧松ヶ崎浜村２－２","2015000000","2015年","経営体","18"
"0010","経営体数","120","農業経営体","15103","中央区","2015000000","2015年","経営体","144"
"0010","経営体数","120","農業経営体","65013","旧新潟市２－２","2015000000","2015年","経営体","2"
"0010","経営体数","120","農業経営体","65014","旧石山村２－２","2015000000","2015年","経営体","76"
"0010","経営体数","120","農業経営体","65015","旧鳥屋野村","2015000000","2015年","経営体","64"
"0010","経営体数","120","農業経営体","65016","旧曽野木村２－１－１","2015000000","2015年","経営体","2"
"0010","経営体数","120","農業経営体","15104","江南区","2015000000","2015年","経営体","1149"
"0010","経営体数","120","農業経営体","65017","旧大江山村","2015000000","2015年","経営体","202"
"0010","経営体数","120","農業経営体","65018","旧曽野木村２－１－２","2015000000","2015年","経営体","192"
"0010","経営体数","120","農業経営体","65019","旧両川村","2015000000","2015年","経営体","155"
"0010","経営体数","120","農業経営体","65020","旧横越町","2015000000","2015年","経営体","384"
"0010","経営体数","120","農業経営体","65021","旧亀田町","2015000000","2015年","経営体","216"
"0010","経営体数","120","農業経営体","15105","秋葉区","2015000000","2015年","経営体","1072"
"0010","経営体数","120","農業経営体","65022","旧新津町","2015000000","2015年","経営体","428"
"0010","経営体数","120","農業経営体","65023","旧金津村","2015000000","2015年","経営体","85"
"0010","経営体数","120","農業経営体","65024","旧小合村","2015000000","2015年","経営体","282"
"0010","経営体数","120","農業経営体","65025","旧新関村２－１","2015000000","2015年","経営体","79"
"0010","経営体数","120","農業経営体","65026","旧小須戸町","2015000000","2015年","経営体","198"
"0010","経営体数","120","農業経営体","15106","南区","2015000000","2015年","経営体","1590"
"0010","経営体数","120","農業経営体","65027","旧白根町","2015000000","2015年","経営体","65"
"0010","経営体数","120","農業経営体","65028","旧須田村２－２","2015000000","2015年","経営体","11"
"0010","経営体数","120","農業経営体","65029","旧新飯田村","2015000000","2015年","経営体","73"
"0010","経営体数","120","農業経営体","65030","旧庄瀬村","2015000000","2015年","経営体","210"
"0010","経営体数","120","農業経営体","65031","旧小林村","2015000000","2015年","経営体","127"
"0010","経営体数","120","農業経営体","65032","旧臼井村","2015000000","2015年","経営体","131"
"0010","経営体数","120","農業経営体","65033","旧鷲巻村","2015000000","2015年","経営体","167"
"0010","経営体数","120","農業経営体","65034","旧大郷村","2015000000","2015年","経営体","186"
"0010","経営体数","120","農業経営体","65035","旧根岸村","2015000000","2015年","経営体","115"
"0010","経営体数","120","農業経営体","65036","旧茨曽根村","2015000000","2015年","経営体","142"
"0010","経営体数","120","農業経営体","65037","旧曽野木村２－１－３","2015000000","2015年","経営体","-"
"0010","経営体数","120","農業経営体","65038","旧曽野木村２－２","2015000000","2015年","経営体","-"
"0010","経営体数","120","農業経営体","65039","旧味方村","2015000000","2015年","経営体","193"
"0010","経営体数","120","農業経営体","65040","旧月潟村","2015000000","2015年","経営体","170"
"0010","経営体数","120","農業経営体","15107","西区","2015000000","2015年","経営体","1071"
"0010","経営体数","120","農業経営体","65041","旧坂井輪村","2015000000","2015年","経営体","189"
"0010","経営体数","120","農業経営体","65042","旧内野町","2015000000","2015年","経営体","71"
"0010","経営体数","120","農業経営体","65043","旧赤塚村","2015000000","2015年","経営体","200"
"0010","経営体数","120","農業経営体","65044","旧中野小屋村","2015000000","2015年","経営体","250"
"0010","経営体数","120","農業経営体","65045","旧黒埼町","2015000000","2015年","経営体","352"
"0010","経営体数","120","農業経営体","65046","旧角田村２－１","2015000000","2015年","経営体","9"
"0010","経営体数","120","農業経営体","15108","西蒲区","2015000000","2015年","経営体","1927"
"0010","経営体数","120","農業経営体","65047","旧岩室村","2015000000","2015年","経営体","167"
"0010","経営体数","120","農業経営体","65048","旧間瀬村","2015000000","2015年","経営体","-"
"0010","経営体数","120","農業経営体","65049","旧和納村３－１","2015000000","2015年","経営体","64"
"0010","経営体数","120","農業経営体","65050","旧鎧郷村２－１","2015000000","2015年","経営体","143"
"0010","経営体数","120","農業経営体","65051","旧曽根町","2015000000","2015年","経営体","97"
"0010","経営体数","120","農業経営体","65052","旧升潟村","2015000000","2015年","経営体","146"
"0010","経営体数","120","農業経営体","65053","旧四ツ合村２－２","2015000000","2015年","経営体","2"
"0010","経営体数","120","農業経営体","65054","旧四ツ合村２－１","2015000000","2015年","経営体","216"
"0010","経営体数","120","農業経営体","65055","旧大原村","2015000000","2015年","経営体","150"
"0010","経営体数","120","農業経営体","65056","旧小吉村","2015000000","2015年","経営体","138"
"0010","経営体数","120","農業経営体","65057","旧道上村","2015000000","2015年","経営体","117"
"0010","経営体数","120","農業経営体","65058","旧松長村２－２","2015000000","2015年","経営体","32"
"0010","経営体数","120","農業経営体","65059","旧巻町","2015000000","2015年","経営体","83"
"0010","経営体数","120","農業経営体","65060","旧鎧郷村２－２","2015000000","2015年","経営体","40"
"0010","経営体数","120","農業経営体","65061","旧漆山村","2015000000","2015年","経営体","225"
"0010","経営体数","120","農業経営体","65062","旧峰岡村","2015000000","2015年","経営体","174"
"0010","経営体数","120","農業経営体","65063","旧松野尾村","2015000000","2015年","経営体","76"
"0010","経営体数","120","農業経営体","65064","旧角田村２－２","2015000000","2015年","経営体","28"
"0010","経営体数","120","農業経営体","65065","旧浦浜村","2015000000","2015年","経営体","-"
"0010","経営体数","120","農業経営体","65066","旧和納村３－３","2015000000","2015年","経営体","29"
"0010","経営体数","120","農業経営体","15202","長岡市","2015000000","2015年","経営体","5197"
"0010","経営体数","120","農業経営体","65067","旧長岡市","2015000000","2015年","経営体","99"
"0010","経営体数","120","農業経営体","65068","旧下川西村","2015000000","2015年","経営体","161"
"0010","経営体数","120","農業経営体","65069","旧黒条村","2015000000","2015年","経営体","150"
"0010","経営体数","120","農業経営体","65070","旧栖吉村","2015000000","2015年","経営体","81"
"0010","経営体数","120","農業経営体","65071","旧山本村","2015000000","2015年","経営体","134"
"0010","経営体数","120","農業経営体","65072","旧富曽亀村","2015000000","2015年","経営体","70"
"0010","経営体数","120","農業経営体","65073","旧新組村２－１","2015000000","2015年","経営体","113"
"0010","経営体数","120","農業経営体","65074","旧上川西村","2015000000","2015年","経営体","78"
"0010","経営体数","120","農業経営体","65075","旧福戸村","2015000000","2015年","経営体","77"
"0010","経営体数","120","農業経営体","65076","旧王寺川村","2015000000","2015年","経営体","43"
"0010","経営体数","120","農業経営体","65077","旧日越村","2015000000","2015年","経営体","103"
"0010","経営体数","120","農業経営体","65078","旧深才村","2015000000","2015年","経営体","99"
"0010","経営体数","120","農業経営体","65079","旧宮内町","2015000000","2015年","経営体","228"
"0010","経営体数","120","農業経営体","65080","旧十日町村","2015000000","2015年","経営体","110"
"0010","経営体数","120","農業経営体","65081","旧六日市村２－１","2015000000","2015年","経営体","65"
"0010","経営体数","120","農業経営体","65082","旧太田村２－１","2015000000","2015年","経営体","3"
"0010","経営体数","120","農業経営体","65083","旧関原町","2015000000","2015年","経営体","33"
"0010","経営体数","120","農業経営体","65084","旧日吉村２－２","2015000000","2015年","経営体","6"
"0010","経営体数","120","農業経営体","65085","旧黒川村２－２","2015000000","2015年","経営体","27"
"0010","経営体数","120","農業経営体","65086","旧宮本村","2015000000","2015年","経営体","31"
"0010","経営体数","120","農業経営体","65087","旧大積村","2015000000","2015年","経営体","41"
"0010","経営体数","120","農業経営体","65088","旧中之島町","2015000000","2015年","経営体","644"
"0010","経営体数","120","農業経営体","65089","旧来迎寺村","2015000000","2015年","経営体","168"
"0010","経営体数","120","農業経営体","65090","旧石津村","2015000000","2015年","経営体","39"
"0010","経営体数","120","農業経営体","65091","旧塚山村","2015000000","2015年","経営体","57"
"0010","経営体数","120","農業経営体","65092","旧千谷沢村２－１","2015000000","2015年","経営体","8"
"0010","経営体数","120","農業経営体","65093","旧岩塚村","2015000000","2015年","経営体","52"
"0010","経営体数","120","農業経営体","65094","旧脇野町","2015000000","2015年","経営体","88"
"0010","経営体数","120","農業経営体","65095","旧大津村２－１","2015000000","2015年","経営体","52"
"0010","経営体数","120","農業経営体","65096","旧日吉村２－１","2015000000","2015年","経営体","40"
"0010","経営体数","120","農業経営体","65097","旧種苧原村","2015000000","2015年","経営体","54"
"0010","経営体数","120","農業経営体","65098","旧太田村２－２","2015000000","2015年","経営体","25"
"0010","経営体数","120","農業経営体","65099","旧竹沢村","2015000000","2015年","経営体","19"
"0010","経営体数","120","農業経営体","65100","旧東竹沢村２－１","2015000000","2015年","経営体","15"
"0010","経営体数","120","農業経営体","65101","旧仙田村３－２","2015000000","2015年","経営体","8"
"0010","経営体数","120","農業経営体","65102","旧上小国村","2015000000","2015年","経営体","188"
"0010","経営体数","120","農業経営体","65103","旧小国村","2015000000","2015年","経営体","134"
"0010","経営体数","120","農業経営体","65104","旧山横沢村","2015000000","2015年","経営体","10"
"0010","経営体数","120","農業経営体","65105","旧千谷沢村２－２","2015000000","2015年","経営体","13"
"0010","経営体数","120","農業経営体","65106","旧桐島村","2015000000","2015年","経営体","39"
"0010","経営体数","120","農業経営体","65107","旧島田村","2015000000","2015年","経営体","117"
"0010","経営体数","120","農業経営体","65108","旧西越村２－２","2015000000","2015年","経営体","14"
"0010","経営体数","120","農業経営体","65109","旧寺泊町","2015000000","2015年","経営体","197"
"0010","経営体数","120","農業経営体","65110","旧大河津村３－１","2015000000","2015年","経営体","235"
"0010","経営体数","120","農業経営体","65111","旧栃尾町","2015000000","2015年","経営体","23"
"0010","経営体数","120","農業経営体","65112","旧上北谷村２－２","2015000000","2015年","経営体","34"
"0010","経営体数","120","農業経営体","65113","旧下塩谷村","2015000000","2015年","経営体","227"
"0010","経営体数","120","農業経営体","65114","旧上塩谷村","2015000000","2015年","経営体","136"
"0010","経営体数","120","農業経営体","65115","旧東谷村","2015000000","2015年","経営体","114"
"0010","経営体数","120","農業経営体","65116","旧入東谷村","2015000000","2015年","経営体","63"
"0010","経営体数","120","農業経営体","65117","旧荷頃村","2015000000","2015年","経営体","103"
"0010","経営体数","120","農業経営体","65118","旧西谷村","2015000000","2015年","経営体","52"
"0010","経営体数","120","農業経営体","65119","旧中野俣村","2015000000","2015年","経営体","55"
"0010","経営体数","120","農業経営体","65120","旧半蔵金村","2015000000","2015年","経営体","18"
"0010","経営体数","120","農業経営体","65121","旧与板町","2015000000","2015年","経営体","59"
"0010","経営体数","120","農業経営体","65122","旧大河津村３－３","2015000000","2015年","経営体","18"
"0010","経営体数","120","農業経営体","65123","旧黒川村２－１","2015000000","2015年","経営体","50"
"0010","経営体数","120","農業経営体","65124","旧大津村２－２","2015000000","2015年","経営体","36"
"0010","経営体数","120","農業経営体","65125","旧川口村","2015000000","2015年","経営体","197"
"0010","経営体数","120","農業経営体","65126","旧東山村２－２","2015000000","2015年","経営体","7"
"0010","経営体数","120","農業経営体","65127","旧田麦山村","2015000000","2015年","経営体","37"
"0010","経営体数","120","農業経営体","15204","三条市","2015000000","2015年","経営体","2484"
"0010","経営体数","120","農業経営体","65128","旧三条市","2015000000","2015年","経営体","149"
"0010","経営体数","120","農業経営体","65129","旧井栗村","2015000000","2015年","経営体","246"
"0010","経営体数","120","農業経営体","65130","旧大崎村","2015000000","2015年","経営体","208"
"0010","経営体数","120","農業経営体","65131","旧本成寺村","2015000000","2015年","経営体","231"
"0010","経営体数","120","農業経営体","65132","旧大島村２－１","2015000000","2015年","経営体","186"
"0010","経営体数","120","農業経営体","65133","旧福島村","2015000000","2015年","経営体","259"
"0010","経営体数","120","農業経営体","65134","旧大面村","2015000000","2015年","経営体","234"
"0010","経営体数","120","農業経営体","65135","旧長沢村","2015000000","2015年","経営体","433"
"0010","経営体数","120","農業経営体","65136","旧森町村","2015000000","2015年","経営体","278"
"0010","経営体数","120","農業経営体","65137","旧鹿峠村","2015000000","2015年","経営体","260"
"0010","経営体数","120","農業経営体","15205","柏崎市","2015000000","2015年","経営体","1452"
"0010","経営体数","120","農業経営体","65138","旧柏崎市","2015000000","2015年","経営体","52"
"0010","経営体数","120","農業経営体","65139","旧西中通村","2015000000","2015年","経営体","83"
"0010","経営体数","120","農業経営体","65140","旧荒浜村","2015000000","2015年","経営体","3"
"0010","経営体数","120","農業経営体","65141","旧北鯖石村","2015000000","2015年","経営体","77"
"0010","経営体数","120","農業経営体","65142","旧田尻村","2015000000","2015年","経営体","134"
"0010","経営体数","120","農業経営体","65143","旧高田村","2015000000","2015年","経営体","111"
"0010","経営体数","120","農業経営体","65144","旧中通村２－１","2015000000","2015年","経営体","80"
"0010","経営体数","120","農業経営体","65145","旧上米山村","2015000000","2015年","経営体","9"
"0010","経営体数","120","農業経営体","65146","旧米山村２－１","2015000000","2015年","経営体","4"
"0010","経営体数","120","農業経営体","65147","旧高浜町","2015000000","2015年","経営体","4"
"0010","経営体数","120","農業経営体","65148","旧上条村","2015000000","2015年","経営体","112"
"0010","経営体数","120","農業経営体","65149","旧南鯖石村","2015000000","2015年","経営体","111"
"0010","経営体数","120","農業経営体","65150","旧中鯖石村","2015000000","2015年","経営体","102"
"0010","経営体数","120","農業経営体","65151","旧野田村","2015000000","2015年","経営体","67"
"0010","経営体数","120","農業経営体","65152","旧鵜川村","2015000000","2015年","経営体","19"
"0010","経営体数","120","農業経営体","65153","旧北条村","2015000000","2015年","経営体","137"
"0010","経営体数","120","農業経営体","65154","旧米山村２－２－２","2015000000","2015年","経営体","1"
"0010","経営体数","120","農業経営体","65155","旧高柳村","2015000000","2015年","経営体","130"
"0010","経営体数","120","農業経営体","65156","旧石黒村","2015000000","2015年","経営体","20"
"0010","経営体数","120","農業経営体","65157","旧山平村２－２","2015000000","2015年","経営体","4"
"0010","経営体数","120","農業経営体","65158","旧内郷村","2015000000","2015年","経営体","72"
"0010","経営体数","120","農業経営体","65159","旧石地町","2015000000","2015年","経営体","46"
"0010","経営体数","120","農業経営体","65160","旧二田村２－１","2015000000","2015年","経営体","74"
"0010","経営体数","120","農業経営体","15206","新発田市","2015000000","2015年","経営体","2617"
"0010","経営体数","120","農業経営体","65161","旧新発田市","2015000000","2015年","経営体","165"
"0010","経営体数","120","農業経営体","65162","旧五十公野村","2015000000","2015年","経営体","165"
"0010","経営体数","120","農業経営体","65163","旧松浦村","2015000000","2015年","経営体","147"
"0010","経営体数","120","農業経営体","65164","旧米倉村","2015000000","2015年","経営体","46"
"0010","経営体数","120","農業経営体","65165","旧赤谷村","2015000000","2015年","経営体","33"
"0010","経営体数","120","農業経営体","65166","旧川東村","2015000000","2015年","経営体","479"
"0010","経営体数","120","農業経営体","65167","旧菅谷村","2015000000","2015年","経営体","266"
"0010","経営体数","120","農業経営体","65168","旧加治村２－２","2015000000","2015年","経営体","42"
"0010","経営体数","120","農業経営体","65169","旧佐々木村","2015000000","2015年","経営体","204"
"0010","経営体数","120","農業経営体","65170","旧中浦村２－２","2015000000","2015年","経営体","1"
"0010","経営体数","120","農業経営体","65171","旧中浦村２－１","2015000000","2015年","経営体","352"
"0010","経営体数","120","農業経営体","65172","旧本田村","2015000000","2015年","経営体","105"
"0010","経営体数","120","農業経営体","65173","旧神山村３－３","2015000000","2015年","経営体","16"
"0010","経営体数","120","農業経営体","65174","旧加治村２－１","2015000000","2015年","経営体","207"
"0010","経営体数","120","農業経営体","65175","旧金塚村２－１","2015000000","2015年","経営体","131"
"0010","経営体数","120","農業経営体","65176","旧紫雲寺村","2015000000","2015年","経営体","258"
"0010","経営体数","120","農業経営体","65177","旧松塚村２－１","2015000000","2015年","経営体","-"
"0010","経営体数","120","農業経営体","15208","小千谷市","2015000000","2015年","経営体","1436"
"0010","経営体数","120","農業経営体","65178","旧小千谷町","2015000000","2015年","経営体","458"
"0010","経営体数","120","農業経営体","65179","旧城川村","2015000000","2015年","経営体","216"
"0010","経営体数","120","農業経営体","65180","旧千田村","2015000000","2015年","経営体","262"
"0010","経営体数","120","農業経営体","65181","旧川井村","2015000000","2015年","経営体","64"
"0010","経営体数","120","農業経営体","65182","旧六日市村２－２","2015000000","2015年","経営体","8"
"0010","経営体数","120","農業経営体","65183","旧東山村２－１","2015000000","2015年","経営体","14"
"0010","経営体数","120","農業経営体","65184","旧岩沢村","2015000000","2015年","経営体","61"
"0010","経営体数","120","農業経営体","65185","旧真人村","2015000000","2015年","経営体","188"
"0010","経営体数","120","農業経営体","65186","旧片貝町","2015000000","2015年","経営体","165"
"0010","経営体数","120","農業経営体","15209","加茂市","2015000000","2015年","経営体","720"
"0010","経営体数","120","農業経営体","65187","旧加茂町","2015000000","2015年","経営体","229"
"0010","経営体数","120","農業経営体","65188","旧下条村","2015000000","2015年","経営体","114"
"0010","経営体数","120","農業経営体","65189","旧七谷村","2015000000","2015年","経営体","199"
"0010","経営体数","120","農業経営体","65190","旧須田村２－１","2015000000","2015年","経営体","178"
"0010","経営体数","120","農業経営体","15210","十日町市","2015000000","2015年","経営体","3446"
"0010","経営体数","120","農業経営体","65191","旧十日町","2015000000","2015年","経営体","80"
"0010","経営体数","120","農業経営体","65192","旧中条村","2015000000","2015年","経営体","314"
"0010","経営体数","120","農業経営体","65193","旧川治村","2015000000","2015年","経営体","166"
"0010","経営体数","120","農業経営体","65194","旧六箇村","2015000000","2015年","経営体","70"
"0010","経営体数","120","農業経営体","65195","旧吉田村","2015000000","2015年","経営体","329"
"0010","経営体数","120","農業経営体","65196","旧下条村","2015000000","2015年","経営体","218"
"0010","経営体数","120","農業経営体","65197","旧水沢村","2015000000","2015年","経営体","358"
"0010","経営体数","120","農業経営体","65198","旧貝野村２－２","2015000000","2015年","経営体","40"
"0010","経営体数","120","農業経営体","65199","旧千手町","2015000000","2015年","経営体","229"
"0010","経営体数","120","農業経営体","65200","旧上野村","2015000000","2015年","経営体","140"
"0010","経営体数","120","農業経営体","65201","旧橘村","2015000000","2015年","経営体","181"
"0010","経営体数","120","農業経営体","65202","旧仙田村３－１","2015000000","2015年","経営体","124"
"0010","経営体数","120","農業経営体","65203","旧田沢村","2015000000","2015年","経営体","304"
"0010","経営体数","120","農業経営体","65204","旧倉俣村２－１","2015000000","2015年","経営体","131"
"0010","経営体数","120","農業経営体","65205","旧貝野村２－１","2015000000","2015年","経営体","60"
"0010","経営体数","120","農業経営体","65206","旧中深見村２－２","2015000000","2015年","経営体","9"
"0010","経営体数","120","農業経営体","65207","旧松代村","2015000000","2015年","経営体","218"
"0010","経営体数","120","農業経営体","65208","旧山平村２－１","2015000000","2015年","経営体","85"
"0010","経営体数","120","農業経営体","65209","旧奴奈川村","2015000000","2015年","経営体","64"
"0010","経営体数","120","農業経営体","65210","旧仙田村３－３","2015000000","2015年","経営体","-"
"0010","経営体数","120","農業経営体","65211","旧松之山村","2015000000","2015年","経営体","252"
"0010","経営体数","120","農業経営体","65212","旧浦田村","2015000000","2015年","経営体","74"
"0010","経営体数","120","農業経営体","15211","見附市","2015000000","2015年","経営体","897"
"0010","経営体数","120","農業経営体","65213","旧見附町","2015000000","2015年","経営体","162"
"0010","経営体数","120","農業経営体","65214","旧上北谷村２－１","2015000000","2015年","経営体","100"
"0010","経営体数","120","農業経営体","65215","旧北谷村","2015000000","2015年","経営体","113"
"0010","経営体数","120","農業経営体","65216","旧葛巻村","2015000000","2015年","経営体","153"
"0010","経営体数","120","農業経営体","65217","旧新潟村","2015000000","2015年","経営体","130"
"0010","経営体数","120","農業経営体","65218","旧新組村２－２","2015000000","2015年","経営体","35"
"0010","経営体数","120","農業経営体","65219","旧今町","2015000000","2015年","経営体","204"
"0010","経営体数","120","農業経営体","15212","村上市","2015000000","2015年","経営体","2215"
"0010","経営体数","120","農業経営体","65220","旧村上町","2015000000","2015年","経営体","16"
"0010","経営体数","120","農業経営体","65221","旧瀬波町","2015000000","2015年","経営体","56"
"0010","経営体数","120","農業経営体","65222","旧岩船町２－１","2015000000","2015年","経営体","42"
"0010","経営体数","120","農業経営体","65223","旧山辺里村","2015000000","2015年","経営体","233"
"0010","経営体数","120","農業経営体","65224","旧上海府村","2015000000","2015年","経営体","5"
"0010","経営体数","120","農業経営体","65225","旧保内村","2015000000","2015年","経営体","152"
"0010","経営体数","120","農業経営体","65226","旧金屋村","2015000000","2015年","経営体","196"
"0010","経営体数","120","農業経営体","65227","旧西神納村","2015000000","2015年","経営体","86"
"0010","経営体数","120","農業経営体","65228","旧神納村","2015000000","2015年","経営体","320"
"0010","経営体数","120","農業経営体","65229","旧平林村","2015000000","2015年","経営体","218"
"0010","経営体数","120","農業経営体","65230","旧岩船町２－２","2015000000","2015年","経営体","-"
"0010","経営体数","120","農業経営体","65231","旧高根村","2015000000","2015年","経営体","187"
"0010","経営体数","120","農業経営体","65232","旧猿沢村","2015000000","2015年","経営体","91"
"0010","経営体数","120","農業経営体","65233","旧塩野町村","2015000000","2015年","経営体","114"
"0010","経営体数","120","農業経営体","65234","旧三面村","2015000000","2015年","経営体","85"
"0010","経営体数","120","農業経営体","65235","旧館腰村","2015000000","2015年","経営体","151"
"0010","経営体数","120","農業経営体","65236","旧大川谷村","2015000000","2015年","経営体","59"
"0010","経営体数","120","農業経営体","65237","旧中俣村","2015000000","2015年","経営体","63"
"0010","経営体数","120","農業経営体","65238","旧黒川俣村","2015000000","2015年","経営体","96"
"0010","経営体数","120","農業経営体","65239","旧八幡村","2015000000","2015年","経営体","23"
"0010","経営体数","120","農業経営体","65240","旧下海府村","2015000000","2015年","経営体","22"
"0010","経営体数","120","農業経営体","15213","燕市","2015000000","2015年","経営体","1418"
"0010","経営体数","120","農業経営体","65241","旧燕町","2015000000","2015年","経営体","157"
"0010","経営体数","120","農業経営体","65242","旧小池村","2015000000","2015年","経営体","157"
"0010","経営体数","120","農業経営体","65243","旧小中川村","2015000000","2015年","経営体","157"
"0010","経営体数","120","農業経営体","65244","旧大島村２－２","2015000000","2015年","経営体","15"
"0010","経営体数","120","農業経営体","65245","旧松長村２－１","2015000000","2015年","経営体","76"
"0010","経営体数","120","農業経営体","65246","旧島上村","2015000000","2015年","経営体","167"
"0010","経営体数","120","農業経営体","65247","旧大河津村３－２","2015000000","2015年","経営体","34"
"0010","経営体数","120","農業経営体","65248","旧地蔵堂町","2015000000","2015年","経営体","-"
"0010","経営体数","120","農業経営体","65249","旧国上村２－１","2015000000","2015年","経営体","187"
"0010","経営体数","120","農業経営体","65250","旧吉田町","2015000000","2015年","経営体","119"
"0010","経営体数","120","農業経営体","65251","旧米納津村","2015000000","2015年","経営体","174"
"0010","経営体数","120","農業経営体","65252","旧粟生津村","2015000000","2015年","経営体","125"
"0010","経営体数","120","農業経営体","65253","旧国上村２－２","2015000000","2015年","経営体","23"
"0010","経営体数","120","農業経営体","65254","旧弥彦村２－２","2015000000","2015年","経営体","4"
"0010","経営体数","120","農業経営体","65255","旧和納村３－２","2015000000","2015年","経営体","23"
"0010","経営体数","120","農業経営体","15216","糸魚川市","2015000000","2015年","経営体","1141"
"0010","経営体数","120","農業経営体","65256","旧糸魚川町","2015000000","2015年","経営体","75"
"0010","経営体数","120","農業経営体","65257","旧浦本村","2015000000","2015年","経営体","1"
"0010","経営体数","120","農業経営体","65258","旧下早川村","2015000000","2015年","経営体","194"
"0010","経営体数","120","農業経営体","65259","旧上早川村","2015000000","2015年","経営体","97"
"0010","経営体数","120","農業経営体","65260","旧大和川村","2015000000","2015年","経営体","40"
"0010","経営体数","120","農業経営体","65261","旧西海村","2015000000","2015年","経営体","91"
"0010","経営体数","120","農業経営体","65262","旧大野村","2015000000","2015年","経営体","73"
"0010","経営体数","120","農業経営体","65263","旧根知村","2015000000","2015年","経営体","89"
"0010","経営体数","120","農業経営体","65264","旧小滝村","2015000000","2015年","経営体","-"
"0010","経営体数","120","農業経営体","65265","旧今井村２－１","2015000000","2015年","経営体","68"
"0010","経営体数","120","農業経営体","65266","旧能生谷村","2015000000","2015年","経営体","271"
"0010","経営体数","120","農業経営体","65267","旧木浦村","2015000000","2015年","経営体","20"
"0010","経営体数","120","農業経営体","65268","旧能生町","2015000000","2015年","経営体","22"
"0010","経営体数","120","農業経営体","65269","旧磯部村","2015000000","2015年","経営体","79"
"0010","経営体数","120","農業経営体","65270","旧青海町","2015000000","2015年","経営体","3"
"0010","経営体数","120","農業経営体","65271","旧今井村２－２","2015000000","2015年","経営体","11"
"0010","経営体数","120","農業経営体","65272","旧歌外波村","2015000000","2015年","経営体","-"
"0010","経営体数","120","農業経営体","65273","旧市振村","2015000000","2015年","経営体","-"
"0010","経営体数","120","農業経営体","65274","旧上路村","2015000000","2015年","経営体","7"
"0010","経営体数","120","農業経営体","15217","妙高市","2015000000","2015年","経営体","1170"
"0010","経営体数","120","農業経営体","65275","旧新井町","2015000000","2015年","経営体","77"
"0010","経営体数","120","農業経営体","65276","旧斐太村２－１","2015000000","2015年","経営体","141"
"0010","経営体数","120","農業経営体","65277","旧和田村２－２","2015000000","2015年","経営体","78"
"0010","経営体数","120","農業経営体","65278","旧水上村","2015000000","2015年","経営体","103"
"0010","経営体数","120","農業経営体","65279","旧泉村","2015000000","2015年","経営体","51"
"0010","経営体数","120","農業経営体","65280","旧水原村","2015000000","2015年","経営体","28"
"0010","経営体数","120","農業経営体","65281","旧平丸村","2015000000","2015年","経営体","9"
"0010","経営体数","120","農業経営体","65282","旧上郷村","2015000000","2015年","経営体","38"
"0010","経営体数","120","農業経営体","65283","旧原通村２－２","2015000000","2015年","経営体","44"
"0010","経営体数","120","農業経営体","65284","旧鳥坂村","2015000000","2015年","経営体","64"
"0010","経営体数","120","農業経営体","65285","旧矢代村２－１","2015000000","2015年","経営体","207"
"0010","経営体数","120","農業経営体","65286","旧名香山村","2015000000","2015年","経営体","20"
"0010","経営体数","120","農業経営体","65287","旧杉野沢村","2015000000","2015年","経営体","44"
"0010","経営体数","120","農業経営体","65288","旧関山村","2015000000","2015年","経営体","91"
"0010","経営体数","120","農業経営体","65289","旧原通村２－１","2015000000","2015年","経営体","124"
"0010","経営体数","120","農業経営体","65290","旧大鹿村","2015000000","2015年","経営体","50"
"0010","経営体数","120","農業経営体","65291","旧豊葦村","2015000000","2015年","経営体","1"
"0010","経営体数","120","農業経営体","15218","五泉市","2015000000","2015年","経営体","1909"
"0010","経営体数","120","農業経営体","65292","旧五泉町","2015000000","2015年","経営体","234"
"0010","経営体数","120","農業経営体","65293","旧川東村","2015000000","2015年","経営体","239"
"0010","経営体数","120","農業経営体","65294","旧巣本村","2015000000","2015年","経営体","229"
"0010","経営体数","120","農業経営体","65295","旧橋田村","2015000000","2015年","経営体","176"
"0010","経営体数","120","農業経営体","65296","旧菅名村２－２","2015000000","2015年","経営体","121"
"0010","経営体数","120","農業経営体","65297","旧新関村２－２","2015000000","2015年","経営体","55"
"0010","経営体数","120","農業経営体","65298","旧安田村２－２","2015000000","2015年","経営体","11"
"0010","経営体数","120","農業経営体","65299","旧下条村３－３","2015000000","2015年","経営体","-"
"0010","経営体数","120","農業経営体","65300","旧村松町","2015000000","2015年","経営体","44"
"0010","経営体数","120","農業経営体","65301","旧菅名村２－１","2015000000","2015年","経営体","160"
"0010","経営体数","120","農業経営体","65302","旧大蒲原村","2015000000","2015年","経営体","318"
"0010","経営体数","120","農業経営体","65303","旧十全村","2015000000","2015年","経営体","153"
"0010","経営体数","120","農業経営体","65304","旧川内村","2015000000","2015年","経営体","169"
"0010","経営体数","120","農業経営体","15222","上越市","2015000000","2015年","経営体","4468"
"0010","経営体数","120","農業経営体","65305","旧高田市","2015000000","2015年","経営体","17"
"0010","経営体数","120","農業経営体","65306","旧新道村","2015000000","2015年","経営体","52"
"0010","経営体数","120","農業経営体","65307","旧津有村","2015000000","2015年","経営体","198"
"0010","経営体数","120","農業経営体","65308","旧諏訪村２－２","2015000000","2015年","経営体","62"
"0010","経営体数","120","農業経営体","65309","旧三郷村","2015000000","2015年","経営体","89"
"0010","経営体数","120","農業経営体","65310","旧和田村２－１","2015000000","2015年","経営体","166"
"0010","経営体数","120","農業経営体","65311","旧斐太村２－２","2015000000","2015年","経営体","13"
"0010","経営体数","120","農業経営体","65312","旧金谷村","2015000000","2015年","経営体","109"
"0010","経営体数","120","農業経営体","65313","旧春日村２－１","2015000000","2015年","経営体","90"
"0010","経営体数","120","農業経営体","65314","旧高士村","2015000000","2015年","経営体","101"
"0010","経営体数","120","農業経営体","65315","旧直江津町","2015000000","2015年","経営体","2"
"0010","経営体数","120","農業経営体","65316","旧春日村２－２","2015000000","2015年","経営体","23"
"0010","経営体数","120","農業経営体","65317","旧有田村","2015000000","2015年","経営体","64"
"0010","経営体数","120","農業経営体","65318","旧八千浦村","2015000000","2015年","経営体","22"
"0010","経営体数","120","農業経営体","65319","旧保倉村","2015000000","2015年","経営体","127"
"0010","経営体数","120","農業経営体","65320","旧諏訪村２－１","2015000000","2015年","経営体","46"
"0010","経営体数","120","農業経営体","65321","旧谷浜村","2015000000","2015年","経営体","57"
"0010","経営体数","120","農業経営体","65322","旧桑取村","2015000000","2015年","経営体","36"
"0010","経営体数","120","農業経営体","65323","旧安塚村２－１","2015000000","2015年","経営体","99"
"0010","経営体数","120","農業経営体","65324","旧菱里村","2015000000","2015年","経営体","89"
"0010","経営体数","120","農業経営体","65325","旧小黒村","2015000000","2015年","経営体","62"
"0010","経営体数","120","農業経営体","65326","旧下保倉村","2015000000","2015年","経営体","142"
"0010","経営体数","120","農業経営体","65327","旧安塚村２－２","2015000000","2015年","経営体","76"
"0010","経営体数","120","農業経営体","65328","旧沖見村２－２","2015000000","2015年","経営体","3"
"0010","経営体数","120","農業経営体","65329","旧大島村","2015000000","2015年","経営体","97"
"0010","経営体数","120","農業経営体","65330","旧保倉村","2015000000","2015年","経営体","83"
"0010","経営体数","120","農業経営体","65331","旧旭村","2015000000","2015年","経営体","48"
"0010","経営体数","120","農業経営体","65332","旧牧村","2015000000","2015年","経営体","170"
"0010","経営体数","120","農業経営体","65333","旧沖見村２－１","2015000000","2015年","経営体","42"
"0010","経営体数","120","農業経営体","65334","旧柿崎町","2015000000","2015年","経営体","99"
"0010","経営体数","120","農業経営体","65335","旧下黒川村","2015000000","2015年","経営体","120"
"0010","経営体数","120","農業経営体","65336","旧黒川村","2015000000","2015年","経営体","119"
"0010","経営体数","120","農業経営体","65337","旧黒岩村","2015000000","2015年","経営体","12"
"0010","経営体数","120","農業経営体","65338","旧米山村２－２－１","2015000000","2015年","経営体","6"
"0010","経営体数","120","農業経営体","65339","旧潟町村","2015000000","2015年","経営体","61"
"0010","経営体数","120","農業経営体","65340","旧旭村２－２","2015000000","2015年","経営体","35"
"0010","経営体数","120","農業経営体","65341","旧大瀁村","2015000000","2015年","経営体","163"
"0010","経営体数","120","農業経営体","65342","旧明治村","2015000000","2015年","経営体","115"
"0010","経営体数","120","農業経営体","65343","旧吉川村","2015000000","2015年","経営体","221"
"0010","経営体数","120","農業経営体","65344","旧源村","2015000000","2015年","経営体","65"
"0010","経営体数","120","農業経営体","65345","旧旭村２－１","2015000000","2015年","経営体","39"
"0010","経営体数","120","農業経営体","65346","旧中郷村","2015000000","2015年","経営体","142"
"0010","経営体数","120","農業経営体","65347","旧矢代村２－２","2015000000","2015年","経営体","83"
"0010","経営体数","120","農業経営体","65348","旧板倉村","2015000000","2015年","経営体","350"
"0010","経営体数","120","農業経営体","65349","旧寺野村","2015000000","2015年","経営体","51"
"0010","経営体数","120","農業経営体","65350","旧菅原村","2015000000","2015年","経営体","120"
"0010","経営体数","120","農業経営体","65351","旧櫛池村","2015000000","2015年","経営体","70"
"0010","経営体数","120","農業経営体","65352","旧里五十公野村","2015000000","2015年","経営体","71"
"0010","経営体数","120","農業経営体","65353","旧上杉村","2015000000","2015年","経営体","86"
"0010","経営体数","120","農業経営体","65354","旧美守村","2015000000","2015年","経営体","99"
"0010","経営体数","120","農業経営体","65355","旧名立町","2015000000","2015年","経営体","13"
"0010","経営体数","120","農業経営体","65356","旧名立村","2015000000","2015年","経営体","143"
"0010","経営体数","120","農業経営体","15223","阿賀野市","2015000000","2015年","経営体","2149"
"0010","経営体数","120","農業経営体","65357","旧水原町","2015000000","2015年","経営体","119"
"0010","経営体数","120","農業経営体","65358","旧分田村２－１","2015000000","2015年","経営体","168"
"0010","経営体数","120","農業経営体","65359","旧堀越村","2015000000","2015年","経営体","239"
"0010","経営体数","120","農業経営体","65360","旧神山村３－２","2015000000","2015年","経営体","23"
"0010","経営体数","120","農業経営体","65361","旧安田村２－１","2015000000","2015年","経営体","341"
"0010","経営体数","120","農業経営体","65362","旧下条村３－２","2015000000","2015年","経営体","8"
"0010","経営体数","120","農業経営体","65363","旧分田村２－２","2015000000","2015年","経営体","41"
"0010","経営体数","120","農業経営体","65364","旧笹岡村","2015000000","2015年","経営体","344"
"0010","経営体数","120","農業経営体","65365","旧神山村３－１","2015000000","2015年","経営体","254"
"0010","経営体数","120","農業経営体","65366","旧京ヶ瀬村","2015000000","2015年","経営体","612"
"0010","経営体数","120","農業経営体","15224","佐渡市","2015000000","2015年","経営体","4404"
"0010","経営体数","120","農業経営体","65367","旧両津町","2015000000","2015年","経営体","3"
"0010","経営体数","120","農業経営体","65368","旧加茂村","2015000000","2015年","経営体","230"
"0010","経営体数","120","農業経営体","65369","旧河崎村","2015000000","2015年","経営体","250"
"0010","経営体数","120","農業経営体","65370","旧水津村","2015000000","2015年","経営体","46"
"0010","経営体数","120","農業経営体","65371","旧岩首村","2015000000","2015年","経営体","43"
"0010","経営体数","120","農業経営体","65372","旧内海府村","2015000000","2015年","経営体","32"
"0010","経営体数","120","農業経営体","65373","旧外海府村２－１","2015000000","2015年","経営体","30"
"0010","経営体数","120","農業経営体","65374","旧吉井村２－１","2015000000","2015年","経営体","194"
"0010","経営体数","120","農業経営体","65375","旧相川町","2015000000","2015年","経営体","20"
"0010","経営体数","120","農業経営体","65376","旧二見村","2015000000","2015年","経営体","89"
"0010","経営体数","120","農業経営体","65377","旧金泉村","2015000000","2015年","経営体","88"
"0010","経営体数","120","農業経営体","65378","旧高千村","2015000000","2015年","経営体","191"
"0010","経営体数","120","農業経営体","65379","旧外海府村２－２","2015000000","2015年","経営体","28"
"0010","経営体数","120","農業経営体","65380","旧二宮村","2015000000","2015年","経営体","200"
"0010","経営体数","120","農業経営体","65381","旧八幡村","2015000000","2015年","経営体","61"
"0010","経営体数","120","農業経営体","65382","旧河原田町","2015000000","2015年","経営体","6"
"0010","経営体数","120","農業経営体","65383","旧沢根町","2015000000","2015年","経営体","83"
"0010","経営体数","120","農業経営体","65384","旧金沢村","2015000000","2015年","経営体","354"
"0010","経営体数","120","農業経営体","65385","旧吉井村２－２","2015000000","2015年","経営体","136"
"0010","経営体数","120","農業経営体","65386","旧新穂村","2015000000","2015年","経営体","382"
"0010","経営体数","120","農業経営体","65387","旧畑野村２－１","2015000000","2015年","経営体","371"
"0010","経営体数","120","農業経営体","65388","旧松ケ崎村","2015000000","2015年","経営体","29"
"0010","経営体数","120","農業経営体","65389","旧真野村","2015000000","2015年","経営体","294"
"0010","経営体数","120","農業経営体","65390","旧西三川村２－１","2015000000","2015年","経営体","174"
"0010","経営体数","120","農業経営体","65391","旧畑野村２－２","2015000000","2015年","経営体","3"
"0010","経営体数","120","農業経営体","65392","旧小木町","2015000000","2015年","経営体","252"
"0010","経営体数","120","農業経営体","65393","旧羽茂村","2015000000","2015年","経営体","467"
"0010","経営体数","120","農業経営体","65394","旧西三川村２－２","2015000000","2015年","経営体","69"
"0010","経営体数","120","農業経営体","65395","旧赤泊村","2015000000","2015年","経営体","279"
"0010","経営体数","120","農業経営体","15225","魚沼市","2015000000","2015年","経営体","2099"
"0010","経営体数","120","農業経営体","65396","旧小出町２－１","2015000000","2015年","経営体","153"
"0010","経営体数","120","農業経営体","65397","旧伊米ケ崎村","2015000000","2015年","経営体","134"
"0010","経営体数","120","農業経営体","65398","旧湯之谷村２－２","2015000000","2015年","経営体","-"
"0010","経営体数","120","農業経営体","65399","旧堀之内町","2015000000","2015年","経営体","477"
"0010","経営体数","120","農業経営体","65400","旧湯之谷村２－１","2015000000","2015年","経営体","196"
"0010","経営体数","120","農業経営体","65401","旧小出町２－２","2015000000","2015年","経営体","2"
"0010","経営体数","120","農業経営体","65402","旧広瀬村","2015000000","2015年","経営体","317"
"0010","経営体数","120","農業経営体","65403","旧東竹沢村２－２","2015000000","2015年","経営体","4"
"0010","経営体数","120","農業経営体","65404","旧薮神村","2015000000","2015年","経営体","271"
"0010","経営体数","120","農業経営体","65405","旧須原村","2015000000","2015年","経営体","276"
"0010","経営体数","120","農業経営体","65406","旧上条村","2015000000","2015年","経営体","156"
"0010","経営体数","120","農業経営体","65407","旧入広瀬村","2015000000","2015年","経営体","113"
"0010","経営体数","120","農業経営体","15226","南魚沼市","2015000000","2015年","経営体","3695"
"0010","経営体数","120","農業経営体","65408","旧六日町","2015000000","2015年","経営体","331"
"0010","経営体数","120","農業経営体","65409","旧五十沢村","2015000000","2015年","経営体","277"
"0010","経営体数","120","農業経営体","65410","旧城内村","2015000000","2015年","経営体","364"
"0010","経営体数","120","農業経営体","65411","旧大巻村","2015000000","2015年","経営体","232"
"0010","経営体数","120","農業経営体","65412","旧浦佐村","2015000000","2015年","経営体","114"
"0010","経営体数","120","農業経営体","65413","旧東村","2015000000","2015年","経営体","276"
"0010","経営体数","120","農業経営体","65414","旧大崎村","2015000000","2015年","経営体","218"
"0010","経営体数","120","農業経営体","65415","旧薮神村","2015000000","2015年","経営体","310"
"0010","経営体数","120","農業経営体","65416","旧塩沢町","2015000000","2015年","経営体","418"
"0010","経営体数","120","農業経営体","65417","旧中之島村","2015000000","2015年","経営体","492"
"0010","経営体数","120","農業経営体","65418","旧石打村","2015000000","2015年","経営体","293"
"0010","経営体数","120","農業経営体","65419","旧上田村","2015000000","2015年","経営体","370"
"0010","経営体数","120","農業経営体","15227","胎内市","2015000000","2015年","経営体","1319"
"0010","経営体数","120","農業経営体","65420","旧中条町","2015000000","2015年","経営体","245"
"0010","経営体数","120","農業経営体","65421","旧金塚村２－２","2015000000","2015年","経営体","53"
"0010","経営体数","120","農業経営体","65422","旧乙村","2015000000","2015年","経営体","365"
"0010","経営体数","120","農業経営体","65423","旧築地村","2015000000","2015年","経営体","275"
"0010","経営体数","120","農業経営体","65424","旧松塚村２－２","2015000000","2015年","経営体","3"
"0010","経営体数","120","農業経営体","65425","旧黒川村","2015000000","2015年","経営体","378"
"0010","経営体数","120","農業経営体","15307","聖籠町","2015000000","2015年","経営体","385"
"0010","経営体数","120","農業経営体","65426","旧聖籠村","2015000000","2015年","経営体","338"
"0010","経営体数","120","農業経営体","65427","旧亀代村","2015000000","2015年","経営体","47"
"0010","経営体数","120","農業経営体","15342","弥彦村","2015000000","2015年","経営体","197"
"0010","経営体数","120","農業経営体","15361","田上町","2015000000","2015年","経営体","228"
"0010","経営体数","120","農業経営体","15385","阿賀町","2015000000","2015年","経営体","491"
"0010","経営体数","120","農業経営体","65428","旧津川町","2015000000","2015年","経営体","12"
"0010","経営体数","120","農業経営体","65429","旧小川村","2015000000","2015年","経営体","60"
"0010","経営体数","120","農業経営体","65430","旧揚川村２－１","2015000000","2015年","経営体","2"
"0010","経営体数","120","農業経営体","65431","旧上条村２－２","2015000000","2015年","経営体","-"
"0010","経営体数","120","農業経営体","65432","旧両鹿瀬村","2015000000","2015年","経営体","31"
"0010","経営体数","120","農業経営体","65433","旧日出谷村","2015000000","2015年","経営体","38"
"0010","経営体数","120","農業経営体","65434","旧豊実村","2015000000","2015年","経営体","18"
"0010","経営体数","120","農業経営体","65435","旧西川村","2015000000","2015年","経営体","143"
"0010","経営体数","120","農業経営体","65436","旧東川村","2015000000","2015年","経営体","28"
"0010","経営体数","120","農業経営体","65437","旧上条村２－１","2015000000","2015年","経営体","43"
"0010","経営体数","120","農業経営体","65438","旧三川村","2015000000","2015年","経営体","71"
"0010","経営体数","120","農業経営体","65439","旧下条村３－１","2015000000","2015年","経営体","28"
"0010","経営体数","120","農業経営体","65440","旧揚川村２－２","2015000000","2015年","経営体","17"
"0010","経営体数","120","農業経営体","15405","出雲崎町","2015000000","2015年","経営体","200"
"0010","経営体数","120","農業経営体","65441","旧出雲崎町","2015000000","2015年","経営体","1"
"0010","経営体数","120","農業経営体","65442","旧西越村２－１","2015000000","2015年","経営体","199"
"0010","経営体数","120","農業経営体","15461","湯沢町","2015000000","2015年","経営体","173"
"0010","経営体数","120","農業経営体","65443","旧湯沢村","2015000000","2015年","経営体","8"
"0010","経営体数","120","農業経営体","65444","旧神立村","2015000000","2015年","経営体","40"
"0010","経営体数","120","農業経営体","65445","旧土樽村","2015000000","2015年","経営体","124"
"0010","経営体数","120","農業経営体","65446","旧三俣村","2015000000","2015年","経営体","1"
"0010","経営体数","120","農業経営体","65447","旧三国村","2015000000","2015年","経営体","-"
"0010","経営体数","120","農業経営体","15482","津南町","2015000000","2015年","経営体","1068"
"0010","経営体数","120","農業経営体","65448","旧下船渡村","2015000000","2015年","経営体","253"
"0010","経営体数","120","農業経営体","65449","旧外丸村","2015000000","2015年","経営体","92"
"0010","経営体数","120","農業経営体","65450","旧上郷村","2015000000","2015年","経営体","243"
"0010","経営体数","120","農業経営体","65451","旧芦ケ崎村","2015000000","2015年","経営体","231"
"0010","経営体数","120","農業経営体","65452","旧秋成村","2015000000","2015年","経営体","77"
"0010","経営体数","120","農業経営体","65453","旧中深見村２－１","2015000000","2015年","経営体","134"
"0010","経営体数","120","農業経営体","65454","旧倉俣村２－２","2015000000","2015年","経営体","38"
"0010","経営体数","120","農業経営体","15504","刈羽村","2015000000","2015年","経営体","168"
"0010","経営体数","120","農業経営体","65455","旧刈羽村","2015000000","2015年","経営体","138"
"0010","経営体数","120","農業経営体","65456","旧中通村２－２","2015000000","2015年","経営体","27"
"0010","経営体数","120","農業経営体","65457","旧二田村２－２","2015000000","2015年","経営体","3"
"0010","経営体数","120","農業経営体","15581","関川村","2015000000","2015年","経営体","507"
"0010","経営体数","120","農業経営体","65458","旧関谷村","2015000000","2015年","経営体","263"
"0010","経営体数","120","農業経営体","65459","旧女川村","2015000000","2015年","経営体","244"
"0010","経営体数","120","農業経営体","15586","粟島浦村","2015000000","2015年","経営体","-"
"0010","経営体数","120","農業経営体","16000","富山県","2015000000","2015年","経営体","17759"
"0010","経営体数","120","農業経営体","16201","富山市","2015000000","2015年","経営体","4939"
"0010","経営体数","120","農業経営体","66001","うち奥田","2015000000","2015年","経営体","6"
"0010","経営体数","120","農業経営体","66002","うち呉羽)・(五福","2015000000","2015年","経営体","47"
"0010","経営体数","120","農業経営体","66003","うち櫻谷","2015000000","2015年","経営体","8"
"0010","経営体数","120","農業経営体","66004","うち東部","2015000000","2015年","経営体","8"
"0010","経営体数","120","農業経営体","66005","うち新庄","2015000000","2015年","経営体","69"
"0010","経営体数","120","農業経営体","66006","うち島","2015000000","2015年","経営体","76"
"0010","経営体数","120","農業経営体","66007","うち針原","2015000000","2015年","経営体","127"
"0010","経営体数","120","農業経営体","66008","うち浜黒崎","2015000000","2015年","経営体","83"
"0010","経営体数","120","農業経営体","66009","うち大広田","2015000000","2015年","経営体","31"
"0010","経営体数","120","農業経営体","66010","うち豊田","2015000000","2015年","経営体","40"
"0010","経営体数","120","農業経営体","66011","うち広田","2015000000","2015年","経営体","62"
"0010","経営体数","120","農業経営体","66012","うち神明","2015000000","2015年","経営体","76"
"0010","経営体数","120","農業経営体","66013","うち山室","2015000000","2015年","経営体","117"
"0010","経営体数","120","農業経営体","66014","うち堀川","2015000000","2015年","経営体","90"
"0010","経営体数","120","農業経営体","66015","うち蜷川","2015000000","2015年","経営体","110"
"0010","経営体数","120","農業経営体","66016","うち太田","2015000000","2015年","経営体","203"
"0010","経営体数","120","農業経営体","66017","旧月岡村２－１","2015000000","2015年","経営体","174"
"0010","経営体数","120","農業経営体","66018","旧熊野村","2015000000","2015年","経営体","195"
"0010","経営体数","120","農業経営体","66019","旧新保村","2015000000","2015年","経営体","121"
"0010","経営体数","120","農業経営体","66020","旧四方町","2015000000","2015年","経営体","7"
"0010","経営体数","120","農業経営体","66021","旧八幡村","2015000000","2015年","経営体","118"
"0010","経営体数","120","農業経営体","66022","旧倉垣村","2015000000","2015年","経営体","67"
"0010","経営体数","120","農業経営体","66023","旧水橋町","2015000000","2015年","経営体","122"
"0010","経営体数","120","農業経営体","66024","旧上条村","2015000000","2015年","経営体","110"
"0010","経営体数","120","農業経営体","66025","旧三郷村","2015000000","2015年","経営体","208"
"0010","経営体数","120","農業経営体","66026","旧呉羽村","2015000000","2015年","経営体","169"
"0010","経営体数","120","農業経営体","66027","旧長岡村","2015000000","2015年","経営体","87"
"0010","経営体数","120","農業経営体","66028","旧寒江村","2015000000","2015年","経営体","67"
"0010","経営体数","120","農業経営体","66029","旧老田村","2015000000","2015年","経営体","138"
"0010","経営体数","120","農業経営体","66030","旧池多村２－１","2015000000","2015年","経営体","72"
"0010","経営体数","120","農業経営体","66031","旧大沢野町","2015000000","2015年","経営体","146"
"0010","経営体数","120","農業経営体","66032","旧黒瀬谷村２－２","2015000000","2015年","経営体","25"
"0010","経営体数","120","農業経営体","66033","旧下夕村","2015000000","2015年","経営体","39"
"0010","経営体数","120","農業経営体","66034","旧船峅村","2015000000","2015年","経営体","140"
"0010","経営体数","120","農業経営体","66035","旧大久保町","2015000000","2015年","経営体","128"
"0010","経営体数","120","農業経営体","66036","旧上滝町","2015000000","2015年","経営体","35"
"0010","経営体数","120","農業経営体","66037","旧大山村","2015000000","2015年","経営体","22"
"0010","経営体数","120","農業経営体","66038","旧福沢村","2015000000","2015年","経営体","55"
"0010","経営体数","120","農業経営体","66039","旧大庄村","2015000000","2015年","経営体","91"
"0010","経営体数","120","農業経営体","66040","旧月岡村２－２","2015000000","2015年","経営体","4"
"0010","経営体数","120","農業経営体","66041","旧八尾町","2015000000","2015年","経営体","-"
"0010","経営体数","120","農業経営体","66042","旧保内村","2015000000","2015年","経営体","186"
"0010","経営体数","120","農業経営体","66043","旧杉原村","2015000000","2015年","経営体","194"
"0010","経営体数","120","農業経営体","66044","旧卯花村","2015000000","2015年","経営体","48"
"0010","経営体数","120","農業経営体","66045","旧室牧村","2015000000","2015年","経営体","45"
"0010","経営体数","120","農業経営体","66046","旧黒瀬谷村２－１","2015000000","2015年","経営体","34"
"0010","経営体数","120","農業経営体","66047","旧大長谷村","2015000000","2015年","経営体","6"
"0010","経営体数","120","農業経営体","66048","旧仁歩村","2015000000","2015年","経営体","29"
"0010","経営体数","120","農業経営体","66049","旧野積村","2015000000","2015年","経営体","46"
"0010","経営体数","120","農業経営体","66050","旧婦中町","2015000000","2015年","経営体","109"
"0010","経営体数","120","農業経営体","66051","旧朝日村","2015000000","2015年","経営体","105"
"0010","経営体数","120","農業経営体","66052","旧熊野村","2015000000","2015年","経営体","65"
"0010","経営体数","120","農業経営体","66053","旧宮川村","2015000000","2015年","経営体","120"
"0010","経営体数","120","農業経営体","66054","旧神保村","2015000000","2015年","経営体","71"
"0010","経営体数","120","農業経営体","66055","旧古里村","2015000000","2015年","経営体","151"
"0010","経営体数","120","農業経営体","66056","旧音川村","2015000000","2015年","経営体","135"
"0010","経営体数","120","農業経営体","66057","旧山田村","2015000000","2015年","経営体","85"
"0010","経営体数","120","農業経営体","66058","旧細入村","2015000000","2015年","経営体","17"
"0010","経営体数","120","農業経営体","16202","高岡市","2015000000","2015年","経営体","1977"
"0010","経営体数","120","農業経営体","66059","うち横田","2015000000","2015年","経営体","171"
"0010","経営体数","120","農業経営体","66060","うち下関","2015000000","2015年","経営体","45"
"0010","経営体数","120","農業経営体","66061","うち北部","2015000000","2015年","経営体","8"
"0010","経営体数","120","農業経営体","66062","うち二上","2015000000","2015年","経営体","44"
"0010","経営体数","120","農業経営体","66063","うち伏木","2015000000","2015年","経営体","8"
"0010","経営体数","120","農業経営体","66064","うち能町","2015000000","2015年","経営体","36"
"0010","経営体数","120","農業経営体","66065","うち守山","2015000000","2015年","経営体","70"
"0010","経営体数","120","農業経営体","66066","うち野村","2015000000","2015年","経営体","69"
"0010","経営体数","120","農業経営体","66067","うち佐野","2015000000","2015年","経営体","158"
"0010","経営体数","120","農業経営体","66068","うち二塚","2015000000","2015年","経営体","131"
"0010","経営体数","120","農業経営体","66069","うち牧野","2015000000","2015年","経営体","35"
"0010","経営体数","120","農業経営体","66070","うち福田","2015000000","2015年","経営体","46"
"0010","経営体数","120","農業経営体","66071","旧国吉村","2015000000","2015年","経営体","169"
"0010","経営体数","120","農業経営体","66072","旧太田村","2015000000","2015年","経営体","54"
"0010","経営体数","120","農業経営体","66073","旧東五位村","2015000000","2015年","経営体","109"
"0010","経営体数","120","農業経営体","66074","旧石堤村","2015000000","2015年","経営体","108"
"0010","経営体数","120","農業経営体","66075","旧立野村","2015000000","2015年","経営体","67"
"0010","経営体数","120","農業経営体","66076","旧小勢村２－１","2015000000","2015年","経営体","26"
"0010","経営体数","120","農業経営体","66077","旧小勢村２－２","2015000000","2015年","経営体","16"
"0010","経営体数","120","農業経営体","66078","旧戸出町","2015000000","2015年","経営体","88"
"0010","経営体数","120","農業経営体","66079","旧是戸村","2015000000","2015年","経営体","55"
"0010","経営体数","120","農業経営体","66080","旧醍醐村","2015000000","2015年","経営体","40"
"0010","経営体数","120","農業経営体","66081","旧北般若村","2015000000","2015年","経営体","75"
"0010","経営体数","120","農業経営体","66082","旧中田町","2015000000","2015年","経営体","26"
"0010","経営体数","120","農業経営体","66083","旧般若野村","2015000000","2015年","経営体","49"
"0010","経営体数","120","農業経営体","66084","旧福岡町","2015000000","2015年","経営体","141"
"0010","経営体数","120","農業経営体","66085","旧五位山村","2015000000","2015年","経営体","19"
"0010","経営体数","120","農業経営体","66086","旧西五位村","2015000000","2015年","経営体","83"
"0010","経営体数","120","農業経営体","66087","旧赤丸村","2015000000","2015年","経営体","31"
"0010","経営体数","120","農業経営体","16204","魚津市","2015000000","2015年","経営体","720"
"0010","経営体数","120","農業経営体","66088","旧魚津町","2015000000","2015年","経営体","1"
"0010","経営体数","120","農業経営体","66089","旧下中島村","2015000000","2015年","経営体","40"
"0010","経営体数","120","農業経営体","66090","旧上中島村","2015000000","2015年","経営体","119"
"0010","経営体数","120","農業経営体","66091","旧松倉村","2015000000","2015年","経営体","83"
"0010","経営体数","120","農業経営体","66092","旧上野方村","2015000000","2015年","経営体","28"
"0010","経営体数","120","農業経営体","66093","旧下野方村","2015000000","2015年","経営体","49"
"0010","経営体数","120","農業経営体","66094","旧片貝谷村","2015000000","2015年","経営体","89"
"0010","経営体数","120","農業経営体","66095","旧道下村","2015000000","2015年","経営体","49"
"0010","経営体数","120","農業経営体","66096","旧加積村","2015000000","2015年","経営体","93"
"0010","経営体数","120","農業経営体","66097","旧天神村","2015000000","2015年","経営体","71"
"0010","経営体数","120","農業経営体","66098","旧西布施村","2015000000","2015年","経営体","54"
"0010","経営体数","120","農業経営体","66099","旧経田村","2015000000","2015年","経営体","44"
"0010","経営体数","120","農業経営体","16205","氷見市","2015000000","2015年","経営体","1147"
"0010","経営体数","120","農業経営体","66100","旧氷見町","2015000000","2015年","経営体","67"
"0010","経営体数","120","農業経営体","66101","旧余川村","2015000000","2015年","経営体","60"
"0010","経営体数","120","農業経営体","66102","旧碁石村","2015000000","2015年","経営体","60"
"0010","経営体数","120","農業経営体","66103","旧八代村","2015000000","2015年","経営体","29"
"0010","経営体数","120","農業経営体","66104","旧宮田村","2015000000","2015年","経営体","70"
"0010","経営体数","120","農業経営体","66105","旧窪村","2015000000","2015年","経営体","72"
"0010","経営体数","120","農業経営体","66106","旧上庄村","2015000000","2015年","経営体","108"
"0010","経営体数","120","農業経営体","66107","旧熊無村","2015000000","2015年","経営体","73"
"0010","経営体数","120","農業経営体","66108","旧神代村","2015000000","2015年","経営体","56"
"0010","経営体数","120","農業経営体","66109","旧仏生寺村","2015000000","2015年","経営体","91"
"0010","経営体数","120","農業経営体","66110","旧布勢村","2015000000","2015年","経営体","59"
"0010","経営体数","120","農業経営体","66111","旧十二町村","2015000000","2015年","経営体","111"
"0010","経営体数","120","農業経営体","66112","旧速川村","2015000000","2015年","経営体","75"
"0010","経営体数","120","農業経営体","66113","旧久目村","2015000000","2015年","経営体","100"
"0010","経営体数","120","農業経営体","66114","旧阿尾村","2015000000","2015年","経営体","38"
"0010","経営体数","120","農業経営体","66115","旧薮田村","2015000000","2015年","経営体","2"
"0010","経営体数","120","農業経営体","66116","旧宇波村","2015000000","2015年","経営体","25"
"0010","経営体数","120","農業経営体","66117","旧女良村","2015000000","2015年","経営体","51"
"0010","経営体数","120","農業経営体","16206","滑川市","2015000000","2015年","経営体","610"
"0010","経営体数","120","農業経営体","66118","旧滑川町","2015000000","2015年","経営体","2"
"0010","経営体数","120","農業経営体","66119","旧浜加積村","2015000000","2015年","経営体","98"
"0010","経営体数","120","農業経営体","66120","旧早月加積村","2015000000","2015年","経営体","83"
"0010","経営体数","120","農業経営体","66121","旧北加積村","2015000000","2015年","経営体","99"
"0010","経営体数","120","農業経営体","66122","旧東加積村","2015000000","2015年","経営体","96"
"0010","経営体数","120","農業経営体","66123","旧中加積村","2015000000","2015年","経営体","56"
"0010","経営体数","120","農業経営体","66124","旧西加積村","2015000000","2015年","経営体","124"
"0010","経営体数","120","農業経営体","66125","旧山加積村２－１","2015000000","2015年","経営体","52"
"0010","経営体数","120","農業経営体","16207","黒部市","2015000000","2015年","経営体","806"
"0010","経営体数","120","農業経営体","66126","うち石田","2015000000","2015年","経営体","53"
"0010","経営体数","120","農業経営体","66127","うち田家","2015000000","2015年","経営体","70"
"0010","経営体数","120","農業経営体","66128","うち村椿","2015000000","2015年","経営体","80"
"0010","経営体数","120","農業経営体","66129","うち大布施","2015000000","2015年","経営体","76"
"0010","経営体数","120","農業経営体","66130","うち三日市","2015000000","2015年","経営体","24"
"0010","経営体数","120","農業経営体","66131","うち前沢","2015000000","2015年","経営体","128"
"0010","経営体数","120","農業経営体","66132","うち荻生","2015000000","2015年","経営体","135"
"0010","経営体数","120","農業経営体","66133","うち若栗","2015000000","2015年","経営体","77"
"0010","経営体数","120","農業経営体","66134","旧生地町","2015000000","2015年","経営体","11"
"0010","経営体数","120","農業経営体","66135","旧東布施村","2015000000","2015年","経営体","55"
"0010","経営体数","120","農業経営体","66136","うち浦山","2015000000","2015年","経営体","52"
"0010","経営体数","120","農業経営体","66137","うち下立","2015000000","2015年","経営体","24"
"0010","経営体数","120","農業経営体","66138","旧内山村","2015000000","2015年","経営体","-"
"0010","経営体数","120","農業経営体","66139","旧愛本村","2015000000","2015年","経営体","21"
"0010","経営体数","120","農業経営体","16208","砺波市","2015000000","2015年","経営体","1303"
"0010","経営体数","120","農業経営体","66140","旧中野村","2015000000","2015年","経営体","154"
"0010","経営体数","120","農業経営体","66141","旧油田村","2015000000","2015年","経営体","48"
"0010","経営体数","120","農業経営体","66142","旧庄下村","2015000000","2015年","経営体","72"
"0010","経営体数","120","農業経営体","66143","旧五鹿屋村","2015000000","2015年","経営体","64"
"0010","経営体数","120","農業経営体","66144","旧出町","2015000000","2015年","経営体","79"
"0010","経営体数","120","農業経営体","66145","旧林村","2015000000","2015年","経営体","68"
"0010","経営体数","120","農業経営体","66146","旧南般若村","2015000000","2015年","経営体","53"
"0010","経営体数","120","農業経営体","66147","旧柳瀬村","2015000000","2015年","経営体","21"
"0010","経営体数","120","農業経営体","66148","旧太田村","2015000000","2015年","経営体","30"
"0010","経営体数","120","農業経営体","66149","旧東野尻村","2015000000","2015年","経営体","85"
"0010","経営体数","120","農業経営体","66150","旧高波村","2015000000","2015年","経営体","44"
"0010","経営体数","120","農業経営体","66151","旧栴檀山村","2015000000","2015年","経営体","61"
"0010","経営体数","120","農業経営体","66152","旧栴檀野村","2015000000","2015年","経営体","80"
"0010","経営体数","120","農業経営体","66153","旧般若村","2015000000","2015年","経営体","72"
"0010","経営体数","120","農業経営体","66154","旧東般若村","2015000000","2015年","経営体","29"
"0010","経営体数","120","農業経営体","66155","旧鷹栖村","2015000000","2015年","経営体","98"
"0010","経営体数","120","農業経営体","66156","旧若林村２－２","2015000000","2015年","経営体","46"
"0010","経営体数","120","農業経営体","66157","旧青島村","2015000000","2015年","経営体","52"
"0010","経営体数","120","農業経営体","66158","旧東山見村","2015000000","2015年","経営体","21"
"0010","経営体数","120","農業経営体","66159","旧雄神村","2015000000","2015年","経営体","19"
"0010","経営体数","120","農業経営体","66160","旧種田村","2015000000","2015年","経営体","107"
"0010","経営体数","120","農業経営体","16209","小矢部市","2015000000","2015年","経営体","816"
"0010","経営体数","120","農業経営体","66161","旧石動町","2015000000","2015年","経営体","24"
"0010","経営体数","120","農業経営体","66162","旧南谷村","2015000000","2015年","経営体","73"
"0010","経営体数","120","農業経営体","66163","旧埴生村","2015000000","2015年","経営体","71"
"0010","経営体数","120","農業経営体","66164","旧松沢村","2015000000","2015年","経営体","51"
"0010","経営体数","120","農業経営体","66165","旧正得村","2015000000","2015年","経営体","43"
"0010","経営体数","120","農業経営体","66166","旧荒川村","2015000000","2015年","経営体","76"
"0010","経営体数","120","農業経営体","66167","旧子撫村","2015000000","2015年","経営体","46"
"0010","経営体数","120","農業経営体","66168","旧宮島村","2015000000","2015年","経営体","41"
"0010","経営体数","120","農業経営体","66169","旧北蟹谷村","2015000000","2015年","経営体","43"
"0010","経営体数","120","農業経営体","66170","旧若林村２－１","2015000000","2015年","経営体","54"
"0010","経営体数","120","農業経営体","66171","旧津沢町","2015000000","2015年","経営体","70"
"0010","経営体数","120","農業経営体","66172","旧薮波村","2015000000","2015年","経営体","50"
"0010","経営体数","120","農業経営体","66173","旧水島村","2015000000","2015年","経営体","86"
"0010","経営体数","120","農業経営体","66174","旧東蟹谷村","2015000000","2015年","経営体","62"
"0010","経営体数","120","農業経営体","66175","旧西野尻村３－２","2015000000","2015年","経営体","26"
"0010","経営体数","120","農業経営体","16210","南砺市","2015000000","2015年","経営体","1738"
"0010","経営体数","120","農業経営体","66176","旧南山田村","2015000000","2015年","経営体","67"
"0010","経営体数","120","農業経営体","66177","旧山田村２－２","2015000000","2015年","経営体","17"
"0010","経営体数","120","農業経営体","66178","旧大鋸屋村","2015000000","2015年","経営体","65"
"0010","経営体数","120","農業経営体","66179","旧城端町","2015000000","2015年","経営体","7"
"0010","経営体数","120","農業経営体","66180","旧北野村","2015000000","2015年","経営体","38"
"0010","経営体数","120","農業経営体","66181","旧蓑谷村","2015000000","2015年","経営体","78"
"0010","経営体数","120","農業経営体","66182","旧平村","2015000000","2015年","経営体","31"
"0010","経営体数","120","農業経営体","66183","旧上平村","2015000000","2015年","経営体","32"
"0010","経営体数","120","農業経営体","66184","旧利賀村","2015000000","2015年","経営体","32"
"0010","経営体数","120","農業経営体","66185","旧井波町","2015000000","2015年","経営体","14"
"0010","経営体数","120","農業経営体","66186","旧南山見村","2015000000","2015年","経営体","33"
"0010","経営体数","120","農業経営体","66187","旧山野村","2015000000","2015年","経営体","131"
"0010","経営体数","120","農業経営体","66188","旧高瀬村２－１","2015000000","2015年","経営体","52"
"0010","経営体数","120","農業経営体","66189","旧井口村","2015000000","2015年","経営体","25"
"0010","経営体数","120","農業経営体","66190","うち南野尻","2015000000","2015年","経営体","101"
"0010","経営体数","120","農業経営体","66191","うち広塚","2015000000","2015年","経営体","118"
"0010","経営体数","120","農業経営体","66192","うち野尻","2015000000","2015年","経営体","101"
"0010","経営体数","120","農業経営体","66193","旧東石黒村","2015000000","2015年","経営体","90"
"0010","経営体数","120","農業経営体","66194","旧西野尻村３－１","2015000000","2015年","経営体","20"
"0010","経営体数","120","農業経営体","66195","旧高瀬村２－２","2015000000","2015年","経営体","36"
"0010","経営体数","120","農業経営体","66196","旧福光町","2015000000","2015年","経営体","24"
"0010","経営体数","120","農業経営体","66197","旧石黒村","2015000000","2015年","経営体","46"
"0010","経営体数","120","農業経営体","66198","旧広瀬村","2015000000","2015年","経営体","48"
"0010","経営体数","120","農業経営体","66199","旧広瀬館村","2015000000","2015年","経営体","59"
"0010","経営体数","120","農業経営体","66200","旧西太美村","2015000000","2015年","経営体","113"
"0010","経営体数","120","農業経営体","66201","旧太美山村","2015000000","2015年","経営体","54"
"0010","経営体数","120","農業経営体","66202","旧東太美村","2015000000","2015年","経営体","104"
"0010","経営体数","120","農業経営体","66203","旧吉江村","2015000000","2015年","経営体","88"
"0010","経営体数","120","農業経営体","66204","旧北山田村","2015000000","2015年","経営体","23"
"0010","経営体数","120","農業経営体","66205","旧山田村２－１","2015000000","2015年","経営体","63"
"0010","経営体数","120","農業経営体","66206","旧南蟹谷村","2015000000","2015年","経営体","25"
"0010","経営体数","120","農業経営体","66207","旧西野尻村３－３","2015000000","2015年","経営体","3"
"0010","経営体数","120","農業経営体","16211","射水市","2015000000","2015年","経営体","723"
"0010","経営体数","120","農業経営体","66208","旧新湊","2015000000","2015年","経営体","4"
"0010","経営体数","120","農業経営体","66209","旧作道村","2015000000","2015年","経営体","61"
"0010","経営体数","120","農業経営体","66210","旧片口村","2015000000","2015年","経営体","29"
"0010","経営体数","120","農業経営体","66211","旧堀岡村","2015000000","2015年","経営体","1"
"0010","経営体数","120","農業経営体","66212","旧海老江村","2015000000","2015年","経営体","4"
"0010","経営体数","120","農業経営体","66213","旧本江村","2015000000","2015年","経営体","66"
"0010","経営体数","120","農業経営体","66214","旧七美村","2015000000","2015年","経営体","25"
"0010","経営体数","120","農業経営体","66215","旧塚原村","2015000000","2015年","経営体","67"
"0010","経営体数","120","農業経営体","66216","旧小杉町","2015000000","2015年","経営体","72"
"0010","経営体数","120","農業経営体","66217","旧金山村","2015000000","2015年","経営体","20"
"0010","経営体数","120","農業経営体","66218","旧大江村","2015000000","2015年","経営体","47"
"0010","経営体数","120","農業経営体","66219","旧黒河村","2015000000","2015年","経営体","81"
"0010","経営体数","120","農業経営体","66220","旧池多村２－２","2015000000","2015年","経営体","56"
"0010","経営体数","120","農業経営体","66221","旧大門町","2015000000","2015年","経営体","1"
"0010","経営体数","120","農業経営体","66222","旧水戸田村","2015000000","2015年","経営体","14"
"0010","経営体数","120","農業経営体","66223","旧櫛田村","2015000000","2015年","経営体","57"
"0010","経営体数","120","農業経営体","66224","旧浅井村","2015000000","2015年","経営体","11"
"0010","経営体数","120","農業経営体","66225","旧二口村","2015000000","2015年","経営体","7"
"0010","経営体数","120","農業経営体","66226","旧下村","2015000000","2015年","経営体","65"
"0010","経営体数","120","農業経営体","66227","旧大島町","2015000000","2015年","経営体","35"
"0010","経営体数","120","農業経営体","16321","舟橋村","2015000000","2015年","経営体","66"
"0010","経営体数","120","農業経営体","16322","上市町","2015000000","2015年","経営体","643"
"0010","経営体数","120","農業経営体","66228","旧上市町","2015000000","2015年","経営体","115"
"0010","経営体数","120","農業経営体","66229","旧山加積村２－２","2015000000","2015年","経営体","8"
"0010","経営体数","120","農業経営体","66230","旧南加積村","2015000000","2015年","経営体","156"
"0010","経営体数","120","農業経営体","66231","旧宮川村","2015000000","2015年","経営体","69"
"0010","経営体数","120","農業経営体","66232","旧柿沢村","2015000000","2015年","経営体","87"
"0010","経営体数","120","農業経営体","66233","旧大岩村","2015000000","2015年","経営体","12"
"0010","経営体数","120","農業経営体","66234","旧相ノ木村","2015000000","2015年","経営体","75"
"0010","経営体数","120","農業経営体","66235","旧白萩村","2015000000","2015年","経営体","76"
"0010","経営体数","120","農業経営体","66236","旧新川村２－２","2015000000","2015年","経営体","45"
"0010","経営体数","120","農業経営体","16323","立山町","2015000000","2015年","経営体","949"
"0010","経営体数","120","農業経営体","66237","うち五百石","2015000000","2015年","経営体","85"
"0010","経営体数","120","農業経営体","66238","うち大森","2015000000","2015年","経営体","112"
"0010","経営体数","120","農業経営体","66239","うち高野","2015000000","2015年","経営体","91"
"0010","経営体数","120","農業経営体","66240","うち下段","2015000000","2015年","経営体","86"
"0010","経営体数","120","農業経営体","66241","旧利田村","2015000000","2015年","経営体","67"
"0010","経営体数","120","農業経営体","66242","旧上段村","2015000000","2015年","経営体","108"
"0010","経営体数","120","農業経営体","66243","旧東谷村","2015000000","2015年","経営体","99"
"0010","経営体数","120","農業経営体","66244","旧釜ケ渕村","2015000000","2015年","経営体","131"
"0010","経営体数","120","農業経営体","66245","旧立山村","2015000000","2015年","経営体","92"
"0010","経営体数","120","農業経営体","66246","旧新川村２－１","2015000000","2015年","経営体","78"
"0010","経営体数","120","農業経営体","16342","入善町","2015000000","2015年","経営体","976"
"0010","経営体数","120","農業経営体","66247","旧新屋村","2015000000","2015年","経営体","158"
"0010","経営体数","120","農業経営体","66248","旧小摺戸村","2015000000","2015年","経営体","74"
"0010","経営体数","120","農業経営体","66249","旧青木村","2015000000","2015年","経営体","77"
"0010","経営体数","120","農業経営体","66250","旧飯野村","2015000000","2015年","経営体","205"
"0010","経営体数","120","農業経営体","66251","旧上原村","2015000000","2015年","経営体","107"
"0010","経営体数","120","農業経営体","66252","旧入善町","2015000000","2015年","経営体","96"
"0010","経営体数","120","農業経営体","66253","旧横山村","2015000000","2015年","経営体","34"
"0010","経営体数","120","農業経営体","66254","旧椚山村","2015000000","2015年","経営体","112"
"0010","経営体数","120","農業経営体","66255","旧舟見町","2015000000","2015年","経営体","54"
"0010","経営体数","120","農業経営体","66256","旧野中村２－１","2015000000","2015年","経営体","59"
"0010","経営体数","120","農業経営体","16343","朝日町","2015000000","2015年","経営体","346"
"0010","経営体数","120","農業経営体","66257","旧大家庄村","2015000000","2015年","経営体","85"
"0010","経営体数","120","農業経営体","66258","旧山崎村","2015000000","2015年","経営体","79"
"0010","経営体数","120","農業経営体","66259","旧南保村","2015000000","2015年","経営体","65"
"0010","経営体数","120","農業経営体","66260","旧五箇庄村","2015000000","2015年","経営体","48"
"0010","経営体数","120","農業経営体","66261","旧泊町","2015000000","2015年","経営体","42"
"0010","経営体数","120","農業経営体","66262","旧宮崎村","2015000000","2015年","経営体","9"
"0010","経営体数","120","農業経営体","66263","旧境村","2015000000","2015年","経営体","3"
"0010","経営体数","120","農業経営体","66264","旧野中村２－２","2015000000","2015年","経営体","15"
"0010","経営体数","120","農業経営体","17000","石川県","2015000000","2015年","経営体","13636"
"0010","経営体数","120","農業経営体","17201","金沢市","2015000000","2015年","経営体","1771"
"0010","経営体数","120","農業経営体","67001","旧金沢市","2015000000","2015年","経営体","831"
"0010","経営体数","120","農業経営体","67002","旧安原村","2015000000","2015年","経営体","114"
"0010","経営体数","120","農業経営体","67003","旧額村","2015000000","2015年","経営体","28"
"0010","経営体数","120","農業経営体","67004","旧押野村２－１","2015000000","2015年","経営体","17"
"0010","経営体数","120","農業経営体","67005","旧内川村","2015000000","2015年","経営体","38"
"0010","経営体数","120","農業経営体","67006","旧犀川村","2015000000","2015年","経営体","98"
"0010","経営体数","120","農業経営体","67007","旧湯涌谷村","2015000000","2015年","経営体","34"
"0010","経営体数","120","農業経営体","67008","旧浅川村","2015000000","2015年","経営体","186"
"0010","経営体数","120","農業経営体","67009","旧大場村","2015000000","2015年","経営体","20"
"0010","経営体数","120","農業経営体","67010","旧八田村","2015000000","2015年","経営体","33"
"0010","経営体数","120","農業経営体","67011","旧花園村２－１","2015000000","2015年","経営体","155"
"0010","経営体数","120","農業経営体","67012","旧三谷村","2015000000","2015年","経営体","193"
"0010","経営体数","120","農業経営体","67013","旧森本村","2015000000","2015年","経営体","24"
"0010","経営体数","120","農業経営体","17202","七尾市","2015000000","2015年","経営体","1644"
"0010","経営体数","120","農業経営体","67014","旧七尾市","2015000000","2015年","経営体","526"
"0010","経営体数","120","農業経営体","67015","旧南大呑村","2015000000","2015年","経営体","58"
"0010","経営体数","120","農業経営体","67016","旧北大呑村","2015000000","2015年","経営体","30"
"0010","経営体数","120","農業経営体","67017","旧崎山村","2015000000","2015年","経営体","68"
"0010","経営体数","120","農業経営体","67018","旧高階村","2015000000","2015年","経営体","41"
"0010","経営体数","120","農業経営体","67019","旧田鶴浜町","2015000000","2015年","経営体","90"
"0010","経営体数","120","農業経営体","67020","旧相馬村２－１","2015000000","2015年","経営体","52"
"0010","経営体数","120","農業経営体","67021","旧金ヶ崎村","2015000000","2015年","経営体","60"
"0010","経営体数","120","農業経営体","67022","旧笠師保村","2015000000","2015年","経営体","88"
"0010","経営体数","120","農業経営体","67023","旧豊川村","2015000000","2015年","経営体","105"
"0010","経営体数","120","農業経営体","67024","旧熊木村","2015000000","2015年","経営体","82"
"0010","経営体数","120","農業経営体","67025","旧西岸村","2015000000","2015年","経営体","61"
"0010","経営体数","120","農業経営体","67026","旧中島村","2015000000","2015年","経営体","23"
"0010","経営体数","120","農業経営体","67027","旧釶打村","2015000000","2015年","経営体","80"
"0010","経営体数","120","農業経営体","67028","旧東島村","2015000000","2015年","経営体","124"
"0010","経営体数","120","農業経営体","67029","旧中乃島村","2015000000","2015年","経営体","65"
"0010","経営体数","120","農業経営体","67030","旧西島村","2015000000","2015年","経営体","91"
"0010","経営体数","120","農業経営体","17203","小松市","2015000000","2015年","経営体","883"
"0010","経営体数","120","農業経営体","67031","旧小松市","2015000000","2015年","経営体","614"
"0010","経営体数","120","農業経営体","67032","旧那谷村","2015000000","2015年","経営体","26"
"0010","経営体数","120","農業経営体","67033","旧矢田野村","2015000000","2015年","経営体","19"
"0010","経営体数","120","農業経営体","67034","旧月津村２－１","2015000000","2015年","経営体","16"
"0010","経営体数","120","農業経営体","67035","旧大杉谷村","2015000000","2015年","経営体","43"
"0010","経営体数","120","農業経営体","67036","旧金野村","2015000000","2015年","経営体","34"
"0010","経営体数","120","農業経営体","67037","旧新丸村","2015000000","2015年","経営体","-"
"0010","経営体数","120","農業経営体","67038","旧中海村","2015000000","2015年","経営体","41"
"0010","経営体数","120","農業経営体","67039","旧国府村２－１","2015000000","2015年","経営体","54"
"0010","経営体数","120","農業経営体","67040","旧西尾村","2015000000","2015年","経営体","36"
"0010","経営体数","120","農業経営体","17204","輪島市","2015000000","2015年","経営体","976"
"0010","経営体数","120","農業経営体","67041","旧輪島市","2015000000","2015年","経営体","2"
"0010","経営体数","120","農業経営体","67042","旧町野町","2015000000","2015年","経営体","215"
"0010","経営体数","120","農業経営体","67043","旧西保村","2015000000","2015年","経営体","53"
"0010","経営体数","120","農業経営体","67044","旧大屋村","2015000000","2015年","経営体","112"
"0010","経営体数","120","農業経営体","67045","旧河原田村","2015000000","2015年","経営体","54"
"0010","経営体数","120","農業経営体","67046","旧鵠巣村","2015000000","2015年","経営体","48"
"0010","経営体数","120","農業経営体","67047","旧南志見村","2015000000","2015年","経営体","73"
"0010","経営体数","120","農業経営体","67048","旧三井村","2015000000","2015年","経営体","91"
"0010","経営体数","120","農業経営体","67049","旧門前町","2015000000","2015年","経営体","82"
"0010","経営体数","120","農業経営体","67050","旧剣地村","2015000000","2015年","経営体","98"
"0010","経営体数","120","農業経営体","67051","旧諸岡村","2015000000","2015年","経営体","26"
"0010","経営体数","120","農業経営体","67052","旧浦上村","2015000000","2015年","経営体","44"
"0010","経営体数","120","農業経営体","67053","旧七浦村","2015000000","2015年","経営体","18"
"0010","経営体数","120","農業経営体","67054","旧本郷村","2015000000","2015年","経営体","60"
"0010","経営体数","120","農業経営体","67055","旧黒島村","2015000000","2015年","経営体","-"
"0010","経営体数","120","農業経営体","17205","珠洲市","2015000000","2015年","経営体","663"
"0010","経営体数","120","農業経営体","67056","旧飯田町","2015000000","2015年","経営体","2"
"0010","経営体数","120","農業経営体","67057","旧宝立町","2015000000","2015年","経営体","77"
"0010","経営体数","120","農業経営体","67058","旧正院町","2015000000","2015年","経営体","63"
"0010","経営体数","120","農業経営体","67059","旧上戸村","2015000000","2015年","経営体","33"
"0010","経営体数","120","農業経営体","67060","旧若山村","2015000000","2015年","経営体","148"
"0010","経営体数","120","農業経営体","67061","旧直村","2015000000","2015年","経営体","37"
"0010","経営体数","120","農業経営体","67062","旧三崎村","2015000000","2015年","経営体","179"
"0010","経営体数","120","農業経営体","67063","旧西海村","2015000000","2015年","経営体","110"
"0010","経営体数","120","農業経営体","67064","旧蛸島村","2015000000","2015年","経営体","14"
"0010","経営体数","120","農業経営体","17206","加賀市","2015000000","2015年","経営体","964"
"0010","経営体数","120","農業経営体","67065","旧大聖寺町","2015000000","2015年","経営体","78"
"0010","経営体数","120","農業経営体","67066","旧山代町","2015000000","2015年","経営体","135"
"0010","経営体数","120","農業経営体","67067","旧片山津町","2015000000","2015年","経営体","151"
"0010","経営体数","120","農業経営体","67068","旧動橋町","2015000000","2015年","経営体","51"
"0010","経営体数","120","農業経営体","67069","旧三木村","2015000000","2015年","経営体","63"
"0010","経営体数","120","農業経営体","67070","旧瀬越村","2015000000","2015年","経営体","1"
"0010","経営体数","120","農業経営体","67071","旧三谷村","2015000000","2015年","経営体","27"
"0010","経営体数","120","農業経営体","67072","旧南郷村","2015000000","2015年","経営体","71"
"0010","経営体数","120","農業経営体","67073","旧東谷口村","2015000000","2015年","経営体","53"
"0010","経営体数","120","農業経営体","67074","旧勅使村","2015000000","2015年","経営体","65"
"0010","経営体数","120","農業経営体","67075","旧橋立村","2015000000","2015年","経営体","62"
"0010","経営体数","120","農業経営体","67076","旧篠原村","2015000000","2015年","経営体","70"
"0010","経営体数","120","農業経営体","67077","旧分校村","2015000000","2015年","経営体","65"
"0010","経営体数","120","農業経営体","67078","旧月津村２－２","2015000000","2015年","経営体","25"
"0010","経営体数","120","農業経営体","67079","旧塩屋村","2015000000","2015年","経営体","1"
"0010","経営体数","120","農業経営体","67080","旧河南村２－２","2015000000","2015年","経営体","7"
"0010","経営体数","120","農業経営体","67081","旧山中町","2015000000","2015年","経営体","-"
"0010","経営体数","120","農業経営体","67082","旧河南村２－１","2015000000","2015年","経営体","-"
"0010","経営体数","120","農業経営体","67083","旧西谷村","2015000000","2015年","経営体","5"
"0010","経営体数","120","農業経営体","67084","旧東谷奥村","2015000000","2015年","経営体","34"
"0010","経営体数","120","農業経営体","17207","羽咋市","2015000000","2015年","経営体","626"
"0010","経営体数","120","農業経営体","67085","旧羽咋町","2015000000","2015年","経営体","13"
"0010","経営体数","120","農業経営体","67086","旧邑知町","2015000000","2015年","経営体","260"
"0010","経営体数","120","農業経営体","67087","旧粟ノ保村","2015000000","2015年","経営体","61"
"0010","経営体数","120","農業経営体","67088","旧富永村","2015000000","2015年","経営体","73"
"0010","経営体数","120","農業経営体","67089","旧一ノ宮村","2015000000","2015年","経営体","7"
"0010","経営体数","120","農業経営体","67090","旧越路野村","2015000000","2015年","経営体","30"
"0010","経営体数","120","農業経営体","67091","旧上甘田村２－１","2015000000","2015年","経営体","54"
"0010","経営体数","120","農業経営体","67092","旧下甘田村２－２","2015000000","2015年","経営体","8"
"0010","経営体数","120","農業経営体","67093","旧千里浜村","2015000000","2015年","経営体","-"
"0010","経営体数","120","農業経営体","67094","旧余喜村","2015000000","2015年","経営体","89"
"0010","経営体数","120","農業経営体","67095","旧鹿島路村","2015000000","2015年","経営体","31"
"0010","経営体数","120","農業経営体","17209","かほく市","2015000000","2015年","経営体","391"
"0010","経営体数","120","農業経営体","67096","旧高松町２－１","2015000000","2015年","経営体","70"
"0010","経営体数","120","農業経営体","67097","旧南大海村","2015000000","2015年","経営体","113"
"0010","経営体数","120","農業経営体","67098","旧七塚町","2015000000","2015年","経営体","13"
"0010","経営体数","120","農業経営体","67099","旧宇ノ気町","2015000000","2015年","経営体","148"
"0010","経営体数","120","農業経営体","67100","旧金津村(高松町２－２)","2015000000","2015年","経営体","47"
"0010","経営体数","120","農業経営体","17210","白山市","2015000000","2015年","経営体","1065"
"0010","経営体数","120","農業経営体","67101","旧松任町","2015000000","2015年","経営体","22"
"0010","経営体数","120","農業経営体","67102","旧石川村","2015000000","2015年","経営体","71"
"0010","経営体数","120","農業経営体","67103","旧柏野村","2015000000","2015年","経営体","20"
"0010","経営体数","120","農業経営体","67104","旧笠間村","2015000000","2015年","経営体","40"
"0010","経営体数","120","農業経営体","67105","旧宮保村","2015000000","2015年","経営体","38"
"0010","経営体数","120","農業経営体","67106","旧一木村","2015000000","2015年","経営体","54"
"0010","経営体数","120","農業経営体","67107","旧出城村","2015000000","2015年","経営体","55"
"0010","経営体数","120","農業経営体","67108","旧御手洗村","2015000000","2015年","経営体","29"
"0010","経営体数","120","農業経営体","67109","旧旭村","2015000000","2015年","経営体","64"
"0010","経営体数","120","農業経営体","67110","旧郷村２－２","2015000000","2015年","経営体","26"
"0010","経営体数","120","農業経営体","67111","旧中奥村","2015000000","2015年","経営体","31"
"0010","経営体数","120","農業経営体","67112","旧林中村","2015000000","2015年","経営体","58"
"0010","経営体数","120","農業経営体","67113","旧山島村","2015000000","2015年","経営体","112"
"0010","経営体数","120","農業経営体","67114","旧湊村","2015000000","2015年","経営体","12"
"0010","経営体数","120","農業経営体","67115","旧美川町","2015000000","2015年","経営体","5"
"0010","経営体数","120","農業経営体","67116","旧蝶屋村","2015000000","2015年","経営体","26"
"0010","経営体数","120","農業経営体","67117","旧鶴来町","2015000000","2015年","経営体","2"
"0010","経営体数","120","農業経営体","67118","旧館畑村","2015000000","2015年","経営体","46"
"0010","経営体数","120","農業経営体","67119","旧林村","2015000000","2015年","経営体","38"
"0010","経営体数","120","農業経営体","67120","旧蔵山村","2015000000","2015年","経営体","40"
"0010","経営体数","120","農業経営体","67121","旧河内村２－２","2015000000","2015年","経営体","34"
"0010","経営体数","120","農業経営体","67122","旧河内村(河内村２－１)","2015000000","2015年","経営体","21"
"0010","経営体数","120","農業経営体","67123","旧吉野谷村","2015000000","2015年","経営体","33"
"0010","経営体数","120","農業経営体","67124","旧鳥越村","2015000000","2015年","経営体","183"
"0010","経営体数","120","農業経営体","67125","旧尾口村","2015000000","2015年","経営体","5"
"0010","経営体数","120","農業経営体","67126","旧白峰村","2015000000","2015年","経営体","-"
"0010","経営体数","120","農業経営体","17211","能美市","2015000000","2015年","経営体","448"
"0010","経営体数","120","農業経営体","67127","旧根上町","2015000000","2015年","経営体","118"
"0010","経営体数","120","農業経営体","67128","旧吉田村２－１","2015000000","2015年","経営体","24"
"0010","経営体数","120","農業経営体","67129","旧寺井野町","2015000000","2015年","経営体","85"
"0010","経営体数","120","農業経営体","67130","旧粟生村","2015000000","2015年","経営体","15"
"0010","経営体数","120","農業経営体","67131","旧吉田村２－２","2015000000","2015年","経営体","14"
"0010","経営体数","120","農業経営体","67132","旧久常村２－２","2015000000","2015年","経営体","42"
"0010","経営体数","120","農業経営体","67133","旧久常村２－１","2015000000","2015年","経営体","24"
"0010","経営体数","120","農業経営体","67134","旧国府村２－２","2015000000","2015年","経営体","26"
"0010","経営体数","120","農業経営体","67135","旧山上村","2015000000","2015年","経営体","100"
"0010","経営体数","120","農業経営体","17212","野々市市","2015000000","2015年","経営体","148"
"0010","経営体数","120","農業経営体","67136","旧野々市町","2015000000","2015年","経営体","13"
"0010","経営体数","120","農業経営体","67137","旧郷村２－１","2015000000","2015年","経営体","32"
"0010","経営体数","120","農業経営体","67138","旧富奥村","2015000000","2015年","経営体","78"
"0010","経営体数","120","農業経営体","67139","旧押野村２－２","2015000000","2015年","経営体","25"
"0010","経営体数","120","農業経営体","17324","川北町","2015000000","2015年","経営体","200"
"0010","経営体数","120","農業経営体","17361","津幡町","2015000000","2015年","経営体","557"
"0010","経営体数","120","農業経営体","67140","旧津幡町","2015000000","2015年","経営体","22"
"0010","経営体数","120","農業経営体","67141","旧中條村","2015000000","2015年","経営体","95"
"0010","経営体数","120","農業経営体","67142","旧井上村","2015000000","2015年","経営体","72"
"0010","経営体数","120","農業経営体","67143","旧花園村２－２","2015000000","2015年","経営体","8"
"0010","経営体数","120","農業経営体","67144","旧倶利伽羅村","2015000000","2015年","経営体","105"
"0010","経営体数","120","農業経営体","67145","旧笠谷村","2015000000","2015年","経営体","79"
"0010","経営体数","120","農業経営体","67146","旧英田村","2015000000","2015年","経営体","133"
"0010","経営体数","120","農業経営体","67147","旧河合谷村","2015000000","2015年","経営体","43"
"0010","経営体数","120","農業経営体","17365","内灘町","2015000000","2015年","経営体","61"
"0010","経営体数","120","農業経営体","17384","志賀町","2015000000","2015年","経営体","1079"
"0010","経営体数","120","農業経営体","67148","旧高浜町","2015000000","2015年","経営体","10"
"0010","経営体数","120","農業経営体","67149","旧上甘田村２－２","2015000000","2015年","経営体","14"
"0010","経営体数","120","農業経営体","67150","旧中甘田村","2015000000","2015年","経営体","66"
"0010","経営体数","120","農業経営体","67151","旧下甘田村２－１","2015000000","2015年","経営体","131"
"0010","経営体数","120","農業経営体","67152","旧志加浦村","2015000000","2015年","経営体","86"
"0010","経営体数","120","農業経営体","67153","旧堀松村","2015000000","2015年","経営体","93"
"0010","経営体数","120","農業経営体","67154","旧加茂村","2015000000","2015年","経営体","86"
"0010","経営体数","120","農業経営体","67155","旧土田村","2015000000","2015年","経営体","131"
"0010","経営体数","120","農業経営体","67156","旧上熊野村","2015000000","2015年","経営体","83"
"0010","経営体数","120","農業経営体","67157","旧富来町","2015000000","2015年","経営体","18"
"0010","経営体数","120","農業経営体","67158","旧熊野村","2015000000","2015年","経営体","74"
"0010","経営体数","120","農業経営体","67159","旧稗造村","2015000000","2015年","経営体","101"
"0010","経営体数","120","農業経営体","67160","旧東増穂村","2015000000","2015年","経営体","78"
"0010","経営体数","120","農業経営体","67161","旧西増穂村","2015000000","2015年","経営体","60"
"0010","経営体数","120","農業経営体","67162","旧西海村","2015000000","2015年","経営体","6"
"0010","経営体数","120","農業経営体","67163","旧西浦村","2015000000","2015年","経営体","40"
"0010","経営体数","120","農業経営体","67164","旧福浦村","2015000000","2015年","経営体","2"
"0010","経営体数","120","農業経営体","17386","宝達志水町","2015000000","2015年","経営体","442"
"0010","経営体数","120","農業経営体","67165","旧志雄町","2015000000","2015年","経営体","201"
"0010","経営体数","120","農業経営体","67166","旧柏崎村２－２","2015000000","2015年","経営体","15"
"0010","経営体数","120","農業経営体","67167","旧北大海村","2015000000","2015年","経営体","75"
"0010","経営体数","120","農業経営体","67168","旧北荘村","2015000000","2015年","経営体","43"
"0010","経営体数","120","農業経営体","67169","旧中荘村","2015000000","2015年","経営体","68"
"0010","経営体数","120","農業経営体","67170","旧末森村","2015000000","2015年","経営体","24"
"0010","経営体数","120","農業経営体","67171","旧柏崎村２－１","2015000000","2015年","経営体","16"
"0010","経営体数","120","農業経営体","17407","中能登町","2015000000","2015年","経営体","485"
"0010","経営体数","120","農業経営体","67172","旧鳥屋町","2015000000","2015年","経営体","130"
"0010","経営体数","120","農業経営体","67173","旧相馬村２－２","2015000000","2015年","経営体","20"
"0010","経営体数","120","農業経営体","67174","旧越路町","2015000000","2015年","経営体","105"
"0010","経営体数","120","農業経営体","67175","旧御祖村","2015000000","2015年","経営体","65"
"0010","経営体数","120","農業経営体","67176","旧滝尾村","2015000000","2015年","経営体","56"
"0010","経営体数","120","農業経営体","67177","旧久江村","2015000000","2015年","経営体","17"
"0010","経営体数","120","農業経営体","67178","旧能登部町","2015000000","2015年","経営体","59"
"0010","経営体数","120","農業経営体","67179","旧金丸村","2015000000","2015年","経営体","33"
"0010","経営体数","120","農業経営体","17461","穴水町","2015000000","2015年","経営体","410"
"0010","経営体数","120","農業経営体","67180","旧穴水町","2015000000","2015年","経営体","125"
"0010","経営体数","120","農業経営体","67181","旧諸橋村","2015000000","2015年","経営体","104"
"0010","経営体数","120","農業経営体","67182","旧兜村","2015000000","2015年","経営体","111"
"0010","経営体数","120","農業経営体","67183","旧住吉村","2015000000","2015年","経営体","70"
"0010","経営体数","120","農業経営体","17463","能登町","2015000000","2015年","経営体","823"
"0010","経営体数","120","農業経営体","67184","旧宇出津町","2015000000","2015年","経営体","6"
"0010","経営体数","120","農業経営体","67185","旧鵜川町","2015000000","2015年","経営体","119"
"0010","経営体数","120","農業経営体","67186","旧神野村２－１","2015000000","2015年","経営体","83"
"0010","経営体数","120","農業経営体","67187","旧三波村","2015000000","2015年","経営体","18"
"0010","経営体数","120","農業経営体","67188","旧小木町２－１","2015000000","2015年","経営体","7"
"0010","経営体数","120","農業経営体","67189","旧柳田村","2015000000","2015年","経営体","327"
"0010","経営体数","120","農業経営体","67190","旧神野村２－２","2015000000","2015年","経営体","29"
"0010","経営体数","120","農業経営体","67191","旧小木町２－２","2015000000","2015年","経営体","12"
"0010","経営体数","120","農業経営体","67192","旧松波町","2015000000","2015年","経営体","222"
"0010","経営体数","120","農業経営体","18000","福井県","2015000000","2015年","経営体","16018"
"0010","経営体数","120","農業経営体","18201","福井市","2015000000","2015年","経営体","3569"
"0010","経営体数","120","農業経営体","68001","旧福井市","2015000000","2015年","経営体","353"
"0010","経営体数","120","農業経営体","68002","旧西藤島村","2015000000","2015年","経営体","134"
"0010","経営体数","120","農業経営体","68003","旧西安居村","2015000000","2015年","経営体","89"
"0010","経営体数","120","農業経営体","68004","旧社村","2015000000","2015年","経営体","98"
"0010","経営体数","120","農業経営体","68005","旧中藤島村","2015000000","2015年","経営体","114"
"0010","経営体数","120","農業経営体","68006","旧河合村","2015000000","2015年","経営体","99"
"0010","経営体数","120","農業経営体","68007","旧六条村","2015000000","2015年","経営体","168"
"0010","経営体数","120","農業経営体","68008","旧大安寺村","2015000000","2015年","経営体","68"
"0010","経営体数","120","農業経営体","68009","旧麻生津村","2015000000","2015年","経営体","114"
"0010","経営体数","120","農業経営体","68010","旧国見村","2015000000","2015年","経営体","23"
"0010","経営体数","120","農業経営体","68011","旧岡保村","2015000000","2015年","経営体","106"
"0010","経営体数","120","農業経営体","68012","旧東藤島村","2015000000","2015年","経営体","160"
"0010","経営体数","120","農業経営体","68013","旧殿下村","2015000000","2015年","経営体","14"
"0010","経営体数","120","農業経営体","68014","旧鶉村","2015000000","2015年","経営体","130"
"0010","経営体数","120","農業経営体","68015","旧本郷村","2015000000","2015年","経営体","85"
"0010","経営体数","120","農業経営体","68016","旧棗村","2015000000","2015年","経営体","164"
"0010","経営体数","120","農業経営体","68017","旧鷹巣村","2015000000","2015年","経営体","72"
"0010","経営体数","120","農業経営体","68018","旧浜四郷村２－２","2015000000","2015年","経営体","27"
"0010","経営体数","120","農業経営体","68019","旧森田町","2015000000","2015年","経営体","81"
"0010","経営体数","120","農業経営体","68020","旧酒生村","2015000000","2015年","経営体","183"
"0010","経営体数","120","農業経営体","68021","旧一乗谷村","2015000000","2015年","経営体","50"
"0010","経営体数","120","農業経営体","68022","旧東郷村","2015000000","2015年","経営体","176"
"0010","経営体数","120","農業経営体","68023","旧上文殊村","2015000000","2015年","経営体","110"
"0010","経営体数","120","農業経営体","68024","旧下文殊村","2015000000","2015年","経営体","162"
"0010","経営体数","120","農業経営体","68025","旧羽生村","2015000000","2015年","経営体","69"
"0010","経営体数","120","農業経営体","68026","旧芦見村","2015000000","2015年","経営体","17"
"0010","経営体数","120","農業経営体","68027","旧上味見村","2015000000","2015年","経営体","31"
"0010","経営体数","120","農業経営体","68028","旧下味見村","2015000000","2015年","経営体","19"
"0010","経営体数","120","農業経営体","68029","旧上宇坂村","2015000000","2015年","経営体","35"
"0010","経営体数","120","農業経営体","68030","旧下宇坂村","2015000000","2015年","経営体","87"
"0010","経営体数","120","農業経営体","68031","旧越廼村","2015000000","2015年","経営体","1"
"0010","経営体数","120","農業経営体","68032","旧下岬村","2015000000","2015年","経営体","35"
"0010","経営体数","120","農業経営体","68033","旧志津村","2015000000","2015年","経営体","153"
"0010","経営体数","120","農業経営体","68034","旧三方村","2015000000","2015年","経営体","125"
"0010","経営体数","120","農業経営体","68035","旧天津村","2015000000","2015年","経営体","217"
"0010","経営体数","120","農業経営体","18202","敦賀市","2015000000","2015年","経営体","514"
"0010","経営体数","120","農業経営体","68036","旧敦賀市","2015000000","2015年","経営体","137"
"0010","経営体数","120","農業経営体","68037","旧東浦村","2015000000","2015年","経営体","28"
"0010","経営体数","120","農業経営体","68038","旧東郷村","2015000000","2015年","経営体","89"
"0010","経営体数","120","農業経営体","68039","旧中郷村","2015000000","2015年","経営体","63"
"0010","経営体数","120","農業経営体","68040","旧愛発村","2015000000","2015年","経営体","4"
"0010","経営体数","120","農業経営体","68041","旧粟野村","2015000000","2015年","経営体","193"
"0010","経営体数","120","農業経営体","18204","小浜市","2015000000","2015年","経営体","633"
"0010","経営体数","120","農業経営体","68042","旧小浜町","2015000000","2015年","経営体","14"
"0010","経営体数","120","農業経営体","68043","旧内外海村","2015000000","2015年","経営体","71"
"0010","経営体数","120","農業経営体","68044","旧国富村","2015000000","2015年","経営体","139"
"0010","経営体数","120","農業経営体","68045","旧遠敷村","2015000000","2015年","経営体","46"
"0010","経営体数","120","農業経営体","68046","旧今富村","2015000000","2015年","経営体","134"
"0010","経営体数","120","農業経営体","68047","旧松永村","2015000000","2015年","経営体","37"
"0010","経営体数","120","農業経営体","68048","旧口名田村","2015000000","2015年","経営体","37"
"0010","経営体数","120","農業経営体","68049","旧中名田村","2015000000","2015年","経営体","38"
"0010","経営体数","120","農業経営体","68050","旧宮川村","2015000000","2015年","経営体","38"
"0010","経営体数","120","農業経営体","68051","旧加斗村２－１","2015000000","2015年","経営体","79"
"0010","経営体数","120","農業経営体","18205","大野市","2015000000","2015年","経営体","1347"
"0010","経営体数","120","農業経営体","68052","旧大野町","2015000000","2015年","経営体","62"
"0010","経営体数","120","農業経営体","68053","旧小山村","2015000000","2015年","経営体","85"
"0010","経営体数","120","農業経営体","68054","旧乾側村","2015000000","2015年","経営体","15"
"0010","経営体数","120","農業経営体","68055","旧下庄町","2015000000","2015年","経営体","211"
"0010","経営体数","120","農業経営体","68056","旧上庄村","2015000000","2015年","経営体","461"
"0010","経営体数","120","農業経営体","68057","旧五箇村","2015000000","2015年","経営体","3"
"0010","経営体数","120","農業経営体","68058","旧阪谷村","2015000000","2015年","経営体","228"
"0010","経営体数","120","農業経営体","68059","旧富田村","2015000000","2015年","経営体","250"
"0010","経営体数","120","農業経営体","68060","旧和泉村","2015000000","2015年","経営体","32"
"0010","経営体数","120","農業経営体","18206","勝山市","2015000000","2015年","経営体","878"
"0010","経営体数","120","農業経営体","68061","旧勝山町","2015000000","2015年","経営体","122"
"0010","経営体数","120","農業経営体","68062","旧平泉寺村","2015000000","2015年","経営体","138"
"0010","経営体数","120","農業経営体","68063","旧村岡村","2015000000","2015年","経営体","91"
"0010","経営体数","120","農業経営体","68064","旧北谷村","2015000000","2015年","経営体","7"
"0010","経営体数","120","農業経営体","68065","旧野向村","2015000000","2015年","経営体","62"
"0010","経営体数","120","農業経営体","68066","旧荒土村","2015000000","2015年","経営体","177"
"0010","経営体数","120","農業経営体","68067","旧北郷村","2015000000","2015年","経営体","89"
"0010","経営体数","120","農業経営体","68068","旧鹿谷村","2015000000","2015年","経営体","128"
"0010","経営体数","120","農業経営体","68069","旧遅羽村","2015000000","2015年","経営体","64"
"0010","経営体数","120","農業経営体","18207","鯖江市","2015000000","2015年","経営体","752"
"0010","経営体数","120","農業経営体","68070","旧鯖江町","2015000000","2015年","経営体","140"
"0010","経営体数","120","農業経営体","68071","旧神明町","2015000000","2015年","経営体","74"
"0010","経営体数","120","農業経営体","68072","旧中河村","2015000000","2015年","経営体","100"
"0010","経営体数","120","農業経営体","68073","旧片上村","2015000000","2015年","経営体","45"
"0010","経営体数","120","農業経営体","68074","旧立待村","2015000000","2015年","経営体","95"
"0010","経営体数","120","農業経営体","68075","旧吉川村","2015000000","2015年","経営体","122"
"0010","経営体数","120","農業経営体","68076","旧豊村","2015000000","2015年","経営体","81"
"0010","経営体数","120","農業経営体","68077","旧北中山村２－１","2015000000","2015年","経営体","70"
"0010","経営体数","120","農業経営体","68078","旧河和田村","2015000000","2015年","経営体","25"
"0010","経営体数","120","農業経営体","18208","あわら市","2015000000","2015年","経営体","755"
"0010","経営体数","120","農業経営体","68079","旧金津町","2015000000","2015年","経営体","19"
"0010","経営体数","120","農業経営体","68080","旧細呂木村","2015000000","2015年","経営体","140"
"0010","経営体数","120","農業経営体","68081","旧坪江村２－１","2015000000","2015年","経営体","66"
"0010","経営体数","120","農業経営体","68082","旧剱岳村","2015000000","2015年","経営体","62"
"0010","経営体数","120","農業経営体","68083","旧伊井村","2015000000","2015年","経営体","78"
"0010","経営体数","120","農業経営体","68084","旧吉崎村","2015000000","2015年","経営体","1"
"0010","経営体数","120","農業経営体","68085","旧本荘村３－３","2015000000","2015年","経営体","10"
"0010","経営体数","120","農業経営体","68086","旧芦原町","2015000000","2015年","経営体","142"
"0010","経営体数","120","農業経営体","68087","旧本荘村３－１","2015000000","2015年","経営体","88"
"0010","経営体数","120","農業経営体","68088","旧北潟村","2015000000","2015年","経営体","149"
"0010","経営体数","120","農業経営体","18209","越前市","2015000000","2015年","経営体","1848"
"0010","経営体数","120","農業経営体","68089","旧武生市","2015000000","2015年","経営体","288"
"0010","経営体数","120","農業経営体","68090","旧国高村","2015000000","2015年","経営体","202"
"0010","経営体数","120","農業経営体","68091","旧大虫村","2015000000","2015年","経営体","157"
"0010","経営体数","120","農業経営体","68092","旧坂口村","2015000000","2015年","経営体","52"
"0010","経営体数","120","農業経営体","68093","旧王子保村","2015000000","2015年","経営体","179"
"0010","経営体数","120","農業経営体","68094","旧北新庄村２－１","2015000000","2015年","経営体","106"
"0010","経営体数","120","農業経営体","68095","旧北日野村","2015000000","2015年","経営体","216"
"0010","経営体数","120","農業経営体","68096","旧味真野村","2015000000","2015年","経営体","162"
"0010","経営体数","120","農業経営体","68097","旧白山村","2015000000","2015年","経営体","161"
"0010","経営体数","120","農業経営体","68098","旧粟田部町","2015000000","2015年","経営体","11"
"0010","経営体数","120","農業経営体","68099","旧岡本村","2015000000","2015年","経営体","70"
"0010","経営体数","120","農業経営体","68100","旧服間村","2015000000","2015年","経営体","126"
"0010","経営体数","120","農業経営体","68101","旧南中山村","2015000000","2015年","経営体","63"
"0010","経営体数","120","農業経営体","68102","旧北新庄村２－２","2015000000","2015年","経営体","19"
"0010","経営体数","120","農業経営体","68103","旧北中山村２－２","2015000000","2015年","経営体","36"
"0010","経営体数","120","農業経営体","18210","坂井市","2015000000","2015年","経営体","2165"
"0010","経営体数","120","農業経営体","68104","旧三国町","2015000000","2015年","経営体","9"
"0010","経営体数","120","農業経営体","68105","旧新保村","2015000000","2015年","経営体","5"
"0010","経営体数","120","農業経営体","68106","旧雄島村","2015000000","2015年","経営体","7"
"0010","経営体数","120","農業経営体","68107","旧加戸村","2015000000","2015年","経営体","156"
"0010","経営体数","120","農業経営体","68108","旧木部村２－２","2015000000","2015年","経営体","74"
"0010","経営体数","120","農業経営体","68109","旧本荘村３－２","2015000000","2015年","経営体","25"
"0010","経営体数","120","農業経営体","68110","旧浜四郷村２－１","2015000000","2015年","経営体","193"
"0010","経営体数","120","農業経営体","68111","旧丸岡町","2015000000","2015年","経営体","1"
"0010","経営体数","120","農業経営体","68112","旧坪江村２－２","2015000000","2015年","経営体","37"
"0010","経営体数","120","農業経営体","68113","旧磯部村２－１","2015000000","2015年","経営体","151"
"0010","経営体数","120","農業経営体","68114","旧鳴鹿村２－１","2015000000","2015年","経営体","95"
"0010","経営体数","120","農業経営体","68115","旧竹田村","2015000000","2015年","経営体","20"
"0010","経営体数","120","農業経営体","68116","旧長畝村","2015000000","2015年","経営体","160"
"0010","経営体数","120","農業経営体","68117","旧高椋村","2015000000","2015年","経営体","308"
"0010","経営体数","120","農業経営体","68118","旧春江町","2015000000","2015年","経営体","294"
"0010","経営体数","120","農業経営体","68119","旧大石村","2015000000","2015年","経営体","175"
"0010","経営体数","120","農業経営体","68120","旧磯部村２－２","2015000000","2015年","経営体","34"
"0010","経営体数","120","農業経営体","68121","旧東十郷村","2015000000","2015年","経営体","165"
"0010","経営体数","120","農業経営体","68122","旧大関村","2015000000","2015年","経営体","97"
"0010","経営体数","120","農業経営体","68123","旧木部村２－１","2015000000","2015年","経営体","103"
"0010","経営体数","120","農業経営体","68124","旧兵庫村","2015000000","2015年","経営体","56"
"0010","経営体数","120","農業経営体","18322","永平寺町","2015000000","2015年","経営体","518"
"0010","経営体数","120","農業経営体","68125","旧松岡町","2015000000","2015年","経営体","18"
"0010","経営体数","120","農業経営体","68126","旧五領ヶ島村","2015000000","2015年","経営体","116"
"0010","経営体数","120","農業経営体","68127","旧吉野村","2015000000","2015年","経営体","32"
"0010","経営体数","120","農業経営体","68128","旧下志比村２－２","2015000000","2015年","経営体","-"
"0010","経営体数","120","農業経営体","68129","旧志比谷村","2015000000","2015年","経営体","56"
"0010","経営体数","120","農業経営体","68130","旧浄法寺村","2015000000","2015年","経営体","59"
"0010","経営体数","120","農業経営体","68131","旧下志比村２－１","2015000000","2015年","経営体","54"
"0010","経営体数","120","農業経営体","68132","旧鳴鹿村２－２","2015000000","2015年","経営体","18"
"0010","経営体数","120","農業経営体","68133","旧上志比村","2015000000","2015年","経営体","165"
"0010","経営体数","120","農業経営体","18382","池田町","2015000000","2015年","経営体","178"
"0010","経営体数","120","農業経営体","68134","旧上池田村","2015000000","2015年","経営体","172"
"0010","経営体数","120","農業経営体","68135","旧下池田村","2015000000","2015年","経営体","6"
"0010","経営体数","120","農業経営体","18404","南越前町","2015000000","2015年","経営体","376"
"0010","経営体数","120","農業経営体","68136","旧南日野村","2015000000","2015年","経営体","62"
"0010","経営体数","120","農業経営体","68137","旧北杣山村","2015000000","2015年","経営体","69"
"0010","経営体数","120","農業経営体","68138","旧南杣山村","2015000000","2015年","経営体","45"
"0010","経営体数","120","農業経営体","68139","旧湯尾村","2015000000","2015年","経営体","51"
"0010","経営体数","120","農業経営体","68140","旧鹿蒜村","2015000000","2015年","経営体","22"
"0010","経営体数","120","農業経営体","68141","旧今庄村","2015000000","2015年","経営体","6"
"0010","経営体数","120","農業経営体","68142","旧宅良村","2015000000","2015年","経営体","38"
"0010","経営体数","120","農業経営体","68143","旧堺村","2015000000","2015年","経営体","52"
"0010","経営体数","120","農業経営体","68144","旧河野村","2015000000","2015年","経営体","31"
"0010","経営体数","120","農業経営体","18423","越前町","2015000000","2015年","経営体","749"
"0010","経営体数","120","農業経営体","68145","旧朝日町","2015000000","2015年","経営体","188"
"0010","経営体数","120","農業経営体","68146","旧常磐村２－１","2015000000","2015年","経営体","15"
"0010","経営体数","120","農業経営体","68147","旧糸生村","2015000000","2015年","経営体","101"
"0010","経営体数","120","農業経営体","68148","旧宮崎村","2015000000","2015年","経営体","173"
"0010","経営体数","120","農業経営体","68149","旧四ヶ浦町","2015000000","2015年","経営体","35"
"0010","経営体数","120","農業経営体","68150","旧城崎村","2015000000","2015年","経営体","3"
"0010","経営体数","120","農業経営体","68151","旧織田村","2015000000","2015年","経営体","152"
"0010","経営体数","120","農業経営体","68152","旧萩野村","2015000000","2015年","経営体","65"
"0010","経営体数","120","農業経営体","68153","旧常磐村２－２","2015000000","2015年","経営体","17"
"0010","経営体数","120","農業経営体","18442","美浜町","2015000000","2015年","経営体","303"
"0010","経営体数","120","農業経営体","68154","旧山東村","2015000000","2015年","経営体","106"
"0010","経営体数","120","農業経営体","68155","旧耳村","2015000000","2015年","経営体","132"
"0010","経営体数","120","農業経営体","68156","旧南西郷村","2015000000","2015年","経営体","63"
"0010","経営体数","120","農業経営体","68157","旧北西郷村","2015000000","2015年","経営体","2"
"0010","経営体数","120","農業経営体","18481","高浜町","2015000000","2015年","経営体","260"
"0010","経営体数","120","農業経営体","68158","旧高浜町","2015000000","2015年","経営体","75"
"0010","経営体数","120","農業経営体","68159","旧和田村","2015000000","2015年","経営体","31"
"0010","経営体数","120","農業経営体","68160","旧青郷村","2015000000","2015年","経営体","128"
"0010","経営体数","120","農業経営体","68161","旧内浦村","2015000000","2015年","経営体","26"
"0010","経営体数","120","農業経営体","18483","おおい町","2015000000","2015年","経営体","368"
"0010","経営体数","120","農業経営体","68162","旧知三村","2015000000","2015年","経営体","26"
"0010","経営体数","120","農業経営体","68163","旧奥名田村","2015000000","2015年","経営体","29"
"0010","経営体数","120","農業経営体","68164","旧佐分利村","2015000000","2015年","経営体","126"
"0010","経営体数","120","農業経営体","68165","旧本郷村","2015000000","2015年","経営体","137"
"0010","経営体数","120","農業経営体","68166","旧大島村","2015000000","2015年","経営体","37"
"0010","経営体数","120","農業経営体","68167","旧加斗村２－２","2015000000","2015年","経営体","13"
"0010","経営体数","120","農業経営体","18501","若狭町","2015000000","2015年","経営体","805"
"0010","経営体数","120","農業経営体","68168","旧西田村","2015000000","2015年","経営体","144"
"0010","経営体数","120","農業経営体","68169","旧八村","2015000000","2015年","経営体","198"
"0010","経営体数","120","農業経営体","68170","旧十村","2015000000","2015年","経営体","116"
"0010","経営体数","120","農業経営体","68171","旧鳥羽村","2015000000","2015年","経営体","86"
"0010","経営体数","120","農業経営体","68172","旧野木村","2015000000","2015年","経営体","85"
"0010","経営体数","120","農業経営体","68173","旧瓜生村","2015000000","2015年","経営体","112"
"0010","経営体数","120","農業経営体","68174","旧三宅村","2015000000","2015年","経営体","61"
"0010","経営体数","120","農業経営体","68175","旧熊川村","2015000000","2015年","経営体","3"
"0010","経営体数","160","農業経営体_うち組織経営体","15000","新潟県","2015000000","2015年","経営体","1550"
"0010","経営体数","160","農業経営体_うち組織経営体","15100","新潟市","2015000000","2015年","経営体","160"
"0010","経営体数","160","農業経営体_うち組織経営体","15101","北区","2015000000","2015年","経営体","22"
"0010","経営体数","160","農業経営体_うち組織経営体","65001","旧松ヶ崎浜村２－１","2015000000","2015年","経営体","-"
"0010","経営体数","160","農業経営体_うち組織経営体","65002","旧濁川村","2015000000","2015年","経営体","3"
"0010","経営体数","160","農業経営体_うち組織経営体","65003","旧南浜村","2015000000","2015年","経営体","1"
"0010","経営体数","160","農業経営体_うち組織経営体","65004","旧木崎村２－２","2015000000","2015年","経営体","-"
"0010","経営体数","160","農業経営体_うち組織経営体","65005","旧葛塚町","2015000000","2015年","経営体","2"
"0010","経営体数","160","農業経営体_うち組織経営体","65006","旧木崎村２－１","2015000000","2015年","経営体","3"
"0010","経営体数","160","農業経営体_うち組織経営体","65007","旧岡方村","2015000000","2015年","経営体","7"
"0010","経営体数","160","農業経営体_うち組織経営体","65008","旧長浦村","2015000000","2015年","経営体","6"
"0010","経営体数","160","農業経営体_うち組織経営体","15102","東区","2015000000","2015年","経営体","2"
"0010","経営体数","160","農業経営体_うち組織経営体","65009","旧新潟市２－１","2015000000","2015年","経営体","-"
"0010","経営体数","160","農業経営体_うち組織経営体","65010","旧石山村２－１","2015000000","2015年","経営体","1"
"0010","経営体数","160","農業経営体_うち組織経営体","65011","旧大形村","2015000000","2015年","経営体","1"
"0010","経営体数","160","農業経営体_うち組織経営体","65012","旧松ヶ崎浜村２－２","2015000000","2015年","経営体","-"
"0010","経営体数","160","農業経営体_うち組織経営体","15103","中央区","2015000000","2015年","経営体","2"
"0010","経営体数","160","農業経営体_うち組織経営体","65013","旧新潟市２－２","2015000000","2015年","経営体","1"
"0010","経営体数","160","農業経営体_うち組織経営体","65014","旧石山村２－２","2015000000","2015年","経営体","-"
"0010","経営体数","160","農業経営体_うち組織経営体","65015","旧鳥屋野村","2015000000","2015年","経営体","1"
"0010","経営体数","160","農業経営体_うち組織経営体","65016","旧曽野木村２－１－１","2015000000","2015年","経営体","-"
"0010","経営体数","160","農業経営体_うち組織経営体","15104","江南区","2015000000","2015年","経営体","16"
"0010","経営体数","160","農業経営体_うち組織経営体","65017","旧大江山村","2015000000","2015年","経営体","1"
"0010","経営体数","160","農業経営体_うち組織経営体","65018","旧曽野木村２－１－２","2015000000","2015年","経営体","3"
"0010","経営体数","160","農業経営体_うち組織経営体","65019","旧両川村","2015000000","2015年","経営体","1"
"0010","経営体数","160","農業経営体_うち組織経営体","65020","旧横越町","2015000000","2015年","経営体","6"
"0010","経営体数","160","農業経営体_うち組織経営体","65021","旧亀田町","2015000000","2015年","経営体","5"
"0010","経営体数","160","農業経営体_うち組織経営体","15105","秋葉区","2015000000","2015年","経営体","20"
"0010","経営体数","160","農業経営体_うち組織経営体","65022","旧新津町","2015000000","2015年","経営体","5"
"0010","経営体数","160","農業経営体_うち組織経営体","65023","旧金津村","2015000000","2015年","経営体","-"
"0010","経営体数","160","農業経営体_うち組織経営体","65024","旧小合村","2015000000","2015年","経営体","10"
"0010","経営体数","160","農業経営体_うち組織経営体","65025","旧新関村２－１","2015000000","2015年","経営体","2"
"0010","経営体数","160","農業経営体_うち組織経営体","65026","旧小須戸町","2015000000","2015年","経営体","3"
"0010","経営体数","160","農業経営体_うち組織経営体","15106","南区","2015000000","2015年","経営体","44"
"0010","経営体数","160","農業経営体_うち組織経営体","65027","旧白根町","2015000000","2015年","経営体","-"
"0010","経営体数","160","農業経営体_うち組織経営体","65028","旧須田村２－２","2015000000","2015年","経営体","-"
"0010","経営体数","160","農業経営体_うち組織経営体","65029","旧新飯田村","2015000000","2015年","経営体","-"
"0010","経営体数","160","農業経営体_うち組織経営体","65030","旧庄瀬村","2015000000","2015年","経営体","5"
"0010","経営体数","160","農業経営体_うち組織経営体","65031","旧小林村","2015000000","2015年","経営体","2"
"0010","経営体数","160","農業経営体_うち組織経営体","65032","旧臼井村","2015000000","2015年","経営体","1"
"0010","経営体数","160","農業経営体_うち組織経営体","65033","旧鷲巻村","2015000000","2015年","経営体","7"
"0010","経営体数","160","農業経営体_うち組織経営体","65034","旧大郷村","2015000000","2015年","経営体","3"
"0010","経営体数","160","農業経営体_うち組織経営体","65035","旧根岸村","2015000000","2015年","経営体","8"
"0010","経営体数","160","農業経営体_うち組織経営体","65036","旧茨曽根村","2015000000","2015年","経営体","5"
"0010","経営体数","160","農業経営体_うち組織経営体","65037","旧曽野木村２－１－３","2015000000","2015年","経営体","-"
"0010","経営体数","160","農業経営体_うち組織経営体","65038","旧曽野木村２－２","2015000000","2015年","経営体","-"
"0010","経営体数","160","農業経営体_うち組織経営体","65039","旧味方村","2015000000","2015年","経営体","8"
"0010","経営体数","160","農業経営体_うち組織経営体","65040","旧月潟村","2015000000","2015年","経営体","5"
"0010","経営体数","160","農業経営体_うち組織経営体","15107","西区","2015000000","2015年","経営体","13"
"0010","経営体数","160","農業経営体_うち組織経営体","65041","旧坂井輪村","2015000000","2015年","経営体","1"
"0010","経営体数","160","農業経営体_うち組織経営体","65042","旧内野町","2015000000","2015年","経営体","2"
"0010","経営体数","160","農業経営体_うち組織経営体","65043","旧赤塚村","2015000000","2015年","経営体","2"
"0010","経営体数","160","農業経営体_うち組織経営体","65044","旧中野小屋村","2015000000","2015年","経営体","1"
"0010","経営体数","160","農業経営体_うち組織経営体","65045","旧黒埼町","2015000000","2015年","経営体","6"
"0010","経営体数","160","農業経営体_うち組織経営体","65046","旧角田村２－１","2015000000","2015年","経営体","1"
"0010","経営体数","160","農業経営体_うち組織経営体","15108","西蒲区","2015000000","2015年","経営体","41"
"0010","経営体数","160","農業経営体_うち組織経営体","65047","旧岩室村","2015000000","2015年","経営体","7"
"0010","経営体数","160","農業経営体_うち組織経営体","65048","旧間瀬村","2015000000","2015年","経営体","-"
"0010","経営体数","160","農業経営体_うち組織経営体","65049","旧和納村３－１","2015000000","2015年","経営体","3"
"0010","経営体数","160","農業経営体_うち組織経営体","65050","旧鎧郷村２－１","2015000000","2015年","経営体","2"
"0010","経営体数","160","農業経営体_うち組織経営体","65051","旧曽根町","2015000000","2015年","経営体","2"
"0010","経営体数","160","農業経営体_うち組織経営体","65052","旧升潟村","2015000000","2015年","経営体","1"
"0010","経営体数","160","農業経営体_うち組織経営体","65053","旧四ツ合村２－２","2015000000","2015年","経営体","-"
"0010","経営体数","160","農業経営体_うち組織経営体","65054","旧四ツ合村２－１","2015000000","2015年","経営体","3"
"0010","経営体数","160","農業経営体_うち組織経営体","65055","旧大原村","2015000000","2015年","経営体","3"
"0010","経営体数","160","農業経営体_うち組織経営体","65056","旧小吉村","2015000000","2015年","経営体","1"
"0010","経営体数","160","農業経営体_うち組織経営体","65057","旧道上村","2015000000","2015年","経営体","5"
"0010","経営体数","160","農業経営体_うち組織経営体","65058","旧松長村２－２","2015000000","2015年","経営体","2"
"0010","経営体数","160","農業経営体_うち組織経営体","65059","旧巻町","2015000000","2015年","経営体","-"
"0010","経営体数","160","農業経営体_うち組織経営体","65060","旧鎧郷村２－２","2015000000","2015年","経営体","2"
"0010","経営体数","160","農業経営体_うち組織経営体","65061","旧漆山村","2015000000","2015年","経営体","3"
"0010","経営体数","160","農業経営体_うち組織経営体","65062","旧峰岡村","2015000000","2015年","経営体","1"
"0010","経営体数","160","農業経営体_うち組織経営体","65063","旧松野尾村","2015000000","2015年","経営体","4"
"0010","経営体数","160","農業経営体_うち組織経営体","65064","旧角田村２－２","2015000000","2015年","経営体","2"
"0010","経営体数","160","農業経営体_うち組織経営体","65065","旧浦浜村","2015000000","2015年","経営体","-"
"0010","経営体数","160","農業経営体_うち組織経営体","65066","旧和納村３－３","2015000000","2015年","経営体","-"
"0010","経営体数","160","農業経営体_うち組織経営体","15202","長岡市","2015000000","2015年","経営体","214"
"0010","経営体数","160","農業経営体_うち組織経営体","65067","旧長岡市","2015000000","2015年","経営体","6"
"0010","経営体数","160","農業経営体_うち組織経営体","65068","旧下川西村","2015000000","2015年","経営体","3"
"0010","経営体数","160","農業経営体_うち組織経営体","65069","旧黒条村","2015000000","2015年","経営体","2"
"0010","経営体数","160","農業経営体_うち組織経営体","65070","旧栖吉村","2015000000","2015年","経営体","6"
"0010","経営体数","160","農業経営体_うち組織経営体","65071","旧山本村","2015000000","2015年","経営体","6"
"0010","経営体数","160","農業経営体_うち組織経営体","65072","旧富曽亀村","2015000000","2015年","経営体","1"
"0010","経営体数","160","農業経営体_うち組織経営体","65073","旧新組村２－１","2015000000","2015年","経営体","6"
"0010","経営体数","160","農業経営体_うち組織経営体","65074","旧上川西村","2015000000","2015年","経営体","2"
"0010","経営体数","160","農業経営体_うち組織経営体","65075","旧福戸村","2015000000","2015年","経営体","3"
"0010","経営体数","160","農業経営体_うち組織経営体","65076","旧王寺川村","2015000000","2015年","経営体","2"
"0010","経営体数","160","農業経営体_うち組織経営体","65077","旧日越村","2015000000","2015年","経営体","6"
"0010","経営体数","160","農業経営体_うち組織経営体","65078","旧深才村","2015000000","2015年","経営体","7"
"0010","経営体数","160","農業経営体_うち組織経営体","65079","旧宮内町","2015000000","2015年","経営体","3"
"0010","経営体数","160","農業経営体_うち組織経営体","65080","旧十日町村","2015000000","2015年","経営体","-"
"0010","経営体数","160","農業経営体_うち組織経営体","65081","旧六日市村２－１","2015000000","2015年","経営体","2"
"0010","経営体数","160","農業経営体_うち組織経営体","65082","旧太田村２－１","2015000000","2015年","経営体","-"
"0010","経営体数","160","農業経営体_うち組織経営体","65083","旧関原町","2015000000","2015年","経営体","2"
"0010","経営体数","160","農業経営体_うち組織経営体","65084","旧日吉村２－２","2015000000","2015年","経営体","-"
"0010","経営体数","160","農業経営体_うち組織経営体","65085","旧黒川村２－２","2015000000","2015年","経営体","1"
"0010","経営体数","160","農業経営体_うち組織経営体","65086","旧宮本村","2015000000","2015年","経営体","2"
"0010","経営体数","160","農業経営体_うち組織経営体","65087","旧大積村","2015000000","2015年","経営体","1"
"0010","経営体数","160","農業経営体_うち組織経営体","65088","旧中之島町","2015000000","2015年","経営体","24"
"0010","経営体数","160","農業経営体_うち組織経営体","65089","旧来迎寺村","2015000000","2015年","経営体","12"
"0010","経営体数","160","農業経営体_うち組織経営体","65090","旧石津村","2015000000","2015年","経営体","3"
"0010","経営体数","160","農業経営体_うち組織経営体","65091","旧塚山村","2015000000","2015年","経営体","4"
"0010","経営体数","160","農業経営体_うち組織経営体","65092","旧千谷沢村２－１","2015000000","2015年","経営体","1"
"0010","経営体数","160","農業経営体_うち組織経営体","65093","旧岩塚村","2015000000","2015年","経営体","6"
"0010","経営体数","160","農業経営体_うち組織経営体","65094","旧脇野町","2015000000","2015年","経営体","2"
"0010","経営体数","160","農業経営体_うち組織経営体","65095","旧大津村２－１","2015000000","2015年","経営体","1"
"0010","経営体数","160","農業経営体_うち組織経営体","65096","旧日吉村２－１","2015000000","2015年","経営体","2"
"0010","経営体数","160","農業経営体_うち組織経営体","65097","旧種苧原村","2015000000","2015年","経営体","2"
"0010","経営体数","160","農業経営体_うち組織経営体","65098","旧太田村２－２","2015000000","2015年","経営体","1"
"0010","経営体数","160","農業経営体_うち組織経営体","65099","旧竹沢村","2015000000","2015年","経営体","-"
"0010","経営体数","160","農業経営体_うち組織経営体","65100","旧東竹沢村２－１","2015000000","2015年","経営体","-"
"0010","経営体数","160","農業経営体_うち組織経営体","65101","旧仙田村３－２","2015000000","2015年","経営体","-"
"0010","経営体数","160","農業経営体_うち組織経営体","65102","旧上小国村","2015000000","2015年","経営体","9"
"0010","経営体数","160","農業経営体_うち組織経営体","65103","旧小国村","2015000000","2015年","経営体","9"
"0010","経営体数","160","農業経営体_うち組織経営体","65104","旧山横沢村","2015000000","2015年","経営体","-"
"0010","経営体数","160","農業経営体_うち組織経営体","65105","旧千谷沢村２－２","2015000000","2015年","経営体","2"
"0010","経営体数","160","農業経営体_うち組織経営体","65106","旧桐島村","2015000000","2015年","経営体","10"
"0010","経営体数","160","農業経営体_うち組織経営体","65107","旧島田村","2015000000","2015年","経営体","9"
"0010","経営体数","160","農業経営体_うち組織経営体","65108","旧西越村２－２","2015000000","2015年","経営体","-"
"0010","経営体数","160","農業経営体_うち組織経営体","65109","旧寺泊町","2015000000","2015年","経営体","9"
"0010","経営体数","160","農業経営体_うち組織経営体","65110","旧大河津村３－１","2015000000","2015年","経営体","8"
"0010","経営体数","160","農業経営体_うち組織経営体","65111","旧栃尾町","2015000000","2015年","経営体","-"
"0010","経営体数","160","農業経営体_うち組織経営体","65112","旧上北谷村２－２","2015000000","2015年","経営体","-"
"0010","経営体数","160","農業経営体_うち組織経営体","65113","旧下塩谷村","2015000000","2015年","経営体","7"
"0010","経営体数","160","農業経営体_うち組織経営体","65114","旧上塩谷村","2015000000","2015年","経営体","1"
"0010","経営体数","160","農業経営体_うち組織経営体","65115","旧東谷村","2015000000","2015年","経営体","6"
"0010","経営体数","160","農業経営体_うち組織経営体","65116","旧入東谷村","2015000000","2015年","経営体","3"
"0010","経営体数","160","農業経営体_うち組織経営体","65117","旧荷頃村","2015000000","2015年","経営体","3"
"0010","経営体数","160","農業経営体_うち組織経営体","65118","旧西谷村","2015000000","2015年","経営体","-"
"0010","経営体数","160","農業経営体_うち組織経営体","65119","旧中野俣村","2015000000","2015年","経営体","2"
"0010","経営体数","160","農業経営体_うち組織経営体","65120","旧半蔵金村","2015000000","2015年","経営体","-"
"0010","経営体数","160","農業経営体_うち組織経営体","65121","旧与板町","2015000000","2015年","経営体","2"
"0010","経営体数","160","農業経営体_うち組織経営体","65122","旧大河津村３－３","2015000000","2015年","経営体","-"
"0010","経営体数","160","農業経営体_うち組織経営体","65123","旧黒川村２－１","2015000000","2015年","経営体","2"
"0010","経営体数","160","農業経営体_うち組織経営体","65124","旧大津村２－２","2015000000","2015年","経営体","2"
"0010","経営体数","160","農業経営体_うち組織経営体","65125","旧川口村","2015000000","2015年","経営体","9"
"0010","経営体数","160","農業経営体_うち組織経営体","65126","旧東山村２－２","2015000000","2015年","経営体","-"
"0010","経営体数","160","農業経営体_うち組織経営体","65127","旧田麦山村","2015000000","2015年","経営体","2"
"0010","経営体数","160","農業経営体_うち組織経営体","15204","三条市","2015000000","2015年","経営体","56"
"0010","経営体数","160","農業経営体_うち組織経営体","65128","旧三条市","2015000000","2015年","経営体","3"
"0010","経営体数","160","農業経営体_うち組織経営体","65129","旧井栗村","2015000000","2015年","経営体","3"
"0010","経営体数","160","農業経営体_うち組織経営体","65130","旧大崎村","2015000000","2015年","経営体","-"
"0010","経営体数","160","農業経営体_うち組織経営体","65131","旧本成寺村","2015000000","2015年","経営体","-"
"0010","経営体数","160","農業経営体_うち組織経営体","65132","旧大島村２－１","2015000000","2015年","経営体","-"
"0010","経営体数","160","農業経営体_うち組織経営体","65133","旧福島村","2015000000","2015年","経営体","19"
"0010","経営体数","160","農業経営体_うち組織経営体","65134","旧大面村","2015000000","2015年","経営体","5"
"0010","経営体数","160","農業経営体_うち組織経営体","65135","旧長沢村","2015000000","2015年","経営体","12"
"0010","経営体数","160","農業経営体_うち組織経営体","65136","旧森町村","2015000000","2015年","経営体","9"
"0010","経営体数","160","農業経営体_うち組織経営体","65137","旧鹿峠村","2015000000","2015年","経営体","5"
"0010","経営体数","160","農業経営体_うち組織経営体","15205","柏崎市","2015000000","2015年","経営体","55"
"0010","経営体数","160","農業経営体_うち組織経営体","65138","旧柏崎市","2015000000","2015年","経営体","4"
"0010","経営体数","160","農業経営体_うち組織経営体","65139","旧西中通村","2015000000","2015年","経営体","3"
"0010","経営体数","160","農業経営体_うち組織経営体","65140","旧荒浜村","2015000000","2015年","経営体","-"
"0010","経営体数","160","農業経営体_うち組織経営体","65141","旧北鯖石村","2015000000","2015年","経営体","3"
"0010","経営体数","160","農業経営体_うち組織経営体","65142","旧田尻村","2015000000","2015年","経営体","7"
"0010","経営体数","160","農業経営体_うち組織経営体","65143","旧高田村","2015000000","2015年","経営体","8"
"0010","経営体数","160","農業経営体_うち組織経営体","65144","旧中通村２－１","2015000000","2015年","経営体","2"
"0010","経営体数","160","農業経営体_うち組織経営体","65145","旧上米山村","2015000000","2015年","経営体","2"
"0010","経営体数","160","農業経営体_うち組織経営体","65146","旧米山村２－１","2015000000","2015年","経営体","-"
"0010","経営体数","160","農業経営体_うち組織経営体","65147","旧高浜町","2015000000","2015年","経営体","-"
"0010","経営体数","160","農業経営体_うち組織経営体","65148","旧上条村","2015000000","2015年","経営体","7"
"0010","経営体数","160","農業経営体_うち組織経営体","65149","旧南鯖石村","2015000000","2015年","経営体","2"
"0010","経営体数","160","農業経営体_うち組織経営体","65150","旧中鯖石村","2015000000","2015年","経営体","6"
"0010","経営体数","160","農業経営体_うち組織経営体","65151","旧野田村","2015000000","2015年","経営体","-"
"0010","経営体数","160","農業経営体_うち組織経営体","65152","旧鵜川村","2015000000","2015年","経営体","-"
"0010","経営体数","160","農業経営体_うち組織経営体","65153","旧北条村","2015000000","2015年","経営体","4"
"0010","経営体数","160","農業経営体_うち組織経営体","65154","旧米山村２－２－２","2015000000","2015年","経営体","-"
"0010","経営体数","160","農業経営体_うち組織経営体","65155","旧高柳村","2015000000","2015年","経営体","1"
"0010","経営体数","160","農業経営体_うち組織経営体","65156","旧石黒村","2015000000","2015年","経営体","1"
"0010","経営体数","160","農業経営体_うち組織経営体","65157","旧山平村２－２","2015000000","2015年","経営体","-"
"0010","経営体数","160","農業経営体_うち組織経営体","65158","旧内郷村","2015000000","2015年","経営体","1"
"0010","経営体数","160","農業経営体_うち組織経営体","65159","旧石地町","2015000000","2015年","経営体","3"
"0010","経営体数","160","農業経営体_うち組織経営体","65160","旧二田村２－１","2015000000","2015年","経営体","1"
"0010","経営体数","160","農業経営体_うち組織経営体","15206","新発田市","2015000000","2015年","経営体","89"
"0010","経営体数","160","農業経営体_うち組織経営体","65161","旧新発田市","2015000000","2015年","経営体","11"
"0010","経営体数","160","農業経営体_うち組織経営体","65162","旧五十公野村","2015000000","2015年","経営体","4"
"0010","経営体数","160","農業経営体_うち組織経営体","65163","旧松浦村","2015000000","2015年","経営体","4"
"0010","経営体数","160","農業経営体_うち組織経営体","65164","旧米倉村","2015000000","2015年","経営体","4"
"0010","経営体数","160","農業経営体_うち組織経営体","65165","旧赤谷村","2015000000","2015年","経営体","-"
"0010","経営体数","160","農業経営体_うち組織経営体","65166","旧川東村","2015000000","2015年","経営体","9"
"0010","経営体数","160","農業経営体_うち組織経営体","65167","旧菅谷村","2015000000","2015年","経営体","5"
"0010","経営体数","160","農業経営体_うち組織経営体","65168","旧加治村２－２","2015000000","2015年","経営体","5"
"0010","経営体数","160","農業経営体_うち組織経営体","65169","旧佐々木村","2015000000","2015年","経営体","7"
"0010","経営体数","160","農業経営体_うち組織経営体","65170","旧中浦村２－２","2015000000","2015年","経営体","1"
"0010","経営体数","160","農業経営体_うち組織経営体","65171","旧中浦村２－１","2015000000","2015年","経営体","5"
"0010","経営体数","160","農業経営体_うち組織経営体","65172","旧本田村","2015000000","2015年","経営体","2"
"0010","経営体数","160","農業経営体_うち組織経営体","65173","旧神山村３－３","2015000000","2015年","経営体","-"
"0010","経営体数","160","農業経営体_うち組織経営体","65174","旧加治村２－１","2015000000","2015年","経営体","11"
"0010","経営体数","160","農業経営体_うち組織経営体","65175","旧金塚村２－１","2015000000","2015年","経営体","10"
"0010","経営体数","160","農業経営体_うち組織経営体","65176","旧紫雲寺村","2015000000","2015年","経営体","11"
"0010","経営体数","160","農業経営体_うち組織経営体","65177","旧松塚村２－１","2015000000","2015年","経営体","-"
"0010","経営体数","160","農業経営体_うち組織経営体","15208","小千谷市","2015000000","2015年","経営体","33"
"0010","経営体数","160","農業経営体_うち組織経営体","65178","旧小千谷町","2015000000","2015年","経営体","10"
"0010","経営体数","160","農業経営体_うち組織経営体","65179","旧城川村","2015000000","2015年","経営体","5"
"0010","経営体数","160","農業経営体_うち組織経営体","65180","旧千田村","2015000000","2015年","経営体","6"
"0010","経営体数","160","農業経営体_うち組織経営体","65181","旧川井村","2015000000","2015年","経営体","3"
"0010","経営体数","160","農業経営体_うち組織経営体","65182","旧六日市村２－２","2015000000","2015年","経営体","-"
"0010","経営体数","160","農業経営体_うち組織経営体","65183","旧東山村２－１","2015000000","2015年","経営体","1"
"0010","経営体数","160","農業経営体_うち組織経営体","65184","旧岩沢村","2015000000","2015年","経営体","1"
"0010","経営体数","160","農業経営体_うち組織経営体","65185","旧真人村","2015000000","2015年","経営体","2"
"0010","経営体数","160","農業経営体_うち組織経営体","65186","旧片貝町","2015000000","2015年","経営体","5"
"0010","経営体数","160","農業経営体_うち組織経営体","15209","加茂市","2015000000","2015年","経営体","7"
"0010","経営体数","160","農業経営体_うち組織経営体","65187","旧加茂町","2015000000","2015年","経営体","3"
"0010","経営体数","160","農業経営体_うち組織経営体","65188","旧下条村","2015000000","2015年","経営体","-"
"0010","経営体数","160","農業経営体_うち組織経営体","65189","旧七谷村","2015000000","2015年","経営体","2"
"0010","経営体数","160","農業経営体_うち組織経営体","65190","旧須田村２－１","2015000000","2015年","経営体","2"
"0010","経営体数","160","農業経営体_うち組織経営体","15210","十日町市","2015000000","2015年","経営体","85"
"0010","経営体数","160","農業経営体_うち組織経営体","65191","旧十日町","2015000000","2015年","経営体","2"
"0010","経営体数","160","農業経営体_うち組織経営体","65192","旧中条村","2015000000","2015年","経営体","12"
"0010","経営体数","160","農業経営体_うち組織経営体","65193","旧川治村","2015000000","2015年","経営体","2"
"0010","経営体数","160","農業経営体_うち組織経営体","65194","旧六箇村","2015000000","2015年","経営体","3"
"0010","経営体数","160","農業経営体_うち組織経営体","65195","旧吉田村","2015000000","2015年","経営体","4"
"0010","経営体数","160","農業経営体_うち組織経営体","65196","旧下条村","2015000000","2015年","経営体","3"
"0010","経営体数","160","農業経営体_うち組織経営体","65197","旧水沢村","2015000000","2015年","経営体","9"
"0010","経営体数","160","農業経営体_うち組織経営体","65198","旧貝野村２－２","2015000000","2015年","経営体","2"
"0010","経営体数","160","農業経営体_うち組織経営体","65199","旧千手町","2015000000","2015年","経営体","1"
"0010","経営体数","160","農業経営体_うち組織経営体","65200","旧上野村","2015000000","2015年","経営体","2"
"0010","経営体数","160","農業経営体_うち組織経営体","65201","旧橘村","2015000000","2015年","経営体","9"
"0010","経営体数","160","農業経営体_うち組織経営体","65202","旧仙田村３－１","2015000000","2015年","経営体","4"
"0010","経営体数","160","農業経営体_うち組織経営体","65203","旧田沢村","2015000000","2015年","経営体","7"
"0010","経営体数","160","農業経営体_うち組織経営体","65204","旧倉俣村２－１","2015000000","2015年","経営体","3"
"0010","経営体数","160","農業経営体_うち組織経営体","65205","旧貝野村２－１","2015000000","2015年","経営体","1"
"0010","経営体数","160","農業経営体_うち組織経営体","65206","旧中深見村２－２","2015000000","2015年","経営体","-"
"0010","経営体数","160","農業経営体_うち組織経営体","65207","旧松代村","2015000000","2015年","経営体","7"
"0010","経営体数","160","農業経営体_うち組織経営体","65208","旧山平村２－１","2015000000","2015年","経営体","-"
"0010","経営体数","160","農業経営体_うち組織経営体","65209","旧奴奈川村","2015000000","2015年","経営体","4"
"0010","経営体数","160","農業経営体_うち組織経営体","65210","旧仙田村３－３","2015000000","2015年","経営体","-"
"0010","経営体数","160","農業経営体_うち組織経営体","65211","旧松之山村","2015000000","2015年","経営体","8"
"0010","経営体数","160","農業経営体_うち組織経営体","65212","旧浦田村","2015000000","2015年","経営体","2"
"0010","経営体数","160","農業経営体_うち組織経営体","15211","見附市","2015000000","2015年","経営体","20"
"0010","経営体数","160","農業経営体_うち組織経営体","65213","旧見附町","2015000000","2015年","経営体","1"
"0010","経営体数","160","農業経営体_うち組織経営体","65214","旧上北谷村２－１","2015000000","2015年","経営体","4"
"0010","経営体数","160","農業経営体_うち組織経営体","65215","旧北谷村","2015000000","2015年","経営体","3"
"0010","経営体数","160","農業経営体_うち組織経営体","65216","旧葛巻村","2015000000","2015年","経営体","3"
"0010","経営体数","160","農業経営体_うち組織経営体","65217","旧新潟村","2015000000","2015年","経営体","5"
"0010","経営体数","160","農業経営体_うち組織経営体","65218","旧新組村２－２","2015000000","2015年","経営体","-"
"0010","経営体数","160","農業経営体_うち組織経営体","65219","旧今町","2015000000","2015年","経営体","4"
"0010","経営体数","160","農業経営体_うち組織経営体","15212","村上市","2015000000","2015年","経営体","77"
"0010","経営体数","160","農業経営体_うち組織経営体","65220","旧村上町","2015000000","2015年","経営体","3"
"0010","経営体数","160","農業経営体_うち組織経営体","65221","旧瀬波町","2015000000","2015年","経営体","1"
"0010","経営体数","160","農業経営体_うち組織経営体","65222","旧岩船町２－１","2015000000","2015年","経営体","2"
"0010","経営体数","160","農業経営体_うち組織経営体","65223","旧山辺里村","2015000000","2015年","経営体","6"
"0010","経営体数","160","農業経営体_うち組織経営体","65224","旧上海府村","2015000000","2015年","経営体","-"
"0010","経営体数","160","農業経営体_うち組織経営体","65225","旧保内村","2015000000","2015年","経営体","6"
"0010","経営体数","160","農業経営体_うち組織経営体","65226","旧金屋村","2015000000","2015年","経営体","5"
"0010","経営体数","160","農業経営体_うち組織経営体","65227","旧西神納村","2015000000","2015年","経営体","6"
"0010","経営体数","160","農業経営体_うち組織経営体","65228","旧神納村","2015000000","2015年","経営体","5"
"0010","経営体数","160","農業経営体_うち組織経営体","65229","旧平林村","2015000000","2015年","経営体","7"
"0010","経営体数","160","農業経営体_うち組織経営体","65230","旧岩船町２－２","2015000000","2015年","経営体","-"
"0010","経営体数","160","農業経営体_うち組織経営体","65231","旧高根村","2015000000","2015年","経営体","10"
"0010","経営体数","160","農業経営体_うち組織経営体","65232","旧猿沢村","2015000000","2015年","経営体","7"
"0010","経営体数","160","農業経営体_うち組織経営体","65233","旧塩野町村","2015000000","2015年","経営体","11"
"0010","経営体数","160","農業経営体_うち組織経営体","65234","旧三面村","2015000000","2015年","経営体","2"
"0010","経営体数","160","農業経営体_うち組織経営体","65235","旧館腰村","2015000000","2015年","経営体","2"
"0010","経営体数","160","農業経営体_うち組織経営体","65236","旧大川谷村","2015000000","2015年","経営体","4"
"0010","経営体数","160","農業経営体_うち組織経営体","65237","旧中俣村","2015000000","2015年","経営体","-"
"0010","経営体数","160","農業経営体_うち組織経営体","65238","旧黒川俣村","2015000000","2015年","経営体","-"
"0010","経営体数","160","農業経営体_うち組織経営体","65239","旧八幡村","2015000000","2015年","経営体","-"
"0010","経営体数","160","農業経営体_うち組織経営体","65240","旧下海府村","2015000000","2015年","経営体","-"
"0010","経営体数","160","農業経営体_うち組織経営体","15213","燕市","2015000000","2015年","経営体","41"
"0010","経営体数","160","農業経営体_うち組織経営体","65241","旧燕町","2015000000","2015年","経営体","4"
"0010","経営体数","160","農業経営体_うち組織経営体","65242","旧小池村","2015000000","2015年","経営体","2"
"0010","経営体数","160","農業経営体_うち組織経営体","65243","旧小中川村","2015000000","2015年","経営体","5"
"0010","経営体数","160","農業経営体_うち組織経営体","65244","旧大島村２－２","2015000000","2015年","経営体","-"
"0010","経営体数","160","農業経営体_うち組織経営体","65245","旧松長村２－１","2015000000","2015年","経営体","6"
"0010","経営体数","160","農業経営体_うち組織経営体","65246","旧島上村","2015000000","2015年","経営体","4"
"0010","経営体数","160","農業経営体_うち組織経営体","65247","旧大河津村３－２","2015000000","2015年","経営体","1"
"0010","経営体数","160","農業経営体_うち組織経営体","65248","旧地蔵堂町","2015000000","2015年","経営体","-"
"0010","経営体数","160","農業経営体_うち組織経営体","65249","旧国上村２－１","2015000000","2015年","経営体","7"
"0010","経営体数","160","農業経営体_うち組織経営体","65250","旧吉田町","2015000000","2015年","経営体","4"
"0010","経営体数","160","農業経営体_うち組織経営体","65251","旧米納津村","2015000000","2015年","経営体","2"
"0010","経営体数","160","農業経営体_うち組織経営体","65252","旧粟生津村","2015000000","2015年","経営体","4"
"0010","経営体数","160","農業経営体_うち組織経営体","65253","旧国上村２－２","2015000000","2015年","経営体","1"
"0010","経営体数","160","農業経営体_うち組織経営体","65254","旧弥彦村２－２","2015000000","2015年","経営体","-"
"0010","経営体数","160","農業経営体_うち組織経営体","65255","旧和納村３－２","2015000000","2015年","経営体","1"
"0010","経営体数","160","農業経営体_うち組織経営体","15216","糸魚川市","2015000000","2015年","経営体","32"
"0010","経営体数","160","農業経営体_うち組織経営体","65256","旧糸魚川町","2015000000","2015年","経営体","2"
"0010","経営体数","160","農業経営体_うち組織経営体","65257","旧浦本村","2015000000","2015年","経営体","-"
"0010","経営体数","160","農業経営体_うち組織経営体","65258","旧下早川村","2015000000","2015年","経営体","7"
"0010","経営体数","160","農業経営体_うち組織経営体","65259","旧上早川村","2015000000","2015年","経営体","1"
"0010","経営体数","160","農業経営体_うち組織経営体","65260","旧大和川村","2015000000","2015年","経営体","1"
"0010","経営体数","160","農業経営体_うち組織経営体","65261","旧西海村","2015000000","2015年","経営体","2"
"0010","経営体数","160","農業経営体_うち組織経営体","65262","旧大野村","2015000000","2015年","経営体","-"
"0010","経営体数","160","農業経営体_うち組織経営体","65263","旧根知村","2015000000","2015年","経営体","4"
"0010","経営体数","160","農業経営体_うち組織経営体","65264","旧小滝村","2015000000","2015年","経営体","-"
"0010","経営体数","160","農業経営体_うち組織経営体","65265","旧今井村２－１","2015000000","2015年","経営体","-"
"0010","経営体数","160","農業経営体_うち組織経営体","65266","旧能生谷村","2015000000","2015年","経営体","10"
"0010","経営体数","160","農業経営体_うち組織経営体","65267","旧木浦村","2015000000","2015年","経営体","-"
"0010","経営体数","160","農業経営体_うち組織経営体","65268","旧能生町","2015000000","2015年","経営体","1"
"0010","経営体数","160","農業経営体_うち組織経営体","65269","旧磯部村","2015000000","2015年","経営体","3"
"0010","経営体数","160","農業経営体_うち組織経営体","65270","旧青海町","2015000000","2015年","経営体","-"
"0010","経営体数","160","農業経営体_うち組織経営体","65271","旧今井村２－２","2015000000","2015年","経営体","-"
"0010","経営体数","160","農業経営体_うち組織経営体","65272","旧歌外波村","2015000000","2015年","経営体","-"
"0010","経営体数","160","農業経営体_うち組織経営体","65273","旧市振村","2015000000","2015年","経営体","-"
"0010","経営体数","160","農業経営体_うち組織経営体","65274","旧上路村","2015000000","2015年","経営体","1"
"0010","経営体数","160","農業経営体_うち組織経営体","15217","妙高市","2015000000","2015年","経営体","21"
"0010","経営体数","160","農業経営体_うち組織経営体","65275","旧新井町","2015000000","2015年","経営体","3"
"0010","経営体数","160","農業経営体_うち組織経営体","65276","旧斐太村２－１","2015000000","2015年","経営体","3"
"0010","経営体数","160","農業経営体_うち組織経営体","65277","旧和田村２－２","2015000000","2015年","経営体","2"
"0010","経営体数","160","農業経営体_うち組織経営体","65278","旧水上村","2015000000","2015年","経営体","1"
"0010","経営体数","160","農業経営体_うち組織経営体","65279","旧泉村","2015000000","2015年","経営体","-"
"0010","経営体数","160","農業経営体_うち組織経営体","65280","旧水原村","2015000000","2015年","経営体","-"
"0010","経営体数","160","農業経営体_うち組織経営体","65281","旧平丸村","2015000000","2015年","経営体","-"
"0010","経営体数","160","農業経営体_うち組織経営体","65282","旧上郷村","2015000000","2015年","経営体","1"
"0010","経営体数","160","農業経営体_うち組織経営体","65283","旧原通村２－２","2015000000","2015年","経営体","2"
"0010","経営体数","160","農業経営体_うち組織経営体","65284","旧鳥坂村","2015000000","2015年","経営体","-"
"0010","経営体数","160","農業経営体_うち組織経営体","65285","旧矢代村２－１","2015000000","2015年","経営体","1"
"0010","経営体数","160","農業経営体_うち組織経営体","65286","旧名香山村","2015000000","2015年","経営体","1"
"0010","経営体数","160","農業経営体_うち組織経営体","65287","旧杉野沢村","2015000000","2015年","経営体","1"
"0010","経営体数","160","農業経営体_うち組織経営体","65288","旧関山村","2015000000","2015年","経営体","2"
"0010","経営体数","160","農業経営体_うち組織経営体","65289","旧原通村２－１","2015000000","2015年","経営体","4"
"0010","経営体数","160","農業経営体_うち組織経営体","65290","旧大鹿村","2015000000","2015年","経営体","-"
"0010","経営体数","160","農業経営体_うち組織経営体","65291","旧豊葦村","2015000000","2015年","経営体","-"
"0010","経営体数","160","農業経営体_うち組織経営体","15218","五泉市","2015000000","2015年","経営体","25"
"0010","経営体数","160","農業経営体_うち組織経営体","65292","旧五泉町","2015000000","2015年","経営体","2"
"0010","経営体数","160","農業経営体_うち組織経営体","65293","旧川東村","2015000000","2015年","経営体","4"
"0010","経営体数","160","農業経営体_うち組織経営体","65294","旧巣本村","2015000000","2015年","経営体","2"
"0010","経営体数","160","農業経営体_うち組織経営体","65295","旧橋田村","2015000000","2015年","経営体","1"
"0010","経営体数","160","農業経営体_うち組織経営体","65296","旧菅名村２－２","2015000000","2015年","経営体","3"
"0010","経営体数","160","農業経営体_うち組織経営体","65297","旧新関村２－２","2015000000","2015年","経営体","2"
"0010","経営体数","160","農業経営体_うち組織経営体","65298","旧安田村２－２","2015000000","2015年","経営体","-"
"0010","経営体数","160","農業経営体_うち組織経営体","65299","旧下条村３－３","2015000000","2015年","経営体","-"
"0010","経営体数","160","農業経営体_うち組織経営体","65300","旧村松町","2015000000","2015年","経営体","1"
"0010","経営体数","160","農業経営体_うち組織経営体","65301","旧菅名村２－１","2015000000","2015年","経営体","1"
"0010","経営体数","160","農業経営体_うち組織経営体","65302","旧大蒲原村","2015000000","2015年","経営体","2"
"0010","経営体数","160","農業経営体_うち組織経営体","65303","旧十全村","2015000000","2015年","経営体","4"
"0010","経営体数","160","農業経営体_うち組織経営体","65304","旧川内村","2015000000","2015年","経営体","3"
"0010","経営体数","160","農業経営体_うち組織経営体","15222","上越市","2015000000","2015年","経営体","218"
"0010","経営体数","160","農業経営体_うち組織経営体","65305","旧高田市","2015000000","2015年","経営体","1"
"0010","経営体数","160","農業経営体_うち組織経営体","65306","旧新道村","2015000000","2015年","経営体","2"
"0010","経営体数","160","農業経営体_うち組織経営体","65307","旧津有村","2015000000","2015年","経営体","21"
"0010","経営体数","160","農業経営体_うち組織経営体","65308","旧諏訪村２－２","2015000000","2015年","経営体","3"
"0010","経営体数","160","農業経営体_うち組織経営体","65309","旧三郷村","2015000000","2015年","経営体","2"
"0010","経営体数","160","農業経営体_うち組織経営体","65310","旧和田村２－１","2015000000","2015年","経営体","6"
"0010","経営体数","160","農業経営体_うち組織経営体","65311","旧斐太村２－２","2015000000","2015年","経営体","-"
"0010","経営体数","160","農業経営体_うち組織経営体","65312","旧金谷村","2015000000","2015年","経営体","5"
"0010","経営体数","160","農業経営体_うち組織経営体","65313","旧春日村２－１","2015000000","2015年","経営体","3"
"0010","経営体数","160","農業経営体_うち組織経営体","65314","旧高士村","2015000000","2015年","経営体","4"
"0010","経営体数","160","農業経営体_うち組織経営体","65315","旧直江津町","2015000000","2015年","経営体","-"
"0010","経営体数","160","農業経営体_うち組織経営体","65316","旧春日村２－２","2015000000","2015年","経営体","-"
"0010","経営体数","160","農業経営体_うち組織経営体","65317","旧有田村","2015000000","2015年","経営体","1"
"0010","経営体数","160","農業経営体_うち組織経営体","65318","旧八千浦村","2015000000","2015年","経営体","-"
"0010","経営体数","160","農業経営体_うち組織経営体","65319","旧保倉村","2015000000","2015年","経営体","1"
"0010","経営体数","160","農業経営体_うち組織経営体","65320","旧諏訪村２－１","2015000000","2015年","経営体","8"
"0010","経営体数","160","農業経営体_うち組織経営体","65321","旧谷浜村","2015000000","2015年","経営体","-"
"0010","経営体数","160","農業経営体_うち組織経営体","65322","旧桑取村","2015000000","2015年","経営体","1"
"0010","経営体数","160","農業経営体_うち組織経営体","65323","旧安塚村２－１","2015000000","2015年","経営体","3"
"0010","経営体数","160","農業経営体_うち組織経営体","65324","旧菱里村","2015000000","2015年","経営体","3"
"0010","経営体数","160","農業経営体_うち組織経営体","65325","旧小黒村","2015000000","2015年","経営体","-"
"0010","経営体数","160","農業経営体_うち組織経営体","65326","旧下保倉村","2015000000","2015年","経営体","7"
"0010","経営体数","160","農業経営体_うち組織経営体","65327","旧安塚村２－２","2015000000","2015年","経営体","3"
"0010","経営体数","160","農業経営体_うち組織経営体","65328","旧沖見村２－２","2015000000","2015年","経営体","-"
"0010","経営体数","160","農業経営体_うち組織経営体","65329","旧大島村","2015000000","2015年","経営体","3"
"0010","経営体数","160","農業経営体_うち組織経営体","65330","旧保倉村","2015000000","2015年","経営体","1"
"0010","経営体数","160","農業経営体_うち組織経営体","65331","旧旭村","2015000000","2015年","経営体","1"
"0010","経営体数","160","農業経営体_うち組織経営体","65332","旧牧村","2015000000","2015年","経営体","15"
"0010","経営体数","160","農業経営体_うち組織経営体","65333","旧沖見村２－１","2015000000","2015年","経営体","3"
"0010","経営体数","160","農業経営体_うち組織経営体","65334","旧柿崎町","2015000000","2015年","経営体","3"
"0010","経営体数","160","農業経営体_うち組織経営体","65335","旧下黒川村","2015000000","2015年","経営体","8"
"0010","経営体数","160","農業経営体_うち組織経営体","65336","旧黒川村","2015000000","2015年","経営体","6"
"0010","経営体数","160","農業経営体_うち組織経営体","65337","旧黒岩村","2015000000","2015年","経営体","-"
"0010","経営体数","160","農業経営体_うち組織経営体","65338","旧米山村２－２－１","2015000000","2015年","経営体","-"
"0010","経営体数","160","農業経営体_うち組織経営体","65339","旧潟町村","2015000000","2015年","経営体","4"
"0010","経営体数","160","農業経営体_うち組織経営体","65340","旧旭村２－２","2015000000","2015年","経営体","1"
"0010","経営体数","160","農業経営体_うち組織経営体","65341","旧大瀁村","2015000000","2015年","経営体","12"
"0010","経営体数","160","農業経営体_うち組織経営体","65342","旧明治村","2015000000","2015年","経営体","4"
"0010","経営体数","160","農業経営体_うち組織経営体","65343","旧吉川村","2015000000","2015年","経営体","14"
"0010","経営体数","160","農業経営体_うち組織経営体","65344","旧源村","2015000000","2015年","経営体","5"
"0010","経営体数","160","農業経営体_うち組織経営体","65345","旧旭村２－１","2015000000","2015年","経営体","7"
"0010","経営体数","160","農業経営体_うち組織経営体","65346","旧中郷村","2015000000","2015年","経営体","4"
"0010","経営体数","160","農業経営体_うち組織経営体","65347","旧矢代村２－２","2015000000","2015年","経営体","3"
"0010","経営体数","160","農業経営体_うち組織経営体","65348","旧板倉村","2015000000","2015年","経営体","20"
"0010","経営体数","160","農業経営体_うち組織経営体","65349","旧寺野村","2015000000","2015年","経営体","-"
"0010","経営体数","160","農業経営体_うち組織経営体","65350","旧菅原村","2015000000","2015年","経営体","4"
"0010","経営体数","160","農業経営体_うち組織経営体","65351","旧櫛池村","2015000000","2015年","経営体","5"
"0010","経営体数","160","農業経営体_うち組織経営体","65352","旧里五十公野村","2015000000","2015年","経営体","5"
"0010","経営体数","160","農業経営体_うち組織経営体","65353","旧上杉村","2015000000","2015年","経営体","5"
"0010","経営体数","160","農業経営体_うち組織経営体","65354","旧美守村","2015000000","2015年","経営体","4"
"0010","経営体数","160","農業経営体_うち組織経営体","65355","旧名立町","2015000000","2015年","経営体","1"
"0010","経営体数","160","農業経営体_うち組織経営体","65356","旧名立村","2015000000","2015年","経営体","6"
"0010","経営体数","160","農業経営体_うち組織経営体","15223","阿賀野市","2015000000","2015年","経営体","28"
"0010","経営体数","160","農業経営体_うち組織経営体","65357","旧水原町","2015000000","2015年","経営体","2"
"0010","経営体数","160","農業経営体_うち組織経営体","65358","旧分田村２－１","2015000000","2015年","経営体","2"
"0010","経営体数","160","農業経営体_うち組織経営体","65359","旧堀越村","2015000000","2015年","経営体","3"
"0010","経営体数","160","農業経営体_うち組織経営体","65360","旧神山村３－２","2015000000","2015年","経営体","-"
"0010","経営体数","160","農業経営体_うち組織経営体","65361","旧安田村２－１","2015000000","2015年","経営体","6"
"0010","経営体数","160","農業経営体_うち組織経営体","65362","旧下条村３－２","2015000000","2015年","経営体","-"
"0010","経営体数","160","農業経営体_うち組織経営体","65363","旧分田村２－２","2015000000","2015年","経営体","1"
"0010","経営体数","160","農業経営体_うち組織経営体","65364","旧笹岡村","2015000000","2015年","経営体","10"
"0010","経営体数","160","農業経営体_うち組織経営体","65365","旧神山村３－１","2015000000","2015年","経営体","2"
"0010","経営体数","160","農業経営体_うち組織経営体","65366","旧京ヶ瀬村","2015000000","2015年","経営体","2"
"0010","経営体数","160","農業経営体_うち組織経営体","15224","佐渡市","2015000000","2015年","経営体","70"
"0010","経営体数","160","農業経営体_うち組織経営体","65367","旧両津町","2015000000","2015年","経営体","-"
"0010","経営体数","160","農業経営体_うち組織経営体","65368","旧加茂村","2015000000","2015年","経営体","2"
"0010","経営体数","160","農業経営体_うち組織経営体","65369","旧河崎村","2015000000","2015年","経営体","3"
"0010","経営体数","160","農業経営体_うち組織経営体","65370","旧水津村","2015000000","2015年","経営体","2"
"0010","経営体数","160","農業経営体_うち組織経営体","65371","旧岩首村","2015000000","2015年","経営体","4"
"0010","経営体数","160","農業経営体_うち組織経営体","65372","旧内海府村","2015000000","2015年","経営体","-"
"0010","経営体数","160","農業経営体_うち組織経営体","65373","旧外海府村２－１","2015000000","2015年","経営体","-"
"0010","経営体数","160","農業経営体_うち組織経営体","65374","旧吉井村２－１","2015000000","2015年","経営体","-"
"0010","経営体数","160","農業経営体_うち組織経営体","65375","旧相川町","2015000000","2015年","経営体","1"
"0010","経営体数","160","農業経営体_うち組織経営体","65376","旧二見村","2015000000","2015年","経営体","-"
"0010","経営体数","160","農業経営体_うち組織経営体","65377","旧金泉村","2015000000","2015年","経営体","3"
"0010","経営体数","160","農業経営体_うち組織経営体","65378","旧高千村","2015000000","2015年","経営体","3"
"0010","経営体数","160","農業経営体_うち組織経営体","65379","旧外海府村２－２","2015000000","2015年","経営体","2"
"0010","経営体数","160","農業経営体_うち組織経営体","65380","旧二宮村","2015000000","2015年","経営体","2"
"0010","経営体数","160","農業経営体_うち組織経営体","65381","旧八幡村","2015000000","2015年","経営体","-"
"0010","経営体数","160","農業経営体_うち組織経営体","65382","旧河原田町","2015000000","2015年","経営体","-"
"0010","経営体数","160","農業経営体_うち組織経営体","65383","旧沢根町","2015000000","2015年","経営体","-"
"0010","経営体数","160","農業経営体_うち組織経営体","65384","旧金沢村","2015000000","2015年","経営体","4"
"0010","経営体数","160","農業経営体_うち組織経営体","65385","旧吉井村２－２","2015000000","2015年","経営体","3"
"0010","経営体数","160","農業経営体_うち組織経営体","65386","旧新穂村","2015000000","2015年","経営体","16"
"0010","経営体数","160","農業経営体_うち組織経営体","65387","旧畑野村２－１","2015000000","2015年","経営体","6"
"0010","経営体数","160","農業経営体_うち組織経営体","65388","旧松ケ崎村","2015000000","2015年","経営体","2"
"0010","経営体数","160","農業経営体_うち組織経営体","65389","旧真野村","2015000000","2015年","経営体","3"
"0010","経営体数","160","農業経営体_うち組織経営体","65390","旧西三川村２－１","2015000000","2015年","経営体","-"
"0010","経営体数","160","農業経営体_うち組織経営体","65391","旧畑野村２－２","2015000000","2015年","経営体","-"
"0010","経営体数","160","農業経営体_うち組織経営体","65392","旧小木町","2015000000","2015年","経営体","3"
"0010","経営体数","160","農業経営体_うち組織経営体","65393","旧羽茂村","2015000000","2015年","経営体","9"
"0010","経営体数","160","農業経営体_うち組織経営体","65394","旧西三川村２－２","2015000000","2015年","経営体","-"
"0010","経営体数","160","農業経営体_うち組織経営体","65395","旧赤泊村","2015000000","2015年","経営体","2"
"0010","経営体数","160","農業経営体_うち組織経営体","15225","魚沼市","2015000000","2015年","経営体","52"
"0010","経営体数","160","農業経営体_うち組織経営体","65396","旧小出町２－１","2015000000","2015年","経営体","2"
"0010","経営体数","160","農業経営体_うち組織経営体","65397","旧伊米ケ崎村","2015000000","2015年","経営体","2"
"0010","経営体数","160","農業経営体_うち組織経営体","65398","旧湯之谷村２－２","2015000000","2015年","経営体","-"
"0010","経営体数","160","農業経営体_うち組織経営体","65399","旧堀之内町","2015000000","2015年","経営体","12"
"0010","経営体数","160","農業経営体_うち組織経営体","65400","旧湯之谷村２－１","2015000000","2015年","経営体","4"
"0010","経営体数","160","農業経営体_うち組織経営体","65401","旧小出町２－２","2015000000","2015年","経営体","-"
"0010","経営体数","160","農業経営体_うち組織経営体","65402","旧広瀬村","2015000000","2015年","経営体","5"
"0010","経営体数","160","農業経営体_うち組織経営体","65403","旧東竹沢村２－２","2015000000","2015年","経営体","-"
"0010","経営体数","160","農業経営体_うち組織経営体","65404","旧薮神村","2015000000","2015年","経営体","16"
"0010","経営体数","160","農業経営体_うち組織経営体","65405","旧須原村","2015000000","2015年","経営体","4"
"0010","経営体数","160","農業経営体_うち組織経営体","65406","旧上条村","2015000000","2015年","経営体","-"
"0010","経営体数","160","農業経営体_うち組織経営体","65407","旧入広瀬村","2015000000","2015年","経営体","7"
"0010","経営体数","160","農業経営体_うち組織経営体","15226","南魚沼市","2015000000","2015年","経営体","85"
"0010","経営体数","160","農業経営体_うち組織経営体","65408","旧六日町","2015000000","2015年","経営体","5"
"0010","経営体数","160","農業経営体_うち組織経営体","65409","旧五十沢村","2015000000","2015年","経営体","2"
"0010","経営体数","160","農業経営体_うち組織経営体","65410","旧城内村","2015000000","2015年","経営体","9"
"0010","経営体数","160","農業経営体_うち組織経営体","65411","旧大巻村","2015000000","2015年","経営体","9"
"0010","経営体数","160","農業経営体_うち組織経営体","65412","旧浦佐村","2015000000","2015年","経営体","5"
"0010","経営体数","160","農業経営体_うち組織経営体","65413","旧東村","2015000000","2015年","経営体","15"
"0010","経営体数","160","農業経営体_うち組織経営体","65414","旧大崎村","2015000000","2015年","経営体","5"
"0010","経営体数","160","農業経営体_うち組織経営体","65415","旧薮神村","2015000000","2015年","経営体","8"
"0010","経営体数","160","農業経営体_うち組織経営体","65416","旧塩沢町","2015000000","2015年","経営体","6"
"0010","経営体数","160","農業経営体_うち組織経営体","65417","旧中之島村","2015000000","2015年","経営体","11"
"0010","経営体数","160","農業経営体_うち組織経営体","65418","旧石打村","2015000000","2015年","経営体","3"
"0010","経営体数","160","農業経営体_うち組織経営体","65419","旧上田村","2015000000","2015年","経営体","7"
"0010","経営体数","160","農業経営体_うち組織経営体","15227","胎内市","2015000000","2015年","経営体","67"
"0010","経営体数","160","農業経営体_うち組織経営体","65420","旧中条町","2015000000","2015年","経営体","19"
"0010","経営体数","160","農業経営体_うち組織経営体","65421","旧金塚村２－２","2015000000","2015年","経営体","-"
"0010","経営体数","160","農業経営体_うち組織経営体","65422","旧乙村","2015000000","2015年","経営体","18"
"0010","経営体数","160","農業経営体_うち組織経営体","65423","旧築地村","2015000000","2015年","経営体","13"
"0010","経営体数","160","農業経営体_うち組織経営体","65424","旧松塚村２－２","2015000000","2015年","経営体","-"
"0010","経営体数","160","農業経営体_うち組織経営体","65425","旧黒川村","2015000000","2015年","経営体","17"
"0010","経営体数","160","農業経営体_うち組織経営体","15307","聖籠町","2015000000","2015年","経営体","10"
"0010","経営体数","160","農業経営体_うち組織経営体","65426","旧聖籠村","2015000000","2015年","経営体","8"
"0010","経営体数","160","農業経営体_うち組織経営体","65427","旧亀代村","2015000000","2015年","経営体","2"
"0010","経営体数","160","農業経営体_うち組織経営体","15342","弥彦村","2015000000","2015年","経営体","6"
"0010","経営体数","160","農業経営体_うち組織経営体","15361","田上町","2015000000","2015年","経営体","10"
"0010","経営体数","160","農業経営体_うち組織経営体","15385","阿賀町","2015000000","2015年","経営体","21"
"0010","経営体数","160","農業経営体_うち組織経営体","65428","旧津川町","2015000000","2015年","経営体","2"
"0010","経営体数","160","農業経営体_うち組織経営体","65429","旧小川村","2015000000","2015年","経営体","3"
"0010","経営体数","160","農業経営体_うち組織経営体","65430","旧揚川村２－１","2015000000","2015年","経営体","-"
"0010","経営体数","160","農業経営体_うち組織経営体","65431","旧上条村２－２","2015000000","2015年","経営体","-"
"0010","経営体数","160","農業経営体_うち組織経営体","65432","旧両鹿瀬村","2015000000","2015年","経営体","1"
"0010","経営体数","160","農業経営体_うち組織経営体","65433","旧日出谷村","2015000000","2015年","経営体","5"
"0010","経営体数","160","農業経営体_うち組織経営体","65434","旧豊実村","2015000000","2015年","経営体","2"
"0010","経営体数","160","農業経営体_うち組織経営体","65435","旧西川村","2015000000","2015年","経営体","4"
"0010","経営体数","160","農業経営体_うち組織経営体","65436","旧東川村","2015000000","2015年","経営体","1"
"0010","経営体数","160","農業経営体_うち組織経営体","65437","旧上条村２－１","2015000000","2015年","経営体","2"
"0010","経営体数","160","農業経営体_うち組織経営体","65438","旧三川村","2015000000","2015年","経営体","1"
"0010","経営体数","160","農業経営体_うち組織経営体","65439","旧下条村３－１","2015000000","2015年","経営体","-"
"0010","経営体数","160","農業経営体_うち組織経営体","65440","旧揚川村２－２","2015000000","2015年","経営体","-"
"0010","経営体数","160","農業経営体_うち組織経営体","15405","出雲崎町","2015000000","2015年","経営体","4"
"0010","経営体数","160","農業経営体_うち組織経営体","65441","旧出雲崎町","2015000000","2015年","経営体","-"
"0010","経営体数","160","農業経営体_うち組織経営体","65442","旧西越村２－１","2015000000","2015年","経営体","4"
"0010","経営体数","160","農業経営体_うち組織経営体","15461","湯沢町","2015000000","2015年","経営体","5"
"0010","経営体数","160","農業経営体_うち組織経営体","65443","旧湯沢村","2015000000","2015年","経営体","-"
"0010","経営体数","160","農業経営体_うち組織経営体","65444","旧神立村","2015000000","2015年","経営体","1"
"0010","経営体数","160","農業経営体_うち組織経営体","65445","旧土樽村","2015000000","2015年","経営体","4"
"0010","経営体数","160","農業経営体_うち組織経営体","65446","旧三俣村","2015000000","2015年","経営体","-"
"0010","経営体数","160","農業経営体_うち組織経営体","65447","旧三国村","2015000000","2015年","経営体","-"
"0010","経営体数","160","農業経営体_うち組織経営体","15482","津南町","2015000000","2015年","経営体","30"
"0010","経営体数","160","農業経営体_うち組織経営体","65448","旧下船渡村","2015000000","2015年","経営体","9"
"0010","経営体数","160","農業経営体_うち組織経営体","65449","旧外丸村","2015000000","2015年","経営体","1"
"0010","経営体数","160","農業経営体_うち組織経営体","65450","旧上郷村","2015000000","2015年","経営体","7"
"0010","経営体数","160","農業経営体_うち組織経営体","65451","旧芦ケ崎村","2015000000","2015年","経営体","4"
"0010","経営体数","160","農業経営体_うち組織経営体","65452","旧秋成村","2015000000","2015年","経営体","1"
"0010","経営体数","160","農業経営体_うち組織経営体","65453","旧中深見村２－１","2015000000","2015年","経営体","6"
"0010","経営体数","160","農業経営体_うち組織経営体","65454","旧倉俣村２－２","2015000000","2015年","経営体","2"
"0010","経営体数","160","農業経営体_うち組織経営体","15504","刈羽村","2015000000","2015年","経営体","14"
"0010","経営体数","160","農業経営体_うち組織経営体","65455","旧刈羽村","2015000000","2015年","経営体","9"
"0010","経営体数","160","農業経営体_うち組織経営体","65456","旧中通村２－２","2015000000","2015年","経営体","4"
"0010","経営体数","160","農業経営体_うち組織経営体","65457","旧二田村２－２","2015000000","2015年","経営体","1"
"0010","経営体数","160","農業経営体_うち組織経営体","15581","関川村","2015000000","2015年","経営体","15"
"0010","経営体数","160","農業経営体_うち組織経営体","65458","旧関谷村","2015000000","2015年","経営体","4"
"0010","経営体数","160","農業経営体_うち組織経営体","65459","旧女川村","2015000000","2015年","経営体","11"
"0010","経営体数","160","農業経営体_うち組織経営体","15586","粟島浦村","2015000000","2015年","経営体","-"
"0010","経営体数","160","農業経営体_うち組織経営体","16000","富山県","2015000000","2015年","経営体","962"
"0010","経営体数","160","農業経営体_うち組織経営体","16201","富山市","2015000000","2015年","経営体","160"
"0010","経営体数","160","農業経営体_うち組織経営体","66001","うち奥田","2015000000","2015年","経営体","1"
"0010","経営体数","160","農業経営体_うち組織経営体","66002","うち呉羽)・(五福","2015000000","2015年","経営体","-"
"0010","経営体数","160","農業経営体_うち組織経営体","66003","うち櫻谷","2015000000","2015年","経営体","-"
"0010","経営体数","160","農業経営体_うち組織経営体","66004","うち東部","2015000000","2015年","経営体","-"
"0010","経営体数","160","農業経営体_うち組織経営体","66005","うち新庄","2015000000","2015年","経営体","-"
"0010","経営体数","160","農業経営体_うち組織経営体","66006","うち島","2015000000","2015年","経営体","1"
"0010","経営体数","160","農業経営体_うち組織経営体","66007","うち針原","2015000000","2015年","経営体","3"
"0010","経営体数","160","農業経営体_うち組織経営体","66008","うち浜黒崎","2015000000","2015年","経営体","3"
"0010","経営体数","160","農業経営体_うち組織経営体","66009","うち大広田","2015000000","2015年","経営体","-"
"0010","経営体数","160","農業経営体_うち組織経営体","66010","うち豊田","2015000000","2015年","経営体","1"
"0010","経営体数","160","農業経営体_うち組織経営体","66011","うち広田","2015000000","2015年","経営体","-"
"0010","経営体数","160","農業経営体_うち組織経営体","66012","うち神明","2015000000","2015年","経営体","-"
"0010","経営体数","160","農業経営体_うち組織経営体","66013","うち山室","2015000000","2015年","経営体","1"
"0010","経営体数","160","農業経営体_うち組織経営体","66014","うち堀川","2015000000","2015年","経営体","-"
"0010","経営体数","160","農業経営体_うち組織経営体","66015","うち蜷川","2015000000","2015年","経営体","4"
"0010","経営体数","160","農業経営体_うち組織経営体","66016","うち太田","2015000000","2015年","経営体","5"
"0010","経営体数","160","農業経営体_うち組織経営体","66017","旧月岡村２－１","2015000000","2015年","経営体","2"
"0010","経営体数","160","農業経営体_うち組織経営体","66018","旧熊野村","2015000000","2015年","経営体","10"
"0010","経営体数","160","農業経営体_うち組織経営体","66019","旧新保村","2015000000","2015年","経営体","5"
"0010","経営体数","160","農業経営体_うち組織経営体","66020","旧四方町","2015000000","2015年","経営体","-"
"0010","経営体数","160","農業経営体_うち組織経営体","66021","旧八幡村","2015000000","2015年","経営体","4"
"0010","経営体数","160","農業経営体_うち組織経営体","66022","旧倉垣村","2015000000","2015年","経営体","4"
"0010","経営体数","160","農業経営体_うち組織経営体","66023","旧水橋町","2015000000","2015年","経営体","3"
"0010","経営体数","160","農業経営体_うち組織経営体","66024","旧上条村","2015000000","2015年","経営体","1"
"0010","経営体数","160","農業経営体_うち組織経営体","66025","旧三郷村","2015000000","2015年","経営体","-"
"0010","経営体数","160","農業経営体_うち組織経営体","66026","旧呉羽村","2015000000","2015年","経営体","6"
"0010","経営体数","160","農業経営体_うち組織経営体","66027","旧長岡村","2015000000","2015年","経営体","1"
"0010","経営体数","160","農業経営体_うち組織経営体","66028","旧寒江村","2015000000","2015年","経営体","2"
"0010","経営体数","160","農業経営体_うち組織経営体","66029","旧老田村","2015000000","2015年","経営体","2"
"0010","経営体数","160","農業経営体_うち組織経営体","66030","旧池多村２－１","2015000000","2015年","経営体","-"
"0010","経営体数","160","農業経営体_うち組織経営体","66031","旧大沢野町","2015000000","2015年","経営体","3"
"0010","経営体数","160","農業経営体_うち組織経営体","66032","旧黒瀬谷村２－２","2015000000","2015年","経営体","2"
"0010","経営体数","160","農業経営体_うち組織経営体","66033","旧下夕村","2015000000","2015年","経営体","-"
"0010","経営体数","160","農業経営体_うち組織経営体","66034","旧船峅村","2015000000","2015年","経営体","7"
"0010","経営体数","160","農業経営体_うち組織経営体","66035","旧大久保町","2015000000","2015年","経営体","5"
"0010","経営体数","160","農業経営体_うち組織経営体","66036","旧上滝町","2015000000","2015年","経営体","1"
"0010","経営体数","160","農業経営体_うち組織経営体","66037","旧大山村","2015000000","2015年","経営体","2"
"0010","経営体数","160","農業経営体_うち組織経営体","66038","旧福沢村","2015000000","2015年","経営体","3"
"0010","経営体数","160","農業経営体_うち組織経営体","66039","旧大庄村","2015000000","2015年","経営体","7"
"0010","経営体数","160","農業経営体_うち組織経営体","66040","旧月岡村２－２","2015000000","2015年","経営体","-"
"0010","経営体数","160","農業経営体_うち組織経営体","66041","旧八尾町","2015000000","2015年","経営体","-"
"0010","経営体数","160","農業経営体_うち組織経営体","66042","旧保内村","2015000000","2015年","経営体","9"
"0010","経営体数","160","農業経営体_うち組織経営体","66043","旧杉原村","2015000000","2015年","経営体","10"
"0010","経営体数","160","農業経営体_うち組織経営体","66044","旧卯花村","2015000000","2015年","経営体","4"
"0010","経営体数","160","農業経営体_うち組織経営体","66045","旧室牧村","2015000000","2015年","経営体","-"
"0010","経営体数","160","農業経営体_うち組織経営体","66046","旧黒瀬谷村２－１","2015000000","2015年","経営体","4"
"0010","経営体数","160","農業経営体_うち組織経営体","66047","旧大長谷村","2015000000","2015年","経営体","-"
"0010","経営体数","160","農業経営体_うち組織経営体","66048","旧仁歩村","2015000000","2015年","経営体","-"
"0010","経営体数","160","農業経営体_うち組織経営体","66049","旧野積村","2015000000","2015年","経営体","4"
"0010","経営体数","160","農業経営体_うち組織経営体","66050","旧婦中町","2015000000","2015年","経営体","2"
"0010","経営体数","160","農業経営体_うち組織経営体","66051","旧朝日村","2015000000","2015年","経営体","-"
"0010","経営体数","160","農業経営体_うち組織経営体","66052","旧熊野村","2015000000","2015年","経営体","3"
"0010","経営体数","160","農業経営体_うち組織経営体","66053","旧宮川村","2015000000","2015年","経営体","3"
"0010","経営体数","160","農業経営体_うち組織経営体","66054","旧神保村","2015000000","2015年","経営体","13"
"0010","経営体数","160","農業経営体_うち組織経営体","66055","旧古里村","2015000000","2015年","経営体","2"
"0010","経営体数","160","農業経営体_うち組織経営体","66056","旧音川村","2015000000","2015年","経営体","2"
"0010","経営体数","160","農業経営体_うち組織経営体","66057","旧山田村","2015000000","2015年","経営体","14"
"0010","経営体数","160","農業経営体_うち組織経営体","66058","旧細入村","2015000000","2015年","経営体","1"
"0010","経営体数","160","農業経営体_うち組織経営体","16202","高岡市","2015000000","2015年","経営体","100"
"0010","経営体数","160","農業経営体_うち組織経営体","66059","うち横田","2015000000","2015年","経営体","3"
"0010","経営体数","160","農業経営体_うち組織経営体","66060","うち下関","2015000000","2015年","経営体","-"
"0010","経営体数","160","農業経営体_うち組織経営体","66061","うち北部","2015000000","2015年","経営体","-"
"0010","経営体数","160","農業経営体_うち組織経営体","66062","うち二上","2015000000","2015年","経営体","2"
"0010","経営体数","160","農業経営体_うち組織経営体","66063","うち伏木","2015000000","2015年","経営体","-"
"0010","経営体数","160","農業経営体_うち組織経営体","66064","うち能町","2015000000","2015年","経営体","-"
"0010","経営体数","160","農業経営体_うち組織経営体","66065","うち守山","2015000000","2015年","経営体","3"
"0010","経営体数","160","農業経営体_うち組織経営体","66066","うち野村","2015000000","2015年","経営体","-"
"0010","経営体数","160","農業経営体_うち組織経営体","66067","うち佐野","2015000000","2015年","経営体","3"
"0010","経営体数","160","農業経営体_うち組織経営体","66068","うち二塚","2015000000","2015年","経営体","3"
"0010","経営体数","160","農業経営体_うち組織経営体","66069","うち牧野","2015000000","2015年","経営体","3"
"0010","経営体数","160","農業経営体_うち組織経営体","66070","うち福田","2015000000","2015年","経営体","5"
"0010","経営体数","160","農業経営体_うち組織経営体","66071","旧国吉村","2015000000","2015年","経営体","4"
"0010","経営体数","160","農業経営体_うち組織経営体","66072","旧太田村","2015000000","2015年","経営体","4"
"0010","経営体数","160","農業経営体_うち組織経営体","66073","旧東五位村","2015000000","2015年","経営体","1"
"0010","経営体数","160","農業経営体_うち組織経営体","66074","旧石堤村","2015000000","2015年","経営体","5"
"0010","経営体数","160","農業経営体_うち組織経営体","66075","旧立野村","2015000000","2015年","経営体","1"
"0010","経営体数","160","農業経営体_うち組織経営体","66076","旧小勢村２－１","2015000000","2015年","経営体","7"
"0010","経営体数","160","農業経営体_うち組織経営体","66077","旧小勢村２－２","2015000000","2015年","経営体","2"
"0010","経営体数","160","農業経営体_うち組織経営体","66078","旧戸出町","2015000000","2015年","経営体","1"
"0010","経営体数","160","農業経営体_うち組織経営体","66079","旧是戸村","2015000000","2015年","経営体","6"
"0010","経営体数","160","農業経営体_うち組織経営体","66080","旧醍醐村","2015000000","2015年","経営体","9"
"0010","経営体数","160","農業経営体_うち組織経営体","66081","旧北般若村","2015000000","2015年","経営体","5"
"0010","経営体数","160","農業経営体_うち組織経営体","66082","旧中田町","2015000000","2015年","経営体","2"
"0010","経営体数","160","農業経営体_うち組織経営体","66083","旧般若野村","2015000000","2015年","経営体","5"
"0010","経営体数","160","農業経営体_うち組織経営体","66084","旧福岡町","2015000000","2015年","経営体","15"
"0010","経営体数","160","農業経営体_うち組織経営体","66085","旧五位山村","2015000000","2015年","経営体","2"
"0010","経営体数","160","農業経営体_うち組織経営体","66086","旧西五位村","2015000000","2015年","経営体","7"
"0010","経営体数","160","農業経営体_うち組織経営体","66087","旧赤丸村","2015000000","2015年","経営体","2"
"0010","経営体数","160","農業経営体_うち組織経営体","16204","魚津市","2015000000","2015年","経営体","26"
"0010","経営体数","160","農業経営体_うち組織経営体","66088","旧魚津町","2015000000","2015年","経営体","-"
"0010","経営体数","160","農業経営体_うち組織経営体","66089","旧下中島村","2015000000","2015年","経営体","3"
"0010","経営体数","160","農業経営体_うち組織経営体","66090","旧上中島村","2015000000","2015年","経営体","3"
"0010","経営体数","160","農業経営体_うち組織経営体","66091","旧松倉村","2015000000","2015年","経営体","6"
"0010","経営体数","160","農業経営体_うち組織経営体","66092","旧上野方村","2015000000","2015年","経営体","1"
"0010","経営体数","160","農業経営体_うち組織経営体","66093","旧下野方村","2015000000","2015年","経営体","2"
"0010","経営体数","160","農業経営体_うち組織経営体","66094","旧片貝谷村","2015000000","2015年","経営体","2"
"0010","経営体数","160","農業経営体_うち組織経営体","66095","旧道下村","2015000000","2015年","経営体","3"
"0010","経営体数","160","農業経営体_うち組織経営体","66096","旧加積村","2015000000","2015年","経営体","-"
"0010","経営体数","160","農業経営体_うち組織経営体","66097","旧天神村","2015000000","2015年","経営体","4"
"0010","経営体数","160","農業経営体_うち組織経営体","66098","旧西布施村","2015000000","2015年","経営体","2"
"0010","経営体数","160","農業経営体_うち組織経営体","66099","旧経田村","2015000000","2015年","経営体","-"
"0010","経営体数","160","農業経営体_うち組織経営体","16205","氷見市","2015000000","2015年","経営体","51"
"0010","経営体数","160","農業経営体_うち組織経営体","66100","旧氷見町","2015000000","2015年","経営体","6"
"0010","経営体数","160","農業経営体_うち組織経営体","66101","旧余川村","2015000000","2015年","経営体","4"
"0010","経営体数","160","農業経営体_うち組織経営体","66102","旧碁石村","2015000000","2015年","経営体","-"
"0010","経営体数","160","農業経営体_うち組織経営体","66103","旧八代村","2015000000","2015年","経営体","2"
"0010","経営体数","160","農業経営体_うち組織経営体","66104","旧宮田村","2015000000","2015年","経営体","5"
"0010","経営体数","160","農業経営体_うち組織経営体","66105","旧窪村","2015000000","2015年","経営体","2"
"0010","経営体数","160","農業経営体_うち組織経営体","66106","旧上庄村","2015000000","2015年","経営体","2"
"0010","経営体数","160","農業経営体_うち組織経営体","66107","旧熊無村","2015000000","2015年","経営体","3"
"0010","経営体数","160","農業経営体_うち組織経営体","66108","旧神代村","2015000000","2015年","経営体","2"
"0010","経営体数","160","農業経営体_うち組織経営体","66109","旧仏生寺村","2015000000","2015年","経営体","3"
"0010","経営体数","160","農業経営体_うち組織経営体","66110","旧布勢村","2015000000","2015年","経営体","4"
"0010","経営体数","160","農業経営体_うち組織経営体","66111","旧十二町村","2015000000","2015年","経営体","5"
"0010","経営体数","160","農業経営体_うち組織経営体","66112","旧速川村","2015000000","2015年","経営体","3"
"0010","経営体数","160","農業経営体_うち組織経営体","66113","旧久目村","2015000000","2015年","経営体","2"
"0010","経営体数","160","農業経営体_うち組織経営体","66114","旧阿尾村","2015000000","2015年","経営体","6"
"0010","経営体数","160","農業経営体_うち組織経営体","66115","旧薮田村","2015000000","2015年","経営体","-"
"0010","経営体数","160","農業経営体_うち組織経営体","66116","旧宇波村","2015000000","2015年","経営体","1"
"0010","経営体数","160","農業経営体_うち組織経営体","66117","旧女良村","2015000000","2015年","経営体","1"
"0010","経営体数","160","農業経営体_うち組織経営体","16206","滑川市","2015000000","2015年","経営体","24"
"0010","経営体数","160","農業経営体_うち組織経営体","66118","旧滑川町","2015000000","2015年","経営体","-"
"0010","経営体数","160","農業経営体_うち組織経営体","66119","旧浜加積村","2015000000","2015年","経営体","4"
"0010","経営体数","160","農業経営体_うち組織経営体","66120","旧早月加積村","2015000000","2015年","経営体","8"
"0010","経営体数","160","農業経営体_うち組織経営体","66121","旧北加積村","2015000000","2015年","経営体","3"
"0010","経営体数","160","農業経営体_うち組織経営体","66122","旧東加積村","2015000000","2015年","経営体","3"
"0010","経営体数","160","農業経営体_うち組織経営体","66123","旧中加積村","2015000000","2015年","経営体","3"
"0010","経営体数","160","農業経営体_うち組織経営体","66124","旧西加積村","2015000000","2015年","経営体","3"
"0010","経営体数","160","農業経営体_うち組織経営体","66125","旧山加積村２－１","2015000000","2015年","経営体","-"
"0010","経営体数","160","農業経営体_うち組織経営体","16207","黒部市","2015000000","2015年","経営体","45"
"0010","経営体数","160","農業経営体_うち組織経営体","66126","うち石田","2015000000","2015年","経営体","-"
"0010","経営体数","160","農業経営体_うち組織経営体","66127","うち田家","2015000000","2015年","経営体","-"
"0010","経営体数","160","農業経営体_うち組織経営体","66128","うち村椿","2015000000","2015年","経営体","6"
"0010","経営体数","160","農業経営体_うち組織経営体","66129","うち大布施","2015000000","2015年","経営体","5"
"0010","経営体数","160","農業経営体_うち組織経営体","66130","うち三日市","2015000000","2015年","経営体","1"
"0010","経営体数","160","農業経営体_うち組織経営体","66131","うち前沢","2015000000","2015年","経営体","4"
"0010","経営体数","160","農業経営体_うち組織経営体","66132","うち荻生","2015000000","2015年","経営体","4"
"0010","経営体数","160","農業経営体_うち組織経営体","66133","うち若栗","2015000000","2015年","経営体","7"
"0010","経営体数","160","農業経営体_うち組織経営体","66134","旧生地町","2015000000","2015年","経営体","-"
"0010","経営体数","160","農業経営体_うち組織経営体","66135","旧東布施村","2015000000","2015年","経営体","7"
"0010","経営体数","160","農業経営体_うち組織経営体","66136","うち浦山","2015000000","2015年","経営体","4"
"0010","経営体数","160","農業経営体_うち組織経営体","66137","うち下立","2015000000","2015年","経営体","2"
"0010","経営体数","160","農業経営体_うち組織経営体","66138","旧内山村","2015000000","2015年","経営体","-"
"0010","経営体数","160","農業経営体_うち組織経営体","66139","旧愛本村","2015000000","2015年","経営体","5"
"0010","経営体数","160","農業経営体_うち組織経営体","16208","砺波市","2015000000","2015年","経営体","86"
"0010","経営体数","160","農業経営体_うち組織経営体","66140","旧中野村","2015000000","2015年","経営体","6"
"0010","経営体数","160","農業経営体_うち組織経営体","66141","旧油田村","2015000000","2015年","経営体","1"
"0010","経営体数","160","農業経営体_うち組織経営体","66142","旧庄下村","2015000000","2015年","経営体","4"
"0010","経営体数","160","農業経営体_うち組織経営体","66143","旧五鹿屋村","2015000000","2015年","経営体","6"
"0010","経営体数","160","農業経営体_うち組織経営体","66144","旧出町","2015000000","2015年","経営体","6"
"0010","経営体数","160","農業経営体_うち組織経営体","66145","旧林村","2015000000","2015年","経営体","8"
"0010","経営体数","160","農業経営体_うち組織経営体","66146","旧南般若村","2015000000","2015年","経営体","2"
"0010","経営体数","160","農業経営体_うち組織経営体","66147","旧柳瀬村","2015000000","2015年","経営体","1"
"0010","経営体数","160","農業経営体_うち組織経営体","66148","旧太田村","2015000000","2015年","経営体","5"
"0010","経営体数","160","農業経営体_うち組織経営体","66149","旧東野尻村","2015000000","2015年","経営体","4"
"0010","経営体数","160","農業経営体_うち組織経営体","66150","旧高波村","2015000000","2015年","経営体","11"
"0010","経営体数","160","農業経営体_うち組織経営体","66151","旧栴檀山村","2015000000","2015年","経営体","1"
"0010","経営体数","160","農業経営体_うち組織経営体","66152","旧栴檀野村","2015000000","2015年","経営体","-"
"0010","経営体数","160","農業経営体_うち組織経営体","66153","旧般若村","2015000000","2015年","経営体","4"
"0010","経営体数","160","農業経営体_うち組織経営体","66154","旧東般若村","2015000000","2015年","経営体","11"
"0010","経営体数","160","農業経営体_うち組織経営体","66155","旧鷹栖村","2015000000","2015年","経営体","3"
"0010","経営体数","160","農業経営体_うち組織経営体","66156","旧若林村２－２","2015000000","2015年","経営体","4"
"0010","経営体数","160","農業経営体_うち組織経営体","66157","旧青島村","2015000000","2015年","経営体","1"
"0010","経営体数","160","農業経営体_うち組織経営体","66158","旧東山見村","2015000000","2015年","経営体","2"
"0010","経営体数","160","農業経営体_うち組織経営体","66159","旧雄神村","2015000000","2015年","経営体","1"
"0010","経営体数","160","農業経営体_うち組織経営体","66160","旧種田村","2015000000","2015年","経営体","5"
"0010","経営体数","160","農業経営体_うち組織経営体","16209","小矢部市","2015000000","2015年","経営体","78"
"0010","経営体数","160","農業経営体_うち組織経営体","66161","旧石動町","2015000000","2015年","経営体","1"
"0010","経営体数","160","農業経営体_うち組織経営体","66162","旧南谷村","2015000000","2015年","経営体","4"
"0010","経営体数","160","農業経営体_うち組織経営体","66163","旧埴生村","2015000000","2015年","経営体","6"
"0010","経営体数","160","農業経営体_うち組織経営体","66164","旧松沢村","2015000000","2015年","経営体","9"
"0010","経営体数","160","農業経営体_うち組織経営体","66165","旧正得村","2015000000","2015年","経営体","6"
"0010","経営体数","160","農業経営体_うち組織経営体","66166","旧荒川村","2015000000","2015年","経営体","5"
"0010","経営体数","160","農業経営体_うち組織経営体","66167","旧子撫村","2015000000","2015年","経営体","2"
"0010","経営体数","160","農業経営体_うち組織経営体","66168","旧宮島村","2015000000","2015年","経営体","4"
"0010","経営体数","160","農業経営体_うち組織経営体","66169","旧北蟹谷村","2015000000","2015年","経営体","8"
"0010","経営体数","160","農業経営体_うち組織経営体","66170","旧若林村２－１","2015000000","2015年","経営体","5"
"0010","経営体数","160","農業経営体_うち組織経営体","66171","旧津沢町","2015000000","2015年","経営体","3"
"0010","経営体数","160","農業経営体_うち組織経営体","66172","旧薮波村","2015000000","2015年","経営体","8"
"0010","経営体数","160","農業経営体_うち組織経営体","66173","旧水島村","2015000000","2015年","経営体","7"
"0010","経営体数","160","農業経営体_うち組織経営体","66174","旧東蟹谷村","2015000000","2015年","経営体","6"
"0010","経営体数","160","農業経営体_うち組織経営体","66175","旧西野尻村３－２","2015000000","2015年","経営体","4"
"0010","経営体数","160","農業経営体_うち組織経営体","16210","南砺市","2015000000","2015年","経営体","167"
"0010","経営体数","160","農業経営体_うち組織経営体","66176","旧南山田村","2015000000","2015年","経営体","12"
"0010","経営体数","160","農業経営体_うち組織経営体","66177","旧山田村２－２","2015000000","2015年","経営体","1"
"0010","経営体数","160","農業経営体_うち組織経営体","66178","旧大鋸屋村","2015000000","2015年","経営体","7"
"0010","経営体数","160","農業経営体_うち組織経営体","66179","旧城端町","2015000000","2015年","経営体","-"
"0010","経営体数","160","農業経営体_うち組織経営体","66180","旧北野村","2015000000","2015年","経営体","8"
"0010","経営体数","160","農業経営体_うち組織経営体","66181","旧蓑谷村","2015000000","2015年","経営体","5"
"0010","経営体数","160","農業経営体_うち組織経営体","66182","旧平村","2015000000","2015年","経営体","1"
"0010","経営体数","160","農業経営体_うち組織経営体","66183","旧上平村","2015000000","2015年","経営体","1"
"0010","経営体数","160","農業経営体_うち組織経営体","66184","旧利賀村","2015000000","2015年","経営体","3"
"0010","経営体数","160","農業経営体_うち組織経営体","66185","旧井波町","2015000000","2015年","経営体","2"
"0010","経営体数","160","農業経営体_うち組織経営体","66186","旧南山見村","2015000000","2015年","経営体","3"
"0010","経営体数","160","農業経営体_うち組織経営体","66187","旧山野村","2015000000","2015年","経営体","7"
"0010","経営体数","160","農業経営体_うち組織経営体","66188","旧高瀬村２－１","2015000000","2015年","経営体","5"
"0010","経営体数","160","農業経営体_うち組織経営体","66189","旧井口村","2015000000","2015年","経営体","9"
"0010","経営体数","160","農業経営体_うち組織経営体","66190","うち南野尻","2015000000","2015年","経営体","2"
"0010","経営体数","160","農業経営体_うち組織経営体","66191","うち広塚","2015000000","2015年","経営体","6"
"0010","経営体数","160","農業経営体_うち組織経営体","66192","うち野尻","2015000000","2015年","経営体","8"
"0010","経営体数","160","農業経営体_うち組織経営体","66193","旧東石黒村","2015000000","2015年","経営体","6"
"0010","経営体数","160","農業経営体_うち組織経営体","66194","旧西野尻村３－１","2015000000","2015年","経営体","4"
"0010","経営体数","160","農業経営体_うち組織経営体","66195","旧高瀬村２－２","2015000000","2015年","経営体","5"
"0010","経営体数","160","農業経営体_うち組織経営体","66196","旧福光町","2015000000","2015年","経営体","1"
"0010","経営体数","160","農業経営体_うち組織経営体","66197","旧石黒村","2015000000","2015年","経営体","9"
"0010","経営体数","160","農業経営体_うち組織経営体","66198","旧広瀬村","2015000000","2015年","経営体","6"
"0010","経営体数","160","農業経営体_うち組織経営体","66199","旧広瀬館村","2015000000","2015年","経営体","5"
"0010","経営体数","160","農業経営体_うち組織経営体","66200","旧西太美村","2015000000","2015年","経営体","5"
"0010","経営体数","160","農業経営体_うち組織経営体","66201","旧太美山村","2015000000","2015年","経営体","5"
"0010","経営体数","160","農業経営体_うち組織経営体","66202","旧東太美村","2015000000","2015年","経営体","8"
"0010","経営体数","160","農業経営体_うち組織経営体","66203","旧吉江村","2015000000","2015年","経営体","2"
"0010","経営体数","160","農業経営体_うち組織経営体","66204","旧北山田村","2015000000","2015年","経営体","15"
"0010","経営体数","160","農業経営体_うち組織経営体","66205","旧山田村２－１","2015000000","2015年","経営体","12"
"0010","経営体数","160","農業経営体_うち組織経営体","66206","旧南蟹谷村","2015000000","2015年","経営体","3"
"0010","経営体数","160","農業経営体_うち組織経営体","66207","旧西野尻村３－３","2015000000","2015年","経営体","1"
"0010","経営体数","160","農業経営体_うち組織経営体","16211","射水市","2015000000","2015年","経営体","84"
"0010","経営体数","160","農業経営体_うち組織経営体","66208","旧新湊","2015000000","2015年","経営体","-"
"0010","経営体数","160","農業経営体_うち組織経営体","66209","旧作道村","2015000000","2015年","経営体","9"
"0010","経営体数","160","農業経営体_うち組織経営体","66210","旧片口村","2015000000","2015年","経営体","2"
"0010","経営体数","160","農業経営体_うち組織経営体","66211","旧堀岡村","2015000000","2015年","経営体","-"
"0010","経営体数","160","農業経営体_うち組織経営体","66212","旧海老江村","2015000000","2015年","経営体","-"
"0010","経営体数","160","農業経営体_うち組織経営体","66213","旧本江村","2015000000","2015年","経営体","4"
"0010","経営体数","160","農業経営体_うち組織経営体","66214","旧七美村","2015000000","2015年","経営体","3"
"0010","経営体数","160","農業経営体_うち組織経営体","66215","旧塚原村","2015000000","2015年","経営体","8"
"0010","経営体数","160","農業経営体_うち組織経営体","66216","旧小杉町","2015000000","2015年","経営体","9"
"0010","経営体数","160","農業経営体_うち組織経営体","66217","旧金山村","2015000000","2015年","経営体","5"
"0010","経営体数","160","農業経営体_うち組織経営体","66218","旧大江村","2015000000","2015年","経営体","5"
"0010","経営体数","160","農業経営体_うち組織経営体","66219","旧黒河村","2015000000","2015年","経営体","1"
"0010","経営体数","160","農業経営体_うち組織経営体","66220","旧池多村２－２","2015000000","2015年","経営体","2"
"0010","経営体数","160","農業経営体_うち組織経営体","66221","旧大門町","2015000000","2015年","経営体","-"
"0010","経営体数","160","農業経営体_うち組織経営体","66222","旧水戸田村","2015000000","2015年","経営体","5"
"0010","経営体数","160","農業経営体_うち組織経営体","66223","旧櫛田村","2015000000","2015年","経営体","6"
"0010","経営体数","160","農業経営体_うち組織経営体","66224","旧浅井村","2015000000","2015年","経営体","7"
"0010","経営体数","160","農業経営体_うち組織経営体","66225","旧二口村","2015000000","2015年","経営体","4"
"0010","経営体数","160","農業経営体_うち組織経営体","66226","旧下村","2015000000","2015年","経営体","5"
"0010","経営体数","160","農業経営体_うち組織経営体","66227","旧大島町","2015000000","2015年","経営体","9"
"0010","経営体数","160","農業経営体_うち組織経営体","16321","舟橋村","2015000000","2015年","経営体","3"
"0010","経営体数","160","農業経営体_うち組織経営体","16322","上市町","2015000000","2015年","経営体","17"
"0010","経営体数","160","農業経営体_うち組織経営体","66228","旧上市町","2015000000","2015年","経営体","1"
"0010","経営体数","160","農業経営体_うち組織経営体","66229","旧山加積村２－２","2015000000","2015年","経営体","1"
"0010","経営体数","160","農業経営体_うち組織経営体","66230","旧南加積村","2015000000","2015年","経営体","1"
"0010","経営体数","160","農業経営体_うち組織経営体","66231","旧宮川村","2015000000","2015年","経営体","4"
"0010","経営体数","160","農業経営体_うち組織経営体","66232","旧柿沢村","2015000000","2015年","経営体","2"
"0010","経営体数","160","農業経営体_うち組織経営体","66233","旧大岩村","2015000000","2015年","経営体","-"
"0010","経営体数","160","農業経営体_うち組織経営体","66234","旧相ノ木村","2015000000","2015年","経営体","4"
"0010","経営体数","160","農業経営体_うち組織経営体","66235","旧白萩村","2015000000","2015年","経営体","4"
"0010","経営体数","160","農業経営体_うち組織経営体","66236","旧新川村２－２","2015000000","2015年","経営体","-"
"0010","経営体数","160","農業経営体_うち組織経営体","16323","立山町","2015000000","2015年","経営体","44"
"0010","経営体数","160","農業経営体_うち組織経営体","66237","うち五百石","2015000000","2015年","経営体","6"
"0010","経営体数","160","農業経営体_うち組織経営体","66238","うち大森","2015000000","2015年","経営体","2"
"0010","経営体数","160","農業経営体_うち組織経営体","66239","うち高野","2015000000","2015年","経営体","3"
"0010","経営体数","160","農業経営体_うち組織経営体","66240","うち下段","2015000000","2015年","経営体","5"
"0010","経営体数","160","農業経営体_うち組織経営体","66241","旧利田村","2015000000","2015年","経営体","9"
"0010","経営体数","160","農業経営体_うち組織経営体","66242","旧上段村","2015000000","2015年","経営体","6"
"0010","経営体数","160","農業経営体_うち組織経営体","66243","旧東谷村","2015000000","2015年","経営体","3"
"0010","経営体数","160","農業経営体_うち組織経営体","66244","旧釜ケ渕村","2015000000","2015年","経営体","2"
"0010","経営体数","160","農業経営体_うち組織経営体","66245","旧立山村","2015000000","2015年","経営体","-"
"0010","経営体数","160","農業経営体_うち組織経営体","66246","旧新川村２－１","2015000000","2015年","経営体","8"
"0010","経営体数","160","農業経営体_うち組織経営体","16342","入善町","2015000000","2015年","経営体","63"
"0010","経営体数","160","農業経営体_うち組織経営体","66247","旧新屋村","2015000000","2015年","経営体","7"
"0010","経営体数","160","農業経営体_うち組織経営体","66248","旧小摺戸村","2015000000","2015年","経営体","5"
"0010","経営体数","160","農業経営体_うち組織経営体","66249","旧青木村","2015000000","2015年","経営体","9"
"0010","経営体数","160","農業経営体_うち組織経営体","66250","旧飯野村","2015000000","2015年","経営体","9"
"0010","経営体数","160","農業経営体_うち組織経営体","66251","旧上原村","2015000000","2015年","経営体","8"
"0010","経営体数","160","農業経営体_うち組織経営体","66252","旧入善町","2015000000","2015年","経営体","8"
"0010","経営体数","160","農業経営体_うち組織経営体","66253","旧横山村","2015000000","2015年","経営体","5"
"0010","経営体数","160","農業経営体_うち組織経営体","66254","旧椚山村","2015000000","2015年","経営体","4"
"0010","経営体数","160","農業経営体_うち組織経営体","66255","旧舟見町","2015000000","2015年","経営体","3"
"0010","経営体数","160","農業経営体_うち組織経営体","66256","旧野中村２－１","2015000000","2015年","経営体","5"
"0010","経営体数","160","農業経営体_うち組織経営体","16343","朝日町","2015000000","2015年","経営体","14"
"0010","経営体数","160","農業経営体_うち組織経営体","66257","旧大家庄村","2015000000","2015年","経営体","11"
"0010","経営体数","160","農業経営体_うち組織経営体","66258","旧山崎村","2015000000","2015年","経営体","1"
"0010","経営体数","160","農業経営体_うち組織経営体","66259","旧南保村","2015000000","2015年","経営体","1"
"0010","経営体数","160","農業経営体_うち組織経営体","66260","旧五箇庄村","2015000000","2015年","経営体","1"
"0010","経営体数","160","農業経営体_うち組織経営体","66261","旧泊町","2015000000","2015年","経営体","-"
"0010","経営体数","160","農業経営体_うち組織経営体","66262","旧宮崎村","2015000000","2015年","経営体","-"
"0010","経営体数","160","農業経営体_うち組織経営体","66263","旧境村","2015000000","2015年","経営体","-"
"0010","経営体数","160","農業経営体_うち組織経営体","66264","旧野中村２－２","2015000000","2015年","経営体","-"
"0010","経営体数","160","農業経営体_うち組織経営体","17000","石川県","2015000000","2015年","経営体","529"
"0010","経営体数","160","農業経営体_うち組織経営体","17201","金沢市","2015000000","2015年","経営体","45"
"0010","経営体数","160","農業経営体_うち組織経営体","67001","旧金沢市","2015000000","2015年","経営体","26"
"0010","経営体数","160","農業経営体_うち組織経営体","67002","旧安原村","2015000000","2015年","経営体","4"
"0010","経営体数","160","農業経営体_うち組織経営体","67003","旧額村","2015000000","2015年","経営体","-"
"0010","経営体数","160","農業経営体_うち組織経営体","67004","旧押野村２－１","2015000000","2015年","経営体","-"
"0010","経営体数","160","農業経営体_うち組織経営体","67005","旧内川村","2015000000","2015年","経営体","-"
"0010","経営体数","160","農業経営体_うち組織経営体","67006","旧犀川村","2015000000","2015年","経営体","1"
"0010","経営体数","160","農業経営体_うち組織経営体","67007","旧湯涌谷村","2015000000","2015年","経営体","-"
"0010","経営体数","160","農業経営体_うち組織経営体","67008","旧浅川村","2015000000","2015年","経営体","3"
"0010","経営体数","160","農業経営体_うち組織経営体","67009","旧大場村","2015000000","2015年","経営体","1"
"0010","経営体数","160","農業経営体_うち組織経営体","67010","旧八田村","2015000000","2015年","経営体","1"
"0010","経営体数","160","農業経営体_うち組織経営体","67011","旧花園村２－１","2015000000","2015年","経営体","4"
"0010","経営体数","160","農業経営体_うち組織経営体","67012","旧三谷村","2015000000","2015年","経営体","5"
"0010","経営体数","160","農業経営体_うち組織経営体","67013","旧森本村","2015000000","2015年","経営体","-"
"0010","経営体数","160","農業経営体_うち組織経営体","17202","七尾市","2015000000","2015年","経営体","58"
"0010","経営体数","160","農業経営体_うち組織経営体","67014","旧七尾市","2015000000","2015年","経営体","26"
"0010","経営体数","160","農業経営体_うち組織経営体","67015","旧南大呑村","2015000000","2015年","経営体","1"
"0010","経営体数","160","農業経営体_うち組織経営体","67016","旧北大呑村","2015000000","2015年","経営体","-"
"0010","経営体数","160","農業経営体_うち組織経営体","67017","旧崎山村","2015000000","2015年","経営体","1"
"0010","経営体数","160","農業経営体_うち組織経営体","67018","旧高階村","2015000000","2015年","経営体","5"
"0010","経営体数","160","農業経営体_うち組織経営体","67019","旧田鶴浜町","2015000000","2015年","経営体","4"
"0010","経営体数","160","農業経営体_うち組織経営体","67020","旧相馬村２－１","2015000000","2015年","経営体","3"
"0010","経営体数","160","農業経営体_うち組織経営体","67021","旧金ヶ崎村","2015000000","2015年","経営体","-"
"0010","経営体数","160","農業経営体_うち組織経営体","67022","旧笠師保村","2015000000","2015年","経営体","2"
"0010","経営体数","160","農業経営体_うち組織経営体","67023","旧豊川村","2015000000","2015年","経営体","1"
"0010","経営体数","160","農業経営体_うち組織経営体","67024","旧熊木村","2015000000","2015年","経営体","6"
"0010","経営体数","160","農業経営体_うち組織経営体","67025","旧西岸村","2015000000","2015年","経営体","1"
"0010","経営体数","160","農業経営体_うち組織経営体","67026","旧中島村","2015000000","2015年","経営体","1"
"0010","経営体数","160","農業経営体_うち組織経営体","67027","旧釶打村","2015000000","2015年","経営体","2"
"0010","経営体数","160","農業経営体_うち組織経営体","67028","旧東島村","2015000000","2015年","経営体","-"
"0010","経営体数","160","農業経営体_うち組織経営体","67029","旧中乃島村","2015000000","2015年","経営体","3"
"0010","経営体数","160","農業経営体_うち組織経営体","67030","旧西島村","2015000000","2015年","経営体","2"
"0010","経営体数","160","農業経営体_うち組織経営体","17203","小松市","2015000000","2015年","経営体","52"
"0010","経営体数","160","農業経営体_うち組織経営体","67031","旧小松市","2015000000","2015年","経営体","25"
"0010","経営体数","160","農業経営体_うち組織経営体","67032","旧那谷村","2015000000","2015年","経営体","4"
"0010","経営体数","160","農業経営体_うち組織経営体","67033","旧矢田野村","2015000000","2015年","経営体","4"
"0010","経営体数","160","農業経営体_うち組織経営体","67034","旧月津村２－１","2015000000","2015年","経営体","3"
"0010","経営体数","160","農業経営体_うち組織経営体","67035","旧大杉谷村","2015000000","2015年","経営体","4"
"0010","経営体数","160","農業経営体_うち組織経営体","67036","旧金野村","2015000000","2015年","経営体","1"
"0010","経営体数","160","農業経営体_うち組織経営体","67037","旧新丸村","2015000000","2015年","経営体","-"
"0010","経営体数","160","農業経営体_うち組織経営体","67038","旧中海村","2015000000","2015年","経営体","7"
"0010","経営体数","160","農業経営体_うち組織経営体","67039","旧国府村２－１","2015000000","2015年","経営体","2"
"0010","経営体数","160","農業経営体_うち組織経営体","67040","旧西尾村","2015000000","2015年","経営体","2"
"0010","経営体数","160","農業経営体_うち組織経営体","17204","輪島市","2015000000","2015年","経営体","22"
"0010","経営体数","160","農業経営体_うち組織経営体","67041","旧輪島市","2015000000","2015年","経営体","1"
"0010","経営体数","160","農業経営体_うち組織経営体","67042","旧町野町","2015000000","2015年","経営体","9"
"0010","経営体数","160","農業経営体_うち組織経営体","67043","旧西保村","2015000000","2015年","経営体","-"
"0010","経営体数","160","農業経営体_うち組織経営体","67044","旧大屋村","2015000000","2015年","経営体","2"
"0010","経営体数","160","農業経営体_うち組織経営体","67045","旧河原田村","2015000000","2015年","経営体","-"
"0010","経営体数","160","農業経営体_うち組織経営体","67046","旧鵠巣村","2015000000","2015年","経営体","-"
"0010","経営体数","160","農業経営体_うち組織経営体","67047","旧南志見村","2015000000","2015年","経営体","1"
"0010","経営体数","160","農業経営体_うち組織経営体","67048","旧三井村","2015000000","2015年","経営体","3"
"0010","経営体数","160","農業経営体_うち組織経営体","67049","旧門前町","2015000000","2015年","経営体","2"
"0010","経営体数","160","農業経営体_うち組織経営体","67050","旧剣地村","2015000000","2015年","経営体","2"
"0010","経営体数","160","農業経営体_うち組織経営体","67051","旧諸岡村","2015000000","2015年","経営体","1"
"0010","経営体数","160","農業経営体_うち組織経営体","67052","旧浦上村","2015000000","2015年","経営体","-"
"0010","経営体数","160","農業経営体_うち組織経営体","67053","旧七浦村","2015000000","2015年","経営体","-"
"0010","経営体数","160","農業経営体_うち組織経営体","67054","旧本郷村","2015000000","2015年","経営体","1"
"0010","経営体数","160","農業経営体_うち組織経営体","67055","旧黒島村","2015000000","2015年","経営体","-"
"0010","経営体数","160","農業経営体_うち組織経営体","17205","珠洲市","2015000000","2015年","経営体","18"
"0010","経営体数","160","農業経営体_うち組織経営体","67056","旧飯田町","2015000000","2015年","経営体","-"
"0010","経営体数","160","農業経営体_うち組織経営体","67057","旧宝立町","2015000000","2015年","経営体","3"
"0010","経営体数","160","農業経営体_うち組織経営体","67058","旧正院町","2015000000","2015年","経営体","2"
"0010","経営体数","160","農業経営体_うち組織経営体","67059","旧上戸村","2015000000","2015年","経営体","-"
"0010","経営体数","160","農業経営体_うち組織経営体","67060","旧若山村","2015000000","2015年","経営体","4"
"0010","経営体数","160","農業経営体_うち組織経営体","67061","旧直村","2015000000","2015年","経営体","5"
"0010","経営体数","160","農業経営体_うち組織経営体","67062","旧三崎村","2015000000","2015年","経営体","2"
"0010","経営体数","160","農業経営体_うち組織経営体","67063","旧西海村","2015000000","2015年","経営体","2"
"0010","経営体数","160","農業経営体_うち組織経営体","67064","旧蛸島村","2015000000","2015年","経営体","-"
"0010","経営体数","160","農業経営体_うち組織経営体","17206","加賀市","2015000000","2015年","経営体","24"
"0010","経営体数","160","農業経営体_うち組織経営体","67065","旧大聖寺町","2015000000","2015年","経営体","1"
"0010","経営体数","160","農業経営体_うち組織経営体","67066","旧山代町","2015000000","2015年","経営体","3"
"0010","経営体数","160","農業経営体_うち組織経営体","67067","旧片山津町","2015000000","2015年","経営体","10"
"0010","経営体数","160","農業経営体_うち組織経営体","67068","旧動橋町","2015000000","2015年","経営体","-"
"0010","経営体数","160","農業経営体_うち組織経営体","67069","旧三木村","2015000000","2015年","経営体","2"
"0010","経営体数","160","農業経営体_うち組織経営体","67070","旧瀬越村","2015000000","2015年","経営体","-"
"0010","経営体数","160","農業経営体_うち組織経営体","67071","旧三谷村","2015000000","2015年","経営体","-"
"0010","経営体数","160","農業経営体_うち組織経営体","67072","旧南郷村","2015000000","2015年","経営体","-"
"0010","経営体数","160","農業経営体_うち組織経営体","67073","旧東谷口村","2015000000","2015年","経営体","1"
"0010","経営体数","160","農業経営体_うち組織経営体","67074","旧勅使村","2015000000","2015年","経営体","2"
"0010","経営体数","160","農業経営体_うち組織経営体","67075","旧橋立村","2015000000","2015年","経営体","1"
"0010","経営体数","160","農業経営体_うち組織経営体","67076","旧篠原村","2015000000","2015年","経営体","1"
"0010","経営体数","160","農業経営体_うち組織経営体","67077","旧分校村","2015000000","2015年","経営体","-"
"0010","経営体数","160","農業経営体_うち組織経営体","67078","旧月津村２－２","2015000000","2015年","経営体","-"
"0010","経営体数","160","農業経営体_うち組織経営体","67079","旧塩屋村","2015000000","2015年","経営体","-"
"0010","経営体数","160","農業経営体_うち組織経営体","67080","旧河南村２－２","2015000000","2015年","経営体","-"
"0010","経営体数","160","農業経営体_うち組織経営体","67081","旧山中町","2015000000","2015年","経営体","-"
"0010","経営体数","160","農業経営体_うち組織経営体","67082","旧河南村２－１","2015000000","2015年","経営体","-"
"0010","経営体数","160","農業経営体_うち組織経営体","67083","旧西谷村","2015000000","2015年","経営体","1"
"0010","経営体数","160","農業経営体_うち組織経営体","67084","旧東谷奥村","2015000000","2015年","経営体","2"
"0010","経営体数","160","農業経営体_うち組織経営体","17207","羽咋市","2015000000","2015年","経営体","23"
"0010","経営体数","160","農業経営体_うち組織経営体","67085","旧羽咋町","2015000000","2015年","経営体","1"
"0010","経営体数","160","農業経営体_うち組織経営体","67086","旧邑知町","2015000000","2015年","経営体","12"
"0010","経営体数","160","農業経営体_うち組織経営体","67087","旧粟ノ保村","2015000000","2015年","経営体","1"
"0010","経営体数","160","農業経営体_うち組織経営体","67088","旧富永村","2015000000","2015年","経営体","6"
"0010","経営体数","160","農業経営体_うち組織経営体","67089","旧一ノ宮村","2015000000","2015年","経営体","-"
"0010","経営体数","160","農業経営体_うち組織経営体","67090","旧越路野村","2015000000","2015年","経営体","-"
"0010","経営体数","160","農業経営体_うち組織経営体","67091","旧上甘田村２－１","2015000000","2015年","経営体","1"
"0010","経営体数","160","農業経営体_うち組織経営体","67092","旧下甘田村２－２","2015000000","2015年","経営体","-"
"0010","経営体数","160","農業経営体_うち組織経営体","67093","旧千里浜村","2015000000","2015年","経営体","-"
"0010","経営体数","160","農業経営体_うち組織経営体","67094","旧余喜村","2015000000","2015年","経営体","2"
"0010","経営体数","160","農業経営体_うち組織経営体","67095","旧鹿島路村","2015000000","2015年","経営体","-"
"0010","経営体数","160","農業経営体_うち組織経営体","17209","かほく市","2015000000","2015年","経営体","11"
"0010","経営体数","160","農業経営体_うち組織経営体","67096","旧高松町２－１","2015000000","2015年","経営体","1"
"0010","経営体数","160","農業経営体_うち組織経営体","67097","旧南大海村","2015000000","2015年","経営体","2"
"0010","経営体数","160","農業経営体_うち組織経営体","67098","旧七塚町","2015000000","2015年","経営体","-"
"0010","経営体数","160","農業経営体_うち組織経営体","67099","旧宇ノ気町","2015000000","2015年","経営体","8"
"0010","経営体数","160","農業経営体_うち組織経営体","67100","旧金津村(高松町２－２)","2015000000","2015年","経営体","-"
"0010","経営体数","160","農業経営体_うち組織経営体","17210","白山市","2015000000","2015年","経営体","68"
"0010","経営体数","160","農業経営体_うち組織経営体","67101","旧松任町","2015000000","2015年","経営体","1"
"0010","経営体数","160","農業経営体_うち組織経営体","67102","旧石川村","2015000000","2015年","経営体","4"
"0010","経営体数","160","農業経営体_うち組織経営体","67103","旧柏野村","2015000000","2015年","経営体","2"
"0010","経営体数","160","農業経営体_うち組織経営体","67104","旧笠間村","2015000000","2015年","経営体","2"
"0010","経営体数","160","農業経営体_うち組織経営体","67105","旧宮保村","2015000000","2015年","経営体","4"
"0010","経営体数","160","農業経営体_うち組織経営体","67106","旧一木村","2015000000","2015年","経営体","5"
"0010","経営体数","160","農業経営体_うち組織経営体","67107","旧出城村","2015000000","2015年","経営体","1"
"0010","経営体数","160","農業経営体_うち組織経営体","67108","旧御手洗村","2015000000","2015年","経営体","4"
"0010","経営体数","160","農業経営体_うち組織経営体","67109","旧旭村","2015000000","2015年","経営体","4"
"0010","経営体数","160","農業経営体_うち組織経営体","67110","旧郷村２－２","2015000000","2015年","経営体","2"
"0010","経営体数","160","農業経営体_うち組織経営体","67111","旧中奥村","2015000000","2015年","経営体","1"
"0010","経営体数","160","農業経営体_うち組織経営体","67112","旧林中村","2015000000","2015年","経営体","3"
"0010","経営体数","160","農業経営体_うち組織経営体","67113","旧山島村","2015000000","2015年","経営体","2"
"0010","経営体数","160","農業経営体_うち組織経営体","67114","旧湊村","2015000000","2015年","経営体","-"
"0010","経営体数","160","農業経営体_うち組織経営体","67115","旧美川町","2015000000","2015年","経営体","1"
"0010","経営体数","160","農業経営体_うち組織経営体","67116","旧蝶屋村","2015000000","2015年","経営体","8"
"0010","経営体数","160","農業経営体_うち組織経営体","67117","旧鶴来町","2015000000","2015年","経営体","-"
"0010","経営体数","160","農業経営体_うち組織経営体","67118","旧館畑村","2015000000","2015年","経営体","6"
"0010","経営体数","160","農業経営体_うち組織経営体","67119","旧林村","2015000000","2015年","経営体","2"
"0010","経営体数","160","農業経営体_うち組織経営体","67120","旧蔵山村","2015000000","2015年","経営体","3"
"0010","経営体数","160","農業経営体_うち組織経営体","67121","旧河内村２－２","2015000000","2015年","経営体","2"
"0010","経営体数","160","農業経営体_うち組織経営体","67122","旧河内村(河内村２－１)","2015000000","2015年","経営体","3"
"0010","経営体数","160","農業経営体_うち組織経営体","67123","旧吉野谷村","2015000000","2015年","経営体","3"
"0010","経営体数","160","農業経営体_うち組織経営体","67124","旧鳥越村","2015000000","2015年","経営体","5"
"0010","経営体数","160","農業経営体_うち組織経営体","67125","旧尾口村","2015000000","2015年","経営体","-"
"0010","経営体数","160","農業経営体_うち組織経営体","67126","旧白峰村","2015000000","2015年","経営体","-"
"0010","経営体数","160","農業経営体_うち組織経営体","17211","能美市","2015000000","2015年","経営体","39"
"0010","経営体数","160","農業経営体_うち組織経営体","67127","旧根上町","2015000000","2015年","経営体","6"
"0010","経営体数","160","農業経営体_うち組織経営体","67128","旧吉田村２－１","2015000000","2015年","経営体","4"
"0010","経営体数","160","農業経営体_うち組織経営体","67129","旧寺井野町","2015000000","2015年","経営体","9"
"0010","経営体数","160","農業経営体_うち組織経営体","67130","旧粟生村","2015000000","2015年","経営体","5"
"0010","経営体数","160","農業経営体_うち組織経営体","67131","旧吉田村２－２","2015000000","2015年","経営体","-"
"0010","経営体数","160","農業経営体_うち組織経営体","67132","旧久常村２－２","2015000000","2015年","経営体","2"
"0010","経営体数","160","農業経営体_うち組織経営体","67133","旧久常村２－１","2015000000","2015年","経営体","1"
"0010","経営体数","160","農業経営体_うち組織経営体","67134","旧国府村２－２","2015000000","2015年","経営体","-"
"0010","経営体数","160","農業経営体_うち組織経営体","67135","旧山上村","2015000000","2015年","経営体","12"
"0010","経営体数","160","農業経営体_うち組織経営体","17212","野々市市","2015000000","2015年","経営体","3"
"0010","経営体数","160","農業経営体_うち組織経営体","67136","旧野々市町","2015000000","2015年","経営体","-"
"0010","経営体数","160","農業経営体_うち組織経営体","67137","旧郷村２－１","2015000000","2015年","経営体","-"
"0010","経営体数","160","農業経営体_うち組織経営体","67138","旧富奥村","2015000000","2015年","経営体","3"
"0010","経営体数","160","農業経営体_うち組織経営体","67139","旧押野村２－２","2015000000","2015年","経営体","-"
"0010","経営体数","160","農業経営体_うち組織経営体","17324","川北町","2015000000","2015年","経営体","9"
"0010","経営体数","160","農業経営体_うち組織経営体","17361","津幡町","2015000000","2015年","経営体","31"
"0010","経営体数","160","農業経営体_うち組織経営体","67140","旧津幡町","2015000000","2015年","経営体","1"
"0010","経営体数","160","農業経営体_うち組織経営体","67141","旧中條村","2015000000","2015年","経営体","2"
"0010","経営体数","160","農業経営体_うち組織経営体","67142","旧井上村","2015000000","2015年","経営体","-"
"0010","経営体数","160","農業経営体_うち組織経営体","67143","旧花園村２－２","2015000000","2015年","経営体","-"
"0010","経営体数","160","農業経営体_うち組織経営体","67144","旧倶利伽羅村","2015000000","2015年","経営体","7"
"0010","経営体数","160","農業経営体_うち組織経営体","67145","旧笠谷村","2015000000","2015年","経営体","8"
"0010","経営体数","160","農業経営体_うち組織経営体","67146","旧英田村","2015000000","2015年","経営体","10"
"0010","経営体数","160","農業経営体_うち組織経営体","67147","旧河合谷村","2015000000","2015年","経営体","3"
"0010","経営体数","160","農業経営体_うち組織経営体","17365","内灘町","2015000000","2015年","経営体","5"
"0010","経営体数","160","農業経営体_うち組織経営体","17384","志賀町","2015000000","2015年","経営体","36"
"0010","経営体数","160","農業経営体_うち組織経営体","67148","旧高浜町","2015000000","2015年","経営体","1"
"0010","経営体数","160","農業経営体_うち組織経営体","67149","旧上甘田村２－２","2015000000","2015年","経営体","-"
"0010","経営体数","160","農業経営体_うち組織経営体","67150","旧中甘田村","2015000000","2015年","経営体","1"
"0010","経営体数","160","農業経営体_うち組織経営体","67151","旧下甘田村２－１","2015000000","2015年","経営体","4"
"0010","経営体数","160","農業経営体_うち組織経営体","67152","旧志加浦村","2015000000","2015年","経営体","1"
"0010","経営体数","160","農業経営体_うち組織経営体","67153","旧堀松村","2015000000","2015年","経営体","5"
"0010","経営体数","160","農業経営体_うち組織経営体","67154","旧加茂村","2015000000","2015年","経営体","1"
"0010","経営体数","160","農業経営体_うち組織経営体","67155","旧土田村","2015000000","2015年","経営体","5"
"0010","経営体数","160","農業経営体_うち組織経営体","67156","旧上熊野村","2015000000","2015年","経営体","2"
"0010","経営体数","160","農業経営体_うち組織経営体","67157","旧富来町","2015000000","2015年","経営体","1"
"0010","経営体数","160","農業経営体_うち組織経営体","67158","旧熊野村","2015000000","2015年","経営体","3"
"0010","経営体数","160","農業経営体_うち組織経営体","67159","旧稗造村","2015000000","2015年","経営体","4"
"0010","経営体数","160","農業経営体_うち組織経営体","67160","旧東増穂村","2015000000","2015年","経営体","6"
"0010","経営体数","160","農業経営体_うち組織経営体","67161","旧西増穂村","2015000000","2015年","経営体","1"
"0010","経営体数","160","農業経営体_うち組織経営体","67162","旧西海村","2015000000","2015年","経営体","-"
"0010","経営体数","160","農業経営体_うち組織経営体","67163","旧西浦村","2015000000","2015年","経営体","1"
"0010","経営体数","160","農業経営体_うち組織経営体","67164","旧福浦村","2015000000","2015年","経営体","-"
"0010","経営体数","160","農業経営体_うち組織経営体","17386","宝達志水町","2015000000","2015年","経営体","16"
"0010","経営体数","160","農業経営体_うち組織経営体","67165","旧志雄町","2015000000","2015年","経営体","6"
"0010","経営体数","160","農業経営体_うち組織経営体","67166","旧柏崎村２－２","2015000000","2015年","経営体","1"
"0010","経営体数","160","農業経営体_うち組織経営体","67167","旧北大海村","2015000000","2015年","経営体","4"
"0010","経営体数","160","農業経営体_うち組織経営体","67168","旧北荘村","2015000000","2015年","経営体","1"
"0010","経営体数","160","農業経営体_うち組織経営体","67169","旧中荘村","2015000000","2015年","経営体","-"
"0010","経営体数","160","農業経営体_うち組織経営体","67170","旧末森村","2015000000","2015年","経営体","3"
"0010","経営体数","160","農業経営体_うち組織経営体","67171","旧柏崎村２－１","2015000000","2015年","経営体","1"
"0010","経営体数","160","農業経営体_うち組織経営体","17407","中能登町","2015000000","2015年","経営体","17"
"0010","経営体数","160","農業経営体_うち組織経営体","67172","旧鳥屋町","2015000000","2015年","経営体","7"
"0010","経営体数","160","農業経営体_うち組織経営体","67173","旧相馬村２－２","2015000000","2015年","経営体","1"
"0010","経営体数","160","農業経営体_うち組織経営体","67174","旧越路町","2015000000","2015年","経営体","2"
"0010","経営体数","160","農業経営体_うち組織経営体","67175","旧御祖村","2015000000","2015年","経営体","1"
"0010","経営体数","160","農業経営体_うち組織経営体","67176","旧滝尾村","2015000000","2015年","経営体","1"
"0010","経営体数","160","農業経営体_うち組織経営体","67177","旧久江村","2015000000","2015年","経営体","-"
"0010","経営体数","160","農業経営体_うち組織経営体","67178","旧能登部町","2015000000","2015年","経営体","4"
"0010","経営体数","160","農業経営体_うち組織経営体","67179","旧金丸村","2015000000","2015年","経営体","1"
"0010","経営体数","160","農業経営体_うち組織経営体","17461","穴水町","2015000000","2015年","経営体","20"
"0010","経営体数","160","農業経営体_うち組織経営体","67180","旧穴水町","2015000000","2015年","経営体","4"
"0010","経営体数","160","農業経営体_うち組織経営体","67181","旧諸橋村","2015000000","2015年","経営体","5"
"0010","経営体数","160","農業経営体_うち組織経営体","67182","旧兜村","2015000000","2015年","経営体","7"
"0010","経営体数","160","農業経営体_うち組織経営体","67183","旧住吉村","2015000000","2015年","経営体","4"
"0010","経営体数","160","農業経営体_うち組織経営体","17463","能登町","2015000000","2015年","経営体","32"
"0010","経営体数","160","農業経営体_うち組織経営体","67184","旧宇出津町","2015000000","2015年","経営体","1"
"0010","経営体数","160","農業経営体_うち組織経営体","67185","旧鵜川町","2015000000","2015年","経営体","5"
"0010","経営体数","160","農業経営体_うち組織経営体","67186","旧神野村２－１","2015000000","2015年","経営体","3"
"0010","経営体数","160","農業経営体_うち組織経営体","67187","旧三波村","2015000000","2015年","経営体","-"
"0010","経営体数","160","農業経営体_うち組織経営体","67188","旧小木町２－１","2015000000","2015年","経営体","-"
"0010","経営体数","160","農業経営体_うち組織経営体","67189","旧柳田村","2015000000","2015年","経営体","10"
"0010","経営体数","160","農業経営体_うち組織経営体","67190","旧神野村２－２","2015000000","2015年","経営体","3"
"0010","経営体数","160","農業経営体_うち組織経営体","67191","旧小木町２－２","2015000000","2015年","経営体","-"
"0010","経営体数","160","農業経営体_うち組織経営体","67192","旧松波町","2015000000","2015年","経営体","10"
"0010","経営体数","160","農業経営体_うち組織経営体","18000","福井県","2015000000","2015年","経営体","692"
"0010","経営体数","160","農業経営体_うち組織経営体","18201","福井市","2015000000","2015年","経営体","148"
"0010","経営体数","160","農業経営体_うち組織経営体","68001","旧福井市","2015000000","2015年","経営体","11"
"0010","経営体数","160","農業経営体_うち組織経営体","68002","旧西藤島村","2015000000","2015年","経営体","5"
"0010","経営体数","160","農業経営体_うち組織経営体","68003","旧西安居村","2015000000","2015年","経営体","2"
"0010","経営体数","160","農業経営体_うち組織経営体","68004","旧社村","2015000000","2015年","経営体","11"
"0010","経営体数","160","農業経営体_うち組織経営体","68005","旧中藤島村","2015000000","2015年","経営体","4"
"0010","経営体数","160","農業経営体_うち組織経営体","68006","旧河合村","2015000000","2015年","経営体","6"
"0010","経営体数","160","農業経営体_うち組織経営体","68007","旧六条村","2015000000","2015年","経営体","4"
"0010","経営体数","160","農業経営体_うち組織経営体","68008","旧大安寺村","2015000000","2015年","経営体","5"
"0010","経営体数","160","農業経営体_うち組織経営体","68009","旧麻生津村","2015000000","2015年","経営体","14"
"0010","経営体数","160","農業経営体_うち組織経営体","68010","旧国見村","2015000000","2015年","経営体","-"
"0010","経営体数","160","農業経営体_うち組織経営体","68011","旧岡保村","2015000000","2015年","経営体","11"
"0010","経営体数","160","農業経営体_うち組織経営体","68012","旧東藤島村","2015000000","2015年","経営体","6"
"0010","経営体数","160","農業経営体_うち組織経営体","68013","旧殿下村","2015000000","2015年","経営体","-"
"0010","経営体数","160","農業経営体_うち組織経営体","68014","旧鶉村","2015000000","2015年","経営体","7"
"0010","経営体数","160","農業経営体_うち組織経営体","68015","旧本郷村","2015000000","2015年","経営体","-"
"0010","経営体数","160","農業経営体_うち組織経営体","68016","旧棗村","2015000000","2015年","経営体","4"
"0010","経営体数","160","農業経営体_うち組織経営体","68017","旧鷹巣村","2015000000","2015年","経営体","2"
"0010","経営体数","160","農業経営体_うち組織経営体","68018","旧浜四郷村２－２","2015000000","2015年","経営体","1"
"0010","経営体数","160","農業経営体_うち組織経営体","68019","旧森田町","2015000000","2015年","経営体","3"
"0010","経営体数","160","農業経営体_うち組織経営体","68020","旧酒生村","2015000000","2015年","経営体","5"
"0010","経営体数","160","農業経営体_うち組織経営体","68021","旧一乗谷村","2015000000","2015年","経営体","-"
"0010","経営体数","160","農業経営体_うち組織経営体","68022","旧東郷村","2015000000","2015年","経営体","6"
"0010","経営体数","160","農業経営体_うち組織経営体","68023","旧上文殊村","2015000000","2015年","経営体","8"
"0010","経営体数","160","農業経営体_うち組織経営体","68024","旧下文殊村","2015000000","2015年","経営体","4"
"0010","経営体数","160","農業経営体_うち組織経営体","68025","旧羽生村","2015000000","2015年","経営体","1"
"0010","経営体数","160","農業経営体_うち組織経営体","68026","旧芦見村","2015000000","2015年","経営体","-"
"0010","経営体数","160","農業経営体_うち組織経営体","68027","旧上味見村","2015000000","2015年","経営体","-"
"0010","経営体数","160","農業経営体_うち組織経営体","68028","旧下味見村","2015000000","2015年","経営体","-"
"0010","経営体数","160","農業経営体_うち組織経営体","68029","旧上宇坂村","2015000000","2015年","経営体","1"
"0010","経営体数","160","農業経営体_うち組織経営体","68030","旧下宇坂村","2015000000","2015年","経営体","1"
"0010","経営体数","160","農業経営体_うち組織経営体","68031","旧越廼村","2015000000","2015年","経営体","-"
"0010","経営体数","160","農業経営体_うち組織経営体","68032","旧下岬村","2015000000","2015年","経営体","-"
"0010","経営体数","160","農業経営体_うち組織経営体","68033","旧志津村","2015000000","2015年","経営体","5"
"0010","経営体数","160","農業経営体_うち組織経営体","68034","旧三方村","2015000000","2015年","経営体","7"
"0010","経営体数","160","農業経営体_うち組織経営体","68035","旧天津村","2015000000","2015年","経営体","14"
"0010","経営体数","160","農業経営体_うち組織経営体","18202","敦賀市","2015000000","2015年","経営体","7"
"0010","経営体数","160","農業経営体_うち組織経営体","68036","旧敦賀市","2015000000","2015年","経営体","2"
"0010","経営体数","160","農業経営体_うち組織経営体","68037","旧東浦村","2015000000","2015年","経営体","1"
"0010","経営体数","160","農業経営体_うち組織経営体","68038","旧東郷村","2015000000","2015年","経営体","-"
"0010","経営体数","160","農業経営体_うち組織経営体","68039","旧中郷村","2015000000","2015年","経営体","1"
"0010","経営体数","160","農業経営体_うち組織経営体","68040","旧愛発村","2015000000","2015年","経営体","1"
"0010","経営体数","160","農業経営体_うち組織経営体","68041","旧粟野村","2015000000","2015年","経営体","2"
"0010","経営体数","160","農業経営体_うち組織経営体","18204","小浜市","2015000000","2015年","経営体","22"
"0010","経営体数","160","農業経営体_うち組織経営体","68042","旧小浜町","2015000000","2015年","経営体","1"
"0010","経営体数","160","農業経営体_うち組織経営体","68043","旧内外海村","2015000000","2015年","経営体","-"
"0010","経営体数","160","農業経営体_うち組織経営体","68044","旧国富村","2015000000","2015年","経営体","4"
"0010","経営体数","160","農業経営体_うち組織経営体","68045","旧遠敷村","2015000000","2015年","経営体","1"
"0010","経営体数","160","農業経営体_うち組織経営体","68046","旧今富村","2015000000","2015年","経営体","3"
"0010","経営体数","160","農業経営体_うち組織経営体","68047","旧松永村","2015000000","2015年","経営体","3"
"0010","経営体数","160","農業経営体_うち組織経営体","68048","旧口名田村","2015000000","2015年","経営体","2"
"0010","経営体数","160","農業経営体_うち組織経営体","68049","旧中名田村","2015000000","2015年","経営体","-"
"0010","経営体数","160","農業経営体_うち組織経営体","68050","旧宮川村","2015000000","2015年","経営体","7"
"0010","経営体数","160","農業経営体_うち組織経営体","68051","旧加斗村２－１","2015000000","2015年","経営体","1"
"0010","経営体数","160","農業経営体_うち組織経営体","18205","大野市","2015000000","2015年","経営体","52"
"0010","経営体数","160","農業経営体_うち組織経営体","68052","旧大野町","2015000000","2015年","経営体","-"
"0010","経営体数","160","農業経営体_うち組織経営体","68053","旧小山村","2015000000","2015年","経営体","8"
"0010","経営体数","160","農業経営体_うち組織経営体","68054","旧乾側村","2015000000","2015年","経営体","2"
"0010","経営体数","160","農業経営体_うち組織経営体","68055","旧下庄町","2015000000","2015年","経営体","7"
"0010","経営体数","160","農業経営体_うち組織経営体","68056","旧上庄村","2015000000","2015年","経営体","18"
"0010","経営体数","160","農業経営体_うち組織経営体","68057","旧五箇村","2015000000","2015年","経営体","-"
"0010","経営体数","160","農業経営体_うち組織経営体","68058","旧阪谷村","2015000000","2015年","経営体","5"
"0010","経営体数","160","農業経営体_うち組織経営体","68059","旧富田村","2015000000","2015年","経営体","10"
"0010","経営体数","160","農業経営体_うち組織経営体","68060","旧和泉村","2015000000","2015年","経営体","2"
"0010","経営体数","160","農業経営体_うち組織経営体","18206","勝山市","2015000000","2015年","経営体","27"
"0010","経営体数","160","農業経営体_うち組織経営体","68061","旧勝山町","2015000000","2015年","経営体","3"
"0010","経営体数","160","農業経営体_うち組織経営体","68062","旧平泉寺村","2015000000","2015年","経営体","4"
"0010","経営体数","160","農業経営体_うち組織経営体","68063","旧村岡村","2015000000","2015年","経営体","1"
"0010","経営体数","160","農業経営体_うち組織経営体","68064","旧北谷村","2015000000","2015年","経営体","-"
"0010","経営体数","160","農業経営体_うち組織経営体","68065","旧野向村","2015000000","2015年","経営体","4"
"0010","経営体数","160","農業経営体_うち組織経営体","68066","旧荒土村","2015000000","2015年","経営体","5"
"0010","経営体数","160","農業経営体_うち組織経営体","68067","旧北郷村","2015000000","2015年","経営体","-"
"0010","経営体数","160","農業経営体_うち組織経営体","68068","旧鹿谷村","2015000000","2015年","経営体","9"
"0010","経営体数","160","農業経営体_うち組織経営体","68069","旧遅羽村","2015000000","2015年","経営体","1"
"0010","経営体数","160","農業経営体_うち組織経営体","18207","鯖江市","2015000000","2015年","経営体","36"
"0010","経営体数","160","農業経営体_うち組織経営体","68070","旧鯖江町","2015000000","2015年","経営体","4"
"0010","経営体数","160","農業経営体_うち組織経営体","68071","旧神明町","2015000000","2015年","経営体","2"
"0010","経営体数","160","農業経営体_うち組織経営体","68072","旧中河村","2015000000","2015年","経営体","10"
"0010","経営体数","160","農業経営体_うち組織経営体","68073","旧片上村","2015000000","2015年","経営体","4"
"0010","経営体数","160","農業経営体_うち組織経営体","68074","旧立待村","2015000000","2015年","経営体","5"
"0010","経営体数","160","農業経営体_うち組織経営体","68075","旧吉川村","2015000000","2015年","経営体","2"
"0010","経営体数","160","農業経営体_うち組織経営体","68076","旧豊村","2015000000","2015年","経営体","6"
"0010","経営体数","160","農業経営体_うち組織経営体","68077","旧北中山村２－１","2015000000","2015年","経営体","2"
"0010","経営体数","160","農業経営体_うち組織経営体","68078","旧河和田村","2015000000","2015年","経営体","1"
"0010","経営体数","160","農業経営体_うち組織経営体","18208","あわら市","2015000000","2015年","経営体","55"
"0010","経営体数","160","農業経営体_うち組織経営体","68079","旧金津町","2015000000","2015年","経営体","3"
"0010","経営体数","160","農業経営体_うち組織経営体","68080","旧細呂木村","2015000000","2015年","経営体","12"
"0010","経営体数","160","農業経営体_うち組織経営体","68081","旧坪江村２－１","2015000000","2015年","経営体","6"
"0010","経営体数","160","農業経営体_うち組織経営体","68082","旧剱岳村","2015000000","2015年","経営体","5"
"0010","経営体数","160","農業経営体_うち組織経営体","68083","旧伊井村","2015000000","2015年","経営体","7"
"0010","経営体数","160","農業経営体_うち組織経営体","68084","旧吉崎村","2015000000","2015年","経営体","-"
"0010","経営体数","160","農業経営体_うち組織経営体","68085","旧本荘村３－３","2015000000","2015年","経営体","-"
"0010","経営体数","160","農業経営体_うち組織経営体","68086","旧芦原町","2015000000","2015年","経営体","7"
"0010","経営体数","160","農業経営体_うち組織経営体","68087","旧本荘村３－１","2015000000","2015年","経営体","11"
"0010","経営体数","160","農業経営体_うち組織経営体","68088","旧北潟村","2015000000","2015年","経営体","4"
"0010","経営体数","160","農業経営体_うち組織経営体","18209","越前市","2015000000","2015年","経営体","74"
"0010","経営体数","160","農業経営体_うち組織経営体","68089","旧武生市","2015000000","2015年","経営体","14"
"0010","経営体数","160","農業経営体_うち組織経営体","68090","旧国高村","2015000000","2015年","経営体","2"
"0010","経営体数","160","農業経営体_うち組織経営体","68091","旧大虫村","2015000000","2015年","経営体","3"
"0010","経営体数","160","農業経営体_うち組織経営体","68092","旧坂口村","2015000000","2015年","経営体","2"
"0010","経営体数","160","農業経営体_うち組織経営体","68093","旧王子保村","2015000000","2015年","経営体","10"
"0010","経営体数","160","農業経営体_うち組織経営体","68094","旧北新庄村２－１","2015000000","2015年","経営体","6"
"0010","経営体数","160","農業経営体_うち組織経営体","68095","旧北日野村","2015000000","2015年","経営体","12"
"0010","経営体数","160","農業経営体_うち組織経営体","68096","旧味真野村","2015000000","2015年","経営体","8"
"0010","経営体数","160","農業経営体_うち組織経営体","68097","旧白山村","2015000000","2015年","経営体","7"
"0010","経営体数","160","農業経営体_うち組織経営体","68098","旧粟田部町","2015000000","2015年","経営体","-"
"0010","経営体数","160","農業経営体_うち組織経営体","68099","旧岡本村","2015000000","2015年","経営体","-"
"0010","経営体数","160","農業経営体_うち組織経営体","68100","旧服間村","2015000000","2015年","経営体","3"
"0010","経営体数","160","農業経営体_うち組織経営体","68101","旧南中山村","2015000000","2015年","経営体","5"
"0010","経営体数","160","農業経営体_うち組織経営体","68102","旧北新庄村２－２","2015000000","2015年","経営体","1"
"0010","経営体数","160","農業経営体_うち組織経営体","68103","旧北中山村２－２","2015000000","2015年","経営体","1"
"0010","経営体数","160","農業経営体_うち組織経営体","18210","坂井市","2015000000","2015年","経営体","118"
"0010","経営体数","160","農業経営体_うち組織経営体","68104","旧三国町","2015000000","2015年","経営体","-"
"0010","経営体数","160","農業経営体_うち組織経営体","68105","旧新保村","2015000000","2015年","経営体","-"
"0010","経営体数","160","農業経営体_うち組織経営体","68106","旧雄島村","2015000000","2015年","経営体","1"
"0010","経営体数","160","農業経営体_うち組織経営体","68107","旧加戸村","2015000000","2015年","経営体","9"
"0010","経営体数","160","農業経営体_うち組織経営体","68108","旧木部村２－２","2015000000","2015年","経営体","10"
"0010","経営体数","160","農業経営体_うち組織経営体","68109","旧本荘村３－２","2015000000","2015年","経営体","2"
"0010","経営体数","160","農業経営体_うち組織経営体","68110","旧浜四郷村２－１","2015000000","2015年","経営体","6"
"0010","経営体数","160","農業経営体_うち組織経営体","68111","旧丸岡町","2015000000","2015年","経営体","-"
"0010","経営体数","160","農業経営体_うち組織経営体","68112","旧坪江村２－２","2015000000","2015年","経営体","2"
"0010","経営体数","160","農業経営体_うち組織経営体","68113","旧磯部村２－１","2015000000","2015年","経営体","3"
"0010","経営体数","160","農業経営体_うち組織経営体","68114","旧鳴鹿村２－１","2015000000","2015年","経営体","2"
"0010","経営体数","160","農業経営体_うち組織経営体","68115","旧竹田村","2015000000","2015年","経営体","-"
"0010","経営体数","160","農業経営体_うち組織経営体","68116","旧長畝村","2015000000","2015年","経営体","3"
"0010","経営体数","160","農業経営体_うち組織経営体","68117","旧高椋村","2015000000","2015年","経営体","11"
"0010","経営体数","160","農業経営体_うち組織経営体","68118","旧春江町","2015000000","2015年","経営体","18"
"0010","経営体数","160","農業経営体_うち組織経営体","68119","旧大石村","2015000000","2015年","経営体","10"
"0010","経営体数","160","農業経営体_うち組織経営体","68120","旧磯部村２－２","2015000000","2015年","経営体","1"
"0010","経営体数","160","農業経営体_うち組織経営体","68121","旧東十郷村","2015000000","2015年","経営体","15"
"0010","経営体数","160","農業経営体_うち組織経営体","68122","旧大関村","2015000000","2015年","経営体","12"
"0010","経営体数","160","農業経営体_うち組織経営体","68123","旧木部村２－１","2015000000","2015年","経営体","8"
"0010","経営体数","160","農業経営体_うち組織経営体","68124","旧兵庫村","2015000000","2015年","経営体","5"
"0010","経営体数","160","農業経営体_うち組織経営体","18322","永平寺町","2015000000","2015年","経営体","17"
"0010","経営体数","160","農業経営体_うち組織経営体","68125","旧松岡町","2015000000","2015年","経営体","-"
"0010","経営体数","160","農業経営体_うち組織経営体","68126","旧五領ヶ島村","2015000000","2015年","経営体","3"
"0010","経営体数","160","農業経営体_うち組織経営体","68127","旧吉野村","2015000000","2015年","経営体","2"
"0010","経営体数","160","農業経営体_うち組織経営体","68128","旧下志比村２－２","2015000000","2015年","経営体","-"
"0010","経営体数","160","農業経営体_うち組織経営体","68129","旧志比谷村","2015000000","2015年","経営体","2"
"0010","経営体数","160","農業経営体_うち組織経営体","68130","旧浄法寺村","2015000000","2015年","経営体","3"
"0010","経営体数","160","農業経営体_うち組織経営体","68131","旧下志比村２－１","2015000000","2015年","経営体","3"
"0010","経営体数","160","農業経営体_うち組織経営体","68132","旧鳴鹿村２－２","2015000000","2015年","経営体","-"
"0010","経営体数","160","農業経営体_うち組織経営体","68133","旧上志比村","2015000000","2015年","経営体","4"
"0010","経営体数","160","農業経営体_うち組織経営体","18382","池田町","2015000000","2015年","経営体","16"
"0010","経営体数","160","農業経営体_うち組織経営体","68134","旧上池田村","2015000000","2015年","経営体","15"
"0010","経営体数","160","農業経営体_うち組織経営体","68135","旧下池田村","2015000000","2015年","経営体","1"
"0010","経営体数","160","農業経営体_うち組織経営体","18404","南越前町","2015000000","2015年","経営体","26"
"0010","経営体数","160","農業経営体_うち組織経営体","68136","旧南日野村","2015000000","2015年","経営体","6"
"0010","経営体数","160","農業経営体_うち組織経営体","68137","旧北杣山村","2015000000","2015年","経営体","1"
"0010","経営体数","160","農業経営体_うち組織経営体","68138","旧南杣山村","2015000000","2015年","経営体","1"
"0010","経営体数","160","農業経営体_うち組織経営体","68139","旧湯尾村","2015000000","2015年","経営体","6"
"0010","経営体数","160","農業経営体_うち組織経営体","68140","旧鹿蒜村","2015000000","2015年","経営体","2"
"0010","経営体数","160","農業経営体_うち組織経営体","68141","旧今庄村","2015000000","2015年","経営体","2"
"0010","経営体数","160","農業経営体_うち組織経営体","68142","旧宅良村","2015000000","2015年","経営体","6"
"0010","経営体数","160","農業経営体_うち組織経営体","68143","旧堺村","2015000000","2015年","経営体","2"
"0010","経営体数","160","農業経営体_うち組織経営体","68144","旧河野村","2015000000","2015年","経営体","-"
"0010","経営体数","160","農業経営体_うち組織経営体","18423","越前町","2015000000","2015年","経営体","29"
"0010","経営体数","160","農業経営体_うち組織経営体","68145","旧朝日町","2015000000","2015年","経営体","11"
"0010","経営体数","160","農業経営体_うち組織経営体","68146","旧常磐村２－１","2015000000","2015年","経営体","2"
"0010","経営体数","160","農業経営体_うち組織経営体","68147","旧糸生村","2015000000","2015年","経営体","6"
"0010","経営体数","160","農業経営体_うち組織経営体","68148","旧宮崎村","2015000000","2015年","経営体","7"
"0010","経営体数","160","農業経営体_うち組織経営体","68149","旧四ヶ浦町","2015000000","2015年","経営体","-"
"0010","経営体数","160","農業経営体_うち組織経営体","68150","旧城崎村","2015000000","2015年","経営体","-"
"0010","経営体数","160","農業経営体_うち組織経営体","68151","旧織田村","2015000000","2015年","経営体","2"
"0010","経営体数","160","農業経営体_うち組織経営体","68152","旧萩野村","2015000000","2015年","経営体","1"
"0010","経営体数","160","農業経営体_うち組織経営体","68153","旧常磐村２－２","2015000000","2015年","経営体","-"
"0010","経営体数","160","農業経営体_うち組織経営体","18442","美浜町","2015000000","2015年","経営体","9"
"0010","経営体数","160","農業経営体_うち組織経営体","68154","旧山東村","2015000000","2015年","経営体","1"
"0010","経営体数","160","農業経営体_うち組織経営体","68155","旧耳村","2015000000","2015年","経営体","5"
"0010","経営体数","160","農業経営体_うち組織経営体","68156","旧南西郷村","2015000000","2015年","経営体","3"
"0010","経営体数","160","農業経営体_うち組織経営体","68157","旧北西郷村","2015000000","2015年","経営体","-"
"0010","経営体数","160","農業経営体_うち組織経営体","18481","高浜町","2015000000","2015年","経営体","6"
"0010","経営体数","160","農業経営体_うち組織経営体","68158","旧高浜町","2015000000","2015年","経営体","-"
"0010","経営体数","160","農業経営体_うち組織経営体","68159","旧和田村","2015000000","2015年","経営体","1"
"0010","経営体数","160","農業経営体_うち組織経営体","68160","旧青郷村","2015000000","2015年","経営体","2"
"0010","経営体数","160","農業経営体_うち組織経営体","68161","旧内浦村","2015000000","2015年","経営体","3"
"0010","経営体数","160","農業経営体_うち組織経営体","18483","おおい町","2015000000","2015年","経営体","13"
"0010","経営体数","160","農業経営体_うち組織経営体","68162","旧知三村","2015000000","2015年","経営体","1"
"0010","経営体数","160","農業経営体_うち組織経営体","68163","旧奥名田村","2015000000","2015年","経営体","1"
"0010","経営体数","160","農業経営体_うち組織経営体","68164","旧佐分利村","2015000000","2015年","経営体","5"
"0010","経営体数","160","農業経営体_うち組織経営体","68165","旧本郷村","2015000000","2015年","経営体","6"
"0010","経営体数","160","農業経営体_うち組織経営体","68166","旧大島村","2015000000","2015年","経営体","-"
"0010","経営体数","160","農業経営体_うち組織経営体","68167","旧加斗村２－２","2015000000","2015年","経営体","-"
"0010","経営体数","160","農業経営体_うち組織経営体","18501","若狭町","2015000000","2015年","経営体","37"
"0010","経営体数","160","農業経営体_うち組織経営体","68168","旧西田村","2015000000","2015年","経営体","2"
"0010","経営体数","160","農業経営体_うち組織経営体","68169","旧八村","2015000000","2015年","経営体","7"
"0010","経営体数","160","農業経営体_うち組織経営体","68170","旧十村","2015000000","2015年","経営体","6"
"0010","経営体数","160","農業経営体_うち組織経営体","68171","旧鳥羽村","2015000000","2015年","経営体","4"
"0010","経営体数","160","農業経営体_うち組織経営体","68172","旧野木村","2015000000","2015年","経営体","2"
"0010","経営体数","160","農業経営体_うち組織経営体","68173","旧瓜生村","2015000000","2015年","経営体","8"
"0010","経営体数","160","農業経営体_うち組織経営体","68174","旧三宅村","2015000000","2015年","経営体","8"
"0010","経営体数","160","農業経営体_うち組織経営体","68175","旧熊川村","2015000000","2015年","経営体","-"
"0010","経営体数","180","林業経営体","15000","新潟県","2015000000","2015年","経営体","1931"
"0010","経営体数","180","林業経営体","15100","新潟市","2015000000","2015年","経営体","15"
"0010","経営体数","180","林業経営体","15101","北区","2015000000","2015年","経営体","-"
"0010","経営体数","180","林業経営体","65001","旧松ヶ崎浜村２－１","2015000000","2015年","経営体","-"
"0010","経営体数","180","林業経営体","65002","旧濁川村","2015000000","2015年","経営体","-"
"0010","経営体数","180","林業経営体","65003","旧南浜村","2015000000","2015年","経営体","-"
"0010","経営体数","180","林業経営体","65004","旧木崎村２－２","2015000000","2015年","経営体","-"
"0010","経営体数","180","林業経営体","65005","旧葛塚町","2015000000","2015年","経営体","-"
"0010","経営体数","180","林業経営体","65006","旧木崎村２－１","2015000000","2015年","経営体","-"
"0010","経営体数","180","林業経営体","65007","旧岡方村","2015000000","2015年","経営体","-"
"0010","経営体数","180","林業経営体","65008","旧長浦村","2015000000","2015年","経営体","-"
"0010","経営体数","180","林業経営体","15102","東区","2015000000","2015年","経営体","-"
"0010","経営体数","180","林業経営体","65009","旧新潟市２－１","2015000000","2015年","経営体","-"
"0010","経営体数","180","林業経営体","65010","旧石山村２－１","2015000000","2015年","経営体","-"
"0010","経営体数","180","林業経営体","65011","旧大形村","2015000000","2015年","経営体","-"
"0010","経営体数","180","林業経営体","65012","旧松ヶ崎浜村２－２","2015000000","2015年","経営体","-"
"0010","経営体数","180","林業経営体","15103","中央区","2015000000","2015年","経営体","2"
"0010","経営体数","180","林業経営体","65013","旧新潟市２－２","2015000000","2015年","経営体","1"
"0010","経営体数","180","林業経営体","65014","旧石山村２－２","2015000000","2015年","経営体","-"
"0010","経営体数","180","林業経営体","65015","旧鳥屋野村","2015000000","2015年","経営体","1"
"0010","経営体数","180","林業経営体","65016","旧曽野木村２－１－１","2015000000","2015年","経営体","-"
"0010","経営体数","180","林業経営体","15104","江南区","2015000000","2015年","経営体","-"
"0010","経営体数","180","林業経営体","65017","旧大江山村","2015000000","2015年","経営体","-"
"0010","経営体数","180","林業経営体","65018","旧曽野木村２－１－２","2015000000","2015年","経営体","-"
"0010","経営体数","180","林業経営体","65019","旧両川村","2015000000","2015年","経営体","-"
"0010","経営体数","180","林業経営体","65020","旧横越町","2015000000","2015年","経営体","-"
"0010","経営体数","180","林業経営体","65021","旧亀田町","2015000000","2015年","経営体","-"
"0010","経営体数","180","林業経営体","15105","秋葉区","2015000000","2015年","経営体","5"
"0010","経営体数","180","林業経営体","65022","旧新津町","2015000000","2015年","経営体","-"
"0010","経営体数","180","林業経営体","65023","旧金津村","2015000000","2015年","経営体","4"
"0010","経営体数","180","林業経営体","65024","旧小合村","2015000000","2015年","経営体","-"
"0010","経営体数","180","林業経営体","65025","旧新関村２－１","2015000000","2015年","経営体","-"
"0010","経営体数","180","林業経営体","65026","旧小須戸町","2015000000","2015年","経営体","1"
"0010","経営体数","180","林業経営体","15106","南区","2015000000","2015年","経営体","1"
"0010","経営体数","180","林業経営体","65027","旧白根町","2015000000","2015年","経営体","-"
"0010","経営体数","180","林業経営体","65028","旧須田村２－２","2015000000","2015年","経営体","-"
"0010","経営体数","180","林業経営体","65029","旧新飯田村","2015000000","2015年","経営体","-"
"0010","経営体数","180","林業経営体","65030","旧庄瀬村","2015000000","2015年","経営体","-"
"0010","経営体数","180","林業経営体","65031","旧小林村","2015000000","2015年","経営体","-"
"0010","経営体数","180","林業経営体","65032","旧臼井村","2015000000","2015年","経営体","1"
"0010","経営体数","180","林業経営体","65033","旧鷲巻村","2015000000","2015年","経営体","-"
"0010","経営体数","180","林業経営体","65034","旧大郷村","2015000000","2015年","経営体","-"
"0010","経営体数","180","林業経営体","65035","旧根岸村","2015000000","2015年","経営体","-"
"0010","経営体数","180","林業経営体","65036","旧茨曽根村","2015000000","2015年","経営体","-"
"0010","経営体数","180","林業経営体","65037","旧曽野木村２－１－３","2015000000","2015年","経営体","-"
"0010","経営体数","180","林業経営体","65038","旧曽野木村２－２","2015000000","2015年","経営体","-"
"0010","経営体数","180","林業経営体","65039","旧味方村","2015000000","2015年","経営体","-"
"0010","経営体数","180","林業経営体","65040","旧月潟村","2015000000","2015年","経営体","-"
"0010","経営体数","180","林業経営体","15107","西区","2015000000","2015年","経営体","1"
"0010","経営体数","180","林業経営体","65041","旧坂井輪村","2015000000","2015年","経営体","-"
"0010","経営体数","180","林業経営体","65042","旧内野町","2015000000","2015年","経営体","-"
"0010","経営体数","180","林業経営体","65043","旧赤塚村","2015000000","2015年","経営体","-"
"0010","経営体数","180","林業経営体","65044","旧中野小屋村","2015000000","2015年","経営体","1"
"0010","経営体数","180","林業経営体","65045","旧黒埼町","2015000000","2015年","経営体","-"
"0010","経営体数","180","林業経営体","65046","旧角田村２－１","2015000000","2015年","経営体","-"
"0010","経営体数","180","林業経営体","15108","西蒲区","2015000000","2015年","経営体","6"
"0010","経営体数","180","林業経営体","65047","旧岩室村","2015000000","2015年","経営体","-"
"0010","経営体数","180","林業経営体","65048","旧間瀬村","2015000000","2015年","経営体","-"
"0010","経営体数","180","林業経営体","65049","旧和納村３－１","2015000000","2015年","経営体","-"
"0010","経営体数","180","林業経営体","65050","旧鎧郷村２－１","2015000000","2015年","経営体","1"
"0010","経営体数","180","林業経営体","65051","旧曽根町","2015000000","2015年","経営体","-"
"0010","経営体数","180","林業経営体","65052","旧升潟村","2015000000","2015年","経営体","-"
"0010","経営体数","180","林業経営体","65053","旧四ツ合村２－２","2015000000","2015年","経営体","-"
"0010","経営体数","180","林業経営体","65054","旧四ツ合村２－１","2015000000","2015年","経営体","-"
"0010","経営体数","180","林業経営体","65055","旧大原村","2015000000","2015年","経営体","-"
"0010","経営体数","180","林業経営体","65056","旧小吉村","2015000000","2015年","経営体","-"
"0010","経営体数","180","林業経営体","65057","旧道上村","2015000000","2015年","経営体","-"
"0010","経営体数","180","林業経営体","65058","旧松長村２－２","2015000000","2015年","経営体","-"
"0010","経営体数","180","林業経営体","65059","旧巻町","2015000000","2015年","経営体","-"
"0010","経営体数","180","林業経営体","65060","旧鎧郷村２－２","2015000000","2015年","経営体","-"
"0010","経営体数","180","林業経営体","65061","旧漆山村","2015000000","2015年","経営体","-"
"0010","経営体数","180","林業経営体","65062","旧峰岡村","2015000000","2015年","経営体","5"
"0010","経営体数","180","林業経営体","65063","旧松野尾村","2015000000","2015年","経営体","-"
"0010","経営体数","180","林業経営体","65064","旧角田村２－２","2015000000","2015年","経営体","-"
"0010","経営体数","180","林業経営体","65065","旧浦浜村","2015000000","2015年","経営体","-"
"0010","経営体数","180","林業経営体","65066","旧和納村３－３","2015000000","2015年","経営体","-"
"0010","経営体数","180","林業経営体","15202","長岡市","2015000000","2015年","経営体","96"
"0010","経営体数","180","林業経営体","65067","旧長岡市","2015000000","2015年","経営体","-"
"0010","経営体数","180","林業経営体","65068","旧下川西村","2015000000","2015年","経営体","-"
"0010","経営体数","180","林業経営体","65069","旧黒条村","2015000000","2015年","経営体","-"
"0010","経営体数","180","林業経営体","65070","旧栖吉村","2015000000","2015年","経営体","1"
"0010","経営体数","180","林業経営体","65071","旧山本村","2015000000","2015年","経営体","-"
"0010","経営体数","180","林業経営体","65072","旧富曽亀村","2015000000","2015年","経営体","-"
"0010","経営体数","180","林業経営体","65073","旧新組村２－１","2015000000","2015年","経営体","-"
"0010","経営体数","180","林業経営体","65074","旧上川西村","2015000000","2015年","経営体","-"
"0010","経営体数","180","林業経営体","65075","旧福戸村","2015000000","2015年","経営体","-"
"0010","経営体数","180","林業経営体","65076","旧王寺川村","2015000000","2015年","経営体","-"
"0010","経営体数","180","林業経営体","65077","旧日越村","2015000000","2015年","経営体","1"
"0010","経営体数","180","林業経営体","65078","旧深才村","2015000000","2015年","経営体","-"
"0010","経営体数","180","林業経営体","65079","旧宮内町","2015000000","2015年","経営体","1"
"0010","経営体数","180","林業経営体","65080","旧十日町村","2015000000","2015年","経営体","-"
"0010","経営体数","180","林業経営体","65081","旧六日市村２－１","2015000000","2015年","経営体","1"
"0010","経営体数","180","林業経営体","65082","旧太田村２－１","2015000000","2015年","経営体","-"
"0010","経営体数","180","林業経営体","65083","旧関原町","2015000000","2015年","経営体","2"
"0010","経営体数","180","林業経営体","65084","旧日吉村２－２","2015000000","2015年","経営体","1"
"0010","経営体数","180","林業経営体","65085","旧黒川村２－２","2015000000","2015年","経営体","-"
"0010","経営体数","180","林業経営体","65086","旧宮本村","2015000000","2015年","経営体","1"
"0010","経営体数","180","林業経営体","65087","旧大積村","2015000000","2015年","経営体","10"
"0010","経営体数","180","林業経営体","65088","旧中之島町","2015000000","2015年","経営体","-"
"0010","経営体数","180","林業経営体","65089","旧来迎寺村","2015000000","2015年","経営体","1"
"0010","経営体数","180","林業経営体","65090","旧石津村","2015000000","2015年","経営体","-"
"0010","経営体数","180","林業経営体","65091","旧塚山村","2015000000","2015年","経営体","2"
"0010","経営体数","180","林業経営体","65092","旧千谷沢村２－１","2015000000","2015年","経営体","-"
"0010","経営体数","180","林業経営体","65093","旧岩塚村","2015000000","2015年","経営体","1"
"0010","経営体数","180","林業経営体","65094","旧脇野町","2015000000","2015年","経営体","-"
"0010","経営体数","180","林業経営体","65095","旧大津村２－１","2015000000","2015年","経営体","7"
"0010","経営体数","180","林業経営体","65096","旧日吉村２－１","2015000000","2015年","経営体","-"
"0010","経営体数","180","林業経営体","65097","旧種苧原村","2015000000","2015年","経営体","-"
"0010","経営体数","180","林業経営体","65098","旧太田村２－２","2015000000","2015年","経営体","-"
"0010","経営体数","180","林業経営体","65099","旧竹沢村","2015000000","2015年","経営体","-"
"0010","経営体数","180","林業経営体","65100","旧東竹沢村２－１","2015000000","2015年","経営体","-"
"0010","経営体数","180","林業経営体","65101","旧仙田村３－２","2015000000","2015年","経営体","-"
"0010","経営体数","180","林業経営体","65102","旧上小国村","2015000000","2015年","経営体","-"
"0010","経営体数","180","林業経営体","65103","旧小国村","2015000000","2015年","経営体","2"
"0010","経営体数","180","林業経営体","65104","旧山横沢村","2015000000","2015年","経営体","1"
"0010","経営体数","180","林業経営体","65105","旧千谷沢村２－２","2015000000","2015年","経営体","2"
"0010","経営体数","180","林業経営体","65106","旧桐島村","2015000000","2015年","経営体","3"
"0010","経営体数","180","林業経営体","65107","旧島田村","2015000000","2015年","経営体","8"
"0010","経営体数","180","林業経営体","65108","旧西越村２－２","2015000000","2015年","経営体","3"
"0010","経営体数","180","林業経営体","65109","旧寺泊町","2015000000","2015年","経営体","13"
"0010","経営体数","180","林業経営体","65110","旧大河津村３－１","2015000000","2015年","経営体","2"
"0010","経営体数","180","林業経営体","65111","旧栃尾町","2015000000","2015年","経営体","-"
"0010","経営体数","180","林業経営体","65112","旧上北谷村２－２","2015000000","2015年","経営体","1"
"0010","経営体数","180","林業経営体","65113","旧下塩谷村","2015000000","2015年","経営体","4"
"0010","経営体数","180","林業経営体","65114","旧上塩谷村","2015000000","2015年","経営体","8"
"0010","経営体数","180","林業経営体","65115","旧東谷村","2015000000","2015年","経営体","3"
"0010","経営体数","180","林業経営体","65116","旧入東谷村","2015000000","2015年","経営体","1"
"0010","経営体数","180","林業経営体","65117","旧荷頃村","2015000000","2015年","経営体","1"
"0010","経営体数","180","林業経営体","65118","旧西谷村","2015000000","2015年","経営体","-"
"0010","経営体数","180","林業経営体","65119","旧中野俣村","2015000000","2015年","経営体","-"
"0010","経営体数","180","林業経営体","65120","旧半蔵金村","2015000000","2015年","経営体","-"
"0010","経営体数","180","林業経営体","65121","旧与板町","2015000000","2015年","経営体","5"
"0010","経営体数","180","林業経営体","65122","旧大河津村３－３","2015000000","2015年","経営体","1"
"0010","経営体数","180","林業経営体","65123","旧黒川村２－１","2015000000","2015年","経営体","-"
"0010","経営体数","180","林業経営体","65124","旧大津村２－２","2015000000","2015年","経営体","6"
"0010","経営体数","180","林業経営体","65125","旧川口村","2015000000","2015年","経営体","2"
"0010","経営体数","180","林業経営体","65126","旧東山村２－２","2015000000","2015年","経営体","-"
"0010","経営体数","180","林業経営体","65127","旧田麦山村","2015000000","2015年","経営体","1"
"0010","経営体数","180","林業経営体","15204","三条市","2015000000","2015年","経営体","98"
"0010","経営体数","180","林業経営体","65128","旧三条市","2015000000","2015年","経営体","1"
"0010","経営体数","180","林業経営体","65129","旧井栗村","2015000000","2015年","経営体","-"
"0010","経営体数","180","林業経営体","65130","旧大崎村","2015000000","2015年","経営体","12"
"0010","経営体数","180","林業経営体","65131","旧本成寺村","2015000000","2015年","経営体","12"
"0010","経営体数","180","林業経営体","65132","旧大島村２－１","2015000000","2015年","経営体","-"
"0010","経営体数","180","林業経営体","65133","旧福島村","2015000000","2015年","経営体","-"
"0010","経営体数","180","林業経営体","65134","旧大面村","2015000000","2015年","経営体","20"
"0010","経営体数","180","林業経営体","65135","旧長沢村","2015000000","2015年","経営体","17"
"0010","経営体数","180","林業経営体","65136","旧森町村","2015000000","2015年","経営体","11"
"0010","経営体数","180","林業経営体","65137","旧鹿峠村","2015000000","2015年","経営体","25"
"0010","経営体数","180","林業経営体","15205","柏崎市","2015000000","2015年","経営体","37"
"0010","経営体数","180","林業経営体","65138","旧柏崎市","2015000000","2015年","経営体","3"
"0010","経営体数","180","林業経営体","65139","旧西中通村","2015000000","2015年","経営体","-"
"0010","経営体数","180","林業経営体","65140","旧荒浜村","2015000000","2015年","経営体","1"
"0010","経営体数","180","林業経営体","65141","旧北鯖石村","2015000000","2015年","経営体","1"
"0010","経営体数","180","林業経営体","65142","旧田尻村","2015000000","2015年","経営体","1"
"0010","経営体数","180","林業経営体","65143","旧高田村","2015000000","2015年","経営体","-"
"0010","経営体数","180","林業経営体","65144","旧中通村２－１","2015000000","2015年","経営体","4"
"0010","経営体数","180","林業経営体","65145","旧上米山村","2015000000","2015年","経営体","-"
"0010","経営体数","180","林業経営体","65146","旧米山村２－１","2015000000","2015年","経営体","1"
"0010","経営体数","180","林業経営体","65147","旧高浜町","2015000000","2015年","経営体","-"
"0010","経営体数","180","林業経営体","65148","旧上条村","2015000000","2015年","経営体","1"
"0010","経営体数","180","林業経営体","65149","旧南鯖石村","2015000000","2015年","経営体","-"
"0010","経営体数","180","林業経営体","65150","旧中鯖石村","2015000000","2015年","経営体","1"
"0010","経営体数","180","林業経営体","65151","旧野田村","2015000000","2015年","経営体","-"
"0010","経営体数","180","林業経営体","65152","旧鵜川村","2015000000","2015年","経営体","-"
"0010","経営体数","180","林業経営体","65153","旧北条村","2015000000","2015年","経営体","6"
"0010","経営体数","180","林業経営体","65154","旧米山村２－２－２","2015000000","2015年","経営体","-"
"0010","経営体数","180","林業経営体","65155","旧高柳村","2015000000","2015年","経営体","5"
"0010","経営体数","180","林業経営体","65156","旧石黒村","2015000000","2015年","経営体","-"
"0010","経営体数","180","林業経営体","65157","旧山平村２－２","2015000000","2015年","経営体","-"
"0010","経営体数","180","林業経営体","65158","旧内郷村","2015000000","2015年","経営体","8"
"0010","経営体数","180","林業経営体","65159","旧石地町","2015000000","2015年","経営体","4"
"0010","経営体数","180","林業経営体","65160","旧二田村２－１","2015000000","2015年","経営体","1"
"0010","経営体数","180","林業経営体","15206","新発田市","2015000000","2015年","経営体","23"
"0010","経営体数","180","林業経営体","65161","旧新発田市","2015000000","2015年","経営体","1"
"0010","経営体数","180","林業経営体","65162","旧五十公野村","2015000000","2015年","経営体","1"
"0010","経営体数","180","林業経営体","65163","旧松浦村","2015000000","2015年","経営体","2"
"0010","経営体数","180","林業経営体","65164","旧米倉村","2015000000","2015年","経営体","-"
"0010","経営体数","180","林業経営体","65165","旧赤谷村","2015000000","2015年","経営体","2"
"0010","経営体数","180","林業経営体","65166","旧川東村","2015000000","2015年","経営体","2"
"0010","経営体数","180","林業経営体","65167","旧菅谷村","2015000000","2015年","経営体","7"
"0010","経営体数","180","林業経営体","65168","旧加治村２－２","2015000000","2015年","経営体","-"
"0010","経営体数","180","林業経営体","65169","旧佐々木村","2015000000","2015年","経営体","1"
"0010","経営体数","180","林業経営体","65170","旧中浦村２－２","2015000000","2015年","経営体","-"
"0010","経営体数","180","林業経営体","65171","旧中浦村２－１","2015000000","2015年","経営体","-"
"0010","経営体数","180","林業経営体","65172","旧本田村","2015000000","2015年","経営体","-"
"0010","経営体数","180","林業経営体","65173","旧神山村３－３","2015000000","2015年","経営体","-"
"0010","経営体数","180","林業経営体","65174","旧加治村２－１","2015000000","2015年","経営体","3"
"0010","経営体数","180","林業経営体","65175","旧金塚村２－１","2015000000","2015年","経営体","4"
"0010","経営体数","180","林業経営体","65176","旧紫雲寺村","2015000000","2015年","経営体","-"
"0010","経営体数","180","林業経営体","65177","旧松塚村２－１","2015000000","2015年","経営体","-"
"0010","経営体数","180","林業経営体","15208","小千谷市","2015000000","2015年","経営体","10"
"0010","経営体数","180","林業経営体","65178","旧小千谷町","2015000000","2015年","経営体","3"
"0010","経営体数","180","林業経営体","65179","旧城川村","2015000000","2015年","経営体","1"
"0010","経営体数","180","林業経営体","65180","旧千田村","2015000000","2015年","経営体","-"
"0010","経営体数","180","林業経営体","65181","旧川井村","2015000000","2015年","経営体","1"
"0010","経営体数","180","林業経営体","65182","旧六日市村２－２","2015000000","2015年","経営体","-"
"0010","経営体数","180","林業経営体","65183","旧東山村２－１","2015000000","2015年","経営体","-"
"0010","経営体数","180","林業経営体","65184","旧岩沢村","2015000000","2015年","経営体","-"
"0010","経営体数","180","林業経営体","65185","旧真人村","2015000000","2015年","経営体","3"
"0010","経営体数","180","林業経営体","65186","旧片貝町","2015000000","2015年","経営体","2"
"0010","経営体数","180","林業経営体","15209","加茂市","2015000000","2015年","経営体","61"
"0010","経営体数","180","林業経営体","65187","旧加茂町","2015000000","2015年","経営体","20"
"0010","経営体数","180","林業経営体","65188","旧下条村","2015000000","2015年","経営体","14"
"0010","経営体数","180","林業経営体","65189","旧七谷村","2015000000","2015年","経営体","27"
"0010","経営体数","180","林業経営体","65190","旧須田村２－１","2015000000","2015年","経営体","-"
"0010","経営体数","180","林業経営体","15210","十日町市","2015000000","2015年","経営体","92"
"0010","経営体数","180","林業経営体","65191","旧十日町","2015000000","2015年","経営体","7"
"0010","経営体数","180","林業経営体","65192","旧中条村","2015000000","2015年","経営体","7"
"0010","経営体数","180","林業経営体","65193","旧川治村","2015000000","2015年","経営体","13"
"0010","経営体数","180","林業経営体","65194","旧六箇村","2015000000","2015年","経営体","4"
"0010","経営体数","180","林業経営体","65195","旧吉田村","2015000000","2015年","経営体","7"
"0010","経営体数","180","林業経営体","65196","旧下条村","2015000000","2015年","経営体","6"
"0010","経営体数","180","林業経営体","65197","旧水沢村","2015000000","2015年","経営体","13"
"0010","経営体数","180","林業経営体","65198","旧貝野村２－２","2015000000","2015年","経営体","2"
"0010","経営体数","180","林業経営体","65199","旧千手町","2015000000","2015年","経営体","-"
"0010","経営体数","180","林業経営体","65200","旧上野村","2015000000","2015年","経営体","-"
"0010","経営体数","180","林業経営体","65201","旧橘村","2015000000","2015年","経営体","-"
"0010","経営体数","180","林業経営体","65202","旧仙田村３－１","2015000000","2015年","経営体","5"
"0010","経営体数","180","林業経営体","65203","旧田沢村","2015000000","2015年","経営体","12"
"0010","経営体数","180","林業経営体","65204","旧倉俣村２－１","2015000000","2015年","経営体","-"
"0010","経営体数","180","林業経営体","65205","旧貝野村２－１","2015000000","2015年","経営体","5"
"0010","経営体数","180","林業経営体","65206","旧中深見村２－２","2015000000","2015年","経営体","-"
"0010","経営体数","180","林業経営体","65207","旧松代村","2015000000","2015年","経営体","3"
"0010","経営体数","180","林業経営体","65208","旧山平村２－１","2015000000","2015年","経営体","1"
"0010","経営体数","180","林業経営体","65209","旧奴奈川村","2015000000","2015年","経営体","1"
"0010","経営体数","180","林業経営体","65210","旧仙田村３－３","2015000000","2015年","経営体","-"
"0010","経営体数","180","林業経営体","65211","旧松之山村","2015000000","2015年","経営体","6"
"0010","経営体数","180","林業経営体","65212","旧浦田村","2015000000","2015年","経営体","-"
"0010","経営体数","180","林業経営体","15211","見附市","2015000000","2015年","経営体","11"
"0010","経営体数","180","林業経営体","65213","旧見附町","2015000000","2015年","経営体","5"
"0010","経営体数","180","林業経営体","65214","旧上北谷村２－１","2015000000","2015年","経営体","1"
"0010","経営体数","180","林業経営体","65215","旧北谷村","2015000000","2015年","経営体","5"
"0010","経営体数","180","林業経営体","65216","旧葛巻村","2015000000","2015年","経営体","-"
"0010","経営体数","180","林業経営体","65217","旧新潟村","2015000000","2015年","経営体","-"
"0010","経営体数","180","林業経営体","65218","旧新組村２－２","2015000000","2015年","経営体","-"
"0010","経営体数","180","林業経営体","65219","旧今町","2015000000","2015年","経営体","-"
"0010","経営体数","180","林業経営体","15212","村上市","2015000000","2015年","経営体","595"
"0010","経営体数","180","林業経営体","65220","旧村上町","2015000000","2015年","経営体","7"
"0010","経営体数","180","林業経営体","65221","旧瀬波町","2015000000","2015年","経営体","4"
"0010","経営体数","180","林業経営体","65222","旧岩船町２－１","2015000000","2015年","経営体","1"
"0010","経営体数","180","林業経営体","65223","旧山辺里村","2015000000","2015年","経営体","22"
"0010","経営体数","180","林業経営体","65224","旧上海府村","2015000000","2015年","経営体","-"
"0010","経営体数","180","林業経営体","65225","旧保内村","2015000000","2015年","経営体","-"
"0010","経営体数","180","林業経営体","65226","旧金屋村","2015000000","2015年","経営体","-"
"0010","経営体数","180","林業経営体","65227","旧西神納村","2015000000","2015年","経営体","1"
"0010","経営体数","180","林業経営体","65228","旧神納村","2015000000","2015年","経営体","29"
"0010","経営体数","180","林業経営体","65229","旧平林村","2015000000","2015年","経営体","4"
"0010","経営体数","180","林業経営体","65230","旧岩船町２－２","2015000000","2015年","経営体","-"
"0010","経営体数","180","林業経営体","65231","旧高根村","2015000000","2015年","経営体","23"
"0010","経営体数","180","林業経営体","65232","旧猿沢村","2015000000","2015年","経営体","15"
"0010","経営体数","180","林業経営体","65233","旧塩野町村","2015000000","2015年","経営体","19"
"0010","経営体数","180","林業経営体","65234","旧三面村","2015000000","2015年","経営体","19"
"0010","経営体数","180","林業経営体","65235","旧館腰村","2015000000","2015年","経営体","5"
"0010","経営体数","180","林業経営体","65236","旧大川谷村","2015000000","2015年","経営体","116"
"0010","経営体数","180","林業経営体","65237","旧中俣村","2015000000","2015年","経営体","114"
"0010","経営体数","180","林業経営体","65238","旧黒川俣村","2015000000","2015年","経営体","63"
"0010","経営体数","180","林業経営体","65239","旧八幡村","2015000000","2015年","経営体","74"
"0010","経営体数","180","林業経営体","65240","旧下海府村","2015000000","2015年","経営体","79"
"0010","経営体数","180","林業経営体","15213","燕市","2015000000","2015年","経営体","-"
"0010","経営体数","180","林業経営体","65241","旧燕町","2015000000","2015年","経営体","-"
"0010","経営体数","180","林業経営体","65242","旧小池村","2015000000","2015年","経営体","-"
"0010","経営体数","180","林業経営体","65243","旧小中川村","2015000000","2015年","経営体","-"
"0010","経営体数","180","林業経営体","65244","旧大島村２－２","2015000000","2015年","経営体","-"
"0010","経営体数","180","林業経営体","65245","旧松長村２－１","2015000000","2015年","経営体","-"
"0010","経営体数","180","林業経営体","65246","旧島上村","2015000000","2015年","経営体","-"
"0010","経営体数","180","林業経営体","65247","旧大河津村３－２","2015000000","2015年","経営体","-"
"0010","経営体数","180","林業経営体","65248","旧地蔵堂町","2015000000","2015年","経営体","-"
"0010","経営体数","180","林業経営体","65249","旧国上村２－１","2015000000","2015年","経営体","-"
"0010","経営体数","180","林業経営体","65250","旧吉田町","2015000000","2015年","経営体","-"
"0010","経営体数","180","林業経営体","65251","旧米納津村","2015000000","2015年","経営体","-"
"0010","経営体数","180","林業経営体","65252","旧粟生津村","2015000000","2015年","経営体","-"
"0010","経営体数","180","林業経営体","65253","旧国上村２－２","2015000000","2015年","経営体","-"
"0010","経営体数","180","林業経営体","65254","旧弥彦村２－２","2015000000","2015年","経営体","-"
"0010","経営体数","180","林業経営体","65255","旧和納村３－２","2015000000","2015年","経営体","-"
"0010","経営体数","180","林業経営体","15216","糸魚川市","2015000000","2015年","経営体","71"
"0010","経営体数","180","林業経営体","65256","旧糸魚川町","2015000000","2015年","経営体","8"
"0010","経営体数","180","林業経営体","65257","旧浦本村","2015000000","2015年","経営体","-"
"0010","経営体数","180","林業経営体","65258","旧下早川村","2015000000","2015年","経営体","5"
"0010","経営体数","180","林業経営体","65259","旧上早川村","2015000000","2015年","経営体","1"
"0010","経営体数","180","林業経営体","65260","旧大和川村","2015000000","2015年","経営体","2"
"0010","経営体数","180","林業経営体","65261","旧西海村","2015000000","2015年","経営体","5"
"0010","経営体数","180","林業経営体","65262","旧大野村","2015000000","2015年","経営体","5"
"0010","経営体数","180","林業経営体","65263","旧根知村","2015000000","2015年","経営体","2"
"0010","経営体数","180","林業経営体","65264","旧小滝村","2015000000","2015年","経営体","1"
"0010","経営体数","180","林業経営体","65265","旧今井村２－１","2015000000","2015年","経営体","10"
"0010","経営体数","180","林業経営体","65266","旧能生谷村","2015000000","2015年","経営体","10"
"0010","経営体数","180","林業経営体","65267","旧木浦村","2015000000","2015年","経営体","1"
"0010","経営体数","180","林業経営体","65268","旧能生町","2015000000","2015年","経営体","1"
"0010","経営体数","180","林業経営体","65269","旧磯部村","2015000000","2015年","経営体","15"
"0010","経営体数","180","林業経営体","65270","旧青海町","2015000000","2015年","経営体","-"
"0010","経営体数","180","林業経営体","65271","旧今井村２－２","2015000000","2015年","経営体","-"
"0010","経営体数","180","林業経営体","65272","旧歌外波村","2015000000","2015年","経営体","-"
"0010","経営体数","180","林業経営体","65273","旧市振村","2015000000","2015年","経営体","-"
"0010","経営体数","180","林業経営体","65274","旧上路村","2015000000","2015年","経営体","5"
"0010","経営体数","180","林業経営体","15217","妙高市","2015000000","2015年","経営体","22"
"0010","経営体数","180","林業経営体","65275","旧新井町","2015000000","2015年","経営体","1"
"0010","経営体数","180","林業経営体","65276","旧斐太村２－１","2015000000","2015年","経営体","1"
"0010","経営体数","180","林業経営体","65277","旧和田村２－２","2015000000","2015年","経営体","-"
"0010","経営体数","180","林業経営体","65278","旧水上村","2015000000","2015年","経営体","1"
"0010","経営体数","180","林業経営体","65279","旧泉村","2015000000","2015年","経営体","1"
"0010","経営体数","180","林業経営体","65280","旧水原村","2015000000","2015年","経営体","1"
"0010","経営体数","180","林業経営体","65281","旧平丸村","2015000000","2015年","経営体","1"
"0010","経営体数","180","林業経営体","65282","旧上郷村","2015000000","2015年","経営体","-"
"0010","経営体数","180","林業経営体","65283","旧原通村２－２","2015000000","2015年","経営体","-"
"0010","経営体数","180","林業経営体","65284","旧鳥坂村","2015000000","2015年","経営体","1"
"0010","経営体数","180","林業経営体","65285","旧矢代村２－１","2015000000","2015年","経営体","1"
"0010","経営体数","180","林業経営体","65286","旧名香山村","2015000000","2015年","経営体","1"
"0010","経営体数","180","林業経営体","65287","旧杉野沢村","2015000000","2015年","経営体","3"
"0010","経営体数","180","林業経営体","65288","旧関山村","2015000000","2015年","経営体","1"
"0010","経営体数","180","林業経営体","65289","旧原通村２－１","2015000000","2015年","経営体","4"
"0010","経営体数","180","林業経営体","65290","旧大鹿村","2015000000","2015年","経営体","5"
"0010","経営体数","180","林業経営体","65291","旧豊葦村","2015000000","2015年","経営体","-"
"0010","経営体数","180","林業経営体","15218","五泉市","2015000000","2015年","経営体","169"
"0010","経営体数","180","林業経営体","65292","旧五泉町","2015000000","2015年","経営体","7"
"0010","経営体数","180","林業経営体","65293","旧川東村","2015000000","2015年","経営体","6"
"0010","経営体数","180","林業経営体","65294","旧巣本村","2015000000","2015年","経営体","-"
"0010","経営体数","180","林業経営体","65295","旧橋田村","2015000000","2015年","経営体","22"
"0010","経営体数","180","林業経営体","65296","旧菅名村２－２","2015000000","2015年","経営体","-"
"0010","経営体数","180","林業経営体","65297","旧新関村２－２","2015000000","2015年","経営体","-"
"0010","経営体数","180","林業経営体","65298","旧安田村２－２","2015000000","2015年","経営体","-"
"0010","経営体数","180","林業経営体","65299","旧下条村３－３","2015000000","2015年","経営体","-"
"0010","経営体数","180","林業経営体","65300","旧村松町","2015000000","2015年","経営体","9"
"0010","経営体数","180","林業経営体","65301","旧菅名村２－１","2015000000","2015年","経営体","4"
"0010","経営体数","180","林業経営体","65302","旧大蒲原村","2015000000","2015年","経営体","74"
"0010","経営体数","180","林業経営体","65303","旧十全村","2015000000","2015年","経営体","30"
"0010","経営体数","180","林業経営体","65304","旧川内村","2015000000","2015年","経営体","17"
"0010","経営体数","180","林業経営体","15222","上越市","2015000000","2015年","経営体","132"
"0010","経営体数","180","林業経営体","65305","旧高田市","2015000000","2015年","経営体","-"
"0010","経営体数","180","林業経営体","65306","旧新道村","2015000000","2015年","経営体","2"
"0010","経営体数","180","林業経営体","65307","旧津有村","2015000000","2015年","経営体","-"
"0010","経営体数","180","林業経営体","65308","旧諏訪村２－２","2015000000","2015年","経営体","-"
"0010","経営体数","180","林業経営体","65309","旧三郷村","2015000000","2015年","経営体","-"
"0010","経営体数","180","林業経営体","65310","旧和田村２－１","2015000000","2015年","経営体","-"
"0010","経営体数","180","林業経営体","65311","旧斐太村２－２","2015000000","2015年","経営体","-"
"0010","経営体数","180","林業経営体","65312","旧金谷村","2015000000","2015年","経営体","2"
"0010","経営体数","180","林業経営体","65313","旧春日村２－１","2015000000","2015年","経営体","4"
"0010","経営体数","180","林業経営体","65314","旧高士村","2015000000","2015年","経営体","-"
"0010","経営体数","180","林業経営体","65315","旧直江津町","2015000000","2015年","経営体","-"
"0010","経営体数","180","林業経営体","65316","旧春日村２－２","2015000000","2015年","経営体","1"
"0010","経営体数","180","林業経営体","65317","旧有田村","2015000000","2015年","経営体","-"
"0010","経営体数","180","林業経営体","65318","旧八千浦村","2015000000","2015年","経営体","-"
"0010","経営体数","180","林業経営体","65319","旧保倉村","2015000000","2015年","経営体","1"
"0010","経営体数","180","林業経営体","65320","旧諏訪村２－１","2015000000","2015年","経営体","-"
"0010","経営体数","180","林業経営体","65321","旧谷浜村","2015000000","2015年","経営体","8"
"0010","経営体数","180","林業経営体","65322","旧桑取村","2015000000","2015年","経営体","2"
"0010","経営体数","180","林業経営体","65323","旧安塚村２－１","2015000000","2015年","経営体","2"
"0010","経営体数","180","林業経営体","65324","旧菱里村","2015000000","2015年","経営体","1"
"0010","経営体数","180","林業経営体","65325","旧小黒村","2015000000","2015年","経営体","2"
"0010","経営体数","180","林業経営体","65326","旧下保倉村","2015000000","2015年","経営体","22"
"0010","経営体数","180","林業経営体","65327","旧安塚村２－２","2015000000","2015年","経営体","2"
"0010","経営体数","180","林業経営体","65328","旧沖見村２－２","2015000000","2015年","経営体","-"
"0010","経営体数","180","林業経営体","65329","旧大島村","2015000000","2015年","経営体","9"
"0010","経営体数","180","林業経営体","65330","旧保倉村","2015000000","2015年","経営体","5"
"0010","経営体数","180","林業経営体","65331","旧旭村","2015000000","2015年","経営体","8"
"0010","経営体数","180","林業経営体","65332","旧牧村","2015000000","2015年","経営体","8"
"0010","経営体数","180","林業経営体","65333","旧沖見村２－１","2015000000","2015年","経営体","-"
"0010","経営体数","180","林業経営体","65334","旧柿崎町","2015000000","2015年","経営体","3"
"0010","経営体数","180","林業経営体","65335","旧下黒川村","2015000000","2015年","経営体","3"
"0010","経営体数","180","林業経営体","65336","旧黒川村","2015000000","2015年","経営体","3"
"0010","経営体数","180","林業経営体","65337","旧黒岩村","2015000000","2015年","経営体","1"
"0010","経営体数","180","林業経営体","65338","旧米山村２－２－１","2015000000","2015年","経営体","1"
"0010","経営体数","180","林業経営体","65339","旧潟町村","2015000000","2015年","経営体","-"
"0010","経営体数","180","林業経営体","65340","旧旭村２－２","2015000000","2015年","経営体","-"
"0010","経営体数","180","林業経営体","65341","旧大瀁村","2015000000","2015年","経営体","-"
"0010","経営体数","180","林業経営体","65342","旧明治村","2015000000","2015年","経営体","2"
"0010","経営体数","180","林業経営体","65343","旧吉川村","2015000000","2015年","経営体","7"
"0010","経営体数","180","林業経営体","65344","旧源村","2015000000","2015年","経営体","3"
"0010","経営体数","180","林業経営体","65345","旧旭村２－１","2015000000","2015年","経営体","-"
"0010","経営体数","180","林業経営体","65346","旧中郷村","2015000000","2015年","経営体","-"
"0010","経営体数","180","林業経営体","65347","旧矢代村２－２","2015000000","2015年","経営体","2"
"0010","経営体数","180","林業経営体","65348","旧板倉村","2015000000","2015年","経営体","5"
"0010","経営体数","180","林業経営体","65349","旧寺野村","2015000000","2015年","経営体","-"
"0010","経営体数","180","林業経営体","65350","旧菅原村","2015000000","2015年","経営体","1"
"0010","経営体数","180","林業経営体","65351","旧櫛池村","2015000000","2015年","経営体","4"
"0010","経営体数","180","林業経営体","65352","旧里五十公野村","2015000000","2015年","経営体","1"
"0010","経営体数","180","林業経営体","65353","旧上杉村","2015000000","2015年","経営体","6"
"0010","経営体数","180","林業経営体","65354","旧美守村","2015000000","2015年","経営体","1"
"0010","経営体数","180","林業経営体","65355","旧名立町","2015000000","2015年","経営体","3"
"0010","経営体数","180","林業経営体","65356","旧名立村","2015000000","2015年","経営体","7"
"0010","経営体数","180","林業経営体","15223","阿賀野市","2015000000","2015年","経営体","20"
"0010","経営体数","180","林業経営体","65357","旧水原町","2015000000","2015年","経営体","2"
"0010","経営体数","180","林業経営体","65358","旧分田村２－１","2015000000","2015年","経営体","-"
"0010","経営体数","180","林業経営体","65359","旧堀越村","2015000000","2015年","経営体","3"
"0010","経営体数","180","林業経営体","65360","旧神山村３－２","2015000000","2015年","経営体","-"
"0010","経営体数","180","林業経営体","65361","旧安田村２－１","2015000000","2015年","経営体","4"
"0010","経営体数","180","林業経営体","65362","旧下条村３－２","2015000000","2015年","経営体","-"
"0010","経営体数","180","林業経営体","65363","旧分田村２－２","2015000000","2015年","経営体","-"
"0010","経営体数","180","林業経営体","65364","旧笹岡村","2015000000","2015年","経営体","7"
"0010","経営体数","180","林業経営体","65365","旧神山村３－１","2015000000","2015年","経営体","3"
"0010","経営体数","180","林業経営体","65366","旧京ヶ瀬村","2015000000","2015年","経営体","1"
"0010","経営体数","180","林業経営体","15224","佐渡市","2015000000","2015年","経営体","179"
"0010","経営体数","180","林業経営体","65367","旧両津町","2015000000","2015年","経営体","1"
"0010","経営体数","180","林業経営体","65368","旧加茂村","2015000000","2015年","経営体","1"
"0010","経営体数","180","林業経営体","65369","旧河崎村","2015000000","2015年","経営体","8"
"0010","経営体数","180","林業経営体","65370","旧水津村","2015000000","2015年","経営体","2"
"0010","経営体数","180","林業経営体","65371","旧岩首村","2015000000","2015年","経営体","1"
"0010","経営体数","180","林業経営体","65372","旧内海府村","2015000000","2015年","経営体","2"
"0010","経営体数","180","林業経営体","65373","旧外海府村２－１","2015000000","2015年","経営体","1"
"0010","経営体数","180","林業経営体","65374","旧吉井村２－１","2015000000","2015年","経営体","2"
"0010","経営体数","180","林業経営体","65375","旧相川町","2015000000","2015年","経営体","-"
"0010","経営体数","180","林業経営体","65376","旧二見村","2015000000","2015年","経営体","2"
"0010","経営体数","180","林業経営体","65377","旧金泉村","2015000000","2015年","経営体","4"
"0010","経営体数","180","林業経営体","65378","旧高千村","2015000000","2015年","経営体","14"
"0010","経営体数","180","林業経営体","65379","旧外海府村２－２","2015000000","2015年","経営体","6"
"0010","経営体数","180","林業経営体","65380","旧二宮村","2015000000","2015年","経営体","1"
"0010","経営体数","180","林業経営体","65381","旧八幡村","2015000000","2015年","経営体","-"
"0010","経営体数","180","林業経営体","65382","旧河原田町","2015000000","2015年","経営体","-"
"0010","経営体数","180","林業経営体","65383","旧沢根町","2015000000","2015年","経営体","1"
"0010","経営体数","180","林業経営体","65384","旧金沢村","2015000000","2015年","経営体","7"
"0010","経営体数","180","林業経営体","65385","旧吉井村２－２","2015000000","2015年","経営体","2"
"0010","経営体数","180","林業経営体","65386","旧新穂村","2015000000","2015年","経営体","12"
"0010","経営体数","180","林業経営体","65387","旧畑野村２－１","2015000000","2015年","経営体","8"
"0010","経営体数","180","林業経営体","65388","旧松ケ崎村","2015000000","2015年","経営体","3"
"0010","経営体数","180","林業経営体","65389","旧真野村","2015000000","2015年","経営体","8"
"0010","経営体数","180","林業経営体","65390","旧西三川村２－１","2015000000","2015年","経営体","9"
"0010","経営体数","180","林業経営体","65391","旧畑野村２－２","2015000000","2015年","経営体","-"
"0010","経営体数","180","林業経営体","65392","旧小木町","2015000000","2015年","経営体","9"
"0010","経営体数","180","林業経営体","65393","旧羽茂村","2015000000","2015年","経営体","40"
"0010","経営体数","180","林業経営体","65394","旧西三川村２－２","2015000000","2015年","経営体","-"
"0010","経営体数","180","林業経営体","65395","旧赤泊村","2015000000","2015年","経営体","35"
"0010","経営体数","180","林業経営体","15225","魚沼市","2015000000","2015年","経営体","40"
"0010","経営体数","180","林業経営体","65396","旧小出町２－１","2015000000","2015年","経営体","3"
"0010","経営体数","180","林業経営体","65397","旧伊米ケ崎村","2015000000","2015年","経営体","-"
"0010","経営体数","180","林業経営体","65398","旧湯之谷村２－２","2015000000","2015年","経営体","-"
"0010","経営体数","180","林業経営体","65399","旧堀之内町","2015000000","2015年","経営体","5"
"0010","経営体数","180","林業経営体","65400","旧湯之谷村２－１","2015000000","2015年","経営体","13"
"0010","経営体数","180","林業経営体","65401","旧小出町２－２","2015000000","2015年","経営体","-"
"0010","経営体数","180","林業経営体","65402","旧広瀬村","2015000000","2015年","経営体","3"
"0010","経営体数","180","林業経営体","65403","旧東竹沢村２－２","2015000000","2015年","経営体","2"
"0010","経営体数","180","林業経営体","65404","旧薮神村","2015000000","2015年","経営体","3"
"0010","経営体数","180","林業経営体","65405","旧須原村","2015000000","2015年","経営体","4"
"0010","経営体数","180","林業経営体","65406","旧上条村","2015000000","2015年","経営体","3"
"0010","経営体数","180","林業経営体","65407","旧入広瀬村","2015000000","2015年","経営体","4"
"0010","経営体数","180","林業経営体","15226","南魚沼市","2015000000","2015年","経営体","49"
"0010","経営体数","180","林業経営体","65408","旧六日町","2015000000","2015年","経営体","5"
"0010","経営体数","180","林業経営体","65409","旧五十沢村","2015000000","2015年","経営体","5"
"0010","経営体数","180","林業経営体","65410","旧城内村","2015000000","2015年","経営体","4"
"0010","経営体数","180","林業経営体","65411","旧大巻村","2015000000","2015年","経営体","5"
"0010","経営体数","180","林業経営体","65412","旧浦佐村","2015000000","2015年","経営体","-"
"0010","経営体数","180","林業経営体","65413","旧東村","2015000000","2015年","経営体","6"
"0010","経営体数","180","林業経営体","65414","旧大崎村","2015000000","2015年","経営体","3"
"0010","経営体数","180","林業経営体","65415","旧薮神村","2015000000","2015年","経営体","4"
"0010","経営体数","180","林業経営体","65416","旧塩沢町","2015000000","2015年","経営体","1"
"0010","経営体数","180","林業経営体","65417","旧中之島村","2015000000","2015年","経営体","3"
"0010","経営体数","180","林業経営体","65418","旧石打村","2015000000","2015年","経営体","3"
"0010","経営体数","180","林業経営体","65419","旧上田村","2015000000","2015年","経営体","10"
"0010","経営体数","180","林業経営体","15227","胎内市","2015000000","2015年","経営体","22"
"0010","経営体数","180","林業経営体","65420","旧中条町","2015000000","2015年","経営体","3"
"0010","経営体数","180","林業経営体","65421","旧金塚村２－２","2015000000","2015年","経営体","1"
"0010","経営体数","180","林業経営体","65422","旧乙村","2015000000","2015年","経営体","-"
"0010","経営体数","180","林業経営体","65423","旧築地村","2015000000","2015年","経営体","-"
"0010","経営体数","180","林業経営体","65424","旧松塚村２－２","2015000000","2015年","経営体","-"
"0010","経営体数","180","林業経営体","65425","旧黒川村","2015000000","2015年","経営体","18"
"0010","経営体数","180","林業経営体","15307","聖籠町","2015000000","2015年","経営体","2"
"0010","経営体数","180","林業経営体","65426","旧聖籠村","2015000000","2015年","経営体","2"
"0010","経営体数","180","林業経営体","65427","旧亀代村","2015000000","2015年","経営体","-"
"0010","経営体数","180","林業経営体","15342","弥彦村","2015000000","2015年","経営体","2"
"0010","経営体数","180","林業経営体","15361","田上町","2015000000","2015年","経営体","11"
"0010","経営体数","180","林業経営体","15385","阿賀町","2015000000","2015年","経営体","77"
"0010","経営体数","180","林業経営体","65428","旧津川町","2015000000","2015年","経営体","2"
"0010","経営体数","180","林業経営体","65429","旧小川村","2015000000","2015年","経営体","6"
"0010","経営体数","180","林業経営体","65430","旧揚川村２－１","2015000000","2015年","経営体","4"
"0010","経営体数","180","林業経営体","65431","旧上条村２－２","2015000000","2015年","経営体","-"
"0010","経営体数","180","林業経営体","65432","旧両鹿瀬村","2015000000","2015年","経営体","2"
"0010","経営体数","180","林業経営体","65433","旧日出谷村","2015000000","2015年","経営体","4"
"0010","経営体数","180","林業経営体","65434","旧豊実村","2015000000","2015年","経営体","5"
"0010","経営体数","180","林業経営体","65435","旧西川村","2015000000","2015年","経営体","23"
"0010","経営体数","180","林業経営体","65436","旧東川村","2015000000","2015年","経営体","8"
"0010","経営体数","180","林業経営体","65437","旧上条村２－１","2015000000","2015年","経営体","3"
"0010","経営体数","180","林業経営体","65438","旧三川村","2015000000","2015年","経営体","12"
"0010","経営体数","180","林業経営体","65439","旧下条村３－１","2015000000","2015年","経営体","3"
"0010","経営体数","180","林業経営体","65440","旧揚川村２－２","2015000000","2015年","経営体","5"
"0010","経営体数","180","林業経営体","15405","出雲崎町","2015000000","2015年","経営体","19"
"0010","経営体数","180","林業経営体","65441","旧出雲崎町","2015000000","2015年","経営体","-"
"0010","経営体数","180","林業経営体","65442","旧西越村２－１","2015000000","2015年","経営体","19"
"0010","経営体数","180","林業経営体","15461","湯沢町","2015000000","2015年","経営体","7"
"0010","経営体数","180","林業経営体","65443","旧湯沢村","2015000000","2015年","経営体","1"
"0010","経営体数","180","林業経営体","65444","旧神立村","2015000000","2015年","経営体","-"
"0010","経営体数","180","林業経営体","65445","旧土樽村","2015000000","2015年","経営体","1"
"0010","経営体数","180","林業経営体","65446","旧三俣村","2015000000","2015年","経営体","-"
"0010","経営体数","180","林業経営体","65447","旧三国村","2015000000","2015年","経営体","5"
"0010","経営体数","180","林業経営体","15482","津南町","2015000000","2015年","経営体","33"
"0010","経営体数","180","林業経営体","65448","旧下船渡村","2015000000","2015年","経営体","6"
"0010","経営体数","180","林業経営体","65449","旧外丸村","2015000000","2015年","経営体","3"
"0010","経営体数","180","林業経営体","65450","旧上郷村","2015000000","2015年","経営体","9"
"0010","経営体数","180","林業経営体","65451","旧芦ケ崎村","2015000000","2015年","経営体","6"
"0010","経営体数","180","林業経営体","65452","旧秋成村","2015000000","2015年","経営体","5"
"0010","経営体数","180","林業経営体","65453","旧中深見村２－１","2015000000","2015年","経営体","4"
"0010","経営体数","180","林業経営体","65454","旧倉俣村２－２","2015000000","2015年","経営体","-"
"0010","経営体数","180","林業経営体","15504","刈羽村","2015000000","2015年","経営体","2"
"0010","経営体数","180","林業経営体","65455","旧刈羽村","2015000000","2015年","経営体","-"
"0010","経営体数","180","林業経営体","65456","旧中通村２－２","2015000000","2015年","経営体","2"
"0010","経営体数","180","林業経営体","65457","旧二田村２－２","2015000000","2015年","経営体","-"
"0010","経営体数","180","林業経営体","15581","関川村","2015000000","2015年","経営体","36"
"0010","経営体数","180","林業経営体","65458","旧関谷村","2015000000","2015年","経営体","29"
"0010","経営体数","180","林業経営体","65459","旧女川村","2015000000","2015年","経営体","7"
"0010","経営体数","180","林業経営体","15586","粟島浦村","2015000000","2015年","経営体","-"
"0010","経営体数","180","林業経営体","16000","富山県","2015000000","2015年","経営体","473"
"0010","経営体数","180","林業経営体","16201","富山市","2015000000","2015年","経営体","139"
"0010","経営体数","180","林業経営体","66001","うち奥田","2015000000","2015年","経営体","-"
"0010","経営体数","180","林業経営体","66002","うち呉羽)・(五福","2015000000","2015年","経営体","-"
"0010","経営体数","180","林業経営体","66003","うち櫻谷","2015000000","2015年","経営体","2"
"0010","経営体数","180","林業経営体","66004","うち東部","2015000000","2015年","経営体","-"
"0010","経営体数","180","林業経営体","66005","うち新庄","2015000000","2015年","経営体","-"
"0010","経営体数","180","林業経営体","66006","うち島","2015000000","2015年","経営体","-"
"0010","経営体数","180","林業経営体","66007","うち針原","2015000000","2015年","経営体","-"
"0010","経営体数","180","林業経営体","66008","うち浜黒崎","2015000000","2015年","経営体","-"
"0010","経営体数","180","林業経営体","66009","うち大広田","2015000000","2015年","経営体","-"
"0010","経営体数","180","林業経営体","66010","うち豊田","2015000000","2015年","経営体","-"
"0010","経営体数","180","林業経営体","66011","うち広田","2015000000","2015年","経営体","-"
"0010","経営体数","180","林業経営体","66012","うち神明","2015000000","2015年","経営体","-"
"0010","経営体数","180","林業経営体","66013","うち山室","2015000000","2015年","経営体","2"
"0010","経営体数","180","林業経営体","66014","うち堀川","2015000000","2015年","経営体","-"
"0010","経営体数","180","林業経営体","66015","うち蜷川","2015000000","2015年","経営体","2"
"0010","経営体数","180","林業経営体","66016","うち太田","2015000000","2015年","経営体","-"
"0010","経営体数","180","林業経営体","66017","旧月岡村２－１","2015000000","2015年","経営体","2"
"0010","経営体数","180","林業経営体","66018","旧熊野村","2015000000","2015年","経営体","-"
"0010","経営体数","180","林業経営体","66019","旧新保村","2015000000","2015年","経営体","-"
"0010","経営体数","180","林業経営体","66020","旧四方町","2015000000","2015年","経営体","-"
"0010","経営体数","180","林業経営体","66021","旧八幡村","2015000000","2015年","経営体","-"
"0010","経営体数","180","林業経営体","66022","旧倉垣村","2015000000","2015年","経営体","-"
"0010","経営体数","180","林業経営体","66023","旧水橋町","2015000000","2015年","経営体","-"
"0010","経営体数","180","林業経営体","66024","旧上条村","2015000000","2015年","経営体","-"
"0010","経営体数","180","林業経営体","66025","旧三郷村","2015000000","2015年","経営体","-"
"0010","経営体数","180","林業経営体","66026","旧呉羽村","2015000000","2015年","経営体","-"
"0010","経営体数","180","林業経営体","66027","旧長岡村","2015000000","2015年","経営体","-"
"0010","経営体数","180","林業経営体","66028","旧寒江村","2015000000","2015年","経営体","-"
"0010","経営体数","180","林業経営体","66029","旧老田村","2015000000","2015年","経営体","-"
"0010","経営体数","180","林業経営体","66030","旧池多村２－１","2015000000","2015年","経営体","-"
"0010","経営体数","180","林業経営体","66031","旧大沢野町","2015000000","2015年","経営体","24"
"0010","経営体数","180","林業経営体","66032","旧黒瀬谷村２－２","2015000000","2015年","経営体","4"
"0010","経営体数","180","林業経営体","66033","旧下夕村","2015000000","2015年","経営体","13"
"0010","経営体数","180","林業経営体","66034","旧船峅村","2015000000","2015年","経営体","5"
"0010","経営体数","180","林業経営体","66035","旧大久保町","2015000000","2015年","経営体","5"
"0010","経営体数","180","林業経営体","66036","旧上滝町","2015000000","2015年","経営体","3"
"0010","経営体数","180","林業経営体","66037","旧大山村","2015000000","2015年","経営体","9"
"0010","経営体数","180","林業経営体","66038","旧福沢村","2015000000","2015年","経営体","2"
"0010","経営体数","180","林業経営体","66039","旧大庄村","2015000000","2015年","経営体","3"
"0010","経営体数","180","林業経営体","66040","旧月岡村２－２","2015000000","2015年","経営体","-"
"0010","経営体数","180","林業経営体","66041","旧八尾町","2015000000","2015年","経営体","-"
"0010","経営体数","180","林業経営体","66042","旧保内村","2015000000","2015年","経営体","3"
"0010","経営体数","180","林業経営体","66043","旧杉原村","2015000000","2015年","経営体","2"
"0010","経営体数","180","林業経営体","66044","旧卯花村","2015000000","2015年","経営体","5"
"0010","経営体数","180","林業経営体","66045","旧室牧村","2015000000","2015年","経営体","2"
"0010","経営体数","180","林業経営体","66046","旧黒瀬谷村２－１","2015000000","2015年","経営体","3"
"0010","経営体数","180","林業経営体","66047","旧大長谷村","2015000000","2015年","経営体","4"
"0010","経営体数","180","林業経営体","66048","旧仁歩村","2015000000","2015年","経営体","4"
"0010","経営体数","180","林業経営体","66049","旧野積村","2015000000","2015年","経営体","4"
"0010","経営体数","180","林業経営体","66050","旧婦中町","2015000000","2015年","経営体","-"
"0010","経営体数","180","林業経営体","66051","旧朝日村","2015000000","2015年","経営体","-"
"0010","経営体数","180","林業経営体","66052","旧熊野村","2015000000","2015年","経営体","-"
"0010","経営体数","180","林業経営体","66053","旧宮川村","2015000000","2015年","経営体","-"
"0010","経営体数","180","林業経営体","66054","旧神保村","2015000000","2015年","経営体","1"
"0010","経営体数","180","林業経営体","66055","旧古里村","2015000000","2015年","経営体","4"
"0010","経営体数","180","林業経営体","66056","旧音川村","2015000000","2015年","経営体","13"
"0010","経営体数","180","林業経営体","66057","旧山田村","2015000000","2015年","経営体","15"
"0010","経営体数","180","林業経営体","66058","旧細入村","2015000000","2015年","経営体","3"
"0010","経営体数","180","林業経営体","16202","高岡市","2015000000","2015年","経営体","21"
"0010","経営体数","180","林業経営体","66059","うち横田","2015000000","2015年","経営体","1"
"0010","経営体数","180","林業経営体","66060","うち下関","2015000000","2015年","経営体","-"
"0010","経営体数","180","林業経営体","66061","うち北部","2015000000","2015年","経営体","-"
"0010","経営体数","180","林業経営体","66062","うち二上","2015000000","2015年","経営体","2"
"0010","経営体数","180","林業経営体","66063","うち伏木","2015000000","2015年","経営体","-"
"0010","経営体数","180","林業経営体","66064","うち能町","2015000000","2015年","経営体","-"
"0010","経営体数","180","林業経営体","66065","うち守山","2015000000","2015年","経営体","5"
"0010","経営体数","180","林業経営体","66066","うち野村","2015000000","2015年","経営体","-"
"0010","経営体数","180","林業経営体","66067","うち佐野","2015000000","2015年","経営体","-"
"0010","経営体数","180","林業経営体","66068","うち二塚","2015000000","2015年","経営体","-"
"0010","経営体数","180","林業経営体","66069","うち牧野","2015000000","2015年","経営体","-"
"0010","経営体数","180","林業経営体","66070","うち福田","2015000000","2015年","経営体","-"
"0010","経営体数","180","林業経営体","66071","旧国吉村","2015000000","2015年","経営体","4"
"0010","経営体数","180","林業経営体","66072","旧太田村","2015000000","2015年","経営体","-"
"0010","経営体数","180","林業経営体","66073","旧東五位村","2015000000","2015年","経営体","1"
"0010","経営体数","180","林業経営体","66074","旧石堤村","2015000000","2015年","経営体","4"
"0010","経営体数","180","林業経営体","66075","旧立野村","2015000000","2015年","経営体","-"
"0010","経営体数","180","林業経営体","66076","旧小勢村２－１","2015000000","2015年","経営体","-"
"0010","経営体数","180","林業経営体","66077","旧小勢村２－２","2015000000","2015年","経営体","-"
"0010","経営体数","180","林業経営体","66078","旧戸出町","2015000000","2015年","経営体","-"
"0010","経営体数","180","林業経営体","66079","旧是戸村","2015000000","2015年","経営体","-"
"0010","経営体数","180","林業経営体","66080","旧醍醐村","2015000000","2015年","経営体","-"
"0010","経営体数","180","林業経営体","66081","旧北般若村","2015000000","2015年","経営体","-"
"0010","経営体数","180","林業経営体","66082","旧中田町","2015000000","2015年","経営体","-"
"0010","経営体数","180","林業経営体","66083","旧般若野村","2015000000","2015年","経営体","-"
"0010","経営体数","180","林業経営体","66084","旧福岡町","2015000000","2015年","経営体","1"
"0010","経営体数","180","林業経営体","66085","旧五位山村","2015000000","2015年","経営体","2"
"0010","経営体数","180","林業経営体","66086","旧西五位村","2015000000","2015年","経営体","-"
"0010","経営体数","180","林業経営体","66087","旧赤丸村","2015000000","2015年","経営体","1"
"0010","経営体数","180","林業経営体","16204","魚津市","2015000000","2015年","経営体","78"
"0010","経営体数","180","林業経営体","66088","旧魚津町","2015000000","2015年","経営体","-"
"0010","経営体数","180","林業経営体","66089","旧下中島村","2015000000","2015年","経営体","1"
"0010","経営体数","180","林業経営体","66090","旧上中島村","2015000000","2015年","経営体","3"
"0010","経営体数","180","林業経営体","66091","旧松倉村","2015000000","2015年","経営体","5"
"0010","経営体数","180","林業経営体","66092","旧上野方村","2015000000","2015年","経営体","-"
"0010","経営体数","180","林業経営体","66093","旧下野方村","2015000000","2015年","経営体","2"
"0010","経営体数","180","林業経営体","66094","旧片貝谷村","2015000000","2015年","経営体","60"
"0010","経営体数","180","林業経営体","66095","旧道下村","2015000000","2015年","経営体","-"
"0010","経営体数","180","林業経営体","66096","旧加積村","2015000000","2015年","経営体","2"
"0010","経営体数","180","林業経営体","66097","旧天神村","2015000000","2015年","経営体","2"
"0010","経営体数","180","林業経営体","66098","旧西布施村","2015000000","2015年","経営体","2"
"0010","経営体数","180","林業経営体","66099","旧経田村","2015000000","2015年","経営体","1"
"0010","経営体数","180","林業経営体","16205","氷見市","2015000000","2015年","経営体","36"
"0010","経営体数","180","林業経営体","66100","旧氷見町","2015000000","2015年","経営体","1"
"0010","経営体数","180","林業経営体","66101","旧余川村","2015000000","2015年","経営体","-"
"0010","経営体数","180","林業経営体","66102","旧碁石村","2015000000","2015年","経営体","1"
"0010","経営体数","180","林業経営体","66103","旧八代村","2015000000","2015年","経営体","1"
"0010","経営体数","180","林業経営体","66104","旧宮田村","2015000000","2015年","経営体","-"
"0010","経営体数","180","林業経営体","66105","旧窪村","2015000000","2015年","経営体","1"
"0010","経営体数","180","林業経営体","66106","旧上庄村","2015000000","2015年","経営体","2"
"0010","経営体数","180","林業経営体","66107","旧熊無村","2015000000","2015年","経営体","6"
"0010","経営体数","180","林業経営体","66108","旧神代村","2015000000","2015年","経営体","-"
"0010","経営体数","180","林業経営体","66109","旧仏生寺村","2015000000","2015年","経営体","9"
"0010","経営体数","180","林業経営体","66110","旧布勢村","2015000000","2015年","経営体","-"
"0010","経営体数","180","林業経営体","66111","旧十二町村","2015000000","2015年","経営体","3"
"0010","経営体数","180","林業経営体","66112","旧速川村","2015000000","2015年","経営体","1"
"0010","経営体数","180","林業経営体","66113","旧久目村","2015000000","2015年","経営体","9"
"0010","経営体数","180","林業経営体","66114","旧阿尾村","2015000000","2015年","経営体","1"
"0010","経営体数","180","林業経営体","66115","旧薮田村","2015000000","2015年","経営体","-"
"0010","経営体数","180","林業経営体","66116","旧宇波村","2015000000","2015年","経営体","-"
"0010","経営体数","180","林業経営体","66117","旧女良村","2015000000","2015年","経営体","1"
"0010","経営体数","180","林業経営体","16206","滑川市","2015000000","2015年","経営体","3"
"0010","経営体数","180","林業経営体","66118","旧滑川町","2015000000","2015年","経営体","1"
"0010","経営体数","180","林業経営体","66119","旧浜加積村","2015000000","2015年","経営体","-"
"0010","経営体数","180","林業経営体","66120","旧早月加積村","2015000000","2015年","経営体","-"
"0010","経営体数","180","林業経営体","66121","旧北加積村","2015000000","2015年","経営体","-"
"0010","経営体数","180","林業経営体","66122","旧東加積村","2015000000","2015年","経営体","-"
"0010","経営体数","180","林業経営体","66123","旧中加積村","2015000000","2015年","経営体","-"
"0010","経営体数","180","林業経営体","66124","旧西加積村","2015000000","2015年","経営体","-"
"0010","経営体数","180","林業経営体","66125","旧山加積村２－１","2015000000","2015年","経営体","2"
"0010","経営体数","180","林業経営体","16207","黒部市","2015000000","2015年","経営体","18"
"0010","経営体数","180","林業経営体","66126","うち石田","2015000000","2015年","経営体","-"
"0010","経営体数","180","林業経営体","66127","うち田家","2015000000","2015年","経営体","-"
"0010","経営体数","180","林業経営体","66128","うち村椿","2015000000","2015年","経営体","1"
"0010","経営体数","180","林業経営体","66129","うち大布施","2015000000","2015年","経営体","1"
"0010","経営体数","180","林業経営体","66130","うち三日市","2015000000","2015年","経営体","1"
"0010","経営体数","180","林業経営体","66131","うち前沢","2015000000","2015年","経営体","-"
"0010","経営体数","180","林業経営体","66132","うち荻生","2015000000","2015年","経営体","-"
"0010","経営体数","180","林業経営体","66133","うち若栗","2015000000","2015年","経営体","1"
"0010","経営体数","180","林業経営体","66134","旧生地町","2015000000","2015年","経営体","-"
"0010","経営体数","180","林業経営体","66135","旧東布施村","2015000000","2015年","経営体","13"
"0010","経営体数","180","林業経営体","66136","うち浦山","2015000000","2015年","経営体","-"
"0010","経営体数","180","林業経営体","66137","うち下立","2015000000","2015年","経営体","-"
"0010","経営体数","180","林業経営体","66138","旧内山村","2015000000","2015年","経営体","-"
"0010","経営体数","180","林業経営体","66139","旧愛本村","2015000000","2015年","経営体","1"
"0010","経営体数","180","林業経営体","16208","砺波市","2015000000","2015年","経営体","35"
"0010","経営体数","180","林業経営体","66140","旧中野村","2015000000","2015年","経営体","-"
"0010","経営体数","180","林業経営体","66141","旧油田村","2015000000","2015年","経営体","-"
"0010","経営体数","180","林業経営体","66142","旧庄下村","2015000000","2015年","経営体","1"
"0010","経営体数","180","林業経営体","66143","旧五鹿屋村","2015000000","2015年","経営体","1"
"0010","経営体数","180","林業経営体","66144","旧出町","2015000000","2015年","経営体","1"
"0010","経営体数","180","林業経営体","66145","旧林村","2015000000","2015年","経営体","-"
"0010","経営体数","180","林業経営体","66146","旧南般若村","2015000000","2015年","経営体","-"
"0010","経営体数","180","林業経営体","66147","旧柳瀬村","2015000000","2015年","経営体","-"
"0010","経営体数","180","林業経営体","66148","旧太田村","2015000000","2015年","経営体","1"
"0010","経営体数","180","林業経営体","66149","旧東野尻村","2015000000","2015年","経営体","-"
"0010","経営体数","180","林業経営体","66150","旧高波村","2015000000","2015年","経営体","-"
"0010","経営体数","180","林業経営体","66151","旧栴檀山村","2015000000","2015年","経営体","8"
"0010","経営体数","180","林業経営体","66152","旧栴檀野村","2015000000","2015年","経営体","8"
"0010","経営体数","180","林業経営体","66153","旧般若村","2015000000","2015年","経営体","1"
"0010","経営体数","180","林業経営体","66154","旧東般若村","2015000000","2015年","経営体","-"
"0010","経営体数","180","林業経営体","66155","旧鷹栖村","2015000000","2015年","経営体","-"
"0010","経営体数","180","林業経営体","66156","旧若林村２－２","2015000000","2015年","経営体","-"
"0010","経営体数","180","林業経営体","66157","旧青島村","2015000000","2015年","経営体","-"
"0010","経営体数","180","林業経営体","66158","旧東山見村","2015000000","2015年","経営体","6"
"0010","経営体数","180","林業経営体","66159","旧雄神村","2015000000","2015年","経営体","7"
"0010","経営体数","180","林業経営体","66160","旧種田村","2015000000","2015年","経営体","1"
"0010","経営体数","180","林業経営体","16209","小矢部市","2015000000","2015年","経営体","22"
"0010","経営体数","180","林業経営体","66161","旧石動町","2015000000","2015年","経営体","3"
"0010","経営体数","180","林業経営体","66162","旧南谷村","2015000000","2015年","経営体","10"
"0010","経営体数","180","林業経営体","66163","旧埴生村","2015000000","2015年","経営体","1"
"0010","経営体数","180","林業経営体","66164","旧松沢村","2015000000","2015年","経営体","1"
"0010","経営体数","180","林業経営体","66165","旧正得村","2015000000","2015年","経営体","-"
"0010","経営体数","180","林業経営体","66166","旧荒川村","2015000000","2015年","経営体","-"
"0010","経営体数","180","林業経営体","66167","旧子撫村","2015000000","2015年","経営体","1"
"0010","経営体数","180","林業経営体","66168","旧宮島村","2015000000","2015年","経営体","2"
"0010","経営体数","180","林業経営体","66169","旧北蟹谷村","2015000000","2015年","経営体","-"
"0010","経営体数","180","林業経営体","66170","旧若林村２－１","2015000000","2015年","経営体","-"
"0010","経営体数","180","林業経営体","66171","旧津沢町","2015000000","2015年","経営体","-"
"0010","経営体数","180","林業経営体","66172","旧薮波村","2015000000","2015年","経営体","1"
"0010","経営体数","180","林業経営体","66173","旧水島村","2015000000","2015年","経営体","-"
"0010","経営体数","180","林業経営体","66174","旧東蟹谷村","2015000000","2015年","経営体","3"
"0010","経営体数","180","林業経営体","66175","旧西野尻村３－２","2015000000","2015年","経営体","-"
"0010","経営体数","180","林業経営体","16210","南砺市","2015000000","2015年","経営体","39"
"0010","経営体数","180","林業経営体","66176","旧南山田村","2015000000","2015年","経営体","3"
"0010","経営体数","180","林業経営体","66177","旧山田村２－２","2015000000","2015年","経営体","-"
"0010","経営体数","180","林業経営体","66178","旧大鋸屋村","2015000000","2015年","経営体","2"
"0010","経営体数","180","林業経営体","66179","旧城端町","2015000000","2015年","経営体","-"
"0010","経営体数","180","林業経営体","66180","旧北野村","2015000000","2015年","経営体","-"
"0010","経営体数","180","林業経営体","66181","旧蓑谷村","2015000000","2015年","経営体","2"
"0010","経営体数","180","林業経営体","66182","旧平村","2015000000","2015年","経営体","4"
"0010","経営体数","180","林業経営体","66183","旧上平村","2015000000","2015年","経営体","3"
"0010","経営体数","180","林業経営体","66184","旧利賀村","2015000000","2015年","経営体","7"
"0010","経営体数","180","林業経営体","66185","旧井波町","2015000000","2015年","経営体","5"
"0010","経営体数","180","林業経営体","66186","旧南山見村","2015000000","2015年","経営体","-"
"0010","経営体数","180","林業経営体","66187","旧山野村","2015000000","2015年","経営体","-"
"0010","経営体数","180","林業経営体","66188","旧高瀬村２－１","2015000000","2015年","経営体","-"
"0010","経営体数","180","林業経営体","66189","旧井口村","2015000000","2015年","経営体","1"
"0010","経営体数","180","林業経営体","66190","うち南野尻","2015000000","2015年","経営体","-"
"0010","経営体数","180","林業経営体","66191","うち広塚","2015000000","2015年","経営体","-"
"0010","経営体数","180","林業経営体","66192","うち野尻","2015000000","2015年","経営体","1"
"0010","経営体数","180","林業経営体","66193","旧東石黒村","2015000000","2015年","経営体","-"
"0010","経営体数","180","林業経営体","66194","旧西野尻村３－１","2015000000","2015年","経営体","2"
"0010","経営体数","180","林業経営体","66195","旧高瀬村２－２","2015000000","2015年","経営体","-"
"0010","経営体数","180","林業経営体","66196","旧福光町","2015000000","2015年","経営体","1"
"0010","経営体数","180","林業経営体","66197","旧石黒村","2015000000","2015年","経営体","1"
"0010","経営体数","180","林業経営体","66198","旧広瀬村","2015000000","2015年","経営体","1"
"0010","経営体数","180","林業経営体","66199","旧広瀬館村","2015000000","2015年","経営体","-"
"0010","経営体数","180","林業経営体","66200","旧西太美村","2015000000","2015年","経営体","2"
"0010","経営体数","180","林業経営体","66201","旧太美山村","2015000000","2015年","経営体","2"
"0010","経営体数","180","林業経営体","66202","旧東太美村","2015000000","2015年","経営体","-"
"0010","経営体数","180","林業経営体","66203","旧吉江村","2015000000","2015年","経営体","1"
"0010","経営体数","180","林業経営体","66204","旧北山田村","2015000000","2015年","経営体","1"
"0010","経営体数","180","林業経営体","66205","旧山田村２－１","2015000000","2015年","経営体","-"
"0010","経営体数","180","林業経営体","66206","旧南蟹谷村","2015000000","2015年","経営体","-"
"0010","経営体数","180","林業経営体","66207","旧西野尻村３－３","2015000000","2015年","経営体","-"
"0010","経営体数","180","林業経営体","16211","射水市","2015000000","2015年","経営体","1"
"0010","経営体数","180","林業経営体","66208","旧新湊","2015000000","2015年","経営体","-"
"0010","経営体数","180","林業経営体","66209","旧作道村","2015000000","2015年","経営体","-"
"0010","経営体数","180","林業経営体","66210","旧片口村","2015000000","2015年","経営体","-"
"0010","経営体数","180","林業経営体","66211","旧堀岡村","2015000000","2015年","経営体","-"
"0010","経営体数","180","林業経営体","66212","旧海老江村","2015000000","2015年","経営体","-"
"0010","経営体数","180","林業経営体","66213","旧本江村","2015000000","2015年","経営体","-"
"0010","経営体数","180","林業経営体","66214","旧七美村","2015000000","2015年","経営体","-"
"0010","経営体数","180","林業経営体","66215","旧塚原村","2015000000","2015年","経営体","-"
"0010","経営体数","180","林業経営体","66216","旧小杉町","2015000000","2015年","経営体","1"
"0010","経営体数","180","林業経営体","66217","旧金山村","2015000000","2015年","経営体","-"
"0010","経営体数","180","林業経営体","66218","旧大江村","2015000000","2015年","経営体","-"
"0010","経営体数","180","林業経営体","66219","旧黒河村","2015000000","2015年","経営体","-"
"0010","経営体数","180","林業経営体","66220","旧池多村２－２","2015000000","2015年","経営体","-"
"0010","経営体数","180","林業経営体","66221","旧大門町","2015000000","2015年","経営体","-"
"0010","経営体数","180","林業経営体","66222","旧水戸田村","2015000000","2015年","経営体","-"
"0010","経営体数","180","林業経営体","66223","旧櫛田村","2015000000","2015年","経営体","-"
"0010","経営体数","180","林業経営体","66224","旧浅井村","2015000000","2015年","経営体","-"
"0010","経営体数","180","林業経営体","66225","旧二口村","2015000000","2015年","経営体","-"
"0010","経営体数","180","林業経営体","66226","旧下村","2015000000","2015年","経営体","-"
"0010","経営体数","180","林業経営体","66227","旧大島町","2015000000","2015年","経営体","-"
"0010","経営体数","180","林業経営体","16321","舟橋村","2015000000","2015年","経営体","-"
"0010","経営体数","180","林業経営体","16322","上市町","2015000000","2015年","経営体","55"
"0010","経営体数","180","林業経営体","66228","旧上市町","2015000000","2015年","経営体","27"
"0010","経営体数","180","林業経営体","66229","旧山加積村２－２","2015000000","2015年","経営体","-"
"0010","経営体数","180","林業経営体","66230","旧南加積村","2015000000","2015年","経営体","8"
"0010","経営体数","180","林業経営体","66231","旧宮川村","2015000000","2015年","経営体","5"
"0010","経営体数","180","林業経営体","66232","旧柿沢村","2015000000","2015年","経営体","1"
"0010","経営体数","180","林業経営体","66233","旧大岩村","2015000000","2015年","経営体","-"
"0010","経営体数","180","林業経営体","66234","旧相ノ木村","2015000000","2015年","経営体","3"
"0010","経営体数","180","林業経営体","66235","旧白萩村","2015000000","2015年","経営体","11"
"0010","経営体数","180","林業経営体","66236","旧新川村２－２","2015000000","2015年","経営体","-"
"0010","経営体数","180","林業経営体","16323","立山町","2015000000","2015年","経営体","16"
"0010","経営体数","180","林業経営体","66237","うち五百石","2015000000","2015年","経営体","-"
"0010","経営体数","180","林業経営体","66238","うち大森","2015000000","2015年","経営体","-"
"0010","経営体数","180","林業経営体","66239","うち高野","2015000000","2015年","経営体","4"
"0010","経営体数","180","林業経営体","66240","うち下段","2015000000","2015年","経営体","-"
"0010","経営体数","180","林業経営体","66241","旧利田村","2015000000","2015年","経営体","-"
"0010","経営体数","180","林業経営体","66242","旧上段村","2015000000","2015年","経営体","1"
"0010","経営体数","180","林業経営体","66243","旧東谷村","2015000000","2015年","経営体","3"
"0010","経営体数","180","林業経営体","66244","旧釜ケ渕村","2015000000","2015年","経営体","2"
"0010","経営体数","180","林業経営体","66245","旧立山村","2015000000","2015年","経営体","6"
"0010","経営体数","180","林業経営体","66246","旧新川村２－１","2015000000","2015年","経営体","-"
"0010","経営体数","180","林業経営体","16342","入善町","2015000000","2015年","経営体","4"
"0010","経営体数","180","林業経営体","66247","旧新屋村","2015000000","2015年","経営体","-"
"0010","経営体数","180","林業経営体","66248","旧小摺戸村","2015000000","2015年","経営体","-"
"0010","経営体数","180","林業経営体","66249","旧青木村","2015000000","2015年","経営体","-"
"0010","経営体数","180","林業経営体","66250","旧飯野村","2015000000","2015年","経営体","-"
"0010","経営体数","180","林業経営体","66251","旧上原村","2015000000","2015年","経営体","-"
"0010","経営体数","180","林業経営体","66252","旧入善町","2015000000","2015年","経営体","-"
"0010","経営体数","180","林業経営体","66253","旧横山村","2015000000","2015年","経営体","-"
"0010","経営体数","180","林業経営体","66254","旧椚山村","2015000000","2015年","経営体","-"
"0010","経営体数","180","林業経営体","66255","旧舟見町","2015000000","2015年","経営体","4"
"0010","経営体数","180","林業経営体","66256","旧野中村２－１","2015000000","2015年","経営体","-"
"0010","経営体数","180","林業経営体","16343","朝日町","2015000000","2015年","経営体","6"
"0010","経営体数","180","林業経営体","66257","旧大家庄村","2015000000","2015年","経営体","-"
"0010","経営体数","180","林業経営体","66258","旧山崎村","2015000000","2015年","経営体","4"
"0010","経営体数","180","林業経営体","66259","旧南保村","2015000000","2015年","経営体","-"
"0010","経営体数","180","林業経営体","66260","旧五箇庄村","2015000000","2015年","経営体","-"
"0010","経営体数","180","林業経営体","66261","旧泊町","2015000000","2015年","経営体","-"
"0010","経営体数","180","林業経営体","66262","旧宮崎村","2015000000","2015年","経営体","1"
"0010","経営体数","180","林業経営体","66263","旧境村","2015000000","2015年","経営体","1"
"0010","経営体数","180","林業経営体","66264","旧野中村２－２","2015000000","2015年","経営体","-"
"0010","経営体数","180","林業経営体","17000","石川県","2015000000","2015年","経営体","1300"
"0010","経営体数","180","林業経営体","17201","金沢市","2015000000","2015年","経営体","73"
"0010","経営体数","180","林業経営体","67001","旧金沢市","2015000000","2015年","経営体","23"
"0010","経営体数","180","林業経営体","67002","旧安原村","2015000000","2015年","経営体","-"
"0010","経営体数","180","林業経営体","67003","旧額村","2015000000","2015年","経営体","-"
"0010","経営体数","180","林業経営体","67004","旧押野村２－１","2015000000","2015年","経営体","1"
"0010","経営体数","180","林業経営体","67005","旧内川村","2015000000","2015年","経営体","4"
"0010","経営体数","180","林業経営体","67006","旧犀川村","2015000000","2015年","経営体","7"
"0010","経営体数","180","林業経営体","67007","旧湯涌谷村","2015000000","2015年","経営体","9"
"0010","経営体数","180","林業経営体","67008","旧浅川村","2015000000","2015年","経営体","11"
"0010","経営体数","180","林業経営体","67009","旧大場村","2015000000","2015年","経営体","-"
"0010","経営体数","180","林業経営体","67010","旧八田村","2015000000","2015年","経営体","-"
"0010","経営体数","180","林業経営体","67011","旧花園村２－１","2015000000","2015年","経営体","2"
"0010","経営体数","180","林業経営体","67012","旧三谷村","2015000000","2015年","経営体","16"
"0010","経営体数","180","林業経営体","67013","旧森本村","2015000000","2015年","経営体","-"
"0010","経営体数","180","林業経営体","17202","七尾市","2015000000","2015年","経営体","114"
"0010","経営体数","180","林業経営体","67014","旧七尾市","2015000000","2015年","経営体","18"
"0010","経営体数","180","林業経営体","67015","旧南大呑村","2015000000","2015年","経営体","5"
"0010","経営体数","180","林業経営体","67016","旧北大呑村","2015000000","2015年","経営体","4"
"0010","経営体数","180","林業経営体","67017","旧崎山村","2015000000","2015年","経営体","4"
"0010","経営体数","180","林業経営体","67018","旧高階村","2015000000","2015年","経営体","-"
"0010","経営体数","180","林業経営体","67019","旧田鶴浜町","2015000000","2015年","経営体","5"
"0010","経営体数","180","林業経営体","67020","旧相馬村２－１","2015000000","2015年","経営体","2"
"0010","経営体数","180","林業経営体","67021","旧金ヶ崎村","2015000000","2015年","経営体","6"
"0010","経営体数","180","林業経営体","67022","旧笠師保村","2015000000","2015年","経営体","9"
"0010","経営体数","180","林業経営体","67023","旧豊川村","2015000000","2015年","経営体","11"
"0010","経営体数","180","林業経営体","67024","旧熊木村","2015000000","2015年","経営体","13"
"0010","経営体数","180","林業経営体","67025","旧西岸村","2015000000","2015年","経営体","19"
"0010","経営体数","180","林業経営体","67026","旧中島村","2015000000","2015年","経営体","-"
"0010","経営体数","180","林業経営体","67027","旧釶打村","2015000000","2015年","経営体","9"
"0010","経営体数","180","林業経営体","67028","旧東島村","2015000000","2015年","経営体","2"
"0010","経営体数","180","林業経営体","67029","旧中乃島村","2015000000","2015年","経営体","3"
"0010","経営体数","180","林業経営体","67030","旧西島村","2015000000","2015年","経営体","4"
"0010","経営体数","180","林業経営体","17203","小松市","2015000000","2015年","経営体","98"
"0010","経営体数","180","林業経営体","67031","旧小松市","2015000000","2015年","経営体","27"
"0010","経営体数","180","林業経営体","67032","旧那谷村","2015000000","2015年","経営体","5"
"0010","経営体数","180","林業経営体","67033","旧矢田野村","2015000000","2015年","経営体","-"
"0010","経営体数","180","林業経営体","67034","旧月津村２－１","2015000000","2015年","経営体","1"
"0010","経営体数","180","林業経営体","67035","旧大杉谷村","2015000000","2015年","経営体","31"
"0010","経営体数","180","林業経営体","67036","旧金野村","2015000000","2015年","経営体","13"
"0010","経営体数","180","林業経営体","67037","旧新丸村","2015000000","2015年","経営体","-"
"0010","経営体数","180","林業経営体","67038","旧中海村","2015000000","2015年","経営体","8"
"0010","経営体数","180","林業経営体","67039","旧国府村２－１","2015000000","2015年","経営体","4"
"0010","経営体数","180","林業経営体","67040","旧西尾村","2015000000","2015年","経営体","9"
"0010","経営体数","180","林業経営体","17204","輪島市","2015000000","2015年","経営体","162"
"0010","経営体数","180","林業経営体","67041","旧輪島市","2015000000","2015年","経営体","3"
"0010","経営体数","180","林業経営体","67042","旧町野町","2015000000","2015年","経営体","16"
"0010","経営体数","180","林業経営体","67043","旧西保村","2015000000","2015年","経営体","7"
"0010","経営体数","180","林業経営体","67044","旧大屋村","2015000000","2015年","経営体","21"
"0010","経営体数","180","林業経営体","67045","旧河原田村","2015000000","2015年","経営体","9"
"0010","経営体数","180","林業経営体","67046","旧鵠巣村","2015000000","2015年","経営体","10"
"0010","経営体数","180","林業経営体","67047","旧南志見村","2015000000","2015年","経営体","11"
"0010","経営体数","180","林業経営体","67048","旧三井村","2015000000","2015年","経営体","32"
"0010","経営体数","180","林業経営体","67049","旧門前町","2015000000","2015年","経営体","13"
"0010","経営体数","180","林業経営体","67050","旧剣地村","2015000000","2015年","経営体","16"
"0010","経営体数","180","林業経営体","67051","旧諸岡村","2015000000","2015年","経営体","2"
"0010","経営体数","180","林業経営体","67052","旧浦上村","2015000000","2015年","経営体","8"
"0010","経営体数","180","林業経営体","67053","旧七浦村","2015000000","2015年","経営体","3"
"0010","経営体数","180","林業経営体","67054","旧本郷村","2015000000","2015年","経営体","11"
"0010","経営体数","180","林業経営体","67055","旧黒島村","2015000000","2015年","経営体","-"
"0010","経営体数","180","林業経営体","17205","珠洲市","2015000000","2015年","経営体","113"
"0010","経営体数","180","林業経営体","67056","旧飯田町","2015000000","2015年","経営体","4"
"0010","経営体数","180","林業経営体","67057","旧宝立町","2015000000","2015年","経営体","23"
"0010","経営体数","180","林業経営体","67058","旧正院町","2015000000","2015年","経営体","9"
"0010","経営体数","180","林業経営体","67059","旧上戸村","2015000000","2015年","経営体","10"
"0010","経営体数","180","林業経営体","67060","旧若山村","2015000000","2015年","経営体","27"
"0010","経営体数","180","林業経営体","67061","旧直村","2015000000","2015年","経営体","3"
"0010","経営体数","180","林業経営体","67062","旧三崎村","2015000000","2015年","経営体","14"
"0010","経営体数","180","林業経営体","67063","旧西海村","2015000000","2015年","経営体","23"
"0010","経営体数","180","林業経営体","67064","旧蛸島村","2015000000","2015年","経営体","-"
"0010","経営体数","180","林業経営体","17206","加賀市","2015000000","2015年","経営体","130"
"0010","経営体数","180","林業経営体","67065","旧大聖寺町","2015000000","2015年","経営体","1"
"0010","経営体数","180","林業経営体","67066","旧山代町","2015000000","2015年","経営体","13"
"0010","経営体数","180","林業経営体","67067","旧片山津町","2015000000","2015年","経営体","-"
"0010","経営体数","180","林業経営体","67068","旧動橋町","2015000000","2015年","経営体","1"
"0010","経営体数","180","林業経営体","67069","旧三木村","2015000000","2015年","経営体","14"
"0010","経営体数","180","林業経営体","67070","旧瀬越村","2015000000","2015年","経営体","-"
"0010","経営体数","180","林業経営体","67071","旧三谷村","2015000000","2015年","経営体","65"
"0010","経営体数","180","林業経営体","67072","旧南郷村","2015000000","2015年","経営体","2"
"0010","経営体数","180","林業経営体","67073","旧東谷口村","2015000000","2015年","経営体","8"
"0010","経営体数","180","林業経営体","67074","旧勅使村","2015000000","2015年","経営体","2"
"0010","経営体数","180","林業経営体","67075","旧橋立村","2015000000","2015年","経営体","-"
"0010","経営体数","180","林業経営体","67076","旧篠原村","2015000000","2015年","経営体","-"
"0010","経営体数","180","林業経営体","67077","旧分校村","2015000000","2015年","経営体","-"
"0010","経営体数","180","林業経営体","67078","旧月津村２－２","2015000000","2015年","経営体","-"
"0010","経営体数","180","林業経営体","67079","旧塩屋村","2015000000","2015年","経営体","-"
"0010","経営体数","180","林業経営体","67080","旧河南村２－２","2015000000","2015年","経営体","1"
"0010","経営体数","180","林業経営体","67081","旧山中町","2015000000","2015年","経営体","1"
"0010","経営体数","180","林業経営体","67082","旧河南村２－１","2015000000","2015年","経営体","1"
"0010","経営体数","180","林業経営体","67083","旧西谷村","2015000000","2015年","経営体","7"
"0010","経営体数","180","林業経営体","67084","旧東谷奥村","2015000000","2015年","経営体","14"
"0010","経営体数","180","林業経営体","17207","羽咋市","2015000000","2015年","経営体","5"
"0010","経営体数","180","林業経営体","67085","旧羽咋町","2015000000","2015年","経営体","1"
"0010","経営体数","180","林業経営体","67086","旧邑知町","2015000000","2015年","経営体","2"
"0010","経営体数","180","林業経営体","67087","旧粟ノ保村","2015000000","2015年","経営体","-"
"0010","経営体数","180","林業経営体","67088","旧富永村","2015000000","2015年","経営体","-"
"0010","経営体数","180","林業経営体","67089","旧一ノ宮村","2015000000","2015年","経営体","-"
"0010","経営体数","180","林業経営体","67090","旧越路野村","2015000000","2015年","経営体","-"
"0010","経営体数","180","林業経営体","67091","旧上甘田村２－１","2015000000","2015年","経営体","1"
"0010","経営体数","180","林業経営体","67092","旧下甘田村２－２","2015000000","2015年","経営体","-"
"0010","経営体数","180","林業経営体","67093","旧千里浜村","2015000000","2015年","経営体","-"
"0010","経営体数","180","林業経営体","67094","旧余喜村","2015000000","2015年","経営体","-"
"0010","経営体数","180","林業経営体","67095","旧鹿島路村","2015000000","2015年","経営体","1"
"0010","経営体数","180","林業経営体","17209","かほく市","2015000000","2015年","経営体","13"
"0010","経営体数","180","林業経営体","67096","旧高松町２－１","2015000000","2015年","経営体","3"
"0010","経営体数","180","林業経営体","67097","旧南大海村","2015000000","2015年","経営体","6"
"0010","経営体数","180","林業経営体","67098","旧七塚町","2015000000","2015年","経営体","-"
"0010","経営体数","180","林業経営体","67099","旧宇ノ気町","2015000000","2015年","経営体","3"
"0010","経営体数","180","林業経営体","67100","旧金津村(高松町２－２)","2015000000","2015年","経営体","1"
"0010","経営体数","180","林業経営体","17210","白山市","2015000000","2015年","経営体","64"
"0010","経営体数","180","林業経営体","67101","旧松任町","2015000000","2015年","経営体","-"
"0010","経営体数","180","林業経営体","67102","旧石川村","2015000000","2015年","経営体","-"
"0010","経営体数","180","林業経営体","67103","旧柏野村","2015000000","2015年","経営体","-"
"0010","経営体数","180","林業経営体","67104","旧笠間村","2015000000","2015年","経営体","-"
"0010","経営体数","180","林業経営体","67105","旧宮保村","2015000000","2015年","経営体","-"
"0010","経営体数","180","林業経営体","67106","旧一木村","2015000000","2015年","経営体","-"
"0010","経営体数","180","林業経営体","67107","旧出城村","2015000000","2015年","経営体","-"
"0010","経営体数","180","林業経営体","67108","旧御手洗村","2015000000","2015年","経営体","1"
"0010","経営体数","180","林業経営体","67109","旧旭村","2015000000","2015年","経営体","-"
"0010","経営体数","180","林業経営体","67110","旧郷村２－２","2015000000","2015年","経営体","-"
"0010","経営体数","180","林業経営体","67111","旧中奥村","2015000000","2015年","経営体","-"
"0010","経営体数","180","林業経営体","67112","旧林中村","2015000000","2015年","経営体","-"
"0010","経営体数","180","林業経営体","67113","旧山島村","2015000000","2015年","経営体","-"
"0010","経営体数","180","林業経営体","67114","旧湊村","2015000000","2015年","経営体","-"
"0010","経営体数","180","林業経営体","67115","旧美川町","2015000000","2015年","経営体","-"
"0010","経営体数","180","林業経営体","67116","旧蝶屋村","2015000000","2015年","経営体","-"
"0010","経営体数","180","林業経営体","67117","旧鶴来町","2015000000","2015年","経営体","2"
"0010","経営体数","180","林業経営体","67118","旧館畑村","2015000000","2015年","経営体","-"
"0010","経営体数","180","林業経営体","67119","旧林村","2015000000","2015年","経営体","4"
"0010","経営体数","180","林業経営体","67120","旧蔵山村","2015000000","2015年","経営体","-"
"0010","経営体数","180","林業経営体","67121","旧河内村２－２","2015000000","2015年","経営体","5"
"0010","経営体数","180","林業経営体","67122","旧河内村(河内村２－１)","2015000000","2015年","経営体","3"
"0010","経営体数","180","林業経営体","67123","旧吉野谷村","2015000000","2015年","経営体","13"
"0010","経営体数","180","林業経営体","67124","旧鳥越村","2015000000","2015年","経営体","32"
"0010","経営体数","180","林業経営体","67125","旧尾口村","2015000000","2015年","経営体","-"
"0010","経営体数","180","林業経営体","67126","旧白峰村","2015000000","2015年","経営体","4"
"0010","経営体数","180","林業経営体","17211","能美市","2015000000","2015年","経営体","34"
"0010","経営体数","180","林業経営体","67127","旧根上町","2015000000","2015年","経営体","2"
"0010","経営体数","180","林業経営体","67128","旧吉田村２－１","2015000000","2015年","経営体","-"
"0010","経営体数","180","林業経営体","67129","旧寺井野町","2015000000","2015年","経営体","-"
"0010","経営体数","180","林業経営体","67130","旧粟生村","2015000000","2015年","経営体","-"
"0010","経営体数","180","林業経営体","67131","旧吉田村２－２","2015000000","2015年","経営体","-"
"0010","経営体数","180","林業経営体","67132","旧久常村２－２","2015000000","2015年","経営体","-"
"0010","経営体数","180","林業経営体","67133","旧久常村２－１","2015000000","2015年","経営体","-"
"0010","経営体数","180","林業経営体","67134","旧国府村２－２","2015000000","2015年","経営体","22"
"0010","経営体数","180","林業経営体","67135","旧山上村","2015000000","2015年","経営体","10"
"0010","経営体数","180","林業経営体","17212","野々市市","2015000000","2015年","経営体","-"
"0010","経営体数","180","林業経営体","67136","旧野々市町","2015000000","2015年","経営体","-"
"0010","経営体数","180","林業経営体","67137","旧郷村２－１","2015000000","2015年","経営体","-"
"0010","経営体数","180","林業経営体","67138","旧富奥村","2015000000","2015年","経営体","-"
"0010","経営体数","180","林業経営体","67139","旧押野村２－２","2015000000","2015年","経営体","-"
"0010","経営体数","180","林業経営体","17324","川北町","2015000000","2015年","経営体","-"
"0010","経営体数","180","林業経営体","17361","津幡町","2015000000","2015年","経営体","23"
"0010","経営体数","180","林業経営体","67140","旧津幡町","2015000000","2015年","経営体","-"
"0010","経営体数","180","林業経営体","67141","旧中條村","2015000000","2015年","経営体","5"
"0010","経営体数","180","林業経営体","67142","旧井上村","2015000000","2015年","経営体","-"
"0010","経営体数","180","林業経営体","67143","旧花園村２－２","2015000000","2015年","経営体","1"
"0010","経営体数","180","林業経営体","67144","旧倶利伽羅村","2015000000","2015年","経営体","6"
"0010","経営体数","180","林業経営体","67145","旧笠谷村","2015000000","2015年","経営体","3"
"0010","経営体数","180","林業経営体","67146","旧英田村","2015000000","2015年","経営体","3"
"0010","経営体数","180","林業経営体","67147","旧河合谷村","2015000000","2015年","経営体","5"
"0010","経営体数","180","林業経営体","17365","内灘町","2015000000","2015年","経営体","-"
"0010","経営体数","180","林業経営体","17384","志賀町","2015000000","2015年","経営体","101"
"0010","経営体数","180","林業経営体","67148","旧高浜町","2015000000","2015年","経営体","-"
"0010","経営体数","180","林業経営体","67149","旧上甘田村２－２","2015000000","2015年","経営体","-"
"0010","経営体数","180","林業経営体","67150","旧中甘田村","2015000000","2015年","経営体","2"
"0010","経営体数","180","林業経営体","67151","旧下甘田村２－１","2015000000","2015年","経営体","5"
"0010","経営体数","180","林業経営体","67152","旧志加浦村","2015000000","2015年","経営体","1"
"0010","経営体数","180","林業経営体","67153","旧堀松村","2015000000","2015年","経営体","5"
"0010","経営体数","180","林業経営体","67154","旧加茂村","2015000000","2015年","経営体","14"
"0010","経営体数","180","林業経営体","67155","旧土田村","2015000000","2015年","経営体","12"
"0010","経営体数","180","林業経営体","67156","旧上熊野村","2015000000","2015年","経営体","13"
"0010","経営体数","180","林業経営体","67157","旧富来町","2015000000","2015年","経営体","9"
"0010","経営体数","180","林業経営体","67158","旧熊野村","2015000000","2015年","経営体","11"
"0010","経営体数","180","林業経営体","67159","旧稗造村","2015000000","2015年","経営体","15"
"0010","経営体数","180","林業経営体","67160","旧東増穂村","2015000000","2015年","経営体","10"
"0010","経営体数","180","林業経営体","67161","旧西増穂村","2015000000","2015年","経営体","4"
"0010","経営体数","180","林業経営体","67162","旧西海村","2015000000","2015年","経営体","-"
"0010","経営体数","180","林業経営体","67163","旧西浦村","2015000000","2015年","経営体","-"
"0010","経営体数","180","林業経営体","67164","旧福浦村","2015000000","2015年","経営体","-"
"0010","経営体数","180","林業経営体","17386","宝達志水町","2015000000","2015年","経営体","12"
"0010","経営体数","180","林業経営体","67165","旧志雄町","2015000000","2015年","経営体","7"
"0010","経営体数","180","林業経営体","67166","旧柏崎村２－２","2015000000","2015年","経営体","-"
"0010","経営体数","180","林業経営体","67167","旧北大海村","2015000000","2015年","経営体","1"
"0010","経営体数","180","林業経営体","67168","旧北荘村","2015000000","2015年","経営体","1"
"0010","経営体数","180","林業経営体","67169","旧中荘村","2015000000","2015年","経営体","3"
"0010","経営体数","180","林業経営体","67170","旧末森村","2015000000","2015年","経営体","-"
"0010","経営体数","180","林業経営体","67171","旧柏崎村２－１","2015000000","2015年","経営体","-"
"0010","経営体数","180","林業経営体","17407","中能登町","2015000000","2015年","経営体","17"
"0010","経営体数","180","林業経営体","67172","旧鳥屋町","2015000000","2015年","経営体","2"
"0010","経営体数","180","林業経営体","67173","旧相馬村２－２","2015000000","2015年","経営体","5"
"0010","経営体数","180","林業経営体","67174","旧越路町","2015000000","2015年","経営体","2"
"0010","経営体数","180","林業経営体","67175","旧御祖村","2015000000","2015年","経営体","1"
"0010","経営体数","180","林業経営体","67176","旧滝尾村","2015000000","2015年","経営体","-"
"0010","経営体数","180","林業経営体","67177","旧久江村","2015000000","2015年","経営体","1"
"0010","経営体数","180","林業経営体","67178","旧能登部町","2015000000","2015年","経営体","5"
"0010","経営体数","180","林業経営体","67179","旧金丸村","2015000000","2015年","経営体","1"
"0010","経営体数","180","林業経営体","17461","穴水町","2015000000","2015年","経営体","107"
"0010","経営体数","180","林業経営体","67180","旧穴水町","2015000000","2015年","経営体","61"
"0010","経営体数","180","林業経営体","67181","旧諸橋村","2015000000","2015年","経営体","5"
"0010","経営体数","180","林業経営体","67182","旧兜村","2015000000","2015年","経営体","9"
"0010","経営体数","180","林業経営体","67183","旧住吉村","2015000000","2015年","経営体","32"
"0010","経営体数","180","林業経営体","17463","能登町","2015000000","2015年","経営体","234"
"0010","経営体数","180","林業経営体","67184","旧宇出津町","2015000000","2015年","経営体","17"
"0010","経営体数","180","林業経営体","67185","旧鵜川町","2015000000","2015年","経営体","45"
"0010","経営体数","180","林業経営体","67186","旧神野村２－１","2015000000","2015年","経営体","20"
"0010","経営体数","180","林業経営体","67187","旧三波村","2015000000","2015年","経営体","14"
"0010","経営体数","180","林業経営体","67188","旧小木町２－１","2015000000","2015年","経営体","5"
"0010","経営体数","180","林業経営体","67189","旧柳田村","2015000000","2015年","経営体","101"
"0010","経営体数","180","林業経営体","67190","旧神野村２－２","2015000000","2015年","経営体","8"
"0010","経営体数","180","林業経営体","67191","旧小木町２－２","2015000000","2015年","経営体","1"
"0010","経営体数","180","林業経営体","67192","旧松波町","2015000000","2015年","経営体","23"
"0010","経営体数","180","林業経営体","18000","福井県","2015000000","2015年","経営体","1245"
"0010","経営体数","180","林業経営体","18201","福井市","2015000000","2015年","経営体","281"
"0010","経営体数","180","林業経営体","68001","旧福井市","2015000000","2015年","経営体","14"
"0010","経営体数","180","林業経営体","68002","旧西藤島村","2015000000","2015年","経営体","-"
"0010","経営体数","180","林業経営体","68003","旧西安居村","2015000000","2015年","経営体","15"
"0010","経営体数","180","林業経営体","68004","旧社村","2015000000","2015年","経営体","3"
"0010","経営体数","180","林業経営体","68005","旧中藤島村","2015000000","2015年","経営体","4"
"0010","経営体数","180","林業経営体","68006","旧河合村","2015000000","2015年","経営体","1"
"0010","経営体数","180","林業経営体","68007","旧六条村","2015000000","2015年","経営体","3"
"0010","経営体数","180","林業経営体","68008","旧大安寺村","2015000000","2015年","経営体","6"
"0010","経営体数","180","林業経営体","68009","旧麻生津村","2015000000","2015年","経営体","3"
"0010","経営体数","180","林業経営体","68010","旧国見村","2015000000","2015年","経営体","9"
"0010","経営体数","180","林業経営体","68011","旧岡保村","2015000000","2015年","経営体","1"
"0010","経営体数","180","林業経営体","68012","旧東藤島村","2015000000","2015年","経営体","1"
"0010","経営体数","180","林業経営体","68013","旧殿下村","2015000000","2015年","経営体","8"
"0010","経営体数","180","林業経営体","68014","旧鶉村","2015000000","2015年","経営体","1"
"0010","経営体数","180","林業経営体","68015","旧本郷村","2015000000","2015年","経営体","40"
"0010","経営体数","180","林業経営体","68016","旧棗村","2015000000","2015年","経営体","15"
"0010","経営体数","180","林業経営体","68017","旧鷹巣村","2015000000","2015年","経営体","8"
"0010","経営体数","180","林業経営体","68018","旧浜四郷村２－２","2015000000","2015年","経営体","-"
"0010","経営体数","180","林業経営体","68019","旧森田町","2015000000","2015年","経営体","1"
"0010","経営体数","180","林業経営体","68020","旧酒生村","2015000000","2015年","経営体","5"
"0010","経営体数","180","林業経営体","68021","旧一乗谷村","2015000000","2015年","経営体","10"
"0010","経営体数","180","林業経営体","68022","旧東郷村","2015000000","2015年","経営体","4"
"0010","経営体数","180","林業経営体","68023","旧上文殊村","2015000000","2015年","経営体","6"
"0010","経営体数","180","林業経営体","68024","旧下文殊村","2015000000","2015年","経営体","-"
"0010","経営体数","180","林業経営体","68025","旧羽生村","2015000000","2015年","経営体","28"
"0010","経営体数","180","林業経営体","68026","旧芦見村","2015000000","2015年","経営体","3"
"0010","経営体数","180","林業経営体","68027","旧上味見村","2015000000","2015年","経営体","17"
"0010","経営体数","180","林業経営体","68028","旧下味見村","2015000000","2015年","経営体","12"
"0010","経営体数","180","林業経営体","68029","旧上宇坂村","2015000000","2015年","経営体","11"
"0010","経営体数","180","林業経営体","68030","旧下宇坂村","2015000000","2015年","経営体","31"
"0010","経営体数","180","林業経営体","68031","旧越廼村","2015000000","2015年","経営体","-"
"0010","経営体数","180","林業経営体","68032","旧下岬村","2015000000","2015年","経営体","5"
"0010","経営体数","180","林業経営体","68033","旧志津村","2015000000","2015年","経営体","11"
"0010","経営体数","180","林業経営体","68034","旧三方村","2015000000","2015年","経営体","2"
"0010","経営体数","180","林業経営体","68035","旧天津村","2015000000","2015年","経営体","3"
"0010","経営体数","180","林業経営体","18202","敦賀市","2015000000","2015年","経営体","23"
"0010","経営体数","180","林業経営体","68036","旧敦賀市","2015000000","2015年","経営体","1"
"0010","経営体数","180","林業経営体","68037","旧東浦村","2015000000","2015年","経営体","8"
"0010","経営体数","180","林業経営体","68038","旧東郷村","2015000000","2015年","経営体","10"
"0010","経営体数","180","林業経営体","68039","旧中郷村","2015000000","2015年","経営体","3"
"0010","経営体数","180","林業経営体","68040","旧愛発村","2015000000","2015年","経営体","-"
"0010","経営体数","180","林業経営体","68041","旧粟野村","2015000000","2015年","経営体","1"
"0010","経営体数","180","林業経営体","18204","小浜市","2015000000","2015年","経営体","35"
"0010","経営体数","180","林業経営体","68042","旧小浜町","2015000000","2015年","経営体","-"
"0010","経営体数","180","林業経営体","68043","旧内外海村","2015000000","2015年","経営体","3"
"0010","経営体数","180","林業経営体","68044","旧国富村","2015000000","2015年","経営体","1"
"0010","経営体数","180","林業経営体","68045","旧遠敷村","2015000000","2015年","経営体","2"
"0010","経営体数","180","林業経営体","68046","旧今富村","2015000000","2015年","経営体","4"
"0010","経営体数","180","林業経営体","68047","旧松永村","2015000000","2015年","経営体","1"
"0010","経営体数","180","林業経営体","68048","旧口名田村","2015000000","2015年","経営体","8"
"0010","経営体数","180","林業経営体","68049","旧中名田村","2015000000","2015年","経営体","9"
"0010","経営体数","180","林業経営体","68050","旧宮川村","2015000000","2015年","経営体","3"
"0010","経営体数","180","林業経営体","68051","旧加斗村２－１","2015000000","2015年","経営体","4"
"0010","経営体数","180","林業経営体","18205","大野市","2015000000","2015年","経営体","79"
"0010","経営体数","180","林業経営体","68052","旧大野町","2015000000","2015年","経営体","7"
"0010","経営体数","180","林業経営体","68053","旧小山村","2015000000","2015年","経営体","10"
"0010","経営体数","180","林業経営体","68054","旧乾側村","2015000000","2015年","経営体","-"
"0010","経営体数","180","林業経営体","68055","旧下庄町","2015000000","2015年","経営体","14"
"0010","経営体数","180","林業経営体","68056","旧上庄村","2015000000","2015年","経営体","15"
"0010","経営体数","180","林業経営体","68057","旧五箇村","2015000000","2015年","経営体","10"
"0010","経営体数","180","林業経営体","68058","旧阪谷村","2015000000","2015年","経営体","10"
"0010","経営体数","180","林業経営体","68059","旧富田村","2015000000","2015年","経営体","3"
"0010","経営体数","180","林業経営体","68060","旧和泉村","2015000000","2015年","経営体","10"
"0010","経営体数","180","林業経営体","18206","勝山市","2015000000","2015年","経営体","95"
"0010","経営体数","180","林業経営体","68061","旧勝山町","2015000000","2015年","経営体","8"
"0010","経営体数","180","林業経営体","68062","旧平泉寺村","2015000000","2015年","経営体","17"
"0010","経営体数","180","林業経営体","68063","旧村岡村","2015000000","2015年","経営体","17"
"0010","経営体数","180","林業経営体","68064","旧北谷村","2015000000","2015年","経営体","8"
"0010","経営体数","180","林業経営体","68065","旧野向村","2015000000","2015年","経営体","1"
"0010","経営体数","180","林業経営体","68066","旧荒土村","2015000000","2015年","経営体","13"
"0010","経営体数","180","林業経営体","68067","旧北郷村","2015000000","2015年","経営体","5"
"0010","経営体数","180","林業経営体","68068","旧鹿谷村","2015000000","2015年","経営体","16"
"0010","経営体数","180","林業経営体","68069","旧遅羽村","2015000000","2015年","経営体","10"
"0010","経営体数","180","林業経営体","18207","鯖江市","2015000000","2015年","経営体","18"
"0010","経営体数","180","林業経営体","68070","旧鯖江町","2015000000","2015年","経営体","2"
"0010","経営体数","180","林業経営体","68071","旧神明町","2015000000","2015年","経営体","2"
"0010","経営体数","180","林業経営体","68072","旧中河村","2015000000","2015年","経営体","1"
"0010","経営体数","180","林業経営体","68073","旧片上村","2015000000","2015年","経営体","1"
"0010","経営体数","180","林業経営体","68074","旧立待村","2015000000","2015年","経営体","-"
"0010","経営体数","180","林業経営体","68075","旧吉川村","2015000000","2015年","経営体","1"
"0010","経営体数","180","林業経営体","68076","旧豊村","2015000000","2015年","経営体","5"
"0010","経営体数","180","林業経営体","68077","旧北中山村２－１","2015000000","2015年","経営体","1"
"0010","経営体数","180","林業経営体","68078","旧河和田村","2015000000","2015年","経営体","5"
"0010","経営体数","180","林業経営体","18208","あわら市","2015000000","2015年","経営体","38"
"0010","経営体数","180","林業経営体","68079","旧金津町","2015000000","2015年","経営体","-"
"0010","経営体数","180","林業経営体","68080","旧細呂木村","2015000000","2015年","経営体","9"
"0010","経営体数","180","林業経営体","68081","旧坪江村２－１","2015000000","2015年","経営体","12"
"0010","経営体数","180","林業経営体","68082","旧剱岳村","2015000000","2015年","経営体","10"
"0010","経営体数","180","林業経営体","68083","旧伊井村","2015000000","2015年","経営体","3"
"0010","経営体数","180","林業経営体","68084","旧吉崎村","2015000000","2015年","経営体","-"
"0010","経営体数","180","林業経営体","68085","旧本荘村３－３","2015000000","2015年","経営体","-"
"0010","経営体数","180","林業経営体","68086","旧芦原町","2015000000","2015年","経営体","2"
"0010","経営体数","180","林業経営体","68087","旧本荘村３－１","2015000000","2015年","経営体","-"
"0010","経営体数","180","林業経営体","68088","旧北潟村","2015000000","2015年","経営体","2"
"0010","経営体数","180","林業経営体","18209","越前市","2015000000","2015年","経営体","101"
"0010","経営体数","180","林業経営体","68089","旧武生市","2015000000","2015年","経営体","14"
"0010","経営体数","180","林業経営体","68090","旧国高村","2015000000","2015年","経営体","-"
"0010","経営体数","180","林業経営体","68091","旧大虫村","2015000000","2015年","経営体","8"
"0010","経営体数","180","林業経営体","68092","旧坂口村","2015000000","2015年","経営体","14"
"0010","経営体数","180","林業経営体","68093","旧王子保村","2015000000","2015年","経営体","12"
"0010","経営体数","180","林業経営体","68094","旧北新庄村２－１","2015000000","2015年","経営体","-"
"0010","経営体数","180","林業経営体","68095","旧北日野村","2015000000","2015年","経営体","4"
"0010","経営体数","180","林業経営体","68096","旧味真野村","2015000000","2015年","経営体","8"
"0010","経営体数","180","林業経営体","68097","旧白山村","2015000000","2015年","経営体","27"
"0010","経営体数","180","林業経営体","68098","旧粟田部町","2015000000","2015年","経営体","1"
"0010","経営体数","180","林業経営体","68099","旧岡本村","2015000000","2015年","経営体","5"
"0010","経営体数","180","林業経営体","68100","旧服間村","2015000000","2015年","経営体","6"
"0010","経営体数","180","林業経営体","68101","旧南中山村","2015000000","2015年","経営体","1"
"0010","経営体数","180","林業経営体","68102","旧北新庄村２－２","2015000000","2015年","経営体","-"
"0010","経営体数","180","林業経営体","68103","旧北中山村２－２","2015000000","2015年","経営体","1"
"0010","経営体数","180","林業経営体","18210","坂井市","2015000000","2015年","経営体","64"
"0010","経営体数","180","林業経営体","68104","旧三国町","2015000000","2015年","経営体","-"
"0010","経営体数","180","林業経営体","68105","旧新保村","2015000000","2015年","経営体","-"
"0010","経営体数","180","林業経営体","68106","旧雄島村","2015000000","2015年","経営体","1"
"0010","経営体数","180","林業経営体","68107","旧加戸村","2015000000","2015年","経営体","1"
"0010","経営体数","180","林業経営体","68108","旧木部村２－２","2015000000","2015年","経営体","-"
"0010","経営体数","180","林業経営体","68109","旧本荘村３－２","2015000000","2015年","経営体","-"
"0010","経営体数","180","林業経営体","68110","旧浜四郷村２－１","2015000000","2015年","経営体","-"
"0010","経営体数","180","林業経営体","68111","旧丸岡町","2015000000","2015年","経営体","-"
"0010","経営体数","180","林業経営体","68112","旧坪江村２－２","2015000000","2015年","経営体","4"
"0010","経営体数","180","林業経営体","68113","旧磯部村２－１","2015000000","2015年","経営体","1"
"0010","経営体数","180","林業経営体","68114","旧鳴鹿村２－１","2015000000","2015年","経営体","9"
"0010","経営体数","180","林業経営体","68115","旧竹田村","2015000000","2015年","経営体","23"
"0010","経営体数","180","林業経営体","68116","旧長畝村","2015000000","2015年","経営体","15"
"0010","経営体数","180","林業経営体","68117","旧高椋村","2015000000","2015年","経営体","8"
"0010","経営体数","180","林業経営体","68118","旧春江町","2015000000","2015年","経営体","-"
"0010","経営体数","180","林業経営体","68119","旧大石村","2015000000","2015年","経営体","-"
"0010","経営体数","180","林業経営体","68120","旧磯部村２－２","2015000000","2015年","経営体","2"
"0010","経営体数","180","林業経営体","68121","旧東十郷村","2015000000","2015年","経営体","-"
"0010","経営体数","180","林業経営体","68122","旧大関村","2015000000","2015年","経営体","-"
"0010","経営体数","180","林業経営体","68123","旧木部村２－１","2015000000","2015年","経営体","-"
"0010","経営体数","180","林業経営体","68124","旧兵庫村","2015000000","2015年","経営体","-"
"0010","経営体数","180","林業経営体","18322","永平寺町","2015000000","2015年","経営体","41"
"0010","経営体数","180","林業経営体","68125","旧松岡町","2015000000","2015年","経営体","-"
"0010","経営体数","180","林業経営体","68126","旧五領ヶ島村","2015000000","2015年","経営体","-"
"0010","経営体数","180","林業経営体","68127","旧吉野村","2015000000","2015年","経営体","3"
"0010","経営体数","180","林業経営体","68128","旧下志比村２－２","2015000000","2015年","経営体","-"
"0010","経営体数","180","林業経営体","68129","旧志比谷村","2015000000","2015年","経営体","18"
"0010","経営体数","180","林業経営体","68130","旧浄法寺村","2015000000","2015年","経営体","10"
"0010","経営体数","180","林業経営体","68131","旧下志比村２－１","2015000000","2015年","経営体","1"
"0010","経営体数","180","林業経営体","68132","旧鳴鹿村２－２","2015000000","2015年","経営体","-"
"0010","経営体数","180","林業経営体","68133","旧上志比村","2015000000","2015年","経営体","9"
"0010","経営体数","180","林業経営体","18382","池田町","2015000000","2015年","経営体","44"
"0010","経営体数","180","林業経営体","68134","旧上池田村","2015000000","2015年","経営体","38"
"0010","経営体数","180","林業経営体","68135","旧下池田村","2015000000","2015年","経営体","6"
"0010","経営体数","180","林業経営体","18404","南越前町","2015000000","2015年","経営体","149"
"0010","経営体数","180","林業経営体","68136","旧南日野村","2015000000","2015年","経営体","10"
"0010","経営体数","180","林業経営体","68137","旧北杣山村","2015000000","2015年","経営体","20"
"0010","経営体数","180","林業経営体","68138","旧南杣山村","2015000000","2015年","経営体","14"
"0010","経営体数","180","林業経営体","68139","旧湯尾村","2015000000","2015年","経営体","15"
"0010","経営体数","180","林業経営体","68140","旧鹿蒜村","2015000000","2015年","経営体","18"
"0010","経営体数","180","林業経営体","68141","旧今庄村","2015000000","2015年","経営体","3"
"0010","経営体数","180","林業経営体","68142","旧宅良村","2015000000","2015年","経営体","24"
"0010","経営体数","180","林業経営体","68143","旧堺村","2015000000","2015年","経営体","34"
"0010","経営体数","180","林業経営体","68144","旧河野村","2015000000","2015年","経営体","11"
"0010","経営体数","180","林業経営体","18423","越前町","2015000000","2015年","経営体","87"
"0010","経営体数","180","林業経営体","68145","旧朝日町","2015000000","2015年","経営体","7"
"0010","経営体数","180","林業経営体","68146","旧常磐村２－１","2015000000","2015年","経営体","3"
"0010","経営体数","180","林業経営体","68147","旧糸生村","2015000000","2015年","経営体","24"
"0010","経営体数","180","林業経営体","68148","旧宮崎村","2015000000","2015年","経営体","20"
"0010","経営体数","180","林業経営体","68149","旧四ヶ浦町","2015000000","2015年","経営体","4"
"0010","経営体数","180","林業経営体","68150","旧城崎村","2015000000","2015年","経営体","1"
"0010","経営体数","180","林業経営体","68151","旧織田村","2015000000","2015年","経営体","16"
"0010","経営体数","180","林業経営体","68152","旧萩野村","2015000000","2015年","経営体","10"
"0010","経営体数","180","林業経営体","68153","旧常磐村２－２","2015000000","2015年","経営体","2"
"0010","経営体数","180","林業経営体","18442","美浜町","2015000000","2015年","経営体","12"
"0010","経営体数","180","林業経営体","68154","旧山東村","2015000000","2015年","経営体","8"
"0010","経営体数","180","林業経営体","68155","旧耳村","2015000000","2015年","経営体","3"
"0010","経営体数","180","林業経営体","68156","旧南西郷村","2015000000","2015年","経営体","1"
"0010","経営体数","180","林業経営体","68157","旧北西郷村","2015000000","2015年","経営体","-"
"0010","経営体数","180","林業経営体","18481","高浜町","2015000000","2015年","経営体","42"
"0010","経営体数","180","林業経営体","68158","旧高浜町","2015000000","2015年","経営体","12"
"0010","経営体数","180","林業経営体","68159","旧和田村","2015000000","2015年","経営体","8"
"0010","経営体数","180","林業経営体","68160","旧青郷村","2015000000","2015年","経営体","18"
"0010","経営体数","180","林業経営体","68161","旧内浦村","2015000000","2015年","経営体","4"
"0010","経営体数","180","林業経営体","18483","おおい町","2015000000","2015年","経営体","97"
"0010","経営体数","180","林業経営体","68162","旧知三村","2015000000","2015年","経営体","44"
"0010","経営体数","180","林業経営体","68163","旧奥名田村","2015000000","2015年","経営体","23"
"0010","経営体数","180","林業経営体","68164","旧佐分利村","2015000000","2015年","経営体","20"
"0010","経営体数","180","林業経営体","68165","旧本郷村","2015000000","2015年","経営体","7"
"0010","経営体数","180","林業経営体","68166","旧大島村","2015000000","2015年","経営体","3"
"0010","経営体数","180","林業経営体","68167","旧加斗村２－２","2015000000","2015年","経営体","-"
"0010","経営体数","180","林業経営体","18501","若狭町","2015000000","2015年","経営体","39"
"0010","経営体数","180","林業経営体","68168","旧西田村","2015000000","2015年","経営体","8"
"0010","経営体数","180","林業経営体","68169","旧八村","2015000000","2015年","経営体","9"
"0010","経営体数","180","林業経営体","68170","旧十村","2015000000","2015年","経営体","7"
"0010","経営体数","180","林業経営体","68171","旧鳥羽村","2015000000","2015年","経営体","4"
"0010","経営体数","180","林業経営体","68172","旧野木村","2015000000","2015年","経営体","2"
"0010","経営体数","180","林業経営体","68173","旧瓜生村","2015000000","2015年","経営体","4"
"0010","経営体数","180","林業経営体","68174","旧三宅村","2015000000","2015年","経営体","4"
"0010","経営体数","180","林業経営体","68175","旧熊川村","2015000000","2015年","経営体","1"
"0010","経営体数","230","林業経営体_うち組織経営体","15000","新潟県","2015000000","2015年","経営体","226"
"0010","経営体数","230","林業経営体_うち組織経営体","15100","新潟市","2015000000","2015年","経営体","2"
"0010","経営体数","230","林業経営体_うち組織経営体","15101","北区","2015000000","2015年","経営体","-"
"0010","経営体数","230","林業経営体_うち組織経営体","65001","旧松ヶ崎浜村２－１","2015000000","2015年","経営体","-"
"0010","経営体数","230","林業経営体_うち組織経営体","65002","旧濁川村","2015000000","2015年","経営体","-"
"0010","経営体数","230","林業経営体_うち組織経営体","65003","旧南浜村","2015000000","2015年","経営体","-"
"0010","経営体数","230","林業経営体_うち組織経営体","65004","旧木崎村２－２","2015000000","2015年","経営体","-"
"0010","経営体数","230","林業経営体_うち組織経営体","65005","旧葛塚町","2015000000","2015年","経営体","-"
"0010","経営体数","230","林業経営体_うち組織経営体","65006","旧木崎村２－１","2015000000","2015年","経営体","-"
"0010","経営体数","230","林業経営体_うち組織経営体","65007","旧岡方村","2015000000","2015年","経営体","-"
"0010","経営体数","230","林業経営体_うち組織経営体","65008","旧長浦村","2015000000","2015年","経営体","-"
"0010","経営体数","230","林業経営体_うち組織経営体","15102","東区","2015000000","2015年","経営体","-"
"0010","経営体数","230","林業経営体_うち組織経営体","65009","旧新潟市２－１","2015000000","2015年","経営体","-"
"0010","経営体数","230","林業経営体_うち組織経営体","65010","旧石山村２－１","2015000000","2015年","経営体","-"
"0010","経営体数","230","林業経営体_うち組織経営体","65011","旧大形村","2015000000","2015年","経営体","-"
"0010","経営体数","230","林業経営体_うち組織経営体","65012","旧松ヶ崎浜村２－２","2015000000","2015年","経営体","-"
"0010","経営体数","230","林業経営体_うち組織経営体","15103","中央区","2015000000","2015年","経営体","1"
"0010","経営体数","230","林業経営体_うち組織経営体","65013","旧新潟市２－２","2015000000","2015年","経営体","-"
"0010","経営体数","230","林業経営体_うち組織経営体","65014","旧石山村２－２","2015000000","2015年","経営体","-"
"0010","経営体数","230","林業経営体_うち組織経営体","65015","旧鳥屋野村","2015000000","2015年","経営体","1"
"0010","経営体数","230","林業経営体_うち組織経営体","65016","旧曽野木村２－１－１","2015000000","2015年","経営体","-"
"0010","経営体数","230","林業経営体_うち組織経営体","15104","江南区","2015000000","2015年","経営体","-"
"0010","経営体数","230","林業経営体_うち組織経営体","65017","旧大江山村","2015000000","2015年","経営体","-"
"0010","経営体数","230","林業経営体_うち組織経営体","65018","旧曽野木村２－１－２","2015000000","2015年","経営体","-"
"0010","経営体数","230","林業経営体_うち組織経営体","65019","旧両川村","2015000000","2015年","経営体","-"
"0010","経営体数","230","林業経営体_うち組織経営体","65020","旧横越町","2015000000","2015年","経営体","-"
"0010","経営体数","230","林業経営体_うち組織経営体","65021","旧亀田町","2015000000","2015年","経営体","-"
"0010","経営体数","230","林業経営体_うち組織経営体","15105","秋葉区","2015000000","2015年","経営体","-"
"0010","経営体数","230","林業経営体_うち組織経営体","65022","旧新津町","2015000000","2015年","経営体","-"
"0010","経営体数","230","林業経営体_うち組織経営体","65023","旧金津村","2015000000","2015年","経営体","-"
"0010","経営体数","230","林業経営体_うち組織経営体","65024","旧小合村","2015000000","2015年","経営体","-"
"0010","経営体数","230","林業経営体_うち組織経営体","65025","旧新関村２－１","2015000000","2015年","経営体","-"
"0010","経営体数","230","林業経営体_うち組織経営体","65026","旧小須戸町","2015000000","2015年","経営体","-"
"0010","経営体数","230","林業経営体_うち組織経営体","15106","南区","2015000000","2015年","経営体","-"
"0010","経営体数","230","林業経営体_うち組織経営体","65027","旧白根町","2015000000","2015年","経営体","-"
"0010","経営体数","230","林業経営体_うち組織経営体","65028","旧須田村２－２","2015000000","2015年","経営体","-"
"0010","経営体数","230","林業経営体_うち組織経営体","65029","旧新飯田村","2015000000","2015年","経営体","-"
"0010","経営体数","230","林業経営体_うち組織経営体","65030","旧庄瀬村","2015000000","2015年","経営体","-"
"0010","経営体数","230","林業経営体_うち組織経営体","65031","旧小林村","2015000000","2015年","経営体","-"
"0010","経営体数","230","林業経営体_うち組織経営体","65032","旧臼井村","2015000000","2015年","経営体","-"
"0010","経営体数","230","林業経営体_うち組織経営体","65033","旧鷲巻村","2015000000","2015年","経営体","-"
"0010","経営体数","230","林業経営体_うち組織経営体","65034","旧大郷村","2015000000","2015年","経営体","-"
"0010","経営体数","230","林業経営体_うち組織経営体","65035","旧根岸村","2015000000","2015年","経営体","-"
"0010","経営体数","230","林業経営体_うち組織経営体","65036","旧茨曽根村","2015000000","2015年","経営体","-"
"0010","経営体数","230","林業経営体_うち組織経営体","65037","旧曽野木村２－１－３","2015000000","2015年","経営体","-"
"0010","経営体数","230","林業経営体_うち組織経営体","65038","旧曽野木村２－２","2015000000","2015年","経営体","-"
"0010","経営体数","230","林業経営体_うち組織経営体","65039","旧味方村","2015000000","2015年","経営体","-"
"0010","経営体数","230","林業経営体_うち組織経営体","65040","旧月潟村","2015000000","2015年","経営体","-"
"0010","経営体数","230","林業経営体_うち組織経営体","15107","西区","2015000000","2015年","経営体","1"
"0010","経営体数","230","林業経営体_うち組織経営体","65041","旧坂井輪村","2015000000","2015年","経営体","-"
"0010","経営体数","230","林業経営体_うち組織経営体","65042","旧内野町","2015000000","2015年","経営体","-"
"0010","経営体数","230","林業経営体_うち組織経営体","65043","旧赤塚村","2015000000","2015年","経営体","-"
"0010","経営体数","230","林業経営体_うち組織経営体","65044","旧中野小屋村","2015000000","2015年","経営体","1"
"0010","経営体数","230","林業経営体_うち組織経営体","65045","旧黒埼町","2015000000","2015年","経営体","-"
"0010","経営体数","230","林業経営体_うち組織経営体","65046","旧角田村２－１","2015000000","2015年","経営体","-"
"0010","経営体数","230","林業経営体_うち組織経営体","15108","西蒲区","2015000000","2015年","経営体","-"
"0010","経営体数","230","林業経営体_うち組織経営体","65047","旧岩室村","2015000000","2015年","経営体","-"
"0010","経営体数","230","林業経営体_うち組織経営体","65048","旧間瀬村","2015000000","2015年","経営体","-"
"0010","経営体数","230","林業経営体_うち組織経営体","65049","旧和納村３－１","2015000000","2015年","経営体","-"
"0010","経営体数","230","林業経営体_うち組織経営体","65050","旧鎧郷村２－１","2015000000","2015年","経営体","-"
"0010","経営体数","230","林業経営体_うち組織経営体","65051","旧曽根町","2015000000","2015年","経営体","-"
"0010","経営体数","230","林業経営体_うち組織経営体","65052","旧升潟村","2015000000","2015年","経営体","-"
"0010","経営体数","230","林業経営体_うち組織経営体","65053","旧四ツ合村２－２","2015000000","2015年","経営体","-"
"0010","経営体数","230","林業経営体_うち組織経営体","65054","旧四ツ合村２－１","2015000000","2015年","経営体","-"
"0010","経営体数","230","林業経営体_うち組織経営体","65055","旧大原村","2015000000","2015年","経営体","-"
"0010","経営体数","230","林業経営体_うち組織経営体","65056","旧小吉村","2015000000","2015年","経営体","-"
"0010","経営体数","230","林業経営体_うち組織経営体","65057","旧道上村","2015000000","2015年","経営体","-"
"0010","経営体数","230","林業経営体_うち組織経営体","65058","旧松長村２－２","2015000000","2015年","経営体","-"
"0010","経営体数","230","林業経営体_うち組織経営体","65059","旧巻町","2015000000","2015年","経営体","-"
"0010","経営体数","230","林業経営体_うち組織経営体","65060","旧鎧郷村２－２","2015000000","2015年","経営体","-"
"0010","経営体数","230","林業経営体_うち組織経営体","65061","旧漆山村","2015000000","2015年","経営体","-"
"0010","経営体数","230","林業経営体_うち組織経営体","65062","旧峰岡村","2015000000","2015年","経営体","-"
"0010","経営体数","230","林業経営体_うち組織経営体","65063","旧松野尾村","2015000000","2015年","経営体","-"
"0010","経営体数","230","林業経営体_うち組織経営体","65064","旧角田村２－２","2015000000","2015年","経営体","-"
"0010","経営体数","230","林業経営体_うち組織経営体","65065","旧浦浜村","2015000000","2015年","経営体","-"
"0010","経営体数","230","林業経営体_うち組織経営体","65066","旧和納村３－３","2015000000","2015年","経営体","-"
"0010","経営体数","230","林業経営体_うち組織経営体","15202","長岡市","2015000000","2015年","経営体","3"
"0010","経営体数","230","林業経営体_うち組織経営体","65067","旧長岡市","2015000000","2015年","経営体","-"
"0010","経営体数","230","林業経営体_うち組織経営体","65068","旧下川西村","2015000000","2015年","経営体","-"
"0010","経営体数","230","林業経営体_うち組織経営体","65069","旧黒条村","2015000000","2015年","経営体","-"
"0010","経営体数","230","林業経営体_うち組織経営体","65070","旧栖吉村","2015000000","2015年","経営体","-"
"0010","経営体数","230","林業経営体_うち組織経営体","65071","旧山本村","2015000000","2015年","経営体","-"
"0010","経営体数","230","林業経営体_うち組織経営体","65072","旧富曽亀村","2015000000","2015年","経営体","-"
"0010","経営体数","230","林業経営体_うち組織経営体","65073","旧新組村２－１","2015000000","2015年","経営体","-"
"0010","経営体数","230","林業経営体_うち組織経営体","65074","旧上川西村","2015000000","2015年","経営体","-"
"0010","経営体数","230","林業経営体_うち組織経営体","65075","旧福戸村","2015000000","2015年","経営体","-"
"0010","経営体数","230","林業経営体_うち組織経営体","65076","旧王寺川村","2015000000","2015年","経営体","-"
"0010","経営体数","230","林業経営体_うち組織経営体","65077","旧日越村","2015000000","2015年","経営体","-"
"0010","経営体数","230","林業経営体_うち組織経営体","65078","旧深才村","2015000000","2015年","経営体","-"
"0010","経営体数","230","林業経営体_うち組織経営体","65079","旧宮内町","2015000000","2015年","経営体","-"
"0010","経営体数","230","林業経営体_うち組織経営体","65080","旧十日町村","2015000000","2015年","経営体","-"
"0010","経営体数","230","林業経営体_うち組織経営体","65081","旧六日市村２－１","2015000000","2015年","経営体","-"
"0010","経営体数","230","林業経営体_うち組織経営体","65082","旧太田村２－１","2015000000","2015年","経営体","-"
"0010","経営体数","230","林業経営体_うち組織経営体","65083","旧関原町","2015000000","2015年","経営体","-"
"0010","経営体数","230","林業経営体_うち組織経営体","65084","旧日吉村２－２","2015000000","2015年","経営体","1"
"0010","経営体数","230","林業経営体_うち組織経営体","65085","旧黒川村２－２","2015000000","2015年","経営体","-"
"0010","経営体数","230","林業経営体_うち組織経営体","65086","旧宮本村","2015000000","2015年","経営体","-"
"0010","経営体数","230","林業経営体_うち組織経営体","65087","旧大積村","2015000000","2015年","経営体","-"
"0010","経営体数","230","林業経営体_うち組織経営体","65088","旧中之島町","2015000000","2015年","経営体","-"
"0010","経営体数","230","林業経営体_うち組織経営体","65089","旧来迎寺村","2015000000","2015年","経営体","-"
"0010","経営体数","230","林業経営体_うち組織経営体","65090","旧石津村","2015000000","2015年","経営体","-"
"0010","経営体数","230","林業経営体_うち組織経営体","65091","旧塚山村","2015000000","2015年","経営体","1"
"0010","経営体数","230","林業経営体_うち組織経営体","65092","旧千谷沢村２－１","2015000000","2015年","経営体","-"
"0010","経営体数","230","林業経営体_うち組織経営体","65093","旧岩塚村","2015000000","2015年","経営体","-"
"0010","経営体数","230","林業経営体_うち組織経営体","65094","旧脇野町","2015000000","2015年","経営体","-"
"0010","経営体数","230","林業経営体_うち組織経営体","65095","旧大津村２－１","2015000000","2015年","経営体","-"
"0010","経営体数","230","林業経営体_うち組織経営体","65096","旧日吉村２－１","2015000000","2015年","経営体","-"
"0010","経営体数","230","林業経営体_うち組織経営体","65097","旧種苧原村","2015000000","2015年","経営体","-"
"0010","経営体数","230","林業経営体_うち組織経営体","65098","旧太田村２－２","2015000000","2015年","経営体","-"
"0010","経営体数","230","林業経営体_うち組織経営体","65099","旧竹沢村","2015000000","2015年","経営体","-"
"0010","経営体数","230","林業経営体_うち組織経営体","65100","旧東竹沢村２－１","2015000000","2015年","経営体","-"
"0010","経営体数","230","林業経営体_うち組織経営体","65101","旧仙田村３－２","2015000000","2015年","経営体","-"
"0010","経営体数","230","林業経営体_うち組織経営体","65102","旧上小国村","2015000000","2015年","経営体","-"
"0010","経営体数","230","林業経営体_うち組織経営体","65103","旧小国村","2015000000","2015年","経営体","-"
"0010","経営体数","230","林業経営体_うち組織経営体","65104","旧山横沢村","2015000000","2015年","経営体","-"
"0010","経営体数","230","林業経営体_うち組織経営体","65105","旧千谷沢村２－２","2015000000","2015年","経営体","-"
"0010","経営体数","230","林業経営体_うち組織経営体","65106","旧桐島村","2015000000","2015年","経営体","-"
"0010","経営体数","230","林業経営体_うち組織経営体","65107","旧島田村","2015000000","2015年","経営体","1"
"0010","経営体数","230","林業経営体_うち組織経営体","65108","旧西越村２－２","2015000000","2015年","経営体","-"
"0010","経営体数","230","林業経営体_うち組織経営体","65109","旧寺泊町","2015000000","2015年","経営体","-"
"0010","経営体数","230","林業経営体_うち組織経営体","65110","旧大河津村３－１","2015000000","2015年","経営体","-"
"0010","経営体数","230","林業経営体_うち組織経営体","65111","旧栃尾町","2015000000","2015年","経営体","-"
"0010","経営体数","230","林業経営体_うち組織経営体","65112","旧上北谷村２－２","2015000000","2015年","経営体","-"
"0010","経営体数","230","林業経営体_うち組織経営体","65113","旧下塩谷村","2015000000","2015年","経営体","-"
"0010","経営体数","230","林業経営体_うち組織経営体","65114","旧上塩谷村","2015000000","2015年","経営体","-"
"0010","経営体数","230","林業経営体_うち組織経営体","65115","旧東谷村","2015000000","2015年","経営体","-"
"0010","経営体数","230","林業経営体_うち組織経営体","65116","旧入東谷村","2015000000","2015年","経営体","-"
"0010","経営体数","230","林業経営体_うち組織経営体","65117","旧荷頃村","2015000000","2015年","経営体","-"
"0010","経営体数","230","林業経営体_うち組織経営体","65118","旧西谷村","2015000000","2015年","経営体","-"
"0010","経営体数","230","林業経営体_うち組織経営体","65119","旧中野俣村","2015000000","2015年","経営体","-"
"0010","経営体数","230","林業経営体_うち組織経営体","65120","旧半蔵金村","2015000000","2015年","経営体","-"
"0010","経営体数","230","林業経営体_うち組織経営体","65121","旧与板町","2015000000","2015年","経営体","-"
"0010","経営体数","230","林業経営体_うち組織経営体","65122","旧大河津村３－３","2015000000","2015年","経営体","-"
"0010","経営体数","230","林業経営体_うち組織経営体","65123","旧黒川村２－１","2015000000","2015年","経営体","-"
"0010","経営体数","230","林業経営体_うち組織経営体","65124","旧大津村２－２","2015000000","2015年","経営体","-"
"0010","経営体数","230","林業経営体_うち組織経営体","65125","旧川口村","2015000000","2015年","経営体","-"
"0010","経営体数","230","林業経営体_うち組織経営体","65126","旧東山村２－２","2015000000","2015年","経営体","-"
"0010","経営体数","230","林業経営体_うち組織経営体","65127","旧田麦山村","2015000000","2015年","経営体","-"
"0010","経営体数","230","林業経営体_うち組織経営体","15204","三条市","2015000000","2015年","経営体","1"
"0010","経営体数","230","林業経営体_うち組織経営体","65128","旧三条市","2015000000","2015年","経営体","-"
"0010","経営体数","230","林業経営体_うち組織経営体","65129","旧井栗村","2015000000","2015年","経営体","-"
"0010","経営体数","230","林業経営体_うち組織経営体","65130","旧大崎村","2015000000","2015年","経営体","-"
"0010","経営体数","230","林業経営体_うち組織経営体","65131","旧本成寺村","2015000000","2015年","経営体","-"
"0010","経営体数","230","林業経営体_うち組織経営体","65132","旧大島村２－１","2015000000","2015年","経営体","-"
"0010","経営体数","230","林業経営体_うち組織経営体","65133","旧福島村","2015000000","2015年","経営体","-"
"0010","経営体数","230","林業経営体_うち組織経営体","65134","旧大面村","2015000000","2015年","経営体","-"
"0010","経営体数","230","林業経営体_うち組織経営体","65135","旧長沢村","2015000000","2015年","経営体","-"
"0010","経営体数","230","林業経営体_うち組織経営体","65136","旧森町村","2015000000","2015年","経営体","1"
"0010","経営体数","230","林業経営体_うち組織経営体","65137","旧鹿峠村","2015000000","2015年","経営体","-"
"0010","経営体数","230","林業経営体_うち組織経営体","15205","柏崎市","2015000000","2015年","経営体","5"
"0010","経営体数","230","林業経営体_うち組織経営体","65138","旧柏崎市","2015000000","2015年","経営体","1"
"0010","経営体数","230","林業経営体_うち組織経営体","65139","旧西中通村","2015000000","2015年","経営体","-"
"0010","経営体数","230","林業経営体_うち組織経営体","65140","旧荒浜村","2015000000","2015年","経営体","1"
"0010","経営体数","230","林業経営体_うち組織経営体","65141","旧北鯖石村","2015000000","2015年","経営体","1"
"0010","経営体数","230","林業経営体_うち組織経営体","65142","旧田尻村","2015000000","2015年","経営体","-"
"0010","経営体数","230","林業経営体_うち組織経営体","65143","旧高田村","2015000000","2015年","経営体","-"
"0010","経営体数","230","林業経営体_うち組織経営体","65144","旧中通村２－１","2015000000","2015年","経営体","-"
"0010","経営体数","230","林業経営体_うち組織経営体","65145","旧上米山村","2015000000","2015年","経営体","-"
"0010","経営体数","230","林業経営体_うち組織経営体","65146","旧米山村２－１","2015000000","2015年","経営体","-"
"0010","経営体数","230","林業経営体_うち組織経営体","65147","旧高浜町","2015000000","2015年","経営体","-"
"0010","経営体数","230","林業経営体_うち組織経営体","65148","旧上条村","2015000000","2015年","経営体","1"
"0010","経営体数","230","林業経営体_うち組織経営体","65149","旧南鯖石村","2015000000","2015年","経営体","-"
"0010","経営体数","230","林業経営体_うち組織経営体","65150","旧中鯖石村","2015000000","2015年","経営体","1"
"0010","経営体数","230","林業経営体_うち組織経営体","65151","旧野田村","2015000000","2015年","経営体","-"
"0010","経営体数","230","林業経営体_うち組織経営体","65152","旧鵜川村","2015000000","2015年","経営体","-"
"0010","経営体数","230","林業経営体_うち組織経営体","65153","旧北条村","2015000000","2015年","経営体","-"
"0010","経営体数","230","林業経営体_うち組織経営体","65154","旧米山村２－２－２","2015000000","2015年","経営体","-"
"0010","経営体数","230","林業経営体_うち組織経営体","65155","旧高柳村","2015000000","2015年","経営体","-"
"0010","経営体数","230","林業経営体_うち組織経営体","65156","旧石黒村","2015000000","2015年","経営体","-"
"0010","経営体数","230","林業経営体_うち組織経営体","65157","旧山平村２－２","2015000000","2015年","経営体","-"
"0010","経営体数","230","林業経営体_うち組織経営体","65158","旧内郷村","2015000000","2015年","経営体","-"
"0010","経営体数","230","林業経営体_うち組織経営体","65159","旧石地町","2015000000","2015年","経営体","-"
"0010","経営体数","230","林業経営体_うち組織経営体","65160","旧二田村２－１","2015000000","2015年","経営体","-"
"0010","経営体数","230","林業経営体_うち組織経営体","15206","新発田市","2015000000","2015年","経営体","5"
"0010","経営体数","230","林業経営体_うち組織経営体","65161","旧新発田市","2015000000","2015年","経営体","1"
"0010","経営体数","230","林業経営体_うち組織経営体","65162","旧五十公野村","2015000000","2015年","経営体","-"
"0010","経営体数","230","林業経営体_うち組織経営体","65163","旧松浦村","2015000000","2015年","経営体","-"
"0010","経営体数","230","林業経営体_うち組織経営体","65164","旧米倉村","2015000000","2015年","経営体","-"
"0010","経営体数","230","林業経営体_うち組織経営体","65165","旧赤谷村","2015000000","2015年","経営体","-"
"0010","経営体数","230","林業経営体_うち組織経営体","65166","旧川東村","2015000000","2015年","経営体","1"
"0010","経営体数","230","林業経営体_うち組織経営体","65167","旧菅谷村","2015000000","2015年","経営体","1"
"0010","経営体数","230","林業経営体_うち組織経営体","65168","旧加治村２－２","2015000000","2015年","経営体","-"
"0010","経営体数","230","林業経営体_うち組織経営体","65169","旧佐々木村","2015000000","2015年","経営体","1"
"0010","経営体数","230","林業経営体_うち組織経営体","65170","旧中浦村２－２","2015000000","2015年","経営体","-"
"0010","経営体数","230","林業経営体_うち組織経営体","65171","旧中浦村２－１","2015000000","2015年","経営体","-"
"0010","経営体数","230","林業経営体_うち組織経営体","65172","旧本田村","2015000000","2015年","経営体","-"
"0010","経営体数","230","林業経営体_うち組織経営体","65173","旧神山村３－３","2015000000","2015年","経営体","-"
"0010","経営体数","230","林業経営体_うち組織経営体","65174","旧加治村２－１","2015000000","2015年","経営体","-"
"0010","経営体数","230","林業経営体_うち組織経営体","65175","旧金塚村２－１","2015000000","2015年","経営体","1"
"0010","経営体数","230","林業経営体_うち組織経営体","65176","旧紫雲寺村","2015000000","2015年","経営体","-"
"0010","経営体数","230","林業経営体_うち組織経営体","65177","旧松塚村２－１","2015000000","2015年","経営体","-"
"0010","経営体数","230","林業経営体_うち組織経営体","15208","小千谷市","2015000000","2015年","経営体","-"
"0010","経営体数","230","林業経営体_うち組織経営体","65178","旧小千谷町","2015000000","2015年","経営体","-"
"0010","経営体数","230","林業経営体_うち組織経営体","65179","旧城川村","2015000000","2015年","経営体","-"
"0010","経営体数","230","林業経営体_うち組織経営体","65180","旧千田村","2015000000","2015年","経営体","-"
"0010","経営体数","230","林業経営体_うち組織経営体","65181","旧川井村","2015000000","2015年","経営体","-"
"0010","経営体数","230","林業経営体_うち組織経営体","65182","旧六日市村２－２","2015000000","2015年","経営体","-"
"0010","経営体数","230","林業経営体_うち組織経営体","65183","旧東山村２－１","2015000000","2015年","経営体","-"
"0010","経営体数","230","林業経営体_うち組織経営体","65184","旧岩沢村","2015000000","2015年","経営体","-"
"0010","経営体数","230","林業経営体_うち組織経営体","65185","旧真人村","2015000000","2015年","経営体","-"
"0010","経営体数","230","林業経営体_うち組織経営体","65186","旧片貝町","2015000000","2015年","経営体","-"
"0010","経営体数","230","林業経営体_うち組織経営体","15209","加茂市","2015000000","2015年","経営体","4"
"0010","経営体数","230","林業経営体_うち組織経営体","65187","旧加茂町","2015000000","2015年","経営体","2"
"0010","経営体数","230","林業経営体_うち組織経営体","65188","旧下条村","2015000000","2015年","経営体","-"
"0010","経営体数","230","林業経営体_うち組織経営体","65189","旧七谷村","2015000000","2015年","経営体","2"
"0010","経営体数","230","林業経営体_うち組織経営体","65190","旧須田村２－１","2015000000","2015年","経営体","-"
"0010","経営体数","230","林業経営体_うち組織経営体","15210","十日町市","2015000000","2015年","経営体","10"
"0010","経営体数","230","林業経営体_うち組織経営体","65191","旧十日町","2015000000","2015年","経営体","-"
"0010","経営体数","230","林業経営体_うち組織経営体","65192","旧中条村","2015000000","2015年","経営体","2"
"0010","経営体数","230","林業経営体_うち組織経営体","65193","旧川治村","2015000000","2015年","経営体","2"
"0010","経営体数","230","林業経営体_うち組織経営体","65194","旧六箇村","2015000000","2015年","経営体","1"
"0010","経営体数","230","林業経営体_うち組織経営体","65195","旧吉田村","2015000000","2015年","経営体","2"
"0010","経営体数","230","林業経営体_うち組織経営体","65196","旧下条村","2015000000","2015年","経営体","-"
"0010","経営体数","230","林業経営体_うち組織経営体","65197","旧水沢村","2015000000","2015年","経営体","1"
"0010","経営体数","230","林業経営体_うち組織経営体","65198","旧貝野村２－２","2015000000","2015年","経営体","1"
"0010","経営体数","230","林業経営体_うち組織経営体","65199","旧千手町","2015000000","2015年","経営体","-"
"0010","経営体数","230","林業経営体_うち組織経営体","65200","旧上野村","2015000000","2015年","経営体","-"
"0010","経営体数","230","林業経営体_うち組織経営体","65201","旧橘村","2015000000","2015年","経営体","-"
"0010","経営体数","230","林業経営体_うち組織経営体","65202","旧仙田村３－１","2015000000","2015年","経営体","-"
"0010","経営体数","230","林業経営体_うち組織経営体","65203","旧田沢村","2015000000","2015年","経営体","-"
"0010","経営体数","230","林業経営体_うち組織経営体","65204","旧倉俣村２－１","2015000000","2015年","経営体","-"
"0010","経営体数","230","林業経営体_うち組織経営体","65205","旧貝野村２－１","2015000000","2015年","経営体","1"
"0010","経営体数","230","林業経営体_うち組織経営体","65206","旧中深見村２－２","2015000000","2015年","経営体","-"
"0010","経営体数","230","林業経営体_うち組織経営体","65207","旧松代村","2015000000","2015年","経営体","-"
"0010","経営体数","230","林業経営体_うち組織経営体","65208","旧山平村２－１","2015000000","2015年","経営体","-"
"0010","経営体数","230","林業経営体_うち組織経営体","65209","旧奴奈川村","2015000000","2015年","経営体","-"
"0010","経営体数","230","林業経営体_うち組織経営体","65210","旧仙田村３－３","2015000000","2015年","経営体","-"
"0010","経営体数","230","林業経営体_うち組織経営体","65211","旧松之山村","2015000000","2015年","経営体","-"
"0010","経営体数","230","林業経営体_うち組織経営体","65212","旧浦田村","2015000000","2015年","経営体","-"
"0010","経営体数","230","林業経営体_うち組織経営体","15211","見附市","2015000000","2015年","経営体","1"
"0010","経営体数","230","林業経営体_うち組織経営体","65213","旧見附町","2015000000","2015年","経営体","-"
"0010","経営体数","230","林業経営体_うち組織経営体","65214","旧上北谷村２－１","2015000000","2015年","経営体","1"
"0010","経営体数","230","林業経営体_うち組織経営体","65215","旧北谷村","2015000000","2015年","経営体","-"
"0010","経営体数","230","林業経営体_うち組織経営体","65216","旧葛巻村","2015000000","2015年","経営体","-"
"0010","経営体数","230","林業経営体_うち組織経営体","65217","旧新潟村","2015000000","2015年","経営体","-"
"0010","経営体数","230","林業経営体_うち組織経営体","65218","旧新組村２－２","2015000000","2015年","経営体","-"
"0010","経営体数","230","林業経営体_うち組織経営体","65219","旧今町","2015000000","2015年","経営体","-"
"0010","経営体数","230","林業経営体_うち組織経営体","15212","村上市","2015000000","2015年","経営体","67"
"0010","経営体数","230","林業経営体_うち組織経営体","65220","旧村上町","2015000000","2015年","経営体","2"
"0010","経営体数","230","林業経営体_うち組織経営体","65221","旧瀬波町","2015000000","2015年","経営体","2"
"0010","経営体数","230","林業経営体_うち組織経営体","65222","旧岩船町２－１","2015000000","2015年","経営体","1"
"0010","経営体数","230","林業経営体_うち組織経営体","65223","旧山辺里村","2015000000","2015年","経営体","2"
"0010","経営体数","230","林業経営体_うち組織経営体","65224","旧上海府村","2015000000","2015年","経営体","-"
"0010","経営体数","230","林業経営体_うち組織経営体","65225","旧保内村","2015000000","2015年","経営体","-"
"0010","経営体数","230","林業経営体_うち組織経営体","65226","旧金屋村","2015000000","2015年","経営体","-"
"0010","経営体数","230","林業経営体_うち組織経営体","65227","旧西神納村","2015000000","2015年","経営体","1"
"0010","経営体数","230","林業経営体_うち組織経営体","65228","旧神納村","2015000000","2015年","経営体","13"
"0010","経営体数","230","林業経営体_うち組織経営体","65229","旧平林村","2015000000","2015年","経営体","1"
"0010","経営体数","230","林業経営体_うち組織経営体","65230","旧岩船町２－２","2015000000","2015年","経営体","-"
"0010","経営体数","230","林業経営体_うち組織経営体","65231","旧高根村","2015000000","2015年","経営体","10"
"0010","経営体数","230","林業経営体_うち組織経営体","65232","旧猿沢村","2015000000","2015年","経営体","-"
"0010","経営体数","230","林業経営体_うち組織経営体","65233","旧塩野町村","2015000000","2015年","経営体","4"
"0010","経営体数","230","林業経営体_うち組織経営体","65234","旧三面村","2015000000","2015年","経営体","3"
"0010","経営体数","230","林業経営体_うち組織経営体","65235","旧館腰村","2015000000","2015年","経営体","-"
"0010","経営体数","230","林業経営体_うち組織経営体","65236","旧大川谷村","2015000000","2015年","経営体","7"
"0010","経営体数","230","林業経営体_うち組織経営体","65237","旧中俣村","2015000000","2015年","経営体","5"
"0010","経営体数","230","林業経営体_うち組織経営体","65238","旧黒川俣村","2015000000","2015年","経営体","1"
"0010","経営体数","230","林業経営体_うち組織経営体","65239","旧八幡村","2015000000","2015年","経営体","8"
"0010","経営体数","230","林業経営体_うち組織経営体","65240","旧下海府村","2015000000","2015年","経営体","7"
"0010","経営体数","230","林業経営体_うち組織経営体","15213","燕市","2015000000","2015年","経営体","-"
"0010","経営体数","230","林業経営体_うち組織経営体","65241","旧燕町","2015000000","2015年","経営体","-"
"0010","経営体数","230","林業経営体_うち組織経営体","65242","旧小池村","2015000000","2015年","経営体","-"
"0010","経営体数","230","林業経営体_うち組織経営体","65243","旧小中川村","2015000000","2015年","経営体","-"
"0010","経営体数","230","林業経営体_うち組織経営体","65244","旧大島村２－２","2015000000","2015年","経営体","-"
"0010","経営体数","230","林業経営体_うち組織経営体","65245","旧松長村２－１","2015000000","2015年","経営体","-"
"0010","経営体数","230","林業経営体_うち組織経営体","65246","旧島上村","2015000000","2015年","経営体","-"
"0010","経営体数","230","林業経営体_うち組織経営体","65247","旧大河津村３－２","2015000000","2015年","経営体","-"
"0010","経営体数","230","林業経営体_うち組織経営体","65248","旧地蔵堂町","2015000000","2015年","経営体","-"
"0010","経営体数","230","林業経営体_うち組織経営体","65249","旧国上村２－１","2015000000","2015年","経営体","-"
"0010","経営体数","230","林業経営体_うち組織経営体","65250","旧吉田町","2015000000","2015年","経営体","-"
"0010","経営体数","230","林業経営体_うち組織経営体","65251","旧米納津村","2015000000","2015年","経営体","-"
"0010","経営体数","230","林業経営体_うち組織経営体","65252","旧粟生津村","2015000000","2015年","経営体","-"
"0010","経営体数","230","林業経営体_うち組織経営体","65253","旧国上村２－２","2015000000","2015年","経営体","-"
"0010","経営体数","230","林業経営体_うち組織経営体","65254","旧弥彦村２－２","2015000000","2015年","経営体","-"
"0010","経営体数","230","林業経営体_うち組織経営体","65255","旧和納村３－２","2015000000","2015年","経営体","-"
"0010","経営体数","230","林業経営体_うち組織経営体","15216","糸魚川市","2015000000","2015年","経営体","11"
"0010","経営体数","230","林業経営体_うち組織経営体","65256","旧糸魚川町","2015000000","2015年","経営体","2"
"0010","経営体数","230","林業経営体_うち組織経営体","65257","旧浦本村","2015000000","2015年","経営体","-"
"0010","経営体数","230","林業経営体_うち組織経営体","65258","旧下早川村","2015000000","2015年","経営体","1"
"0010","経営体数","230","林業経営体_うち組織経営体","65259","旧上早川村","2015000000","2015年","経営体","-"
"0010","経営体数","230","林業経営体_うち組織経営体","65260","旧大和川村","2015000000","2015年","経営体","1"
"0010","経営体数","230","林業経営体_うち組織経営体","65261","旧西海村","2015000000","2015年","経営体","1"
"0010","経営体数","230","林業経営体_うち組織経営体","65262","旧大野村","2015000000","2015年","経営体","1"
"0010","経営体数","230","林業経営体_うち組織経営体","65263","旧根知村","2015000000","2015年","経営体","1"
"0010","経営体数","230","林業経営体_うち組織経営体","65264","旧小滝村","2015000000","2015年","経営体","1"
"0010","経営体数","230","林業経営体_うち組織経営体","65265","旧今井村２－１","2015000000","2015年","経営体","1"
"0010","経営体数","230","林業経営体_うち組織経営体","65266","旧能生谷村","2015000000","2015年","経営体","-"
"0010","経営体数","230","林業経営体_うち組織経営体","65267","旧木浦村","2015000000","2015年","経営体","-"
"0010","経営体数","230","林業経営体_うち組織経営体","65268","旧能生町","2015000000","2015年","経営体","1"
"0010","経営体数","230","林業経営体_うち組織経営体","65269","旧磯部村","2015000000","2015年","経営体","-"
"0010","経営体数","230","林業経営体_うち組織経営体","65270","旧青海町","2015000000","2015年","経営体","-"
"0010","経営体数","230","林業経営体_うち組織経営体","65271","旧今井村２－２","2015000000","2015年","経営体","-"
"0010","経営体数","230","林業経営体_うち組織経営体","65272","旧歌外波村","2015000000","2015年","経営体","-"
"0010","経営体数","230","林業経営体_うち組織経営体","65273","旧市振村","2015000000","2015年","経営体","-"
"0010","経営体数","230","林業経営体_うち組織経営体","65274","旧上路村","2015000000","2015年","経営体","1"
"0010","経営体数","230","林業経営体_うち組織経営体","15217","妙高市","2015000000","2015年","経営体","5"
"0010","経営体数","230","林業経営体_うち組織経営体","65275","旧新井町","2015000000","2015年","経営体","1"
"0010","経営体数","230","林業経営体_うち組織経営体","65276","旧斐太村２－１","2015000000","2015年","経営体","-"
"0010","経営体数","230","林業経営体_うち組織経営体","65277","旧和田村２－２","2015000000","2015年","経営体","-"
"0010","経営体数","230","林業経営体_うち組織経営体","65278","旧水上村","2015000000","2015年","経営体","-"
"0010","経営体数","230","林業経営体_うち組織経営体","65279","旧泉村","2015000000","2015年","経営体","-"
"0010","経営体数","230","林業経営体_うち組織経営体","65280","旧水原村","2015000000","2015年","経営体","-"
"0010","経営体数","230","林業経営体_うち組織経営体","65281","旧平丸村","2015000000","2015年","経営体","1"
"0010","経営体数","230","林業経営体_うち組織経営体","65282","旧上郷村","2015000000","2015年","経営体","-"
"0010","経営体数","230","林業経営体_うち組織経営体","65283","旧原通村２－２","2015000000","2015年","経営体","-"
"0010","経営体数","230","林業経営体_うち組織経営体","65284","旧鳥坂村","2015000000","2015年","経営体","-"
"0010","経営体数","230","林業経営体_うち組織経営体","65285","旧矢代村２－１","2015000000","2015年","経営体","1"
"0010","経営体数","230","林業経営体_うち組織経営体","65286","旧名香山村","2015000000","2015年","経営体","1"
"0010","経営体数","230","林業経営体_うち組織経営体","65287","旧杉野沢村","2015000000","2015年","経営体","-"
"0010","経営体数","230","林業経営体_うち組織経営体","65288","旧関山村","2015000000","2015年","経営体","-"
"0010","経営体数","230","林業経営体_うち組織経営体","65289","旧原通村２－１","2015000000","2015年","経営体","1"
"0010","経営体数","230","林業経営体_うち組織経営体","65290","旧大鹿村","2015000000","2015年","経営体","-"
"0010","経営体数","230","林業経営体_うち組織経営体","65291","旧豊葦村","2015000000","2015年","経営体","-"
"0010","経営体数","230","林業経営体_うち組織経営体","15218","五泉市","2015000000","2015年","経営体","9"
"0010","経営体数","230","林業経営体_うち組織経営体","65292","旧五泉町","2015000000","2015年","経営体","1"
"0010","経営体数","230","林業経営体_うち組織経営体","65293","旧川東村","2015000000","2015年","経営体","3"
"0010","経営体数","230","林業経営体_うち組織経営体","65294","旧巣本村","2015000000","2015年","経営体","-"
"0010","経営体数","230","林業経営体_うち組織経営体","65295","旧橋田村","2015000000","2015年","経営体","1"
"0010","経営体数","230","林業経営体_うち組織経営体","65296","旧菅名村２－２","2015000000","2015年","経営体","-"
"0010","経営体数","230","林業経営体_うち組織経営体","65297","旧新関村２－２","2015000000","2015年","経営体","-"
"0010","経営体数","230","林業経営体_うち組織経営体","65298","旧安田村２－２","2015000000","2015年","経営体","-"
"0010","経営体数","230","林業経営体_うち組織経営体","65299","旧下条村３－３","2015000000","2015年","経営体","-"
"0010","経営体数","230","林業経営体_うち組織経営体","65300","旧村松町","2015000000","2015年","経営体","-"
"0010","経営体数","230","林業経営体_うち組織経営体","65301","旧菅名村２－１","2015000000","2015年","経営体","-"
"0010","経営体数","230","林業経営体_うち組織経営体","65302","旧大蒲原村","2015000000","2015年","経営体","-"
"0010","経営体数","230","林業経営体_うち組織経営体","65303","旧十全村","2015000000","2015年","経営体","3"
"0010","経営体数","230","林業経営体_うち組織経営体","65304","旧川内村","2015000000","2015年","経営体","1"
"0010","経営体数","230","林業経営体_うち組織経営体","15222","上越市","2015000000","2015年","経営体","11"
"0010","経営体数","230","林業経営体_うち組織経営体","65305","旧高田市","2015000000","2015年","経営体","-"
"0010","経営体数","230","林業経営体_うち組織経営体","65306","旧新道村","2015000000","2015年","経営体","-"
"0010","経営体数","230","林業経営体_うち組織経営体","65307","旧津有村","2015000000","2015年","経営体","-"
"0010","経営体数","230","林業経営体_うち組織経営体","65308","旧諏訪村２－２","2015000000","2015年","経営体","-"
"0010","経営体数","230","林業経営体_うち組織経営体","65309","旧三郷村","2015000000","2015年","経営体","-"
"0010","経営体数","230","林業経営体_うち組織経営体","65310","旧和田村２－１","2015000000","2015年","経営体","-"
"0010","経営体数","230","林業経営体_うち組織経営体","65311","旧斐太村２－２","2015000000","2015年","経営体","-"
"0010","経営体数","230","林業経営体_うち組織経営体","65312","旧金谷村","2015000000","2015年","経営体","-"
"0010","経営体数","230","林業経営体_うち組織経営体","65313","旧春日村２－１","2015000000","2015年","経営体","1"
"0010","経営体数","230","林業経営体_うち組織経営体","65314","旧高士村","2015000000","2015年","経営体","-"
"0010","経営体数","230","林業経営体_うち組織経営体","65315","旧直江津町","2015000000","2015年","経営体","-"
"0010","経営体数","230","林業経営体_うち組織経営体","65316","旧春日村２－２","2015000000","2015年","経営体","-"
"0010","経営体数","230","林業経営体_うち組織経営体","65317","旧有田村","2015000000","2015年","経営体","-"
"0010","経営体数","230","林業経営体_うち組織経営体","65318","旧八千浦村","2015000000","2015年","経営体","-"
"0010","経営体数","230","林業経営体_うち組織経営体","65319","旧保倉村","2015000000","2015年","経営体","1"
"0010","経営体数","230","林業経営体_うち組織経営体","65320","旧諏訪村２－１","2015000000","2015年","経営体","-"
"0010","経営体数","230","林業経営体_うち組織経営体","65321","旧谷浜村","2015000000","2015年","経営体","-"
"0010","経営体数","230","林業経営体_うち組織経営体","65322","旧桑取村","2015000000","2015年","経営体","-"
"0010","経営体数","230","林業経営体_うち組織経営体","65323","旧安塚村２－１","2015000000","2015年","経営体","-"
"0010","経営体数","230","林業経営体_うち組織経営体","65324","旧菱里村","2015000000","2015年","経営体","-"
"0010","経営体数","230","林業経営体_うち組織経営体","65325","旧小黒村","2015000000","2015年","経営体","-"
"0010","経営体数","230","林業経営体_うち組織経営体","65326","旧下保倉村","2015000000","2015年","経営体","-"
"0010","経営体数","230","林業経営体_うち組織経営体","65327","旧安塚村２－２","2015000000","2015年","経営体","-"
"0010","経営体数","230","林業経営体_うち組織経営体","65328","旧沖見村２－２","2015000000","2015年","経営体","-"
"0010","経営体数","230","林業経営体_うち組織経営体","65329","旧大島村","2015000000","2015年","経営体","2"
"0010","経営体数","230","林業経営体_うち組織経営体","65330","旧保倉村","2015000000","2015年","経営体","-"
"0010","経営体数","230","林業経営体_うち組織経営体","65331","旧旭村","2015000000","2015年","経営体","4"
"0010","経営体数","230","林業経営体_うち組織経営体","65332","旧牧村","2015000000","2015年","経営体","-"
"0010","経営体数","230","林業経営体_うち組織経営体","65333","旧沖見村２－１","2015000000","2015年","経営体","-"
"0010","経営体数","230","林業経営体_うち組織経営体","65334","旧柿崎町","2015000000","2015年","経営体","-"
"0010","経営体数","230","林業経営体_うち組織経営体","65335","旧下黒川村","2015000000","2015年","経営体","-"
"0010","経営体数","230","林業経営体_うち組織経営体","65336","旧黒川村","2015000000","2015年","経営体","-"
"0010","経営体数","230","林業経営体_うち組織経営体","65337","旧黒岩村","2015000000","2015年","経営体","-"
"0010","経営体数","230","林業経営体_うち組織経営体","65338","旧米山村２－２－１","2015000000","2015年","経営体","-"
"0010","経営体数","230","林業経営体_うち組織経営体","65339","旧潟町村","2015000000","2015年","経営体","-"
"0010","経営体数","230","林業経営体_うち組織経営体","65340","旧旭村２－２","2015000000","2015年","経営体","-"
"0010","経営体数","230","林業経営体_うち組織経営体","65341","旧大瀁村","2015000000","2015年","経営体","-"
"0010","経営体数","230","林業経営体_うち組織経営体","65342","旧明治村","2015000000","2015年","経営体","-"
"0010","経営体数","230","林業経営体_うち組織経営体","65343","旧吉川村","2015000000","2015年","経営体","-"
"0010","経営体数","230","林業経営体_うち組織経営体","65344","旧源村","2015000000","2015年","経営体","-"
"0010","経営体数","230","林業経営体_うち組織経営体","65345","旧旭村２－１","2015000000","2015年","経営体","-"
"0010","経営体数","230","林業経営体_うち組織経営体","65346","旧中郷村","2015000000","2015年","経営体","-"
"0010","経営体数","230","林業経営体_うち組織経営体","65347","旧矢代村２－２","2015000000","2015年","経営体","-"
"0010","経営体数","230","林業経営体_うち組織経営体","65348","旧板倉村","2015000000","2015年","経営体","1"
"0010","経営体数","230","林業経営体_うち組織経営体","65349","旧寺野村","2015000000","2015年","経営体","-"
"0010","経営体数","230","林業経営体_うち組織経営体","65350","旧菅原村","2015000000","2015年","経営体","-"
"0010","経営体数","230","林業経営体_うち組織経営体","65351","旧櫛池村","2015000000","2015年","経営体","-"
"0010","経営体数","230","林業経営体_うち組織経営体","65352","旧里五十公野村","2015000000","2015年","経営体","-"
"0010","経営体数","230","林業経営体_うち組織経営体","65353","旧上杉村","2015000000","2015年","経営体","-"
"0010","経営体数","230","林業経営体_うち組織経営体","65354","旧美守村","2015000000","2015年","経営体","-"
"0010","経営体数","230","林業経営体_うち組織経営体","65355","旧名立町","2015000000","2015年","経営体","1"
"0010","経営体数","230","林業経営体_うち組織経営体","65356","旧名立村","2015000000","2015年","経営体","1"
"0010","経営体数","230","林業経営体_うち組織経営体","15223","阿賀野市","2015000000","2015年","経営体","4"
"0010","経営体数","230","林業経営体_うち組織経営体","65357","旧水原町","2015000000","2015年","経営体","2"
"0010","経営体数","230","林業経営体_うち組織経営体","65358","旧分田村２－１","2015000000","2015年","経営体","-"
"0010","経営体数","230","林業経営体_うち組織経営体","65359","旧堀越村","2015000000","2015年","経営体","2"
"0010","経営体数","230","林業経営体_うち組織経営体","65360","旧神山村３－２","2015000000","2015年","経営体","-"
"0010","経営体数","230","林業経営体_うち組織経営体","65361","旧安田村２－１","2015000000","2015年","経営体","-"
"0010","経営体数","230","林業経営体_うち組織経営体","65362","旧下条村３－２","2015000000","2015年","経営体","-"
"0010","経営体数","230","林業経営体_うち組織経営体","65363","旧分田村２－２","2015000000","2015年","経営体","-"
"0010","経営体数","230","林業経営体_うち組織経営体","65364","旧笹岡村","2015000000","2015年","経営体","-"
"0010","経営体数","230","林業経営体_うち組織経営体","65365","旧神山村３－１","2015000000","2015年","経営体","-"
"0010","経営体数","230","林業経営体_うち組織経営体","65366","旧京ヶ瀬村","2015000000","2015年","経営体","-"
"0010","経営体数","230","林業経営体_うち組織経営体","15224","佐渡市","2015000000","2015年","経営体","28"
"0010","経営体数","230","林業経営体_うち組織経営体","65367","旧両津町","2015000000","2015年","経営体","1"
"0010","経営体数","230","林業経営体_うち組織経営体","65368","旧加茂村","2015000000","2015年","経営体","-"
"0010","経営体数","230","林業経営体_うち組織経営体","65369","旧河崎村","2015000000","2015年","経営体","6"
"0010","経営体数","230","林業経営体_うち組織経営体","65370","旧水津村","2015000000","2015年","経営体","-"
"0010","経営体数","230","林業経営体_うち組織経営体","65371","旧岩首村","2015000000","2015年","経営体","-"
"0010","経営体数","230","林業経営体_うち組織経営体","65372","旧内海府村","2015000000","2015年","経営体","-"
"0010","経営体数","230","林業経営体_うち組織経営体","65373","旧外海府村２－１","2015000000","2015年","経営体","-"
"0010","経営体数","230","林業経営体_うち組織経営体","65374","旧吉井村２－１","2015000000","2015年","経営体","-"
"0010","経営体数","230","林業経営体_うち組織経営体","65375","旧相川町","2015000000","2015年","経営体","-"
"0010","経営体数","230","林業経営体_うち組織経営体","65376","旧二見村","2015000000","2015年","経営体","1"
"0010","経営体数","230","林業経営体_うち組織経営体","65377","旧金泉村","2015000000","2015年","経営体","-"
"0010","経営体数","230","林業経営体_うち組織経営体","65378","旧高千村","2015000000","2015年","経営体","3"
"0010","経営体数","230","林業経営体_うち組織経営体","65379","旧外海府村２－２","2015000000","2015年","経営体","1"
"0010","経営体数","230","林業経営体_うち組織経営体","65380","旧二宮村","2015000000","2015年","経営体","-"
"0010","経営体数","230","林業経営体_うち組織経営体","65381","旧八幡村","2015000000","2015年","経営体","-"
"0010","経営体数","230","林業経営体_うち組織経営体","65382","旧河原田町","2015000000","2015年","経営体","-"
"0010","経営体数","230","林業経営体_うち組織経営体","65383","旧沢根町","2015000000","2015年","経営体","-"
"0010","経営体数","230","林業経営体_うち組織経営体","65384","旧金沢村","2015000000","2015年","経営体","4"
"0010","経営体数","230","林業経営体_うち組織経営体","65385","旧吉井村２－２","2015000000","2015年","経営体","1"
"0010","経営体数","230","林業経営体_うち組織経営体","65386","旧新穂村","2015000000","2015年","経営体","4"
"0010","経営体数","230","林業経営体_うち組織経営体","65387","旧畑野村２－１","2015000000","2015年","経営体","1"
"0010","経営体数","230","林業経営体_うち組織経営体","65388","旧松ケ崎村","2015000000","2015年","経営体","-"
"0010","経営体数","230","林業経営体_うち組織経営体","65389","旧真野村","2015000000","2015年","経営体","1"
"0010","経営体数","230","林業経営体_うち組織経営体","65390","旧西三川村２－１","2015000000","2015年","経営体","-"
"0010","経営体数","230","林業経営体_うち組織経営体","65391","旧畑野村２－２","2015000000","2015年","経営体","-"
"0010","経営体数","230","林業経営体_うち組織経営体","65392","旧小木町","2015000000","2015年","経営体","-"
"0010","経営体数","230","林業経営体_うち組織経営体","65393","旧羽茂村","2015000000","2015年","経営体","5"
"0010","経営体数","230","林業経営体_うち組織経営体","65394","旧西三川村２－２","2015000000","2015年","経営体","-"
"0010","経営体数","230","林業経営体_うち組織経営体","65395","旧赤泊村","2015000000","2015年","経営体","-"
"0010","経営体数","230","林業経営体_うち組織経営体","15225","魚沼市","2015000000","2015年","経営体","6"
"0010","経営体数","230","林業経営体_うち組織経営体","65396","旧小出町２－１","2015000000","2015年","経営体","1"
"0010","経営体数","230","林業経営体_うち組織経営体","65397","旧伊米ケ崎村","2015000000","2015年","経営体","-"
"0010","経営体数","230","林業経営体_うち組織経営体","65398","旧湯之谷村２－２","2015000000","2015年","経営体","-"
"0010","経営体数","230","林業経営体_うち組織経営体","65399","旧堀之内町","2015000000","2015年","経営体","-"
"0010","経営体数","230","林業経営体_うち組織経営体","65400","旧湯之谷村２－１","2015000000","2015年","経営体","2"
"0010","経営体数","230","林業経営体_うち組織経営体","65401","旧小出町２－２","2015000000","2015年","経営体","-"
"0010","経営体数","230","林業経営体_うち組織経営体","65402","旧広瀬村","2015000000","2015年","経営体","-"
"0010","経営体数","230","林業経営体_うち組織経営体","65403","旧東竹沢村２－２","2015000000","2015年","経営体","-"
"0010","経営体数","230","林業経営体_うち組織経営体","65404","旧薮神村","2015000000","2015年","経営体","-"
"0010","経営体数","230","林業経営体_うち組織経営体","65405","旧須原村","2015000000","2015年","経営体","2"
"0010","経営体数","230","林業経営体_うち組織経営体","65406","旧上条村","2015000000","2015年","経営体","-"
"0010","経営体数","230","林業経営体_うち組織経営体","65407","旧入広瀬村","2015000000","2015年","経営体","1"
"0010","経営体数","230","林業経営体_うち組織経営体","15226","南魚沼市","2015000000","2015年","経営体","14"
"0010","経営体数","230","林業経営体_うち組織経営体","65408","旧六日町","2015000000","2015年","経営体","2"
"0010","経営体数","230","林業経営体_うち組織経営体","65409","旧五十沢村","2015000000","2015年","経営体","-"
"0010","経営体数","230","林業経営体_うち組織経営体","65410","旧城内村","2015000000","2015年","経営体","1"
"0010","経営体数","230","林業経営体_うち組織経営体","65411","旧大巻村","2015000000","2015年","経営体","2"
"0010","経営体数","230","林業経営体_うち組織経営体","65412","旧浦佐村","2015000000","2015年","経営体","-"
"0010","経営体数","230","林業経営体_うち組織経営体","65413","旧東村","2015000000","2015年","経営体","-"
"0010","経営体数","230","林業経営体_うち組織経営体","65414","旧大崎村","2015000000","2015年","経営体","-"
"0010","経営体数","230","林業経営体_うち組織経営体","65415","旧薮神村","2015000000","2015年","経営体","-"
"0010","経営体数","230","林業経営体_うち組織経営体","65416","旧塩沢町","2015000000","2015年","経営体","1"
"0010","経営体数","230","林業経営体_うち組織経営体","65417","旧中之島村","2015000000","2015年","経営体","2"
"0010","経営体数","230","林業経営体_うち組織経営体","65418","旧石打村","2015000000","2015年","経営体","2"
"0010","経営体数","230","林業経営体_うち組織経営体","65419","旧上田村","2015000000","2015年","経営体","4"
"0010","経営体数","230","林業経営体_うち組織経営体","15227","胎内市","2015000000","2015年","経営体","1"
"0010","経営体数","230","林業経営体_うち組織経営体","65420","旧中条町","2015000000","2015年","経営体","-"
"0010","経営体数","230","林業経営体_うち組織経営体","65421","旧金塚村２－２","2015000000","2015年","経営体","-"
"0010","経営体数","230","林業経営体_うち組織経営体","65422","旧乙村","2015000000","2015年","経営体","-"
"0010","経営体数","230","林業経営体_うち組織経営体","65423","旧築地村","2015000000","2015年","経営体","-"
"0010","経営体数","230","林業経営体_うち組織経営体","65424","旧松塚村２－２","2015000000","2015年","経営体","-"
"0010","経営体数","230","林業経営体_うち組織経営体","65425","旧黒川村","2015000000","2015年","経営体","1"
"0010","経営体数","230","林業経営体_うち組織経営体","15307","聖籠町","2015000000","2015年","経営体","2"
"0010","経営体数","230","林業経営体_うち組織経営体","65426","旧聖籠村","2015000000","2015年","経営体","2"
"0010","経営体数","230","林業経営体_うち組織経営体","65427","旧亀代村","2015000000","2015年","経営体","-"
"0010","経営体数","230","林業経営体_うち組織経営体","15342","弥彦村","2015000000","2015年","経営体","-"
"0010","経営体数","230","林業経営体_うち組織経営体","15361","田上町","2015000000","2015年","経営体","1"
"0010","経営体数","230","林業経営体_うち組織経営体","15385","阿賀町","2015000000","2015年","経営体","20"
"0010","経営体数","230","林業経営体_うち組織経営体","65428","旧津川町","2015000000","2015年","経営体","-"
"0010","経営体数","230","林業経営体_うち組織経営体","65429","旧小川村","2015000000","2015年","経営体","1"
"0010","経営体数","230","林業経営体_うち組織経営体","65430","旧揚川村２－１","2015000000","2015年","経営体","3"
"0010","経営体数","230","林業経営体_うち組織経営体","65431","旧上条村２－２","2015000000","2015年","経営体","-"
"0010","経営体数","230","林業経営体_うち組織経営体","65432","旧両鹿瀬村","2015000000","2015年","経営体","2"
"0010","経営体数","230","林業経営体_うち組織経営体","65433","旧日出谷村","2015000000","2015年","経営体","1"
"0010","経営体数","230","林業経営体_うち組織経営体","65434","旧豊実村","2015000000","2015年","経営体","1"
"0010","経営体数","230","林業経営体_うち組織経営体","65435","旧西川村","2015000000","2015年","経営体","4"
"0010","経営体数","230","林業経営体_うち組織経営体","65436","旧東川村","2015000000","2015年","経営体","-"
"0010","経営体数","230","林業経営体_うち組織経営体","65437","旧上条村２－１","2015000000","2015年","経営体","1"
"0010","経営体数","230","林業経営体_うち組織経営体","65438","旧三川村","2015000000","2015年","経営体","4"
"0010","経営体数","230","林業経営体_うち組織経営体","65439","旧下条村３－１","2015000000","2015年","経営体","2"
"0010","経営体数","230","林業経営体_うち組織経営体","65440","旧揚川村２－２","2015000000","2015年","経営体","1"
"0010","経営体数","230","林業経営体_うち組織経営体","15405","出雲崎町","2015000000","2015年","経営体","1"
"0010","経営体数","230","林業経営体_うち組織経営体","65441","旧出雲崎町","2015000000","2015年","経営体","-"
"0010","経営体数","230","林業経営体_うち組織経営体","65442","旧西越村２－１","2015000000","2015年","経営体","1"
"0010","経営体数","230","林業経営体_うち組織経営体","15461","湯沢町","2015000000","2015年","経営体","2"
"0010","経営体数","230","林業経営体_うち組織経営体","65443","旧湯沢村","2015000000","2015年","経営体","1"
"0010","経営体数","230","林業経営体_うち組織経営体","65444","旧神立村","2015000000","2015年","経営体","-"
"0010","経営体数","230","林業経営体_うち組織経営体","65445","旧土樽村","2015000000","2015年","経営体","-"
"0010","経営体数","230","林業経営体_うち組織経営体","65446","旧三俣村","2015000000","2015年","経営体","-"
"0010","経営体数","230","林業経営体_うち組織経営体","65447","旧三国村","2015000000","2015年","経営体","1"
"0010","経営体数","230","林業経営体_うち組織経営体","15482","津南町","2015000000","2015年","経営体","7"
"0010","経営体数","230","林業経営体_うち組織経営体","65448","旧下船渡村","2015000000","2015年","経営体","-"
"0010","経営体数","230","林業経営体_うち組織経営体","65449","旧外丸村","2015000000","2015年","経営体","1"
"0010","経営体数","230","林業経営体_うち組織経営体","65450","旧上郷村","2015000000","2015年","経営体","3"
"0010","経営体数","230","林業経営体_うち組織経営体","65451","旧芦ケ崎村","2015000000","2015年","経営体","1"
"0010","経営体数","230","林業経営体_うち組織経営体","65452","旧秋成村","2015000000","2015年","経営体","-"
"0010","経営体数","230","林業経営体_うち組織経営体","65453","旧中深見村２－１","2015000000","2015年","経営体","2"
"0010","経営体数","230","林業経営体_うち組織経営体","65454","旧倉俣村２－２","2015000000","2015年","経営体","-"
"0010","経営体数","230","林業経営体_うち組織経営体","15504","刈羽村","2015000000","2015年","経営体","-"
"0010","経営体数","230","林業経営体_うち組織経営体","65455","旧刈羽村","2015000000","2015年","経営体","-"
"0010","経営体数","230","林業経営体_うち組織経営体","65456","旧中通村２－２","2015000000","2015年","経営体","-"
"0010","経営体数","230","林業経営体_うち組織経営体","65457","旧二田村２－２","2015000000","2015年","経営体","-"
"0010","経営体数","230","林業経営体_うち組織経営体","15581","関川村","2015000000","2015年","経営体","6"
"0010","経営体数","230","林業経営体_うち組織経営体","65458","旧関谷村","2015000000","2015年","経営体","6"
"0010","経営体数","230","林業経営体_うち組織経営体","65459","旧女川村","2015000000","2015年","経営体","-"
"0010","経営体数","230","林業経営体_うち組織経営体","15586","粟島浦村","2015000000","2015年","経営体","-"
"0010","経営体数","230","林業経営体_うち組織経営体","16000","富山県","2015000000","2015年","経営体","43"
"0010","経営体数","230","林業経営体_うち組織経営体","16201","富山市","2015000000","2015年","経営体","11"
"0010","経営体数","230","林業経営体_うち組織経営体","66001","うち奥田","2015000000","2015年","経営体","-"
"0010","経営体数","230","林業経営体_うち組織経営体","66002","うち呉羽)・(五福","2015000000","2015年","経営体","-"
"0010","経営体数","230","林業経営体_うち組織経営体","66003","うち櫻谷","2015000000","2015年","経営体","2"
"0010","経営体数","230","林業経営体_うち組織経営体","66004","うち東部","2015000000","2015年","経営体","-"
"0010","経営体数","230","林業経営体_うち組織経営体","66005","うち新庄","2015000000","2015年","経営体","-"
"0010","経営体数","230","林業経営体_うち組織経営体","66006","うち島","2015000000","2015年","経営体","-"
"0010","経営体数","230","林業経営体_うち組織経営体","66007","うち針原","2015000000","2015年","経営体","-"
"0010","経営体数","230","林業経営体_うち組織経営体","66008","うち浜黒崎","2015000000","2015年","経営体","-"
"0010","経営体数","230","林業経営体_うち組織経営体","66009","うち大広田","2015000000","2015年","経営体","-"
"0010","経営体数","230","林業経営体_うち組織経営体","66010","うち豊田","2015000000","2015年","経営体","-"
"0010","経営体数","230","林業経営体_うち組織経営体","66011","うち広田","2015000000","2015年","経営体","-"
"0010","経営体数","230","林業経営体_うち組織経営体","66012","うち神明","2015000000","2015年","経営体","-"
"0010","経営体数","230","林業経営体_うち組織経営体","66013","うち山室","2015000000","2015年","経営体","-"
"0010","経営体数","230","林業経営体_うち組織経営体","66014","うち堀川","2015000000","2015年","経営体","-"
"0010","経営体数","230","林業経営体_うち組織経営体","66015","うち蜷川","2015000000","2015年","経営体","1"
"0010","経営体数","230","林業経営体_うち組織経営体","66016","うち太田","2015000000","2015年","経営体","-"
"0010","経営体数","230","林業経営体_うち組織経営体","66017","旧月岡村２－１","2015000000","2015年","経営体","-"
"0010","経営体数","230","林業経営体_うち組織経営体","66018","旧熊野村","2015000000","2015年","経営体","-"
"0010","経営体数","230","林業経営体_うち組織経営体","66019","旧新保村","2015000000","2015年","経営体","-"
"0010","経営体数","230","林業経営体_うち組織経営体","66020","旧四方町","2015000000","2015年","経営体","-"
"0010","経営体数","230","林業経営体_うち組織経営体","66021","旧八幡村","2015000000","2015年","経営体","-"
"0010","経営体数","230","林業経営体_うち組織経営体","66022","旧倉垣村","2015000000","2015年","経営体","-"
"0010","経営体数","230","林業経営体_うち組織経営体","66023","旧水橋町","2015000000","2015年","経営体","-"
"0010","経営体数","230","林業経営体_うち組織経営体","66024","旧上条村","2015000000","2015年","経営体","-"
"0010","経営体数","230","林業経営体_うち組織経営体","66025","旧三郷村","2015000000","2015年","経営体","-"
"0010","経営体数","230","林業経営体_うち組織経営体","66026","旧呉羽村","2015000000","2015年","経営体","-"
"0010","経営体数","230","林業経営体_うち組織経営体","66027","旧長岡村","2015000000","2015年","経営体","-"
"0010","経営体数","230","林業経営体_うち組織経営体","66028","旧寒江村","2015000000","2015年","経営体","-"
"0010","経営体数","230","林業経営体_うち組織経営体","66029","旧老田村","2015000000","2015年","経営体","-"
"0010","経営体数","230","林業経営体_うち組織経営体","66030","旧池多村２－１","2015000000","2015年","経営体","-"
"0010","経営体数","230","林業経営体_うち組織経営体","66031","旧大沢野町","2015000000","2015年","経営体","-"
"0010","経営体数","230","林業経営体_うち組織経営体","66032","旧黒瀬谷村２－２","2015000000","2015年","経営体","-"
"0010","経営体数","230","林業経営体_うち組織経営体","66033","旧下夕村","2015000000","2015年","経営体","1"
"0010","経営体数","230","林業経営体_うち組織経営体","66034","旧船峅村","2015000000","2015年","経営体","1"
"0010","経営体数","230","林業経営体_うち組織経営体","66035","旧大久保町","2015000000","2015年","経営体","1"
"0010","経営体数","230","林業経営体_うち組織経営体","66036","旧上滝町","2015000000","2015年","経営体","-"
"0010","経営体数","230","林業経営体_うち組織経営体","66037","旧大山村","2015000000","2015年","経営体","2"
"0010","経営体数","230","林業経営体_うち組織経営体","66038","旧福沢村","2015000000","2015年","経営体","-"
"0010","経営体数","230","林業経営体_うち組織経営体","66039","旧大庄村","2015000000","2015年","経営体","1"
"0010","経営体数","230","林業経営体_うち組織経営体","66040","旧月岡村２－２","2015000000","2015年","経営体","-"
"0010","経営体数","230","林業経営体_うち組織経営体","66041","旧八尾町","2015000000","2015年","経営体","-"
"0010","経営体数","230","林業経営体_うち組織経営体","66042","旧保内村","2015000000","2015年","経営体","-"
"0010","経営体数","230","林業経営体_うち組織経営体","66043","旧杉原村","2015000000","2015年","経営体","-"
"0010","経営体数","230","林業経営体_うち組織経営体","66044","旧卯花村","2015000000","2015年","経営体","1"
"0010","経営体数","230","林業経営体_うち組織経営体","66045","旧室牧村","2015000000","2015年","経営体","-"
"0010","経営体数","230","林業経営体_うち組織経営体","66046","旧黒瀬谷村２－１","2015000000","2015年","経営体","-"
"0010","経営体数","230","林業経営体_うち組織経営体","66047","旧大長谷村","2015000000","2015年","経営体","-"
"0010","経営体数","230","林業経営体_うち組織経営体","66048","旧仁歩村","2015000000","2015年","経営体","-"
"0010","経営体数","230","林業経営体_うち組織経営体","66049","旧野積村","2015000000","2015年","経営体","-"
"0010","経営体数","230","林業経営体_うち組織経営体","66050","旧婦中町","2015000000","2015年","経営体","-"
"0010","経営体数","230","林業経営体_うち組織経営体","66051","旧朝日村","2015000000","2015年","経営体","-"
"0010","経営体数","230","林業経営体_うち組織経営体","66052","旧熊野村","2015000000","2015年","経営体","-"
"0010","経営体数","230","林業経営体_うち組織経営体","66053","旧宮川村","2015000000","2015年","経営体","-"
"0010","経営体数","230","林業経営体_うち組織経営体","66054","旧神保村","2015000000","2015年","経営体","-"
"0010","経営体数","230","林業経営体_うち組織経営体","66055","旧古里村","2015000000","2015年","経営体","-"
"0010","経営体数","230","林業経営体_うち組織経営体","66056","旧音川村","2015000000","2015年","経営体","-"
"0010","経営体数","230","林業経営体_うち組織経営体","66057","旧山田村","2015000000","2015年","経営体","1"
"0010","経営体数","230","林業経営体_うち組織経営体","66058","旧細入村","2015000000","2015年","経営体","-"
"0010","経営体数","230","林業経営体_うち組織経営体","16202","高岡市","2015000000","2015年","経営体","2"
"0010","経営体数","230","林業経営体_うち組織経営体","66059","うち横田","2015000000","2015年","経営体","1"
"0010","経営体数","230","林業経営体_うち組織経営体","66060","うち下関","2015000000","2015年","経営体","-"
"0010","経営体数","230","林業経営体_うち組織経営体","66061","うち北部","2015000000","2015年","経営体","-"
"0010","経営体数","230","林業経営体_うち組織経営体","66062","うち二上","2015000000","2015年","経営体","-"
"0010","経営体数","230","林業経営体_うち組織経営体","66063","うち伏木","2015000000","2015年","経営体","-"
"0010","経営体数","230","林業経営体_うち組織経営体","66064","うち能町","2015000000","2015年","経営体","-"
"0010","経営体数","230","林業経営体_うち組織経営体","66065","うち守山","2015000000","2015年","経営体","-"
"0010","経営体数","230","林業経営体_うち組織経営体","66066","うち野村","2015000000","2015年","経営体","-"
"0010","経営体数","230","林業経営体_うち組織経営体","66067","うち佐野","2015000000","2015年","経営体","-"
"0010","経営体数","230","林業経営体_うち組織経営体","66068","うち二塚","2015000000","2015年","経営体","-"
"0010","経営体数","230","林業経営体_うち組織経営体","66069","うち牧野","2015000000","2015年","経営体","-"
"0010","経営体数","230","林業経営体_うち組織経営体","66070","うち福田","2015000000","2015年","経営体","-"
"0010","経営体数","230","林業経営体_うち組織経営体","66071","旧国吉村","2015000000","2015年","経営体","-"
"0010","経営体数","230","林業経営体_うち組織経営体","66072","旧太田村","2015000000","2015年","経営体","-"
"0010","経営体数","230","林業経営体_うち組織経営体","66073","旧東五位村","2015000000","2015年","経営体","-"
"0010","経営体数","230","林業経営体_うち組織経営体","66074","旧石堤村","2015000000","2015年","経営体","-"
"0010","経営体数","230","林業経営体_うち組織経営体","66075","旧立野村","2015000000","2015年","経営体","-"
"0010","経営体数","230","林業経営体_うち組織経営体","66076","旧小勢村２－１","2015000000","2015年","経営体","-"
"0010","経営体数","230","林業経営体_うち組織経営体","66077","旧小勢村２－２","2015000000","2015年","経営体","-"
"0010","経営体数","230","林業経営体_うち組織経営体","66078","旧戸出町","2015000000","2015年","経営体","-"
"0010","経営体数","230","林業経営体_うち組織経営体","66079","旧是戸村","2015000000","2015年","経営体","-"
"0010","経営体数","230","林業経営体_うち組織経営体","66080","旧醍醐村","2015000000","2015年","経営体","-"
"0010","経営体数","230","林業経営体_うち組織経営体","66081","旧北般若村","2015000000","2015年","経営体","-"
"0010","経営体数","230","林業経営体_うち組織経営体","66082","旧中田町","2015000000","2015年","経営体","-"
"0010","経営体数","230","林業経営体_うち組織経営体","66083","旧般若野村","2015000000","2015年","経営体","-"
"0010","経営体数","230","林業経営体_うち組織経営体","66084","旧福岡町","2015000000","2015年","経営体","1"
"0010","経営体数","230","林業経営体_うち組織経営体","66085","旧五位山村","2015000000","2015年","経営体","-"
"0010","経営体数","230","林業経営体_うち組織経営体","66086","旧西五位村","2015000000","2015年","経営体","-"
"0010","経営体数","230","林業経営体_うち組織経営体","66087","旧赤丸村","2015000000","2015年","経営体","-"
"0010","経営体数","230","林業経営体_うち組織経営体","16204","魚津市","2015000000","2015年","経営体","3"
"0010","経営体数","230","林業経営体_うち組織経営体","66088","旧魚津町","2015000000","2015年","経営体","-"
"0010","経営体数","230","林業経営体_うち組織経営体","66089","旧下中島村","2015000000","2015年","経営体","-"
"0010","経営体数","230","林業経営体_うち組織経営体","66090","旧上中島村","2015000000","2015年","経営体","-"
"0010","経営体数","230","林業経営体_うち組織経営体","66091","旧松倉村","2015000000","2015年","経営体","-"
"0010","経営体数","230","林業経営体_うち組織経営体","66092","旧上野方村","2015000000","2015年","経営体","-"
"0010","経営体数","230","林業経営体_うち組織経営体","66093","旧下野方村","2015000000","2015年","経営体","-"
"0010","経営体数","230","林業経営体_うち組織経営体","66094","旧片貝谷村","2015000000","2015年","経営体","1"
"0010","経営体数","230","林業経営体_うち組織経営体","66095","旧道下村","2015000000","2015年","経営体","-"
"0010","経営体数","230","林業経営体_うち組織経営体","66096","旧加積村","2015000000","2015年","経営体","1"
"0010","経営体数","230","林業経営体_うち組織経営体","66097","旧天神村","2015000000","2015年","経営体","1"
"0010","経営体数","230","林業経営体_うち組織経営体","66098","旧西布施村","2015000000","2015年","経営体","-"
"0010","経営体数","230","林業経営体_うち組織経営体","66099","旧経田村","2015000000","2015年","経営体","-"
"0010","経営体数","230","林業経営体_うち組織経営体","16205","氷見市","2015000000","2015年","経営体","1"
"0010","経営体数","230","林業経営体_うち組織経営体","66100","旧氷見町","2015000000","2015年","経営体","-"
"0010","経営体数","230","林業経営体_うち組織経営体","66101","旧余川村","2015000000","2015年","経営体","-"
"0010","経営体数","230","林業経営体_うち組織経営体","66102","旧碁石村","2015000000","2015年","経営体","-"
"0010","経営体数","230","林業経営体_うち組織経営体","66103","旧八代村","2015000000","2015年","経営体","-"
"0010","経営体数","230","林業経営体_うち組織経営体","66104","旧宮田村","2015000000","2015年","経営体","-"
"0010","経営体数","230","林業経営体_うち組織経営体","66105","旧窪村","2015000000","2015年","経営体","-"
"0010","経営体数","230","林業経営体_うち組織経営体","66106","旧上庄村","2015000000","2015年","経営体","-"
"0010","経営体数","230","林業経営体_うち組織経営体","66107","旧熊無村","2015000000","2015年","経営体","1"
"0010","経営体数","230","林業経営体_うち組織経営体","66108","旧神代村","2015000000","2015年","経営体","-"
"0010","経営体数","230","林業経営体_うち組織経営体","66109","旧仏生寺村","2015000000","2015年","経営体","-"
"0010","経営体数","230","林業経営体_うち組織経営体","66110","旧布勢村","2015000000","2015年","経営体","-"
"0010","経営体数","230","林業経営体_うち組織経営体","66111","旧十二町村","2015000000","2015年","経営体","-"
"0010","経営体数","230","林業経営体_うち組織経営体","66112","旧速川村","2015000000","2015年","経営体","-"
"0010","経営体数","230","林業経営体_うち組織経営体","66113","旧久目村","2015000000","2015年","経営体","-"
"0010","経営体数","230","林業経営体_うち組織経営体","66114","旧阿尾村","2015000000","2015年","経営体","-"
"0010","経営体数","230","林業経営体_うち組織経営体","66115","旧薮田村","2015000000","2015年","経営体","-"
"0010","経営体数","230","林業経営体_うち組織経営体","66116","旧宇波村","2015000000","2015年","経営体","-"
"0010","経営体数","230","林業経営体_うち組織経営体","66117","旧女良村","2015000000","2015年","経営体","-"
"0010","経営体数","230","林業経営体_うち組織経営体","16206","滑川市","2015000000","2015年","経営体","1"
"0010","経営体数","230","林業経営体_うち組織経営体","66118","旧滑川町","2015000000","2015年","経営体","1"
"0010","経営体数","230","林業経営体_うち組織経営体","66119","旧浜加積村","2015000000","2015年","経営体","-"
"0010","経営体数","230","林業経営体_うち組織経営体","66120","旧早月加積村","2015000000","2015年","経営体","-"
"0010","経営体数","230","林業経営体_うち組織経営体","66121","旧北加積村","2015000000","2015年","経営体","-"
"0010","経営体数","230","林業経営体_うち組織経営体","66122","旧東加積村","2015000000","2015年","経営体","-"
"0010","経営体数","230","林業経営体_うち組織経営体","66123","旧中加積村","2015000000","2015年","経営体","-"
"0010","経営体数","230","林業経営体_うち組織経営体","66124","旧西加積村","2015000000","2015年","経営体","-"
"0010","経営体数","230","林業経営体_うち組織経営体","66125","旧山加積村２－１","2015000000","2015年","経営体","-"
"0010","経営体数","230","林業経営体_うち組織経営体","16207","黒部市","2015000000","2015年","経営体","4"
"0010","経営体数","230","林業経営体_うち組織経営体","66126","うち石田","2015000000","2015年","経営体","-"
"0010","経営体数","230","林業経営体_うち組織経営体","66127","うち田家","2015000000","2015年","経営体","-"
"0010","経営体数","230","林業経営体_うち組織経営体","66128","うち村椿","2015000000","2015年","経営体","-"
"0010","経営体数","230","林業経営体_うち組織経営体","66129","うち大布施","2015000000","2015年","経営体","1"
"0010","経営体数","230","林業経営体_うち組織経営体","66130","うち三日市","2015000000","2015年","経営体","-"
"0010","経営体数","230","林業経営体_うち組織経営体","66131","うち前沢","2015000000","2015年","経営体","-"
"0010","経営体数","230","林業経営体_うち組織経営体","66132","うち荻生","2015000000","2015年","経営体","-"
"0010","経営体数","230","林業経営体_うち組織経営体","66133","うち若栗","2015000000","2015年","経営体","-"
"0010","経営体数","230","林業経営体_うち組織経営体","66134","旧生地町","2015000000","2015年","経営体","-"
"0010","経営体数","230","林業経営体_うち組織経営体","66135","旧東布施村","2015000000","2015年","経営体","2"
"0010","経営体数","230","林業経営体_うち組織経営体","66136","うち浦山","2015000000","2015年","経営体","-"
"0010","経営体数","230","林業経営体_うち組織経営体","66137","うち下立","2015000000","2015年","経営体","-"
"0010","経営体数","230","林業経営体_うち組織経営体","66138","旧内山村","2015000000","2015年","経営体","-"
"0010","経営体数","230","林業経営体_うち組織経営体","66139","旧愛本村","2015000000","2015年","経営体","1"
"0010","経営体数","230","林業経営体_うち組織経営体","16208","砺波市","2015000000","2015年","経営体","2"
"0010","経営体数","230","林業経営体_うち組織経営体","66140","旧中野村","2015000000","2015年","経営体","-"
"0010","経営体数","230","林業経営体_うち組織経営体","66141","旧油田村","2015000000","2015年","経営体","-"
"0010","経営体数","230","林業経営体_うち組織経営体","66142","旧庄下村","2015000000","2015年","経営体","-"
"0010","経営体数","230","林業経営体_うち組織経営体","66143","旧五鹿屋村","2015000000","2015年","経営体","-"
"0010","経営体数","230","林業経営体_うち組織経営体","66144","旧出町","2015000000","2015年","経営体","-"
"0010","経営体数","230","林業経営体_うち組織経営体","66145","旧林村","2015000000","2015年","経営体","-"
"0010","経営体数","230","林業経営体_うち組織経営体","66146","旧南般若村","2015000000","2015年","経営体","-"
"0010","経営体数","230","林業経営体_うち組織経営体","66147","旧柳瀬村","2015000000","2015年","経営体","-"
"0010","経営体数","230","林業経営体_うち組織経営体","66148","旧太田村","2015000000","2015年","経営体","-"
"0010","経営体数","230","林業経営体_うち組織経営体","66149","旧東野尻村","2015000000","2015年","経営体","-"
"0010","経営体数","230","林業経営体_うち組織経営体","66150","旧高波村","2015000000","2015年","経営体","-"
"0010","経営体数","230","林業経営体_うち組織経営体","66151","旧栴檀山村","2015000000","2015年","経営体","1"
"0010","経営体数","230","林業経営体_うち組織経営体","66152","旧栴檀野村","2015000000","2015年","経営体","-"
"0010","経営体数","230","林業経営体_うち組織経営体","66153","旧般若村","2015000000","2015年","経営体","-"
"0010","経営体数","230","林業経営体_うち組織経営体","66154","旧東般若村","2015000000","2015年","経営体","-"
"0010","経営体数","230","林業経営体_うち組織経営体","66155","旧鷹栖村","2015000000","2015年","経営体","-"
"0010","経営体数","230","林業経営体_うち組織経営体","66156","旧若林村２－２","2015000000","2015年","経営体","-"
"0010","経営体数","230","林業経営体_うち組織経営体","66157","旧青島村","2015000000","2015年","経営体","-"
"0010","経営体数","230","林業経営体_うち組織経営体","66158","旧東山見村","2015000000","2015年","経営体","1"
"0010","経営体数","230","林業経営体_うち組織経営体","66159","旧雄神村","2015000000","2015年","経営体","-"
"0010","経営体数","230","林業経営体_うち組織経営体","66160","旧種田村","2015000000","2015年","経営体","-"
"0010","経営体数","230","林業経営体_うち組織経営体","16209","小矢部市","2015000000","2015年","経営体","-"
"0010","経営体数","230","林業経営体_うち組織経営体","66161","旧石動町","2015000000","2015年","経営体","-"
"0010","経営体数","230","林業経営体_うち組織経営体","66162","旧南谷村","2015000000","2015年","経営体","-"
"0010","経営体数","230","林業経営体_うち組織経営体","66163","旧埴生村","2015000000","2015年","経営体","-"
"0010","経営体数","230","林業経営体_うち組織経営体","66164","旧松沢村","2015000000","2015年","経営体","-"
"0010","経営体数","230","林業経営体_うち組織経営体","66165","旧正得村","2015000000","2015年","経営体","-"
"0010","経営体数","230","林業経営体_うち組織経営体","66166","旧荒川村","2015000000","2015年","経営体","-"
"0010","経営体数","230","林業経営体_うち組織経営体","66167","旧子撫村","2015000000","2015年","経営体","-"
"0010","経営体数","230","林業経営体_うち組織経営体","66168","旧宮島村","2015000000","2015年","経営体","-"
"0010","経営体数","230","林業経営体_うち組織経営体","66169","旧北蟹谷村","2015000000","2015年","経営体","-"
"0010","経営体数","230","林業経営体_うち組織経営体","66170","旧若林村２－１","2015000000","2015年","経営体","-"
"0010","経営体数","230","林業経営体_うち組織経営体","66171","旧津沢町","2015000000","2015年","経営体","-"
"0010","経営体数","230","林業経営体_うち組織経営体","66172","旧薮波村","2015000000","2015年","経営体","-"
"0010","経営体数","230","林業経営体_うち組織経営体","66173","旧水島村","2015000000","2015年","経営体","-"
"0010","経営体数","230","林業経営体_うち組織経営体","66174","旧東蟹谷村","2015000000","2015年","経営体","-"
"0010","経営体数","230","林業経営体_うち組織経営体","66175","旧西野尻村３－２","2015000000","2015年","経営体","-"
"0010","経営体数","230","林業経営体_うち組織経営体","16210","南砺市","2015000000","2015年","経営体","10"
"0010","経営体数","230","林業経営体_うち組織経営体","66176","旧南山田村","2015000000","2015年","経営体","-"
"0010","経営体数","230","林業経営体_うち組織経営体","66177","旧山田村２－２","2015000000","2015年","経営体","-"
"0010","経営体数","230","林業経営体_うち組織経営体","66178","旧大鋸屋村","2015000000","2015年","経営体","-"
"0010","経営体数","230","林業経営体_うち組織経営体","66179","旧城端町","2015000000","2015年","経営体","-"
"0010","経営体数","230","林業経営体_うち組織経営体","66180","旧北野村","2015000000","2015年","経営体","-"
"0010","経営体数","230","林業経営体_うち組織経営体","66181","旧蓑谷村","2015000000","2015年","経営体","2"
"0010","経営体数","230","林業経営体_うち組織経営体","66182","旧平村","2015000000","2015年","経営体","2"
"0010","経営体数","230","林業経営体_うち組織経営体","66183","旧上平村","2015000000","2015年","経営体","-"
"0010","経営体数","230","林業経営体_うち組織経営体","66184","旧利賀村","2015000000","2015年","経営体","1"
"0010","経営体数","230","林業経営体_うち組織経営体","66185","旧井波町","2015000000","2015年","経営体","3"
"0010","経営体数","230","林業経営体_うち組織経営体","66186","旧南山見村","2015000000","2015年","経営体","-"
"0010","経営体数","230","林業経営体_うち組織経営体","66187","旧山野村","2015000000","2015年","経営体","-"
"0010","経営体数","230","林業経営体_うち組織経営体","66188","旧高瀬村２－１","2015000000","2015年","経営体","-"
"0010","経営体数","230","林業経営体_うち組織経営体","66189","旧井口村","2015000000","2015年","経営体","-"
"0010","経営体数","230","林業経営体_うち組織経営体","66190","うち南野尻","2015000000","2015年","経営体","-"
"0010","経営体数","230","林業経営体_うち組織経営体","66191","うち広塚","2015000000","2015年","経営体","-"
"0010","経営体数","230","林業経営体_うち組織経営体","66192","うち野尻","2015000000","2015年","経営体","-"
"0010","経営体数","230","林業経営体_うち組織経営体","66193","旧東石黒村","2015000000","2015年","経営体","-"
"0010","経営体数","230","林業経営体_うち組織経営体","66194","旧西野尻村３－１","2015000000","2015年","経営体","-"
"0010","経営体数","230","林業経営体_うち組織経営体","66195","旧高瀬村２－２","2015000000","2015年","経営体","-"
"0010","経営体数","230","林業経営体_うち組織経営体","66196","旧福光町","2015000000","2015年","経営体","-"
"0010","経営体数","230","林業経営体_うち組織経営体","66197","旧石黒村","2015000000","2015年","経営体","-"
"0010","経営体数","230","林業経営体_うち組織経営体","66198","旧広瀬村","2015000000","2015年","経営体","-"
"0010","経営体数","230","林業経営体_うち組織経営体","66199","旧広瀬館村","2015000000","2015年","経営体","-"
"0010","経営体数","230","林業経営体_うち組織経営体","66200","旧西太美村","2015000000","2015年","経営体","-"
"0010","経営体数","230","林業経営体_うち組織経営体","66201","旧太美山村","2015000000","2015年","経営体","-"
"0010","経営体数","230","林業経営体_うち組織経営体","66202","旧東太美村","2015000000","2015年","経営体","-"
"0010","経営体数","230","林業経営体_うち組織経営体","66203","旧吉江村","2015000000","2015年","経営体","1"
"0010","経営体数","230","林業経営体_うち組織経営体","66204","旧北山田村","2015000000","2015年","経営体","1"
"0010","経営体数","230","林業経営体_うち組織経営体","66205","旧山田村２－１","2015000000","2015年","経営体","-"
"0010","経営体数","230","林業経営体_うち組織経営体","66206","旧南蟹谷村","2015000000","2015年","経営体","-"
"0010","経営体数","230","林業経営体_うち組織経営体","66207","旧西野尻村３－３","2015000000","2015年","経営体","-"
"0010","経営体数","230","林業経営体_うち組織経営体","16211","射水市","2015000000","2015年","経営体","-"
"0010","経営体数","230","林業経営体_うち組織経営体","66208","旧新湊","2015000000","2015年","経営体","-"
"0010","経営体数","230","林業経営体_うち組織経営体","66209","旧作道村","2015000000","2015年","経営体","-"
"0010","経営体数","230","林業経営体_うち組織経営体","66210","旧片口村","2015000000","2015年","経営体","-"
"0010","経営体数","230","林業経営体_うち組織経営体","66211","旧堀岡村","2015000000","2015年","経営体","-"
"0010","経営体数","230","林業経営体_うち組織経営体","66212","旧海老江村","2015000000","2015年","経営体","-"
"0010","経営体数","230","林業経営体_うち組織経営体","66213","旧本江村","2015000000","2015年","経営体","-"
"0010","経営体数","230","林業経営体_うち組織経営体","66214","旧七美村","2015000000","2015年","経営体","-"
"0010","経営体数","230","林業経営体_うち組織経営体","66215","旧塚原村","2015000000","2015年","経営体","-"
"0010","経営体数","230","林業経営体_うち組織経営体","66216","旧小杉町","2015000000","2015年","経営体","-"
"0010","経営体数","230","林業経営体_うち組織経営体","66217","旧金山村","2015000000","2015年","経営体","-"
"0010","経営体数","230","林業経営体_うち組織経営体","66218","旧大江村","2015000000","2015年","経営体","-"
"0010","経営体数","230","林業経営体_うち組織経営体","66219","旧黒河村","2015000000","2015年","経営体","-"
"0010","経営体数","230","林業経営体_うち組織経営体","66220","旧池多村２－２","2015000000","2015年","経営体","-"
"0010","経営体数","230","林業経営体_うち組織経営体","66221","旧大門町","2015000000","2015年","経営体","-"
"0010","経営体数","230","林業経営体_うち組織経営体","66222","旧水戸田村","2015000000","2015年","経営体","-"
"0010","経営体数","230","林業経営体_うち組織経営体","66223","旧櫛田村","2015000000","2015年","経営体","-"
"0010","経営体数","230","林業経営体_うち組織経営体","66224","旧浅井村","2015000000","2015年","経営体","-"
"0010","経営体数","230","林業経営体_うち組織経営体","66225","旧二口村","2015000000","2015年","経営体","-"
"0010","経営体数","230","林業経営体_うち組織経営体","66226","旧下村","2015000000","2015年","経営体","-"
"0010","経営体数","230","林業経営体_うち組織経営体","66227","旧大島町","2015000000","2015年","経営体","-"
"0010","経営体数","230","林業経営体_うち組織経営体","16321","舟橋村","2015000000","2015年","経営体","-"
"0010","経営体数","230","林業経営体_うち組織経営体","16322","上市町","2015000000","2015年","経営体","6"
"0010","経営体数","230","林業経営体_うち組織経営体","66228","旧上市町","2015000000","2015年","経営体","1"
"0010","経営体数","230","林業経営体_うち組織経営体","66229","旧山加積村２－２","2015000000","2015年","経営体","-"
"0010","経営体数","230","林業経営体_うち組織経営体","66230","旧南加積村","2015000000","2015年","経営体","1"
"0010","経営体数","230","林業経営体_うち組織経営体","66231","旧宮川村","2015000000","2015年","経営体","2"
"0010","経営体数","230","林業経営体_うち組織経営体","66232","旧柿沢村","2015000000","2015年","経営体","-"
"0010","経営体数","230","林業経営体_うち組織経営体","66233","旧大岩村","2015000000","2015年","経営体","-"
"0010","経営体数","230","林業経営体_うち組織経営体","66234","旧相ノ木村","2015000000","2015年","経営体","-"
"0010","経営体数","230","林業経営体_うち組織経営体","66235","旧白萩村","2015000000","2015年","経営体","2"
"0010","経営体数","230","林業経営体_うち組織経営体","66236","旧新川村２－２","2015000000","2015年","経営体","-"
"0010","経営体数","230","林業経営体_うち組織経営体","16323","立山町","2015000000","2015年","経営体","1"
"0010","経営体数","230","林業経営体_うち組織経営体","66237","うち五百石","2015000000","2015年","経営体","-"
"0010","経営体数","230","林業経営体_うち組織経営体","66238","うち大森","2015000000","2015年","経営体","-"
"0010","経営体数","230","林業経営体_うち組織経営体","66239","うち高野","2015000000","2015年","経営体","-"
"0010","経営体数","230","林業経営体_うち組織経営体","66240","うち下段","2015000000","2015年","経営体","-"
"0010","経営体数","230","林業経営体_うち組織経営体","66241","旧利田村","2015000000","2015年","経営体","-"
"0010","経営体数","230","林業経営体_うち組織経営体","66242","旧上段村","2015000000","2015年","経営体","-"
"0010","経営体数","230","林業経営体_うち組織経営体","66243","旧東谷村","2015000000","2015年","経営体","-"
"0010","経営体数","230","林業経営体_うち組織経営体","66244","旧釜ケ渕村","2015000000","2015年","経営体","-"
"0010","経営体数","230","林業経営体_うち組織経営体","66245","旧立山村","2015000000","2015年","経営体","1"
"0010","経営体数","230","林業経営体_うち組織経営体","66246","旧新川村２－１","2015000000","2015年","経営体","-"
"0010","経営体数","230","林業経営体_うち組織経営体","16342","入善町","2015000000","2015年","経営体","1"
"0010","経営体数","230","林業経営体_うち組織経営体","66247","旧新屋村","2015000000","2015年","経営体","-"
"0010","経営体数","230","林業経営体_うち組織経営体","66248","旧小摺戸村","2015000000","2015年","経営体","-"
"0010","経営体数","230","林業経営体_うち組織経営体","66249","旧青木村","2015000000","2015年","経営体","-"
"0010","経営体数","230","林業経営体_うち組織経営体","66250","旧飯野村","2015000000","2015年","経営体","-"
"0010","経営体数","230","林業経営体_うち組織経営体","66251","旧上原村","2015000000","2015年","経営体","-"
"0010","経営体数","230","林業経営体_うち組織経営体","66252","旧入善町","2015000000","2015年","経営体","-"
"0010","経営体数","230","林業経営体_うち組織経営体","66253","旧横山村","2015000000","2015年","経営体","-"
"0010","経営体数","230","林業経営体_うち組織経営体","66254","旧椚山村","2015000000","2015年","経営体","-"
"0010","経営体数","230","林業経営体_うち組織経営体","66255","旧舟見町","2015000000","2015年","経営体","1"
"0010","経営体数","230","林業経営体_うち組織経営体","66256","旧野中村２－１","2015000000","2015年","経営体","-"
"0010","経営体数","230","林業経営体_うち組織経営体","16343","朝日町","2015000000","2015年","経営体","1"
"0010","経営体数","230","林業経営体_うち組織経営体","66257","旧大家庄村","2015000000","2015年","経営体","-"
"0010","経営体数","230","林業経営体_うち組織経営体","66258","旧山崎村","2015000000","2015年","経営体","1"
"0010","経営体数","230","林業経営体_うち組織経営体","66259","旧南保村","2015000000","2015年","経営体","-"
"0010","経営体数","230","林業経営体_うち組織経営体","66260","旧五箇庄村","2015000000","2015年","経営体","-"
"0010","経営体数","230","林業経営体_うち組織経営体","66261","旧泊町","2015000000","2015年","経営体","-"
"0010","経営体数","230","林業経営体_うち組織経営体","66262","旧宮崎村","2015000000","2015年","経営体","-"
"0010","経営体数","230","林業経営体_うち組織経営体","66263","旧境村","2015000000","2015年","経営体","-"
"0010","経営体数","230","林業経営体_うち組織経営体","66264","旧野中村２－２","2015000000","2015年","経営体","-"
"0010","経営体数","230","林業経営体_うち組織経営体","17000","石川県","2015000000","2015年","経営体","66"
"0010","経営体数","230","林業経営体_うち組織経営体","17201","金沢市","2015000000","2015年","経営体","6"
"0010","経営体数","230","林業経営体_うち組織経営体","67001","旧金沢市","2015000000","2015年","経営体","6"
"0010","経営体数","230","林業経営体_うち組織経営体","67002","旧安原村","2015000000","2015年","経営体","-"
"0010","経営体数","230","林業経営体_うち組織経営体","67003","旧額村","2015000000","2015年","経営体","-"
"0010","経営体数","230","林業経営体_うち組織経営体","67004","旧押野村２－１","2015000000","2015年","経営体","-"
"0010","経営体数","230","林業経営体_うち組織経営体","67005","旧内川村","2015000000","2015年","経営体","-"
"0010","経営体数","230","林業経営体_うち組織経営体","67006","旧犀川村","2015000000","2015年","経営体","-"
"0010","経営体数","230","林業経営体_うち組織経営体","67007","旧湯涌谷村","2015000000","2015年","経営体","-"
"0010","経営体数","230","林業経営体_うち組織経営体","67008","旧浅川村","2015000000","2015年","経営体","-"
"0010","経営体数","230","林業経営体_うち組織経営体","67009","旧大場村","2015000000","2015年","経営体","-"
"0010","経営体数","230","林業経営体_うち組織経営体","67010","旧八田村","2015000000","2015年","経営体","-"
"0010","経営体数","230","林業経営体_うち組織経営体","67011","旧花園村２－１","2015000000","2015年","経営体","-"
"0010","経営体数","230","林業経営体_うち組織経営体","67012","旧三谷村","2015000000","2015年","経営体","-"
"0010","経営体数","230","林業経営体_うち組織経営体","67013","旧森本村","2015000000","2015年","経営体","-"
"0010","経営体数","230","林業経営体_うち組織経営体","17202","七尾市","2015000000","2015年","経営体","3"
"0010","経営体数","230","林業経営体_うち組織経営体","67014","旧七尾市","2015000000","2015年","経営体","1"
"0010","経営体数","230","林業経営体_うち組織経営体","67015","旧南大呑村","2015000000","2015年","経営体","-"
"0010","経営体数","230","林業経営体_うち組織経営体","67016","旧北大呑村","2015000000","2015年","経営体","-"
"0010","経営体数","230","林業経営体_うち組織経営体","67017","旧崎山村","2015000000","2015年","経営体","-"
"0010","経営体数","230","林業経営体_うち組織経営体","67018","旧高階村","2015000000","2015年","経営体","-"
"0010","経営体数","230","林業経営体_うち組織経営体","67019","旧田鶴浜町","2015000000","2015年","経営体","-"
"0010","経営体数","230","林業経営体_うち組織経営体","67020","旧相馬村２－１","2015000000","2015年","経営体","-"
"0010","経営体数","230","林業経営体_うち組織経営体","67021","旧金ヶ崎村","2015000000","2015年","経営体","-"
"0010","経営体数","230","林業経営体_うち組織経営体","67022","旧笠師保村","2015000000","2015年","経営体","-"
"0010","経営体数","230","林業経営体_うち組織経営体","67023","旧豊川村","2015000000","2015年","経営体","-"
"0010","経営体数","230","林業経営体_うち組織経営体","67024","旧熊木村","2015000000","2015年","経営体","1"
"0010","経営体数","230","林業経営体_うち組織経営体","67025","旧西岸村","2015000000","2015年","経営体","1"
"0010","経営体数","230","林業経営体_うち組織経営体","67026","旧中島村","2015000000","2015年","経営体","-"
"0010","経営体数","230","林業経営体_うち組織経営体","67027","旧釶打村","2015000000","2015年","経営体","-"
"0010","経営体数","230","林業経営体_うち組織経営体","67028","旧東島村","2015000000","2015年","経営体","-"
"0010","経営体数","230","林業経営体_うち組織経営体","67029","旧中乃島村","2015000000","2015年","経営体","-"
"0010","経営体数","230","林業経営体_うち組織経営体","67030","旧西島村","2015000000","2015年","経営体","-"
"0010","経営体数","230","林業経営体_うち組織経営体","17203","小松市","2015000000","2015年","経営体","4"
"0010","経営体数","230","林業経営体_うち組織経営体","67031","旧小松市","2015000000","2015年","経営体","3"
"0010","経営体数","230","林業経営体_うち組織経営体","67032","旧那谷村","2015000000","2015年","経営体","-"
"0010","経営体数","230","林業経営体_うち組織経営体","67033","旧矢田野村","2015000000","2015年","経営体","-"
"0010","経営体数","230","林業経営体_うち組織経営体","67034","旧月津村２－１","2015000000","2015年","経営体","-"
"0010","経営体数","230","林業経営体_うち組織経営体","67035","旧大杉谷村","2015000000","2015年","経営体","1"
"0010","経営体数","230","林業経営体_うち組織経営体","67036","旧金野村","2015000000","2015年","経営体","-"
"0010","経営体数","230","林業経営体_うち組織経営体","67037","旧新丸村","2015000000","2015年","経営体","-"
"0010","経営体数","230","林業経営体_うち組織経営体","67038","旧中海村","2015000000","2015年","経営体","-"
"0010","経営体数","230","林業経営体_うち組織経営体","67039","旧国府村２－１","2015000000","2015年","経営体","-"
"0010","経営体数","230","林業経営体_うち組織経営体","67040","旧西尾村","2015000000","2015年","経営体","-"
"0010","経営体数","230","林業経営体_うち組織経営体","17204","輪島市","2015000000","2015年","経営体","8"
"0010","経営体数","230","林業経営体_うち組織経営体","67041","旧輪島市","2015000000","2015年","経営体","-"
"0010","経営体数","230","林業経営体_うち組織経営体","67042","旧町野町","2015000000","2015年","経営体","1"
"0010","経営体数","230","林業経営体_うち組織経営体","67043","旧西保村","2015000000","2015年","経営体","-"
"0010","経営体数","230","林業経営体_うち組織経営体","67044","旧大屋村","2015000000","2015年","経営体","1"
"0010","経営体数","230","林業経営体_うち組織経営体","67045","旧河原田村","2015000000","2015年","経営体","-"
"0010","経営体数","230","林業経営体_うち組織経営体","67046","旧鵠巣村","2015000000","2015年","経営体","-"
"0010","経営体数","230","林業経営体_うち組織経営体","67047","旧南志見村","2015000000","2015年","経営体","1"
"0010","経営体数","230","林業経営体_うち組織経営体","67048","旧三井村","2015000000","2015年","経営体","-"
"0010","経営体数","230","林業経営体_うち組織経営体","67049","旧門前町","2015000000","2015年","経営体","3"
"0010","経営体数","230","林業経営体_うち組織経営体","67050","旧剣地村","2015000000","2015年","経営体","-"
"0010","経営体数","230","林業経営体_うち組織経営体","67051","旧諸岡村","2015000000","2015年","経営体","-"
"0010","経営体数","230","林業経営体_うち組織経営体","67052","旧浦上村","2015000000","2015年","経営体","-"
"0010","経営体数","230","林業経営体_うち組織経営体","67053","旧七浦村","2015000000","2015年","経営体","1"
"0010","経営体数","230","林業経営体_うち組織経営体","67054","旧本郷村","2015000000","2015年","経営体","1"
"0010","経営体数","230","林業経営体_うち組織経営体","67055","旧黒島村","2015000000","2015年","経営体","-"
"0010","経営体数","230","林業経営体_うち組織経営体","17205","珠洲市","2015000000","2015年","経営体","8"
"0010","経営体数","230","林業経営体_うち組織経営体","67056","旧飯田町","2015000000","2015年","経営体","1"
"0010","経営体数","230","林業経営体_うち組織経営体","67057","旧宝立町","2015000000","2015年","経営体","2"
"0010","経営体数","230","林業経営体_うち組織経営体","67058","旧正院町","2015000000","2015年","経営体","1"
"0010","経営体数","230","林業経営体_うち組織経営体","67059","旧上戸村","2015000000","2015年","経営体","-"
"0010","経営体数","230","林業経営体_うち組織経営体","67060","旧若山村","2015000000","2015年","経営体","3"
"0010","経営体数","230","林業経営体_うち組織経営体","67061","旧直村","2015000000","2015年","経営体","-"
"0010","経営体数","230","林業経営体_うち組織経営体","67062","旧三崎村","2015000000","2015年","経営体","-"
"0010","経営体数","230","林業経営体_うち組織経営体","67063","旧西海村","2015000000","2015年","経営体","1"
"0010","経営体数","230","林業経営体_うち組織経営体","67064","旧蛸島村","2015000000","2015年","経営体","-"
"0010","経営体数","230","林業経営体_うち組織経営体","17206","加賀市","2015000000","2015年","経営体","2"
"0010","経営体数","230","林業経営体_うち組織経営体","67065","旧大聖寺町","2015000000","2015年","経営体","1"
"0010","経営体数","230","林業経営体_うち組織経営体","67066","旧山代町","2015000000","2015年","経営体","1"
"0010","経営体数","230","林業経営体_うち組織経営体","67067","旧片山津町","2015000000","2015年","経営体","-"
"0010","経営体数","230","林業経営体_うち組織経営体","67068","旧動橋町","2015000000","2015年","経営体","-"
"0010","経営体数","230","林業経営体_うち組織経営体","67069","旧三木村","2015000000","2015年","経営体","-"
"0010","経営体数","230","林業経営体_うち組織経営体","67070","旧瀬越村","2015000000","2015年","経営体","-"
"0010","経営体数","230","林業経営体_うち組織経営体","67071","旧三谷村","2015000000","2015年","経営体","-"
"0010","経営体数","230","林業経営体_うち組織経営体","67072","旧南郷村","2015000000","2015年","経営体","-"
"0010","経営体数","230","林業経営体_うち組織経営体","67073","旧東谷口村","2015000000","2015年","経営体","-"
"0010","経営体数","230","林業経営体_うち組織経営体","67074","旧勅使村","2015000000","2015年","経営体","-"
"0010","経営体数","230","林業経営体_うち組織経営体","67075","旧橋立村","2015000000","2015年","経営体","-"
"0010","経営体数","230","林業経営体_うち組織経営体","67076","旧篠原村","2015000000","2015年","経営体","-"
"0010","経営体数","230","林業経営体_うち組織経営体","67077","旧分校村","2015000000","2015年","経営体","-"
"0010","経営体数","230","林業経営体_うち組織経営体","67078","旧月津村２－２","2015000000","2015年","経営体","-"
"0010","経営体数","230","林業経営体_うち組織経営体","67079","旧塩屋村","2015000000","2015年","経営体","-"
"0010","経営体数","230","林業経営体_うち組織経営体","67080","旧河南村２－２","2015000000","2015年","経営体","-"
"0010","経営体数","230","林業経営体_うち組織経営体","67081","旧山中町","2015000000","2015年","経営体","-"
"0010","経営体数","230","林業経営体_うち組織経営体","67082","旧河南村２－１","2015000000","2015年","経営体","-"
"0010","経営体数","230","林業経営体_うち組織経営体","67083","旧西谷村","2015000000","2015年","経営体","-"
"0010","経営体数","230","林業経営体_うち組織経営体","67084","旧東谷奥村","2015000000","2015年","経営体","-"
"0010","経営体数","230","林業経営体_うち組織経営体","17207","羽咋市","2015000000","2015年","経営体","3"
"0010","経営体数","230","林業経営体_うち組織経営体","67085","旧羽咋町","2015000000","2015年","経営体","1"
"0010","経営体数","230","林業経営体_うち組織経営体","67086","旧邑知町","2015000000","2015年","経営体","1"
"0010","経営体数","230","林業経営体_うち組織経営体","67087","旧粟ノ保村","2015000000","2015年","経営体","-"
"0010","経営体数","230","林業経営体_うち組織経営体","67088","旧富永村","2015000000","2015年","経営体","-"
"0010","経営体数","230","林業経営体_うち組織経営体","67089","旧一ノ宮村","2015000000","2015年","経営体","-"
"0010","経営体数","230","林業経営体_うち組織経営体","67090","旧越路野村","2015000000","2015年","経営体","-"
"0010","経営体数","230","林業経営体_うち組織経営体","67091","旧上甘田村２－１","2015000000","2015年","経営体","1"
"0010","経営体数","230","林業経営体_うち組織経営体","67092","旧下甘田村２－２","2015000000","2015年","経営体","-"
"0010","経営体数","230","林業経営体_うち組織経営体","67093","旧千里浜村","2015000000","2015年","経営体","-"
"0010","経営体数","230","林業経営体_うち組織経営体","67094","旧余喜村","2015000000","2015年","経営体","-"
"0010","経営体数","230","林業経営体_うち組織経営体","67095","旧鹿島路村","2015000000","2015年","経営体","-"
"0010","経営体数","230","林業経営体_うち組織経営体","17209","かほく市","2015000000","2015年","経営体","2"
"0010","経営体数","230","林業経営体_うち組織経営体","67096","旧高松町２－１","2015000000","2015年","経営体","-"
"0010","経営体数","230","林業経営体_うち組織経営体","67097","旧南大海村","2015000000","2015年","経営体","-"
"0010","経営体数","230","林業経営体_うち組織経営体","67098","旧七塚町","2015000000","2015年","経営体","-"
"0010","経営体数","230","林業経営体_うち組織経営体","67099","旧宇ノ気町","2015000000","2015年","経営体","2"
"0010","経営体数","230","林業経営体_うち組織経営体","67100","旧金津村(高松町２－２)","2015000000","2015年","経営体","-"
"0010","経営体数","230","林業経営体_うち組織経営体","17210","白山市","2015000000","2015年","経営体","6"
"0010","経営体数","230","林業経営体_うち組織経営体","67101","旧松任町","2015000000","2015年","経営体","-"
"0010","経営体数","230","林業経営体_うち組織経営体","67102","旧石川村","2015000000","2015年","経営体","-"
"0010","経営体数","230","林業経営体_うち組織経営体","67103","旧柏野村","2015000000","2015年","経営体","-"
"0010","経営体数","230","林業経営体_うち組織経営体","67104","旧笠間村","2015000000","2015年","経営体","-"
"0010","経営体数","230","林業経営体_うち組織経営体","67105","旧宮保村","2015000000","2015年","経営体","-"
"0010","経営体数","230","林業経営体_うち組織経営体","67106","旧一木村","2015000000","2015年","経営体","-"
"0010","経営体数","230","林業経営体_うち組織経営体","67107","旧出城村","2015000000","2015年","経営体","-"
"0010","経営体数","230","林業経営体_うち組織経営体","67108","旧御手洗村","2015000000","2015年","経営体","1"
"0010","経営体数","230","林業経営体_うち組織経営体","67109","旧旭村","2015000000","2015年","経営体","-"
"0010","経営体数","230","林業経営体_うち組織経営体","67110","旧郷村２－２","2015000000","2015年","経営体","-"
"0010","経営体数","230","林業経営体_うち組織経営体","67111","旧中奥村","2015000000","2015年","経営体","-"
"0010","経営体数","230","林業経営体_うち組織経営体","67112","旧林中村","2015000000","2015年","経営体","-"
"0010","経営体数","230","林業経営体_うち組織経営体","67113","旧山島村","2015000000","2015年","経営体","-"
"0010","経営体数","230","林業経営体_うち組織経営体","67114","旧湊村","2015000000","2015年","経営体","-"
"0010","経営体数","230","林業経営体_うち組織経営体","67115","旧美川町","2015000000","2015年","経営体","-"
"0010","経営体数","230","林業経営体_うち組織経営体","67116","旧蝶屋村","2015000000","2015年","経営体","-"
"0010","経営体数","230","林業経営体_うち組織経営体","67117","旧鶴来町","2015000000","2015年","経営体","1"
"0010","経営体数","230","林業経営体_うち組織経営体","67118","旧館畑村","2015000000","2015年","経営体","-"
"0010","経営体数","230","林業経営体_うち組織経営体","67119","旧林村","2015000000","2015年","経営体","-"
"0010","経営体数","230","林業経営体_うち組織経営体","67120","旧蔵山村","2015000000","2015年","経営体","-"
"0010","経営体数","230","林業経営体_うち組織経営体","67121","旧河内村２－２","2015000000","2015年","経営体","1"
"0010","経営体数","230","林業経営体_うち組織経営体","67122","旧河内村(河内村２－１)","2015000000","2015年","経営体","-"
"0010","経営体数","230","林業経営体_うち組織経営体","67123","旧吉野谷村","2015000000","2015年","経営体","-"
"0010","経営体数","230","林業経営体_うち組織経営体","67124","旧鳥越村","2015000000","2015年","経営体","1"
"0010","経営体数","230","林業経営体_うち組織経営体","67125","旧尾口村","2015000000","2015年","経営体","-"
"0010","経営体数","230","林業経営体_うち組織経営体","67126","旧白峰村","2015000000","2015年","経営体","2"
"0010","経営体数","230","林業経営体_うち組織経営体","17211","能美市","2015000000","2015年","経営体","2"
"0010","経営体数","230","林業経営体_うち組織経営体","67127","旧根上町","2015000000","2015年","経営体","1"
"0010","経営体数","230","林業経営体_うち組織経営体","67128","旧吉田村２－１","2015000000","2015年","経営体","-"
"0010","経営体数","230","林業経営体_うち組織経営体","67129","旧寺井野町","2015000000","2015年","経営体","-"
"0010","経営体数","230","林業経営体_うち組織経営体","67130","旧粟生村","2015000000","2015年","経営体","-"
"0010","経営体数","230","林業経営体_うち組織経営体","67131","旧吉田村２－２","2015000000","2015年","経営体","-"
"0010","経営体数","230","林業経営体_うち組織経営体","67132","旧久常村２－２","2015000000","2015年","経営体","-"
"0010","経営体数","230","林業経営体_うち組織経営体","67133","旧久常村２－１","2015000000","2015年","経営体","-"
"0010","経営体数","230","林業経営体_うち組織経営体","67134","旧国府村２－２","2015000000","2015年","経営体","-"
"0010","経営体数","230","林業経営体_うち組織経営体","67135","旧山上村","2015000000","2015年","経営体","1"
"0010","経営体数","230","林業経営体_うち組織経営体","17212","野々市市","2015000000","2015年","経営体","-"
"0010","経営体数","230","林業経営体_うち組織経営体","67136","旧野々市町","2015000000","2015年","経営体","-"
"0010","経営体数","230","林業経営体_うち組織経営体","67137","旧郷村２－１","2015000000","2015年","経営体","-"
"0010","経営体数","230","林業経営体_うち組織経営体","67138","旧富奥村","2015000000","2015年","経営体","-"
"0010","経営体数","230","林業経営体_うち組織経営体","67139","旧押野村２－２","2015000000","2015年","経営体","-"
"0010","経営体数","230","林業経営体_うち組織経営体","17324","川北町","2015000000","2015年","経営体","-"
"0010","経営体数","230","林業経営体_うち組織経営体","17361","津幡町","2015000000","2015年","経営体","-"
"0010","経営体数","230","林業経営体_うち組織経営体","67140","旧津幡町","2015000000","2015年","経営体","-"
"0010","経営体数","230","林業経営体_うち組織経営体","67141","旧中條村","2015000000","2015年","経営体","-"
"0010","経営体数","230","林業経営体_うち組織経営体","67142","旧井上村","2015000000","2015年","経営体","-"
"0010","経営体数","230","林業経営体_うち組織経営体","67143","旧花園村２－２","2015000000","2015年","経営体","-"
"0010","経営体数","230","林業経営体_うち組織経営体","67144","旧倶利伽羅村","2015000000","2015年","経営体","-"
"0010","経営体数","230","林業経営体_うち組織経営体","67145","旧笠谷村","2015000000","2015年","経営体","-"
"0010","経営体数","230","林業経営体_うち組織経営体","67146","旧英田村","2015000000","2015年","経営体","-"
"0010","経営体数","230","林業経営体_うち組織経営体","67147","旧河合谷村","2015000000","2015年","経営体","-"
"0010","経営体数","230","林業経営体_うち組織経営体","17365","内灘町","2015000000","2015年","経営体","-"
"0010","経営体数","230","林業経営体_うち組織経営体","17384","志賀町","2015000000","2015年","経営体","3"
"0010","経営体数","230","林業経営体_うち組織経営体","67148","旧高浜町","2015000000","2015年","経営体","-"
"0010","経営体数","230","林業経営体_うち組織経営体","67149","旧上甘田村２－２","2015000000","2015年","経営体","-"
"0010","経営体数","230","林業経営体_うち組織経営体","67150","旧中甘田村","2015000000","2015年","経営体","-"
"0010","経営体数","230","林業経営体_うち組織経営体","67151","旧下甘田村２－１","2015000000","2015年","経営体","1"
"0010","経営体数","230","林業経営体_うち組織経営体","67152","旧志加浦村","2015000000","2015年","経営体","-"
"0010","経営体数","230","林業経営体_うち組織経営体","67153","旧堀松村","2015000000","2015年","経営体","-"
"0010","経営体数","230","林業経営体_うち組織経営体","67154","旧加茂村","2015000000","2015年","経営体","-"
"0010","経営体数","230","林業経営体_うち組織経営体","67155","旧土田村","2015000000","2015年","経営体","-"
"0010","経営体数","230","林業経営体_うち組織経営体","67156","旧上熊野村","2015000000","2015年","経営体","-"
"0010","経営体数","230","林業経営体_うち組織経営体","67157","旧富来町","2015000000","2015年","経営体","2"
"0010","経営体数","230","林業経営体_うち組織経営体","67158","旧熊野村","2015000000","2015年","経営体","-"
"0010","経営体数","230","林業経営体_うち組織経営体","67159","旧稗造村","2015000000","2015年","経営体","-"
"0010","経営体数","230","林業経営体_うち組織経営体","67160","旧東増穂村","2015000000","2015年","経営体","-"
"0010","経営体数","230","林業経営体_うち組織経営体","67161","旧西増穂村","2015000000","2015年","経営体","-"
"0010","経営体数","230","林業経営体_うち組織経営体","67162","旧西海村","2015000000","2015年","経営体","-"
"0010","経営体数","230","林業経営体_うち組織経営体","67163","旧西浦村","2015000000","2015年","経営体","-"
"0010","経営体数","230","林業経営体_うち組織経営体","67164","旧福浦村","2015000000","2015年","経営体","-"
"0010","経営体数","230","林業経営体_うち組織経営体","17386","宝達志水町","2015000000","2015年","経営体","4"
"0010","経営体数","230","林業経営体_うち組織経営体","67165","旧志雄町","2015000000","2015年","経営体","1"
"0010","経営体数","230","林業経営体_うち組織経営体","67166","旧柏崎村２－２","2015000000","2015年","経営体","-"
"0010","経営体数","230","林業経営体_うち組織経営体","67167","旧北大海村","2015000000","2015年","経営体","-"
"0010","経営体数","230","林業経営体_うち組織経営体","67168","旧北荘村","2015000000","2015年","経営体","1"
"0010","経営体数","230","林業経営体_うち組織経営体","67169","旧中荘村","2015000000","2015年","経営体","2"
"0010","経営体数","230","林業経営体_うち組織経営体","67170","旧末森村","2015000000","2015年","経営体","-"
"0010","経営体数","230","林業経営体_うち組織経営体","67171","旧柏崎村２－１","2015000000","2015年","経営体","-"
"0010","経営体数","230","林業経営体_うち組織経営体","17407","中能登町","2015000000","2015年","経営体","2"
"0010","経営体数","230","林業経営体_うち組織経営体","67172","旧鳥屋町","2015000000","2015年","経営体","-"
"0010","経営体数","230","林業経営体_うち組織経営体","67173","旧相馬村２－２","2015000000","2015年","経営体","-"
"0010","経営体数","230","林業経営体_うち組織経営体","67174","旧越路町","2015000000","2015年","経営体","1"
"0010","経営体数","230","林業経営体_うち組織経営体","67175","旧御祖村","2015000000","2015年","経営体","-"
"0010","経営体数","230","林業経営体_うち組織経営体","67176","旧滝尾村","2015000000","2015年","経営体","-"
"0010","経営体数","230","林業経営体_うち組織経営体","67177","旧久江村","2015000000","2015年","経営体","-"
"0010","経営体数","230","林業経営体_うち組織経営体","67178","旧能登部町","2015000000","2015年","経営体","1"
"0010","経営体数","230","林業経営体_うち組織経営体","67179","旧金丸村","2015000000","2015年","経営体","-"
"0010","経営体数","230","林業経営体_うち組織経営体","17461","穴水町","2015000000","2015年","経営体","6"
"0010","経営体数","230","林業経営体_うち組織経営体","67180","旧穴水町","2015000000","2015年","経営体","4"
"0010","経営体数","230","林業経営体_うち組織経営体","67181","旧諸橋村","2015000000","2015年","経営体","-"
"0010","経営体数","230","林業経営体_うち組織経営体","67182","旧兜村","2015000000","2015年","経営体","-"
"0010","経営体数","230","林業経営体_うち組織経営体","67183","旧住吉村","2015000000","2015年","経営体","2"
"0010","経営体数","230","林業経営体_うち組織経営体","17463","能登町","2015000000","2015年","経営体","7"
"0010","経営体数","230","林業経営体_うち組織経営体","67184","旧宇出津町","2015000000","2015年","経営体","1"
"0010","経営体数","230","林業経営体_うち組織経営体","67185","旧鵜川町","2015000000","2015年","経営体","3"
"0010","経営体数","230","林業経営体_うち組織経営体","67186","旧神野村２－１","2015000000","2015年","経営体","-"
"0010","経営体数","230","林業経営体_うち組織経営体","67187","旧三波村","2015000000","2015年","経営体","1"
"0010","経営体数","230","林業経営体_うち組織経営体","67188","旧小木町２－１","2015000000","2015年","経営体","-"
"0010","経営体数","230","林業経営体_うち組織経営体","67189","旧柳田村","2015000000","2015年","経営体","-"
"0010","経営体数","230","林業経営体_うち組織経営体","67190","旧神野村２－２","2015000000","2015年","経営体","2"
"0010","経営体数","230","林業経営体_うち組織経営体","67191","旧小木町２－２","2015000000","2015年","経営体","-"
"0010","経営体数","230","林業経営体_うち組織経営体","67192","旧松波町","2015000000","2015年","経営体","-"
"0010","経営体数","230","林業経営体_うち組織経営体","18000","福井県","2015000000","2015年","経営体","80"
"0010","経営体数","230","林業経営体_うち組織経営体","18201","福井市","2015000000","2015年","経営体","6"
"0010","経営体数","230","林業経営体_うち組織経営体","68001","旧福井市","2015000000","2015年","経営体","1"
"0010","経営体数","230","林業経営体_うち組織経営体","68002","旧西藤島村","2015000000","2015年","経営体","-"
"0010","経営体数","230","林業経営体_うち組織経営体","68003","旧西安居村","2015000000","2015年","経営体","-"
"0010","経営体数","230","林業経営体_うち組織経営体","68004","旧社村","2015000000","2015年","経営体","-"
"0010","経営体数","230","林業経営体_うち組織経営体","68005","旧中藤島村","2015000000","2015年","経営体","-"
"0010","経営体数","230","林業経営体_うち組織経営体","68006","旧河合村","2015000000","2015年","経営体","-"
"0010","経営体数","230","林業経営体_うち組織経営体","68007","旧六条村","2015000000","2015年","経営体","2"
"0010","経営体数","230","林業経営体_うち組織経営体","68008","旧大安寺村","2015000000","2015年","経営体","-"
"0010","経営体数","230","林業経営体_うち組織経営体","68009","旧麻生津村","2015000000","2015年","経営体","1"
"0010","経営体数","230","林業経営体_うち組織経営体","68010","旧国見村","2015000000","2015年","経営体","-"
"0010","経営体数","230","林業経営体_うち組織経営体","68011","旧岡保村","2015000000","2015年","経営体","-"
"0010","経営体数","230","林業経営体_うち組織経営体","68012","旧東藤島村","2015000000","2015年","経営体","-"
"0010","経営体数","230","林業経営体_うち組織経営体","68013","旧殿下村","2015000000","2015年","経営体","-"
"0010","経営体数","230","林業経営体_うち組織経営体","68014","旧鶉村","2015000000","2015年","経営体","-"
"0010","経営体数","230","林業経営体_うち組織経営体","68015","旧本郷村","2015000000","2015年","経営体","-"
"0010","経営体数","230","林業経営体_うち組織経営体","68016","旧棗村","2015000000","2015年","経営体","-"
"0010","経営体数","230","林業経営体_うち組織経営体","68017","旧鷹巣村","2015000000","2015年","経営体","-"
"0010","経営体数","230","林業経営体_うち組織経営体","68018","旧浜四郷村２－２","2015000000","2015年","経営体","-"
"0010","経営体数","230","林業経営体_うち組織経営体","68019","旧森田町","2015000000","2015年","経営体","-"
"0010","経営体数","230","林業経営体_うち組織経営体","68020","旧酒生村","2015000000","2015年","経営体","-"
"0010","経営体数","230","林業経営体_うち組織経営体","68021","旧一乗谷村","2015000000","2015年","経営体","-"
"0010","経営体数","230","林業経営体_うち組織経営体","68022","旧東郷村","2015000000","2015年","経営体","-"
"0010","経営体数","230","林業経営体_うち組織経営体","68023","旧上文殊村","2015000000","2015年","経営体","-"
"0010","経営体数","230","林業経営体_うち組織経営体","68024","旧下文殊村","2015000000","2015年","経営体","-"
"0010","経営体数","230","林業経営体_うち組織経営体","68025","旧羽生村","2015000000","2015年","経営体","-"
"0010","経営体数","230","林業経営体_うち組織経営体","68026","旧芦見村","2015000000","2015年","経営体","-"
"0010","経営体数","230","林業経営体_うち組織経営体","68027","旧上味見村","2015000000","2015年","経営体","1"
"0010","経営体数","230","林業経営体_うち組織経営体","68028","旧下味見村","2015000000","2015年","経営体","-"
"0010","経営体数","230","林業経営体_うち組織経営体","68029","旧上宇坂村","2015000000","2015年","経営体","1"
"0010","経営体数","230","林業経営体_うち組織経営体","68030","旧下宇坂村","2015000000","2015年","経営体","-"
"0010","経営体数","230","林業経営体_うち組織経営体","68031","旧越廼村","2015000000","2015年","経営体","-"
"0010","経営体数","230","林業経営体_うち組織経営体","68032","旧下岬村","2015000000","2015年","経営体","-"
"0010","経営体数","230","林業経営体_うち組織経営体","68033","旧志津村","2015000000","2015年","経営体","-"
"0010","経営体数","230","林業経営体_うち組織経営体","68034","旧三方村","2015000000","2015年","経営体","-"
"0010","経営体数","230","林業経営体_うち組織経営体","68035","旧天津村","2015000000","2015年","経営体","-"
"0010","経営体数","230","林業経営体_うち組織経営体","18202","敦賀市","2015000000","2015年","経営体","6"
"0010","経営体数","230","林業経営体_うち組織経営体","68036","旧敦賀市","2015000000","2015年","経営体","1"
"0010","経営体数","230","林業経営体_うち組織経営体","68037","旧東浦村","2015000000","2015年","経営体","1"
"0010","経営体数","230","林業経営体_うち組織経営体","68038","旧東郷村","2015000000","2015年","経営体","3"
"0010","経営体数","230","林業経営体_うち組織経営体","68039","旧中郷村","2015000000","2015年","経営体","-"
"0010","経営体数","230","林業経営体_うち組織経営体","68040","旧愛発村","2015000000","2015年","経営体","-"
"0010","経営体数","230","林業経営体_うち組織経営体","68041","旧粟野村","2015000000","2015年","経営体","1"
"0010","経営体数","230","林業経営体_うち組織経営体","18204","小浜市","2015000000","2015年","経営体","2"
"0010","経営体数","230","林業経営体_うち組織経営体","68042","旧小浜町","2015000000","2015年","経営体","-"
"0010","経営体数","230","林業経営体_うち組織経営体","68043","旧内外海村","2015000000","2015年","経営体","-"
"0010","経営体数","230","林業経営体_うち組織経営体","68044","旧国富村","2015000000","2015年","経営体","-"
"0010","経営体数","230","林業経営体_うち組織経営体","68045","旧遠敷村","2015000000","2015年","経営体","1"
"0010","経営体数","230","林業経営体_うち組織経営体","68046","旧今富村","2015000000","2015年","経営体","-"
"0010","経営体数","230","林業経営体_うち組織経営体","68047","旧松永村","2015000000","2015年","経営体","-"
"0010","経営体数","230","林業経営体_うち組織経営体","68048","旧口名田村","2015000000","2015年","経営体","-"
"0010","経営体数","230","林業経営体_うち組織経営体","68049","旧中名田村","2015000000","2015年","経営体","-"
"0010","経営体数","230","林業経営体_うち組織経営体","68050","旧宮川村","2015000000","2015年","経営体","1"
"0010","経営体数","230","林業経営体_うち組織経営体","68051","旧加斗村２－１","2015000000","2015年","経営体","-"
"0010","経営体数","230","林業経営体_うち組織経営体","18205","大野市","2015000000","2015年","経営体","14"
"0010","経営体数","230","林業経営体_うち組織経営体","68052","旧大野町","2015000000","2015年","経営体","2"
"0010","経営体数","230","林業経営体_うち組織経営体","68053","旧小山村","2015000000","2015年","経営体","1"
"0010","経営体数","230","林業経営体_うち組織経営体","68054","旧乾側村","2015000000","2015年","経営体","-"
"0010","経営体数","230","林業経営体_うち組織経営体","68055","旧下庄町","2015000000","2015年","経営体","4"
"0010","経営体数","230","林業経営体_うち組織経営体","68056","旧上庄村","2015000000","2015年","経営体","4"
"0010","経営体数","230","林業経営体_うち組織経営体","68057","旧五箇村","2015000000","2015年","経営体","-"
"0010","経営体数","230","林業経営体_うち組織経営体","68058","旧阪谷村","2015000000","2015年","経営体","2"
"0010","経営体数","230","林業経営体_うち組織経営体","68059","旧富田村","2015000000","2015年","経営体","1"
"0010","経営体数","230","林業経営体_うち組織経営体","68060","旧和泉村","2015000000","2015年","経営体","-"
"0010","経営体数","230","林業経営体_うち組織経営体","18206","勝山市","2015000000","2015年","経営体","10"
"0010","経営体数","230","林業経営体_うち組織経営体","68061","旧勝山町","2015000000","2015年","経営体","2"
"0010","経営体数","230","林業経営体_うち組織経営体","68062","旧平泉寺村","2015000000","2015年","経営体","1"
"0010","経営体数","230","林業経営体_うち組織経営体","68063","旧村岡村","2015000000","2015年","経営体","3"
"0010","経営体数","230","林業経営体_うち組織経営体","68064","旧北谷村","2015000000","2015年","経営体","1"
"0010","経営体数","230","林業経営体_うち組織経営体","68065","旧野向村","2015000000","2015年","経営体","-"
"0010","経営体数","230","林業経営体_うち組織経営体","68066","旧荒土村","2015000000","2015年","経営体","-"
"0010","経営体数","230","林業経営体_うち組織経営体","68067","旧北郷村","2015000000","2015年","経営体","1"
"0010","経営体数","230","林業経営体_うち組織経営体","68068","旧鹿谷村","2015000000","2015年","経営体","2"
"0010","経営体数","230","林業経営体_うち組織経営体","68069","旧遅羽村","2015000000","2015年","経営体","-"
"0010","経営体数","230","林業経営体_うち組織経営体","18207","鯖江市","2015000000","2015年","経営体","-"
"0010","経営体数","230","林業経営体_うち組織経営体","68070","旧鯖江町","2015000000","2015年","経営体","-"
"0010","経営体数","230","林業経営体_うち組織経営体","68071","旧神明町","2015000000","2015年","経営体","-"
"0010","経営体数","230","林業経営体_うち組織経営体","68072","旧中河村","2015000000","2015年","経営体","-"
"0010","経営体数","230","林業経営体_うち組織経営体","68073","旧片上村","2015000000","2015年","経営体","-"
"0010","経営体数","230","林業経営体_うち組織経営体","68074","旧立待村","2015000000","2015年","経営体","-"
"0010","経営体数","230","林業経営体_うち組織経営体","68075","旧吉川村","2015000000","2015年","経営体","-"
"0010","経営体数","230","林業経営体_うち組織経営体","68076","旧豊村","2015000000","2015年","経営体","-"
"0010","経営体数","230","林業経営体_うち組織経営体","68077","旧北中山村２－１","2015000000","2015年","経営体","-"
"0010","経営体数","230","林業経営体_うち組織経営体","68078","旧河和田村","2015000000","2015年","経営体","-"
"0010","経営体数","230","林業経営体_うち組織経営体","18208","あわら市","2015000000","2015年","経営体","3"
"0010","経営体数","230","林業経営体_うち組織経営体","68079","旧金津町","2015000000","2015年","経営体","-"
"0010","経営体数","230","林業経営体_うち組織経営体","68080","旧細呂木村","2015000000","2015年","経営体","-"
"0010","経営体数","230","林業経営体_うち組織経営体","68081","旧坪江村２－１","2015000000","2015年","経営体","2"
"0010","経営体数","230","林業経営体_うち組織経営体","68082","旧剱岳村","2015000000","2015年","経営体","1"
"0010","経営体数","230","林業経営体_うち組織経営体","68083","旧伊井村","2015000000","2015年","経営体","-"
"0010","経営体数","230","林業経営体_うち組織経営体","68084","旧吉崎村","2015000000","2015年","経営体","-"
"0010","経営体数","230","林業経営体_うち組織経営体","68085","旧本荘村３－３","2015000000","2015年","経営体","-"
"0010","経営体数","230","林業経営体_うち組織経営体","68086","旧芦原町","2015000000","2015年","経営体","-"
"0010","経営体数","230","林業経営体_うち組織経営体","68087","旧本荘村３－１","2015000000","2015年","経営体","-"
"0010","経営体数","230","林業経営体_うち組織経営体","68088","旧北潟村","2015000000","2015年","経営体","-"
"0010","経営体数","230","林業経営体_うち組織経営体","18209","越前市","2015000000","2015年","経営体","4"
"0010","経営体数","230","林業経営体_うち組織経営体","68089","旧武生市","2015000000","2015年","経営体","1"
"0010","経営体数","230","林業経営体_うち組織経営体","68090","旧国高村","2015000000","2015年","経営体","-"
"0010","経営体数","230","林業経営体_うち組織経営体","68091","旧大虫村","2015000000","2015年","経営体","-"
"0010","経営体数","230","林業経営体_うち組織経営体","68092","旧坂口村","2015000000","2015年","経営体","-"
"0010","経営体数","230","林業経営体_うち組織経営体","68093","旧王子保村","2015000000","2015年","経営体","-"
"0010","経営体数","230","林業経営体_うち組織経営体","68094","旧北新庄村２－１","2015000000","2015年","経営体","-"
"0010","経営体数","230","林業経営体_うち組織経営体","68095","旧北日野村","2015000000","2015年","経営体","-"
"0010","経営体数","230","林業経営体_うち組織経営体","68096","旧味真野村","2015000000","2015年","経営体","1"
"0010","経営体数","230","林業経営体_うち組織経営体","68097","旧白山村","2015000000","2015年","経営体","-"
"0010","経営体数","230","林業経営体_うち組織経営体","68098","旧粟田部町","2015000000","2015年","経営体","1"
"0010","経営体数","230","林業経営体_うち組織経営体","68099","旧岡本村","2015000000","2015年","経営体","1"
"0010","経営体数","230","林業経営体_うち組織経営体","68100","旧服間村","2015000000","2015年","経営体","-"
"0010","経営体数","230","林業経営体_うち組織経営体","68101","旧南中山村","2015000000","2015年","経営体","-"
"0010","経営体数","230","林業経営体_うち組織経営体","68102","旧北新庄村２－２","2015000000","2015年","経営体","-"
"0010","経営体数","230","林業経営体_うち組織経営体","68103","旧北中山村２－２","2015000000","2015年","経営体","-"
"0010","経営体数","230","林業経営体_うち組織経営体","18210","坂井市","2015000000","2015年","経営体","1"
"0010","経営体数","230","林業経営体_うち組織経営体","68104","旧三国町","2015000000","2015年","経営体","-"
"0010","経営体数","230","林業経営体_うち組織経営体","68105","旧新保村","2015000000","2015年","経営体","-"
"0010","経営体数","230","林業経営体_うち組織経営体","68106","旧雄島村","2015000000","2015年","経営体","-"
"0010","経営体数","230","林業経営体_うち組織経営体","68107","旧加戸村","2015000000","2015年","経営体","-"
"0010","経営体数","230","林業経営体_うち組織経営体","68108","旧木部村２－２","2015000000","2015年","経営体","-"
"0010","経営体数","230","林業経営体_うち組織経営体","68109","旧本荘村３－２","2015000000","2015年","経営体","-"
"0010","経営体数","230","林業経営体_うち組織経営体","68110","旧浜四郷村２－１","2015000000","2015年","経営体","-"
"0010","経営体数","230","林業経営体_うち組織経営体","68111","旧丸岡町","2015000000","2015年","経営体","-"
"0010","経営体数","230","林業経営体_うち組織経営体","68112","旧坪江村２－２","2015000000","2015年","経営体","-"
"0010","経営体数","230","林業経営体_うち組織経営体","68113","旧磯部村２－１","2015000000","2015年","経営体","-"
"0010","経営体数","230","林業経営体_うち組織経営体","68114","旧鳴鹿村２－１","2015000000","2015年","経営体","-"
"0010","経営体数","230","林業経営体_うち組織経営体","68115","旧竹田村","2015000000","2015年","経営体","1"
"0010","経営体数","230","林業経営体_うち組織経営体","68116","旧長畝村","2015000000","2015年","経営体","-"
"0010","経営体数","230","林業経営体_うち組織経営体","68117","旧高椋村","2015000000","2015年","経営体","-"
"0010","経営体数","230","林業経営体_うち組織経営体","68118","旧春江町","2015000000","2015年","経営体","-"
"0010","経営体数","230","林業経営体_うち組織経営体","68119","旧大石村","2015000000","2015年","経営体","-"
"0010","経営体数","230","林業経営体_うち組織経営体","68120","旧磯部村２－２","2015000000","2015年","経営体","-"
"0010","経営体数","230","林業経営体_うち組織経営体","68121","旧東十郷村","2015000000","2015年","経営体","-"
"0010","経営体数","230","林業経営体_うち組織経営体","68122","旧大関村","2015000000","2015年","経営体","-"
"0010","経営体数","230","林業経営体_うち組織経営体","68123","旧木部村２－１","2015000000","2015年","経営体","-"
"0010","経営体数","230","林業経営体_うち組織経営体","68124","旧兵庫村","2015000000","2015年","経営体","-"
"0010","経営体数","230","林業経営体_うち組織経営体","18322","永平寺町","2015000000","2015年","経営体","3"
"0010","経営体数","230","林業経営体_うち組織経営体","68125","旧松岡町","2015000000","2015年","経営体","-"
"0010","経営体数","230","林業経営体_うち組織経営体","68126","旧五領ヶ島村","2015000000","2015年","経営体","-"
"0010","経営体数","230","林業経営体_うち組織経営体","68127","旧吉野村","2015000000","2015年","経営体","-"
"0010","経営体数","230","林業経営体_うち組織経営体","68128","旧下志比村２－２","2015000000","2015年","経営体","-"
"0010","経営体数","230","林業経営体_うち組織経営体","68129","旧志比谷村","2015000000","2015年","経営体","2"
"0010","経営体数","230","林業経営体_うち組織経営体","68130","旧浄法寺村","2015000000","2015年","経営体","-"
"0010","経営体数","230","林業経営体_うち組織経営体","68131","旧下志比村２－１","2015000000","2015年","経営体","1"
"0010","経営体数","230","林業経営体_うち組織経営体","68132","旧鳴鹿村２－２","2015000000","2015年","経営体","-"
"0010","経営体数","230","林業経営体_うち組織経営体","68133","旧上志比村","2015000000","2015年","経営体","-"
"0010","経営体数","230","林業経営体_うち組織経営体","18382","池田町","2015000000","2015年","経営体","6"
"0010","経営体数","230","林業経営体_うち組織経営体","68134","旧上池田村","2015000000","2015年","経営体","4"
"0010","経営体数","230","林業経営体_うち組織経営体","68135","旧下池田村","2015000000","2015年","経営体","2"
"0010","経営体数","230","林業経営体_うち組織経営体","18404","南越前町","2015000000","2015年","経営体","4"
"0010","経営体数","230","林業経営体_うち組織経営体","68136","旧南日野村","2015000000","2015年","経営体","1"
"0010","経営体数","230","林業経営体_うち組織経営体","68137","旧北杣山村","2015000000","2015年","経営体","1"
"0010","経営体数","230","林業経営体_うち組織経営体","68138","旧南杣山村","2015000000","2015年","経営体","-"
"0010","経営体数","230","林業経営体_うち組織経営体","68139","旧湯尾村","2015000000","2015年","経営体","-"
"0010","経営体数","230","林業経営体_うち組織経営体","68140","旧鹿蒜村","2015000000","2015年","経営体","-"
"0010","経営体数","230","林業経営体_うち組織経営体","68141","旧今庄村","2015000000","2015年","経営体","1"
"0010","経営体数","230","林業経営体_うち組織経営体","68142","旧宅良村","2015000000","2015年","経営体","-"
"0010","経営体数","230","林業経営体_うち組織経営体","68143","旧堺村","2015000000","2015年","経営体","1"
"0010","経営体数","230","林業経営体_うち組織経営体","68144","旧河野村","2015000000","2015年","経営体","-"
"0010","経営体数","230","林業経営体_うち組織経営体","18423","越前町","2015000000","2015年","経営体","2"
"0010","経営体数","230","林業経営体_うち組織経営体","68145","旧朝日町","2015000000","2015年","経営体","1"
"0010","経営体数","230","林業経営体_うち組織経営体","68146","旧常磐村２－１","2015000000","2015年","経営体","-"
"0010","経営体数","230","林業経営体_うち組織経営体","68147","旧糸生村","2015000000","2015年","経営体","-"
"0010","経営体数","230","林業経営体_うち組織経営体","68148","旧宮崎村","2015000000","2015年","経営体","-"
"0010","経営体数","230","林業経営体_うち組織経営体","68149","旧四ヶ浦町","2015000000","2015年","経営体","-"
"0010","経営体数","230","林業経営体_うち組織経営体","68150","旧城崎村","2015000000","2015年","経営体","-"
"0010","経営体数","230","林業経営体_うち組織経営体","68151","旧織田村","2015000000","2015年","経営体","1"
"0010","経営体数","230","林業経営体_うち組織経営体","68152","旧萩野村","2015000000","2015年","経営体","-"
"0010","経営体数","230","林業経営体_うち組織経営体","68153","旧常磐村２－２","2015000000","2015年","経営体","-"
"0010","経営体数","230","林業経営体_うち組織経営体","18442","美浜町","2015000000","2015年","経営体","3"
"0010","経営体数","230","林業経営体_うち組織経営体","68154","旧山東村","2015000000","2015年","経営体","2"
"0010","経営体数","230","林業経営体_うち組織経営体","68155","旧耳村","2015000000","2015年","経営体","-"
"0010","経営体数","230","林業経営体_うち組織経営体","68156","旧南西郷村","2015000000","2015年","経営体","1"
"0010","経営体数","230","林業経営体_うち組織経営体","68157","旧北西郷村","2015000000","2015年","経営体","-"
"0010","経営体数","230","林業経営体_うち組織経営体","18481","高浜町","2015000000","2015年","経営体","2"
"0010","経営体数","230","林業経営体_うち組織経営体","68158","旧高浜町","2015000000","2015年","経営体","-"
"0010","経営体数","230","林業経営体_うち組織経営体","68159","旧和田村","2015000000","2015年","経営体","-"
"0010","経営体数","230","林業経営体_うち組織経営体","68160","旧青郷村","2015000000","2015年","経営体","1"
"0010","経営体数","230","林業経営体_うち組織経営体","68161","旧内浦村","2015000000","2015年","経営体","1"
"0010","経営体数","230","林業経営体_うち組織経営体","18483","おおい町","2015000000","2015年","経営体","8"
"0010","経営体数","230","林業経営体_うち組織経営体","68162","旧知三村","2015000000","2015年","経営体","1"
"0010","経営体数","230","林業経営体_うち組織経営体","68163","旧奥名田村","2015000000","2015年","経営体","6"
"0010","経営体数","230","林業経営体_うち組織経営体","68164","旧佐分利村","2015000000","2015年","経営体","-"
"0010","経営体数","230","林業経営体_うち組織経営体","68165","旧本郷村","2015000000","2015年","経営体","1"
"0010","経営体数","230","林業経営体_うち組織経営体","68166","旧大島村","2015000000","2015年","経営体","-"
"0010","経営体数","230","林業経営体_うち組織経営体","68167","旧加斗村２－２","2015000000","2015年","経営体","-"
"0010","経営体数","230","林業経営体_うち組織経営体","18501","若狭町","2015000000","2015年","経営体","6"
"0010","経営体数","230","林業経営体_うち組織経営体","68168","旧西田村","2015000000","2015年","経営体","-"
"0010","経営体数","230","林業経営体_うち組織経営体","68169","旧八村","2015000000","2015年","経営体","4"
"0010","経営体数","230","林業経営体_うち組織経営体","68170","旧十村","2015000000","2015年","経営体","2"
"0010","経営体数","230","林業経営体_うち組織経営体","68171","旧鳥羽村","2015000000","2015年","経営体","-"
"0010","経営体数","230","林業経営体_うち組織経営体","68172","旧野木村","2015000000","2015年","経営体","-"
"0010","経営体数","230","林業経営体_うち組織経営体","68173","旧瓜生村","2015000000","2015年","経営体","-"
"0010","経営体数","230","林業経営体_うち組織経営体","68174","旧三宅村","2015000000","2015年","経営体","-"
"0010","経営体数","230","林業経営体_うち組織経営体","68175","旧熊川村","2015000000","2015年","経営体","-"
