"cat01_code","(J320-02-2-001)’·–μ§’nζ","cat02_code","(J301-02-1-001)”_—Ρ‹Ζo‰c‘Μ”","unit","value"
"1001","’·–μ§","1001","”_—Ρ‹Ζo‰c‘Μ_v","o‰c‘Μ","43381"
"1001","’·–μ§","1002","”_—Ρ‹Ζo‰c‘Μ_Βlo‰c","o‰c‘Μ","41631"
"1001","’·–μ§","1003","”_—Ρ‹Ζo‰c‘Μ_’c‘Μo‰c","o‰c‘Μ","1750"
"1001","’·–μ§","1004","”_—Ρ‹Ζo‰c‘Μ_’c‘Μo‰c_–@lo‰c","o‰c‘Μ","1331"
"1001","’·–μ§","1005","”_‹Ζo‰c‘Μ_v","o‰c‘Μ","42777"
"1001","’·–μ§","1006","”_‹Ζo‰c‘Μ_Βlo‰c","o‰c‘Μ","41419"
"1001","’·–μ§","1007","”_‹Ζo‰c‘Μ_’c‘Μo‰c","o‰c‘Μ","1358"
"1001","’·–μ§","1008","”_‹Ζo‰c‘Μ_’c‘Μo‰c_–@lo‰c","o‰c‘Μ","1132"
"1001","’·–μ§","1009","—Ρ‹Ζo‰c‘Μ_v","o‰c‘Μ","1008"
"1001","’·–μ§","1010","—Ρ‹Ζo‰c‘Μ_Βlo‰c","o‰c‘Μ","613"
"1001","’·–μ§","1011","—Ρ‹Ζo‰c‘Μ_’c‘Μo‰c","o‰c‘Μ","395"
"1001","’·–μ§","1012","—Ρ‹Ζo‰c‘Μ_’c‘Μo‰c_–@lo‰c","o‰c‘Μ","201"
"1002","’·–μ§_’·–μs","1001","”_—Ρ‹Ζo‰c‘Μ_v","o‰c‘Μ","4229"
"1002","’·–μ§_’·–μs","1002","”_—Ρ‹Ζo‰c‘Μ_Βlo‰c","o‰c‘Μ","4140"
"1002","’·–μ§_’·–μs","1003","”_—Ρ‹Ζo‰c‘Μ_’c‘Μo‰c","o‰c‘Μ","89"
"1002","’·–μ§_’·–μs","1004","”_—Ρ‹Ζo‰c‘Μ_’c‘Μo‰c_–@lo‰c","o‰c‘Μ","81"
"1002","’·–μ§_’·–μs","1005","”_‹Ζo‰c‘Μ_v","o‰c‘Μ","4214"
"1002","’·–μ§_’·–μs","1006","”_‹Ζo‰c‘Μ_Βlo‰c","o‰c‘Μ","4133"
"1002","’·–μ§_’·–μs","1007","”_‹Ζo‰c‘Μ_’c‘Μo‰c","o‰c‘Μ","81"
"1002","’·–μ§_’·–μs","1008","”_‹Ζo‰c‘Μ_’c‘Μo‰c_–@lo‰c","o‰c‘Μ","76"
"1002","’·–μ§_’·–μs","1009","—Ρ‹Ζo‰c‘Μ_v","o‰c‘Μ","36"
"1002","’·–μ§_’·–μs","1010","—Ρ‹Ζo‰c‘Μ_Βlo‰c","o‰c‘Μ","28"
"1002","’·–μ§_’·–μs","1011","—Ρ‹Ζo‰c‘Μ_’c‘Μo‰c","o‰c‘Μ","8"
"1002","’·–μ§_’·–μs","1012","—Ρ‹Ζo‰c‘Μ_’c‘Μo‰c_–@lo‰c","o‰c‘Μ","5"
"1003","’·–μ§_’·–μs_’·–μs","1001","”_—Ρ‹Ζo‰c‘Μ_v","o‰c‘Μ","100"
"1003","’·–μ§_’·–μs_’·–μs","1002","”_—Ρ‹Ζo‰c‘Μ_Βlo‰c","o‰c‘Μ","90"
"1003","’·–μ§_’·–μs_’·–μs","1003","”_—Ρ‹Ζo‰c‘Μ_’c‘Μo‰c","o‰c‘Μ","10"
"1003","’·–μ§_’·–μs_’·–μs","1004","”_—Ρ‹Ζo‰c‘Μ_’c‘Μo‰c_–@lo‰c","o‰c‘Μ","8"
"1003","’·–μ§_’·–μs_’·–μs","1005","”_‹Ζo‰c‘Μ_v","o‰c‘Μ","96"
"1003","’·–μ§_’·–μs_’·–μs","1006","”_‹Ζo‰c‘Μ_Βlo‰c","o‰c‘Μ","90"
"1003","’·–μ§_’·–μs_’·–μs","1007","”_‹Ζo‰c‘Μ_’c‘Μo‰c","o‰c‘Μ","6"
"1003","’·–μ§_’·–μs_’·–μs","1008","”_‹Ζo‰c‘Μ_’c‘Μo‰c_–@lo‰c","o‰c‘Μ","6"
"1003","’·–μ§_’·–μs_’·–μs","1009","—Ρ‹Ζo‰c‘Μ_v","o‰c‘Μ","4"
"1003","’·–μ§_’·–μs_’·–μs","1010","—Ρ‹Ζo‰c‘Μ_Βlo‰c","o‰c‘Μ","-"
"1003","’·–μ§_’·–μs_’·–μs","1011","—Ρ‹Ζo‰c‘Μ_’c‘Μo‰c","o‰c‘Μ","4"
"1003","’·–μ§_’·–μs_’·–μs","1012","—Ρ‹Ζo‰c‘Μ_’c‘Μo‰c_–@lo‰c","o‰c‘Μ","2"
"1004","’·–μ§_’·–μs_πδ‘Ί","1001","”_—Ρ‹Ζo‰c‘Μ_v","o‰c‘Μ","105"
"1004","’·–μ§_’·–μs_πδ‘Ί","1002","”_—Ρ‹Ζo‰c‘Μ_Βlo‰c","o‰c‘Μ","100"
"1004","’·–μ§_’·–μs_πδ‘Ί","1003","”_—Ρ‹Ζo‰c‘Μ_’c‘Μo‰c","o‰c‘Μ","5"
"1004","’·–μ§_’·–μs_πδ‘Ί","1004","”_—Ρ‹Ζo‰c‘Μ_’c‘Μo‰c_–@lo‰c","o‰c‘Μ","5"
"1004","’·–μ§_’·–μs_πδ‘Ί","1005","”_‹Ζo‰c‘Μ_v","o‰c‘Μ","105"
"1004","’·–μ§_’·–μs_πδ‘Ί","1006","”_‹Ζo‰c‘Μ_Βlo‰c","o‰c‘Μ","100"
"1004","’·–μ§_’·–μs_πδ‘Ί","1007","”_‹Ζo‰c‘Μ_’c‘Μo‰c","o‰c‘Μ","5"
"1004","’·–μ§_’·–μs_πδ‘Ί","1008","”_‹Ζo‰c‘Μ_’c‘Μo‰c_–@lo‰c","o‰c‘Μ","5"
"1004","’·–μ§_’·–μs_πδ‘Ί","1009","—Ρ‹Ζo‰c‘Μ_v","o‰c‘Μ","3"
"1004","’·–μ§_’·–μs_πδ‘Ί","1010","—Ρ‹Ζo‰c‘Μ_Βlo‰c","o‰c‘Μ","3"
"1004","’·–μ§_’·–μs_πδ‘Ί","1011","—Ρ‹Ζo‰c‘Μ_’c‘Μo‰c","o‰c‘Μ","-"
"1004","’·–μ§_’·–μs_πδ‘Ί","1012","—Ρ‹Ζo‰c‘Μ_’c‘Μo‰c_–@lo‰c","o‰c‘Μ","-"
"1005","’·–μ§_’·–μs_σμ‘Ί","1001","”_—Ρ‹Ζo‰c‘Μ_v","o‰c‘Μ","94"
"1005","’·–μ§_’·–μs_σμ‘Ί","1002","”_—Ρ‹Ζo‰c‘Μ_Βlo‰c","o‰c‘Μ","93"
"1005","’·–μ§_’·–μs_σμ‘Ί","1003","”_—Ρ‹Ζo‰c‘Μ_’c‘Μo‰c","o‰c‘Μ","1"
"1005","’·–μ§_’·–μs_σμ‘Ί","1004","”_—Ρ‹Ζo‰c‘Μ_’c‘Μo‰c_–@lo‰c","o‰c‘Μ","1"
"1005","’·–μ§_’·–μs_σμ‘Ί","1005","”_‹Ζo‰c‘Μ_v","o‰c‘Μ","93"
"1005","’·–μ§_’·–μs_σμ‘Ί","1006","”_‹Ζo‰c‘Μ_Βlo‰c","o‰c‘Μ","93"
"1005","’·–μ§_’·–μs_σμ‘Ί","1007","”_‹Ζo‰c‘Μ_’c‘Μo‰c","o‰c‘Μ","-"
"1005","’·–μ§_’·–μs_σμ‘Ί","1008","”_‹Ζo‰c‘Μ_’c‘Μo‰c_–@lo‰c","o‰c‘Μ","-"
"1005","’·–μ§_’·–μs_σμ‘Ί","1009","—Ρ‹Ζo‰c‘Μ_v","o‰c‘Μ","2"
"1005","’·–μ§_’·–μs_σμ‘Ί","1010","—Ρ‹Ζo‰c‘Μ_Βlo‰c","o‰c‘Μ","1"
"1005","’·–μ§_’·–μs_σμ‘Ί","1011","—Ρ‹Ζo‰c‘Μ_’c‘Μo‰c","o‰c‘Μ","1"
"1005","’·–μ§_’·–μs_σμ‘Ί","1012","—Ρ‹Ζo‰c‘Μ_’c‘Μo‰c_–@lo‰c","o‰c‘Μ","1"
"1006","’·–μ§_’·–μs_α’Ξ‘Ί","1001","”_—Ρ‹Ζo‰c‘Μ_v","o‰c‘Μ","120"
"1006","’·–μ§_’·–μs_α’Ξ‘Ί","1002","”_—Ρ‹Ζo‰c‘Μ_Βlo‰c","o‰c‘Μ","119"
"1006","’·–μ§_’·–μs_α’Ξ‘Ί","1003","”_—Ρ‹Ζo‰c‘Μ_’c‘Μo‰c","o‰c‘Μ","1"
"1006","’·–μ§_’·–μs_α’Ξ‘Ί","1004","”_—Ρ‹Ζo‰c‘Μ_’c‘Μo‰c_–@lo‰c","o‰c‘Μ","1"
"1006","’·–μ§_’·–μs_α’Ξ‘Ί","1005","”_‹Ζo‰c‘Μ_v","o‰c‘Μ","120"
"1006","’·–μ§_’·–μs_α’Ξ‘Ί","1006","”_‹Ζo‰c‘Μ_Βlo‰c","o‰c‘Μ","119"
"1006","’·–μ§_’·–μs_α’Ξ‘Ί","1007","”_‹Ζo‰c‘Μ_’c‘Μo‰c","o‰c‘Μ","1"
"1006","’·–μ§_’·–μs_α’Ξ‘Ί","1008","”_‹Ζo‰c‘Μ_’c‘Μo‰c_–@lo‰c","o‰c‘Μ","1"
"1006","’·–μ§_’·–μs_α’Ξ‘Ί","1009","—Ρ‹Ζo‰c‘Μ_v","o‰c‘Μ","-"
"1006","’·–μ§_’·–μs_α’Ξ‘Ί","1010","—Ρ‹Ζo‰c‘Μ_Βlo‰c","o‰c‘Μ","-"
"1006","’·–μ§_’·–μs_α’Ξ‘Ί","1011","—Ρ‹Ζo‰c‘Μ_’c‘Μo‰c","o‰c‘Μ","-"
"1006","’·–μ§_’·–μs_α’Ξ‘Ί","1012","—Ρ‹Ζo‰c‘Μ_’c‘Μo‰c_–@lo‰c","o‰c‘Μ","-"
"1007","’·–μ§_’·–μs_Γ—Ά‘Ί","1001","”_—Ρ‹Ζo‰c‘Μ_v","o‰c‘Μ","116"
"1007","’·–μ§_’·–μs_Γ—Ά‘Ί","1002","”_—Ρ‹Ζo‰c‘Μ_Βlo‰c","o‰c‘Μ","114"
"1007","’·–μ§_’·–μs_Γ—Ά‘Ί","1003","”_—Ρ‹Ζo‰c‘Μ_’c‘Μo‰c","o‰c‘Μ","2"
"1007","’·–μ§_’·–μs_Γ—Ά‘Ί","1004","”_—Ρ‹Ζo‰c‘Μ_’c‘Μo‰c_–@lo‰c","o‰c‘Μ","2"
"1007","’·–μ§_’·–μs_Γ—Ά‘Ί","1005","”_‹Ζo‰c‘Μ_v","o‰c‘Μ","116"
"1007","’·–μ§_’·–μs_Γ—Ά‘Ί","1006","”_‹Ζo‰c‘Μ_Βlo‰c","o‰c‘Μ","114"
"1007","’·–μ§_’·–μs_Γ—Ά‘Ί","1007","”_‹Ζo‰c‘Μ_’c‘Μo‰c","o‰c‘Μ","2"
"1007","’·–μ§_’·–μs_Γ—Ά‘Ί","1008","”_‹Ζo‰c‘Μ_’c‘Μo‰c_–@lo‰c","o‰c‘Μ","2"
"1007","’·–μ§_’·–μs_Γ—Ά‘Ί","1009","—Ρ‹Ζo‰c‘Μ_v","o‰c‘Μ","-"
"1007","’·–μ§_’·–μs_Γ—Ά‘Ί","1010","—Ρ‹Ζo‰c‘Μ_Βlo‰c","o‰c‘Μ","-"
"1007","’·–μ§_’·–μs_Γ—Ά‘Ί","1011","—Ρ‹Ζo‰c‘Μ_’c‘Μo‰c","o‰c‘Μ","-"
"1007","’·–μ§_’·–μs_Γ—Ά‘Ί","1012","—Ρ‹Ζo‰c‘Μ_’c‘Μo‰c_–@lo‰c","o‰c‘Μ","-"
"1008","’·–μ§_’·–μs_’·ΐ‘Ί","1001","”_—Ρ‹Ζo‰c‘Μ_v","o‰c‘Μ","129"
"1008","’·–μ§_’·–μs_’·ΐ‘Ί","1002","”_—Ρ‹Ζo‰c‘Μ_Βlo‰c","o‰c‘Μ","126"
"1008","’·–μ§_’·–μs_’·ΐ‘Ί","1003","”_—Ρ‹Ζo‰c‘Μ_’c‘Μo‰c","o‰c‘Μ","3"
"1008","’·–μ§_’·–μs_’·ΐ‘Ί","1004","”_—Ρ‹Ζo‰c‘Μ_’c‘Μo‰c_–@lo‰c","o‰c‘Μ","3"
"1008","’·–μ§_’·–μs_’·ΐ‘Ί","1005","”_‹Ζo‰c‘Μ_v","o‰c‘Μ","129"
"1008","’·–μ§_’·–μs_’·ΐ‘Ί","1006","”_‹Ζo‰c‘Μ_Βlo‰c","o‰c‘Μ","126"
"1008","’·–μ§_’·–μs_’·ΐ‘Ί","1007","”_‹Ζo‰c‘Μ_’c‘Μo‰c","o‰c‘Μ","3"
"1008","’·–μ§_’·–μs_’·ΐ‘Ί","1008","”_‹Ζo‰c‘Μ_’c‘Μo‰c_–@lo‰c","o‰c‘Μ","3"
"1008","’·–μ§_’·–μs_’·ΐ‘Ί","1009","—Ρ‹Ζo‰c‘Μ_v","o‰c‘Μ","1"
"1008","’·–μ§_’·–μs_’·ΐ‘Ί","1010","—Ρ‹Ζo‰c‘Μ_Βlo‰c","o‰c‘Μ","1"
"1008","’·–μ§_’·–μs_’·ΐ‘Ί","1011","—Ρ‹Ζo‰c‘Μ_’c‘Μo‰c","o‰c‘Μ","-"
"1008","’·–μ§_’·–μs_’·ΐ‘Ί","1012","—Ρ‹Ζo‰c‘Μ_’c‘Μo‰c_–@lo‰c","o‰c‘Μ","-"
"1009","’·–μ§_’·–μs_–φ΄‘Ί","1001","”_—Ρ‹Ζo‰c‘Μ_v","o‰c‘Μ","63"
"1009","’·–μ§_’·–μs_–φ΄‘Ί","1002","”_—Ρ‹Ζo‰c‘Μ_Βlo‰c","o‰c‘Μ","60"
"1009","’·–μ§_’·–μs_–φ΄‘Ί","1003","”_—Ρ‹Ζo‰c‘Μ_’c‘Μo‰c","o‰c‘Μ","3"
"1009","’·–μ§_’·–μs_–φ΄‘Ί","1004","”_—Ρ‹Ζo‰c‘Μ_’c‘Μo‰c_–@lo‰c","o‰c‘Μ","3"
"1009","’·–μ§_’·–μs_–φ΄‘Ί","1005","”_‹Ζo‰c‘Μ_v","o‰c‘Μ","63"
"1009","’·–μ§_’·–μs_–φ΄‘Ί","1006","”_‹Ζo‰c‘Μ_Βlo‰c","o‰c‘Μ","60"
"1009","’·–μ§_’·–μs_–φ΄‘Ί","1007","”_‹Ζo‰c‘Μ_’c‘Μo‰c","o‰c‘Μ","3"
"1009","’·–μ§_’·–μs_–φ΄‘Ί","1008","”_‹Ζo‰c‘Μ_’c‘Μo‰c_–@lo‰c","o‰c‘Μ","3"
"1009","’·–μ§_’·–μs_–φ΄‘Ί","1009","—Ρ‹Ζo‰c‘Μ_v","o‰c‘Μ","-"
"1009","’·–μ§_’·–μs_–φ΄‘Ί","1010","—Ρ‹Ζo‰c‘Μ_Βlo‰c","o‰c‘Μ","-"
"1009","’·–μ§_’·–μs_–φ΄‘Ί","1011","—Ρ‹Ζo‰c‘Μ_’c‘Μo‰c","o‰c‘Μ","-"
"1009","’·–μ§_’·–μs_–φ΄‘Ί","1012","—Ρ‹Ζo‰c‘Μ_’c‘Μo‰c_–@lo‰c","o‰c‘Μ","-"
"1010","’·–μ§_’·–μs_’©—z‘Ί","1001","”_—Ρ‹Ζo‰c‘Μ_v","o‰c‘Μ","97"
"1010","’·–μ§_’·–μs_’©—z‘Ί","1002","”_—Ρ‹Ζo‰c‘Μ_Βlo‰c","o‰c‘Μ","95"
"1010","’·–μ§_’·–μs_’©—z‘Ί","1003","”_—Ρ‹Ζo‰c‘Μ_’c‘Μo‰c","o‰c‘Μ","2"
"1010","’·–μ§_’·–μs_’©—z‘Ί","1004","”_—Ρ‹Ζo‰c‘Μ_’c‘Μo‰c_–@lo‰c","o‰c‘Μ","2"
"1010","’·–μ§_’·–μs_’©—z‘Ί","1005","”_‹Ζo‰c‘Μ_v","o‰c‘Μ","97"
"1010","’·–μ§_’·–μs_’©—z‘Ί","1006","”_‹Ζo‰c‘Μ_Βlo‰c","o‰c‘Μ","95"
"1010","’·–μ§_’·–μs_’©—z‘Ί","1007","”_‹Ζo‰c‘Μ_’c‘Μo‰c","o‰c‘Μ","2"
"1010","’·–μ§_’·–μs_’©—z‘Ί","1008","”_‹Ζo‰c‘Μ_’c‘Μo‰c_–@lo‰c","o‰c‘Μ","2"
"1010","’·–μ§_’·–μs_’©—z‘Ί","1009","—Ρ‹Ζo‰c‘Μ_v","o‰c‘Μ","-"
"1010","’·–μ§_’·–μs_’©—z‘Ί","1010","—Ρ‹Ζo‰c‘Μ_Βlo‰c","o‰c‘Μ","-"
"1010","’·–μ§_’·–μs_’©—z‘Ί","1011","—Ρ‹Ζo‰c‘Μ_’c‘Μo‰c","o‰c‘Μ","-"
"1010","’·–μ§_’·–μs_’©—z‘Ί","1012","—Ρ‹Ζo‰c‘Μ_’c‘Μo‰c_–@lo‰c","o‰c‘Μ","-"
"1011","’·–μ§_’·–μs_‘ε“¤“‡‘Ί","1001","”_—Ρ‹Ζo‰c‘Μ_v","o‰c‘Μ","72"
"1011","’·–μ§_’·–μs_‘ε“¤“‡‘Ί","1002","”_—Ρ‹Ζo‰c‘Μ_Βlo‰c","o‰c‘Μ","72"
"1011","’·–μ§_’·–μs_‘ε“¤“‡‘Ί","1003","”_—Ρ‹Ζo‰c‘Μ_’c‘Μo‰c","o‰c‘Μ","-"
"1011","’·–μ§_’·–μs_‘ε“¤“‡‘Ί","1004","”_—Ρ‹Ζo‰c‘Μ_’c‘Μo‰c_–@lo‰c","o‰c‘Μ","-"
"1011","’·–μ§_’·–μs_‘ε“¤“‡‘Ί","1005","”_‹Ζo‰c‘Μ_v","o‰c‘Μ","72"
"1011","’·–μ§_’·–μs_‘ε“¤“‡‘Ί","1006","”_‹Ζo‰c‘Μ_Βlo‰c","o‰c‘Μ","72"
"1011","’·–μ§_’·–μs_‘ε“¤“‡‘Ί","1007","”_‹Ζo‰c‘Μ_’c‘Μo‰c","o‰c‘Μ","-"
"1011","’·–μ§_’·–μs_‘ε“¤“‡‘Ί","1008","”_‹Ζo‰c‘Μ_’c‘Μo‰c_–@lo‰c","o‰c‘Μ","-"
"1011","’·–μ§_’·–μs_‘ε“¤“‡‘Ί","1009","—Ρ‹Ζo‰c‘Μ_v","o‰c‘Μ","-"
"1011","’·–μ§_’·–μs_‘ε“¤“‡‘Ί","1010","—Ρ‹Ζo‰c‘Μ_Βlo‰c","o‰c‘Μ","-"
"1011","’·–μ§_’·–μs_‘ε“¤“‡‘Ί","1011","—Ρ‹Ζo‰c‘Μ_’c‘Μo‰c","o‰c‘Μ","-"
"1011","’·–μ§_’·–μs_‘ε“¤“‡‘Ί","1012","—Ρ‹Ζo‰c‘Μ_’c‘Μo‰c_–@lo‰c","o‰c‘Μ","-"
"1012","’·–μ§_’·–μs_ΐ–Ξ—Ά‘Ί","1001","”_—Ρ‹Ζo‰c‘Μ_v","o‰c‘Μ","45"
"1012","’·–μ§_’·–μs_ΐ–Ξ—Ά‘Ί","1002","”_—Ρ‹Ζo‰c‘Μ_Βlo‰c","o‰c‘Μ","43"
"1012","’·–μ§_’·–μs_ΐ–Ξ—Ά‘Ί","1003","”_—Ρ‹Ζo‰c‘Μ_’c‘Μo‰c","o‰c‘Μ","2"
"1012","’·–μ§_’·–μs_ΐ–Ξ—Ά‘Ί","1004","”_—Ρ‹Ζo‰c‘Μ_’c‘Μo‰c_–@lo‰c","o‰c‘Μ","2"
"1012","’·–μ§_’·–μs_ΐ–Ξ—Ά‘Ί","1005","”_‹Ζo‰c‘Μ_v","o‰c‘Μ","45"
"1012","’·–μ§_’·–μs_ΐ–Ξ—Ά‘Ί","1006","”_‹Ζo‰c‘Μ_Βlo‰c","o‰c‘Μ","43"
"1012","’·–μ§_’·–μs_ΐ–Ξ—Ά‘Ί","1007","”_‹Ζo‰c‘Μ_’c‘Μo‰c","o‰c‘Μ","2"
"1012","’·–μ§_’·–μs_ΐ–Ξ—Ά‘Ί","1008","”_‹Ζo‰c‘Μ_’c‘Μo‰c_–@lo‰c","o‰c‘Μ","2"
"1012","’·–μ§_’·–μs_ΐ–Ξ—Ά‘Ί","1009","—Ρ‹Ζo‰c‘Μ_v","o‰c‘Μ","-"
"1012","’·–μ§_’·–μs_ΐ–Ξ—Ά‘Ί","1010","—Ρ‹Ζo‰c‘Μ_Βlo‰c","o‰c‘Μ","-"
"1012","’·–μ§_’·–μs_ΐ–Ξ—Ά‘Ί","1011","—Ρ‹Ζo‰c‘Μ_’c‘Μo‰c","o‰c‘Μ","-"
"1012","’·–μ§_’·–μs_ΐ–Ξ—Ά‘Ί","1012","—Ρ‹Ζo‰c‘Μ_’c‘Μo‰c_–@lo‰c","o‰c‘Μ","-"
"1013","’·–μ§_’·–μs_¬“cΨ‘Ί","1001","”_—Ρ‹Ζo‰c‘Μ_v","o‰c‘Μ","23"
"1013","’·–μ§_’·–μs_¬“cΨ‘Ί","1002","”_—Ρ‹Ζo‰c‘Μ_Βlo‰c","o‰c‘Μ","23"
"1013","’·–μ§_’·–μs_¬“cΨ‘Ί","1003","”_—Ρ‹Ζo‰c‘Μ_’c‘Μo‰c","o‰c‘Μ","-"
"1013","’·–μ§_’·–μs_¬“cΨ‘Ί","1004","”_—Ρ‹Ζo‰c‘Μ_’c‘Μo‰c_–@lo‰c","o‰c‘Μ","-"
"1013","’·–μ§_’·–μs_¬“cΨ‘Ί","1005","”_‹Ζo‰c‘Μ_v","o‰c‘Μ","23"
"1013","’·–μ§_’·–μs_¬“cΨ‘Ί","1006","”_‹Ζo‰c‘Μ_Βlo‰c","o‰c‘Μ","23"
"1013","’·–μ§_’·–μs_¬“cΨ‘Ί","1007","”_‹Ζo‰c‘Μ_’c‘Μo‰c","o‰c‘Μ","-"
"1013","’·–μ§_’·–μs_¬“cΨ‘Ί","1008","”_‹Ζo‰c‘Μ_’c‘Μo‰c_–@lo‰c","o‰c‘Μ","-"
"1013","’·–μ§_’·–μs_¬“cΨ‘Ί","1009","—Ρ‹Ζo‰c‘Μ_v","o‰c‘Μ","-"
"1013","’·–μ§_’·–μs_¬“cΨ‘Ί","1010","—Ρ‹Ζo‰c‘Μ_Βlo‰c","o‰c‘Μ","-"
"1013","’·–μ§_’·–μs_¬“cΨ‘Ί","1011","—Ρ‹Ζo‰c‘Μ_’c‘Μo‰c","o‰c‘Μ","-"
"1013","’·–μ§_’·–μs_¬“cΨ‘Ί","1012","—Ρ‹Ζo‰c‘Μ_’c‘Μo‰c_–@lo‰c","o‰c‘Μ","-"
"1014","’·–μ§_’·–μs_Βƒmδ’¬","1001","”_—Ρ‹Ζo‰c‘Μ_v","o‰c‘Μ","126"
"1014","’·–μ§_’·–μs_Βƒmδ’¬","1002","”_—Ρ‹Ζo‰c‘Μ_Βlo‰c","o‰c‘Μ","122"
"1014","’·–μ§_’·–μs_Βƒmδ’¬","1003","”_—Ρ‹Ζo‰c‘Μ_’c‘Μo‰c","o‰c‘Μ","4"
"1014","’·–μ§_’·–μs_Βƒmδ’¬","1004","”_—Ρ‹Ζo‰c‘Μ_’c‘Μo‰c_–@lo‰c","o‰c‘Μ","4"
"1014","’·–μ§_’·–μs_Βƒmδ’¬","1005","”_‹Ζo‰c‘Μ_v","o‰c‘Μ","126"
"1014","’·–μ§_’·–μs_Βƒmδ’¬","1006","”_‹Ζo‰c‘Μ_Βlo‰c","o‰c‘Μ","122"
"1014","’·–μ§_’·–μs_Βƒmδ’¬","1007","”_‹Ζo‰c‘Μ_’c‘Μo‰c","o‰c‘Μ","4"
"1014","’·–μ§_’·–μs_Βƒmδ’¬","1008","”_‹Ζo‰c‘Μ_’c‘Μo‰c_–@lo‰c","o‰c‘Μ","4"
"1014","’·–μ§_’·–μs_Βƒmδ’¬","1009","—Ρ‹Ζo‰c‘Μ_v","o‰c‘Μ","-"
"1014","’·–μ§_’·–μs_Βƒmδ’¬","1010","—Ρ‹Ζo‰c‘Μ_Βlo‰c","o‰c‘Μ","-"
"1014","’·–μ§_’·–μs_Βƒmδ’¬","1011","—Ρ‹Ζo‰c‘Μ_’c‘Μo‰c","o‰c‘Μ","-"
"1014","’·–μ§_’·–μs_Βƒmδ’¬","1012","—Ρ‹Ζo‰c‘Μ_’c‘Μo‰c_–@lo‰c","o‰c‘Μ","-"
"1015","’·–μ§_’·–μs_μ–φ‘Ί","1001","”_—Ρ‹Ζo‰c‘Μ_v","o‰c‘Μ","68"
"1015","’·–μ§_’·–μs_μ–φ‘Ί","1002","”_—Ρ‹Ζo‰c‘Μ_Βlo‰c","o‰c‘Μ","68"
"1015","’·–μ§_’·–μs_μ–φ‘Ί","1003","”_—Ρ‹Ζo‰c‘Μ_’c‘Μo‰c","o‰c‘Μ","-"
"1015","’·–μ§_’·–μs_μ–φ‘Ί","1004","”_—Ρ‹Ζo‰c‘Μ_’c‘Μo‰c_–@lo‰c","o‰c‘Μ","-"
"1015","’·–μ§_’·–μs_μ–φ‘Ί","1005","”_‹Ζo‰c‘Μ_v","o‰c‘Μ","68"
"1015","’·–μ§_’·–μs_μ–φ‘Ί","1006","”_‹Ζo‰c‘Μ_Βlo‰c","o‰c‘Μ","68"
"1015","’·–μ§_’·–μs_μ–φ‘Ί","1007","”_‹Ζo‰c‘Μ_’c‘Μo‰c","o‰c‘Μ","-"
"1015","’·–μ§_’·–μs_μ–φ‘Ί","1008","”_‹Ζo‰c‘Μ_’c‘Μo‰c_–@lo‰c","o‰c‘Μ","-"
"1015","’·–μ§_’·–μs_μ–φ‘Ί","1009","—Ρ‹Ζo‰c‘Μ_v","o‰c‘Μ","-"
"1015","’·–μ§_’·–μs_μ–φ‘Ί","1010","—Ρ‹Ζo‰c‘Μ_Βlo‰c","o‰c‘Μ","-"
"1015","’·–μ§_’·–μs_μ–φ‘Ί","1011","—Ρ‹Ζo‰c‘Μ_’c‘Μo‰c","o‰c‘Μ","-"
"1015","’·–μ§_’·–μs_μ–φ‘Ί","1012","—Ρ‹Ζo‰c‘Μ_’c‘Μo‰c_–@lo‰c","o‰c‘Μ","-"
"1016","’·–μ§_’·–μs_‰–θ‘Ί","1001","”_—Ρ‹Ζo‰c‘Μ_v","o‰c‘Μ","178"
"1016","’·–μ§_’·–μs_‰–θ‘Ί","1002","”_—Ρ‹Ζo‰c‘Μ_Βlo‰c","o‰c‘Μ","176"
"1016","’·–μ§_’·–μs_‰–θ‘Ί","1003","”_—Ρ‹Ζo‰c‘Μ_’c‘Μo‰c","o‰c‘Μ","2"
"1016","’·–μ§_’·–μs_‰–θ‘Ί","1004","”_—Ρ‹Ζo‰c‘Μ_’c‘Μo‰c_–@lo‰c","o‰c‘Μ","2"
"1016","’·–μ§_’·–μs_‰–θ‘Ί","1005","”_‹Ζo‰c‘Μ_v","o‰c‘Μ","178"
"1016","’·–μ§_’·–μs_‰–θ‘Ί","1006","”_‹Ζo‰c‘Μ_Βlo‰c","o‰c‘Μ","176"
"1016","’·–μ§_’·–μs_‰–θ‘Ί","1007","”_‹Ζo‰c‘Μ_’c‘Μo‰c","o‰c‘Μ","2"
"1016","’·–μ§_’·–μs_‰–θ‘Ί","1008","”_‹Ζo‰c‘Μ_’c‘Μo‰c_–@lo‰c","o‰c‘Μ","2"
"1016","’·–μ§_’·–μs_‰–θ‘Ί","1009","—Ρ‹Ζo‰c‘Μ_v","o‰c‘Μ","1"
"1016","’·–μ§_’·–μs_‰–θ‘Ί","1010","—Ρ‹Ζo‰c‘Μ_Βlo‰c","o‰c‘Μ","1"
"1016","’·–μ§_’·–μs_‰–θ‘Ί","1011","—Ρ‹Ζo‰c‘Μ_’c‘Μo‰c","o‰c‘Μ","-"
"1016","’·–μ§_’·–μs_‰–θ‘Ί","1012","—Ρ‹Ζo‰c‘Μ_’c‘Μo‰c_–@lo‰c","o‰c‘Μ","-"
"1017","’·–μ§_’·–μs_“•›‘Ί","1001","”_—Ρ‹Ζo‰c‘Μ_v","o‰c‘Μ","123"
"1017","’·–μ§_’·–μs_“•›‘Ί","1002","”_—Ρ‹Ζo‰c‘Μ_Βlo‰c","o‰c‘Μ","122"
"1017","’·–μ§_’·–μs_“•›‘Ί","1003","”_—Ρ‹Ζo‰c‘Μ_’c‘Μo‰c","o‰c‘Μ","1"
"1017","’·–μ§_’·–μs_“•›‘Ί","1004","”_—Ρ‹Ζo‰c‘Μ_’c‘Μo‰c_–@lo‰c","o‰c‘Μ","1"
"1017","’·–μ§_’·–μs_“•›‘Ί","1005","”_‹Ζo‰c‘Μ_v","o‰c‘Μ","123"
"1017","’·–μ§_’·–μs_“•›‘Ί","1006","”_‹Ζo‰c‘Μ_Βlo‰c","o‰c‘Μ","122"
"1017","’·–μ§_’·–μs_“•›‘Ί","1007","”_‹Ζo‰c‘Μ_’c‘Μo‰c","o‰c‘Μ","1"
"1017","’·–μ§_’·–μs_“•›‘Ί","1008","”_‹Ζo‰c‘Μ_’c‘Μo‰c_–@lo‰c","o‰c‘Μ","1"
"1017","’·–μ§_’·–μs_“•›‘Ί","1009","—Ρ‹Ζo‰c‘Μ_v","o‰c‘Μ","-"
"1017","’·–μ§_’·–μs_“•›‘Ί","1010","—Ρ‹Ζo‰c‘Μ_Βlo‰c","o‰c‘Μ","-"
"1017","’·–μ§_’·–μs_“•›‘Ί","1011","—Ρ‹Ζo‰c‘Μ_’c‘Μo‰c","o‰c‘Μ","-"
"1017","’·–μ§_’·–μs_“•›‘Ί","1012","—Ρ‹Ζo‰c‘Μ_’c‘Μo‰c_–@lo‰c","o‰c‘Μ","-"
"1018","’·–μ§_’·–μs_M—Ά‘Ί","1001","”_—Ρ‹Ζo‰c‘Μ_v","o‰c‘Μ","102"
"1018","’·–μ§_’·–μs_M—Ά‘Ί","1002","”_—Ρ‹Ζo‰c‘Μ_Βlo‰c","o‰c‘Μ","100"
"1018","’·–μ§_’·–μs_M—Ά‘Ί","1003","”_—Ρ‹Ζo‰c‘Μ_’c‘Μo‰c","o‰c‘Μ","2"
"1018","’·–μ§_’·–μs_M—Ά‘Ί","1004","”_—Ρ‹Ζo‰c‘Μ_’c‘Μo‰c_–@lo‰c","o‰c‘Μ","2"
"1018","’·–μ§_’·–μs_M—Ά‘Ί","1005","”_‹Ζo‰c‘Μ_v","o‰c‘Μ","102"
"1018","’·–μ§_’·–μs_M—Ά‘Ί","1006","”_‹Ζo‰c‘Μ_Βlo‰c","o‰c‘Μ","100"
"1018","’·–μ§_’·–μs_M—Ά‘Ί","1007","”_‹Ζo‰c‘Μ_’c‘Μo‰c","o‰c‘Μ","2"
"1018","’·–μ§_’·–μs_M—Ά‘Ί","1008","”_‹Ζo‰c‘Μ_’c‘Μo‰c_–@lo‰c","o‰c‘Μ","2"
"1018","’·–μ§_’·–μs_M—Ά‘Ί","1009","—Ρ‹Ζo‰c‘Μ_v","o‰c‘Μ","1"
"1018","’·–μ§_’·–μs_M—Ά‘Ί","1010","—Ρ‹Ζo‰c‘Μ_Βlo‰c","o‰c‘Μ","1"
"1018","’·–μ§_’·–μs_M—Ά‘Ί","1011","—Ρ‹Ζo‰c‘Μ_’c‘Μo‰c","o‰c‘Μ","-"
"1018","’·–μ§_’·–μs_M—Ά‘Ί","1012","—Ρ‹Ζo‰c‘Μ_’c‘Μo‰c_–@lo‰c","o‰c‘Μ","-"
"1019","’·–μ§_’·–μs_Ό›”φ‘Ί‚Q|‚P","1001","”_—Ρ‹Ζo‰c‘Μ_v","o‰c‘Μ","51"
"1019","’·–μ§_’·–μs_Ό›”φ‘Ί‚Q|‚P","1002","”_—Ρ‹Ζo‰c‘Μ_Βlo‰c","o‰c‘Μ","51"
"1019","’·–μ§_’·–μs_Ό›”φ‘Ί‚Q|‚P","1003","”_—Ρ‹Ζo‰c‘Μ_’c‘Μo‰c","o‰c‘Μ","-"
"1019","’·–μ§_’·–μs_Ό›”φ‘Ί‚Q|‚P","1004","”_—Ρ‹Ζo‰c‘Μ_’c‘Μo‰c_–@lo‰c","o‰c‘Μ","-"
"1019","’·–μ§_’·–μs_Ό›”φ‘Ί‚Q|‚P","1005","”_‹Ζo‰c‘Μ_v","o‰c‘Μ","51"
"1019","’·–μ§_’·–μs_Ό›”φ‘Ί‚Q|‚P","1006","”_‹Ζo‰c‘Μ_Βlo‰c","o‰c‘Μ","51"
"1019","’·–μ§_’·–μs_Ό›”φ‘Ί‚Q|‚P","1007","”_‹Ζo‰c‘Μ_’c‘Μo‰c","o‰c‘Μ","-"
"1019","’·–μ§_’·–μs_Ό›”φ‘Ί‚Q|‚P","1008","”_‹Ζo‰c‘Μ_’c‘Μo‰c_–@lo‰c","o‰c‘Μ","-"
"1019","’·–μ§_’·–μs_Ό›”φ‘Ί‚Q|‚P","1009","—Ρ‹Ζo‰c‘Μ_v","o‰c‘Μ","-"
"1019","’·–μ§_’·–μs_Ό›”φ‘Ί‚Q|‚P","1010","—Ρ‹Ζo‰c‘Μ_Βlo‰c","o‰c‘Μ","-"
"1019","’·–μ§_’·–μs_Ό›”φ‘Ί‚Q|‚P","1011","—Ρ‹Ζo‰c‘Μ_’c‘Μo‰c","o‰c‘Μ","-"
"1019","’·–μ§_’·–μs_Ό›”φ‘Ί‚Q|‚P","1012","—Ρ‹Ζo‰c‘Μ_’c‘Μo‰c_–@lo‰c","o‰c‘Μ","-"
"1020","’·–μ§_’·–μs_‹¤a‘Ί","1001","”_—Ρ‹Ζo‰c‘Μ_v","o‰c‘Μ","236"
"1020","’·–μ§_’·–μs_‹¤a‘Ί","1002","”_—Ρ‹Ζo‰c‘Μ_Βlo‰c","o‰c‘Μ","234"
"1020","’·–μ§_’·–μs_‹¤a‘Ί","1003","”_—Ρ‹Ζo‰c‘Μ_’c‘Μo‰c","o‰c‘Μ","2"
"1020","’·–μ§_’·–μs_‹¤a‘Ί","1004","”_—Ρ‹Ζo‰c‘Μ_’c‘Μo‰c_–@lo‰c","o‰c‘Μ","2"
"1020","’·–μ§_’·–μs_‹¤a‘Ί","1005","”_‹Ζo‰c‘Μ_v","o‰c‘Μ","236"
"1020","’·–μ§_’·–μs_‹¤a‘Ί","1006","”_‹Ζo‰c‘Μ_Βlo‰c","o‰c‘Μ","234"
"1020","’·–μ§_’·–μs_‹¤a‘Ί","1007","”_‹Ζo‰c‘Μ_’c‘Μo‰c","o‰c‘Μ","2"
"1020","’·–μ§_’·–μs_‹¤a‘Ί","1008","”_‹Ζo‰c‘Μ_’c‘Μo‰c_–@lo‰c","o‰c‘Μ","2"
"1020","’·–μ§_’·–μs_‹¤a‘Ί","1009","—Ρ‹Ζo‰c‘Μ_v","o‰c‘Μ","-"
"1020","’·–μ§_’·–μs_‹¤a‘Ί","1010","—Ρ‹Ζo‰c‘Μ_Βlo‰c","o‰c‘Μ","-"
"1020","’·–μ§_’·–μs_‹¤a‘Ί","1011","—Ρ‹Ζo‰c‘Μ_’c‘Μo‰c","o‰c‘Μ","-"
"1020","’·–μ§_’·–μs_‹¤a‘Ί","1012","—Ρ‹Ζo‰c‘Μ_’c‘Μo‰c_–@lo‰c","o‰c‘Μ","-"
"1021","’·–μ§_’·–μs_μ’†“‡‘Ί","1001","”_—Ρ‹Ζo‰c‘Μ_v","o‰c‘Μ","103"
"1021","’·–μ§_’·–μs_μ’†“‡‘Ί","1002","”_—Ρ‹Ζo‰c‘Μ_Βlo‰c","o‰c‘Μ","101"
"1021","’·–μ§_’·–μs_μ’†“‡‘Ί","1003","”_—Ρ‹Ζo‰c‘Μ_’c‘Μo‰c","o‰c‘Μ","2"
"1021","’·–μ§_’·–μs_μ’†“‡‘Ί","1004","”_—Ρ‹Ζo‰c‘Μ_’c‘Μo‰c_–@lo‰c","o‰c‘Μ","1"
"1021","’·–μ§_’·–μs_μ’†“‡‘Ί","1005","”_‹Ζo‰c‘Μ_v","o‰c‘Μ","103"
"1021","’·–μ§_’·–μs_μ’†“‡‘Ί","1006","”_‹Ζo‰c‘Μ_Βlo‰c","o‰c‘Μ","101"
"1021","’·–μ§_’·–μs_μ’†“‡‘Ί","1007","”_‹Ζo‰c‘Μ_’c‘Μo‰c","o‰c‘Μ","2"
"1021","’·–μ§_’·–μs_μ’†“‡‘Ί","1008","”_‹Ζo‰c‘Μ_’c‘Μo‰c_–@lo‰c","o‰c‘Μ","1"
"1021","’·–μ§_’·–μs_μ’†“‡‘Ί","1009","—Ρ‹Ζo‰c‘Μ_v","o‰c‘Μ","-"
"1021","’·–μ§_’·–μs_μ’†“‡‘Ί","1010","—Ρ‹Ζo‰c‘Μ_Βlo‰c","o‰c‘Μ","-"
"1021","’·–μ§_’·–μs_μ’†“‡‘Ί","1011","—Ρ‹Ζo‰c‘Μ_’c‘Μo‰c","o‰c‘Μ","-"
"1021","’·–μ§_’·–μs_μ’†“‡‘Ί","1012","—Ρ‹Ζo‰c‘Μ_’c‘Μo‰c_–@lo‰c","o‰c‘Μ","-"
"1022","’·–μ§_’·–μs_’†’Γ‘Ί","1001","”_—Ρ‹Ζo‰c‘Μ_v","o‰c‘Μ","64"
"1022","’·–μ§_’·–μs_’†’Γ‘Ί","1002","”_—Ρ‹Ζo‰c‘Μ_Βlo‰c","o‰c‘Μ","63"
"1022","’·–μ§_’·–μs_’†’Γ‘Ί","1003","”_—Ρ‹Ζo‰c‘Μ_’c‘Μo‰c","o‰c‘Μ","1"
"1022","’·–μ§_’·–μs_’†’Γ‘Ί","1004","”_—Ρ‹Ζo‰c‘Μ_’c‘Μo‰c_–@lo‰c","o‰c‘Μ","1"
"1022","’·–μ§_’·–μs_’†’Γ‘Ί","1005","”_‹Ζo‰c‘Μ_v","o‰c‘Μ","64"
"1022","’·–μ§_’·–μs_’†’Γ‘Ί","1006","”_‹Ζo‰c‘Μ_Βlo‰c","o‰c‘Μ","63"
"1022","’·–μ§_’·–μs_’†’Γ‘Ί","1007","”_‹Ζo‰c‘Μ_’c‘Μo‰c","o‰c‘Μ","1"
"1022","’·–μ§_’·–μs_’†’Γ‘Ί","1008","”_‹Ζo‰c‘Μ_’c‘Μo‰c_–@lo‰c","o‰c‘Μ","1"
"1022","’·–μ§_’·–μs_’†’Γ‘Ί","1009","—Ρ‹Ζo‰c‘Μ_v","o‰c‘Μ","-"
"1022","’·–μ§_’·–μs_’†’Γ‘Ί","1010","—Ρ‹Ζo‰c‘Μ_Βlo‰c","o‰c‘Μ","-"
"1022","’·–μ§_’·–μs_’†’Γ‘Ί","1011","—Ρ‹Ζo‰c‘Μ_’c‘Μo‰c","o‰c‘Μ","-"
"1022","’·–μ§_’·–μs_’†’Γ‘Ί","1012","—Ρ‹Ζo‰c‘Μ_’c‘Μo‰c_–@lo‰c","o‰c‘Μ","-"
"1023","’·–μ§_’·–μs_δ~‘Ί","1001","”_—Ρ‹Ζo‰c‘Μ_v","o‰c‘Μ","69"
"1023","’·–μ§_’·–μs_δ~‘Ί","1002","”_—Ρ‹Ζo‰c‘Μ_Βlo‰c","o‰c‘Μ","69"
"1023","’·–μ§_’·–μs_δ~‘Ί","1003","”_—Ρ‹Ζo‰c‘Μ_’c‘Μo‰c","o‰c‘Μ","-"
"1023","’·–μ§_’·–μs_δ~‘Ί","1004","”_—Ρ‹Ζo‰c‘Μ_’c‘Μo‰c_–@lo‰c","o‰c‘Μ","-"
"1023","’·–μ§_’·–μs_δ~‘Ί","1005","”_‹Ζo‰c‘Μ_v","o‰c‘Μ","69"
"1023","’·–μ§_’·–μs_δ~‘Ί","1006","”_‹Ζo‰c‘Μ_Βlo‰c","o‰c‘Μ","69"
"1023","’·–μ§_’·–μs_δ~‘Ί","1007","”_‹Ζo‰c‘Μ_’c‘Μo‰c","o‰c‘Μ","-"
"1023","’·–μ§_’·–μs_δ~‘Ί","1008","”_‹Ζo‰c‘Μ_’c‘Μo‰c_–@lo‰c","o‰c‘Μ","-"
"1023","’·–μ§_’·–μs_δ~‘Ί","1009","—Ρ‹Ζo‰c‘Μ_v","o‰c‘Μ","-"
"1023","’·–μ§_’·–μs_δ~‘Ί","1010","—Ρ‹Ζo‰c‘Μ_Βlo‰c","o‰c‘Μ","-"
"1023","’·–μ§_’·–μs_δ~‘Ί","1011","—Ρ‹Ζo‰c‘Μ_’c‘Μo‰c","o‰c‘Μ","-"
"1023","’·–μ§_’·–μs_δ~‘Ί","1012","—Ρ‹Ζo‰c‘Μ_’c‘Μo‰c_–@lo‰c","o‰c‘Μ","-"
"1024","’·–μ§_’·–μs_M“c‘Ί","1001","”_—Ρ‹Ζo‰c‘Μ_v","o‰c‘Μ","137"
"1024","’·–μ§_’·–μs_M“c‘Ί","1002","”_—Ρ‹Ζo‰c‘Μ_Βlo‰c","o‰c‘Μ","132"
"1024","’·–μ§_’·–μs_M“c‘Ί","1003","”_—Ρ‹Ζo‰c‘Μ_’c‘Μo‰c","o‰c‘Μ","5"
"1024","’·–μ§_’·–μs_M“c‘Ί","1004","”_—Ρ‹Ζo‰c‘Μ_’c‘Μo‰c_–@lo‰c","o‰c‘Μ","5"
"1024","’·–μ§_’·–μs_M“c‘Ί","1005","”_‹Ζo‰c‘Μ_v","o‰c‘Μ","137"
"1024","’·–μ§_’·–μs_M“c‘Ί","1006","”_‹Ζo‰c‘Μ_Βlo‰c","o‰c‘Μ","132"
"1024","’·–μ§_’·–μs_M“c‘Ί","1007","”_‹Ζo‰c‘Μ_’c‘Μo‰c","o‰c‘Μ","5"
"1024","’·–μ§_’·–μs_M“c‘Ί","1008","”_‹Ζo‰c‘Μ_’c‘Μo‰c_–@lo‰c","o‰c‘Μ","5"
"1024","’·–μ§_’·–μs_M“c‘Ί","1009","—Ρ‹Ζo‰c‘Μ_v","o‰c‘Μ","-"
"1024","’·–μ§_’·–μs_M“c‘Ί","1010","—Ρ‹Ζo‰c‘Μ_Βlo‰c","o‰c‘Μ","-"
"1024","’·–μ§_’·–μs_M“c‘Ί","1011","—Ρ‹Ζo‰c‘Μ_’c‘Μo‰c","o‰c‘Μ","-"
"1024","’·–μ§_’·–μs_M“c‘Ί","1012","—Ρ‹Ζo‰c‘Μ_’c‘Μo‰c_–@lo‰c","o‰c‘Μ","-"
"1025","’·–μ§_’·–μs_X•{‘Ί","1001","”_—Ρ‹Ζo‰c‘Μ_v","o‰c‘Μ","31"
"1025","’·–μ§_’·–μs_X•{‘Ί","1002","”_—Ρ‹Ζo‰c‘Μ_Βlo‰c","o‰c‘Μ","30"
"1025","’·–μ§_’·–μs_X•{‘Ί","1003","”_—Ρ‹Ζo‰c‘Μ_’c‘Μo‰c","o‰c‘Μ","1"
"1025","’·–μ§_’·–μs_X•{‘Ί","1004","”_—Ρ‹Ζo‰c‘Μ_’c‘Μo‰c_–@lo‰c","o‰c‘Μ","1"
"1025","’·–μ§_’·–μs_X•{‘Ί","1005","”_‹Ζo‰c‘Μ_v","o‰c‘Μ","31"
"1025","’·–μ§_’·–μs_X•{‘Ί","1006","”_‹Ζo‰c‘Μ_Βlo‰c","o‰c‘Μ","30"
"1025","’·–μ§_’·–μs_X•{‘Ί","1007","”_‹Ζo‰c‘Μ_’c‘Μo‰c","o‰c‘Μ","1"
"1025","’·–μ§_’·–μs_X•{‘Ί","1008","”_‹Ζo‰c‘Μ_’c‘Μo‰c_–@lo‰c","o‰c‘Μ","1"
"1025","’·–μ§_’·–μs_X•{‘Ί","1009","—Ρ‹Ζo‰c‘Μ_v","o‰c‘Μ","-"
"1025","’·–μ§_’·–μs_X•{‘Ί","1010","—Ρ‹Ζo‰c‘Μ_Βlo‰c","o‰c‘Μ","-"
"1025","’·–μ§_’·–μs_X•{‘Ί","1011","—Ρ‹Ζo‰c‘Μ_’c‘Μo‰c","o‰c‘Μ","-"
"1025","’·–μ§_’·–μs_X•{‘Ί","1012","—Ρ‹Ζo‰c‘Μ_’c‘Μo‰c_–@lo‰c","o‰c‘Μ","-"
"1026","’·–μ§_’·–μs_Β–Ψ“‡‘Ί","1001","”_—Ρ‹Ζo‰c‘Μ_v","o‰c‘Μ","36"
"1026","’·–μ§_’·–μs_Β–Ψ“‡‘Ί","1002","”_—Ρ‹Ζo‰c‘Μ_Βlo‰c","o‰c‘Μ","28"
"1026","’·–μ§_’·–μs_Β–Ψ“‡‘Ί","1003","”_—Ρ‹Ζo‰c‘Μ_’c‘Μo‰c","o‰c‘Μ","8"
"1026","’·–μ§_’·–μs_Β–Ψ“‡‘Ί","1004","”_—Ρ‹Ζo‰c‘Μ_’c‘Μo‰c_–@lo‰c","o‰c‘Μ","7"
"1026","’·–μ§_’·–μs_Β–Ψ“‡‘Ί","1005","”_‹Ζo‰c‘Μ_v","o‰c‘Μ","34"
"1026","’·–μ§_’·–μs_Β–Ψ“‡‘Ί","1006","”_‹Ζo‰c‘Μ_Βlo‰c","o‰c‘Μ","27"
"1026","’·–μ§_’·–μs_Β–Ψ“‡‘Ί","1007","”_‹Ζo‰c‘Μ_’c‘Μo‰c","o‰c‘Μ","7"
"1026","’·–μ§_’·–μs_Β–Ψ“‡‘Ί","1008","”_‹Ζo‰c‘Μ_’c‘Μo‰c_–@lo‰c","o‰c‘Μ","6"
"1026","’·–μ§_’·–μs_Β–Ψ“‡‘Ί","1009","—Ρ‹Ζo‰c‘Μ_v","o‰c‘Μ","2"
"1026","’·–μ§_’·–μs_Β–Ψ“‡‘Ί","1010","—Ρ‹Ζo‰c‘Μ_Βlo‰c","o‰c‘Μ","1"
"1026","’·–μ§_’·–μs_Β–Ψ“‡‘Ί","1011","—Ρ‹Ζo‰c‘Μ_’c‘Μo‰c","o‰c‘Μ","1"
"1026","’·–μ§_’·–μs_Β–Ψ“‡‘Ί","1012","—Ρ‹Ζo‰c‘Μ_’c‘Μo‰c_–@lo‰c","o‰c‘Μ","1"
"1027","’·–μ§_’·–μs_ξ—Ά‘Ί","1001","”_—Ρ‹Ζo‰c‘Μ_v","o‰c‘Μ","39"
"1027","’·–μ§_’·–μs_ξ—Ά‘Ί","1002","”_—Ρ‹Ζo‰c‘Μ_Βlo‰c","o‰c‘Μ","38"
"1027","’·–μ§_’·–μs_ξ—Ά‘Ί","1003","”_—Ρ‹Ζo‰c‘Μ_’c‘Μo‰c","o‰c‘Μ","1"
"1027","’·–μ§_’·–μs_ξ—Ά‘Ί","1004","”_—Ρ‹Ζo‰c‘Μ_’c‘Μo‰c_–@lo‰c","o‰c‘Μ","1"
"1027","’·–μ§_’·–μs_ξ—Ά‘Ί","1005","”_‹Ζo‰c‘Μ_v","o‰c‘Μ","39"
"1027","’·–μ§_’·–μs_ξ—Ά‘Ί","1006","”_‹Ζo‰c‘Μ_Βlo‰c","o‰c‘Μ","38"
"1027","’·–μ§_’·–μs_ξ—Ά‘Ί","1007","”_‹Ζo‰c‘Μ_’c‘Μo‰c","o‰c‘Μ","1"
"1027","’·–μ§_’·–μs_ξ—Ά‘Ί","1008","”_‹Ζo‰c‘Μ_’c‘Μo‰c_–@lo‰c","o‰c‘Μ","1"
"1027","’·–μ§_’·–μs_ξ—Ά‘Ί","1009","—Ρ‹Ζo‰c‘Μ_v","o‰c‘Μ","-"
"1027","’·–μ§_’·–μs_ξ—Ά‘Ί","1010","—Ρ‹Ζo‰c‘Μ_Βlo‰c","o‰c‘Μ","-"
"1027","’·–μ§_’·–μs_ξ—Ά‘Ί","1011","—Ρ‹Ζo‰c‘Μ_’c‘Μo‰c","o‰c‘Μ","-"
"1027","’·–μ§_’·–μs_ξ—Ά‘Ί","1012","—Ρ‹Ζo‰c‘Μ_’c‘Μo‰c_–@lo‰c","o‰c‘Μ","-"
"1028","’·–μ§_’·–μs_¬“‡“c‘Ί","1001","”_—Ρ‹Ζo‰c‘Μ_v","o‰c‘Μ","41"
"1028","’·–μ§_’·–μs_¬“‡“c‘Ί","1002","”_—Ρ‹Ζo‰c‘Μ_Βlo‰c","o‰c‘Μ","39"
"1028","’·–μ§_’·–μs_¬“‡“c‘Ί","1003","”_—Ρ‹Ζo‰c‘Μ_’c‘Μo‰c","o‰c‘Μ","2"
"1028","’·–μ§_’·–μs_¬“‡“c‘Ί","1004","”_—Ρ‹Ζo‰c‘Μ_’c‘Μo‰c_–@lo‰c","o‰c‘Μ","2"
"1028","’·–μ§_’·–μs_¬“‡“c‘Ί","1005","”_‹Ζo‰c‘Μ_v","o‰c‘Μ","41"
"1028","’·–μ§_’·–μs_¬“‡“c‘Ί","1006","”_‹Ζo‰c‘Μ_Βlo‰c","o‰c‘Μ","39"
"1028","’·–μ§_’·–μs_¬“‡“c‘Ί","1007","”_‹Ζo‰c‘Μ_’c‘Μo‰c","o‰c‘Μ","2"
"1028","’·–μ§_’·–μs_¬“‡“c‘Ί","1008","”_‹Ζo‰c‘Μ_’c‘Μo‰c_–@lo‰c","o‰c‘Μ","2"
"1028","’·–μ§_’·–μs_¬“‡“c‘Ί","1009","—Ρ‹Ζo‰c‘Μ_v","o‰c‘Μ","-"
"1028","’·–μ§_’·–μs_¬“‡“c‘Ί","1010","—Ρ‹Ζo‰c‘Μ_Βlo‰c","o‰c‘Μ","-"
"1028","’·–μ§_’·–μs_¬“‡“c‘Ί","1011","—Ρ‹Ζo‰c‘Μ_’c‘Μo‰c","o‰c‘Μ","-"
"1028","’·–μ§_’·–μs_¬“‡“c‘Ί","1012","—Ρ‹Ζo‰c‘Μ_’c‘Μo‰c_–@lo‰c","o‰c‘Μ","-"
"1029","’·–μ§_’·–μs_^“‡‘Ί","1001","”_—Ρ‹Ζo‰c‘Μ_v","o‰c‘Μ","149"
"1029","’·–μ§_’·–μs_^“‡‘Ί","1002","”_—Ρ‹Ζo‰c‘Μ_Βlo‰c","o‰c‘Μ","143"
"1029","’·–μ§_’·–μs_^“‡‘Ί","1003","”_—Ρ‹Ζo‰c‘Μ_’c‘Μo‰c","o‰c‘Μ","6"
"1029","’·–μ§_’·–μs_^“‡‘Ί","1004","”_—Ρ‹Ζo‰c‘Μ_’c‘Μo‰c_–@lo‰c","o‰c‘Μ","6"
"1029","’·–μ§_’·–μs_^“‡‘Ί","1005","”_‹Ζo‰c‘Μ_v","o‰c‘Μ","149"
"1029","’·–μ§_’·–μs_^“‡‘Ί","1006","”_‹Ζo‰c‘Μ_Βlo‰c","o‰c‘Μ","143"
"1029","’·–μ§_’·–μs_^“‡‘Ί","1007","”_‹Ζo‰c‘Μ_’c‘Μo‰c","o‰c‘Μ","6"
"1029","’·–μ§_’·–μs_^“‡‘Ί","1008","”_‹Ζo‰c‘Μ_’c‘Μo‰c_–@lo‰c","o‰c‘Μ","6"
"1029","’·–μ§_’·–μs_^“‡‘Ί","1009","—Ρ‹Ζo‰c‘Μ_v","o‰c‘Μ","-"
"1029","’·–μ§_’·–μs_^“‡‘Ί","1010","—Ρ‹Ζo‰c‘Μ_Βlo‰c","o‰c‘Μ","-"
"1029","’·–μ§_’·–μs_^“‡‘Ί","1011","—Ρ‹Ζo‰c‘Μ_’c‘Μo‰c","o‰c‘Μ","-"
"1029","’·–μ§_’·–μs_^“‡‘Ί","1012","—Ρ‹Ζo‰c‘Μ_’c‘Μo‰c_–@lo‰c","o‰c‘Μ","-"
"1030","’·–μ§_’·–μs_Ό‘γ’¬","1001","”_—Ρ‹Ζo‰c‘Μ_v","o‰c‘Μ","22"
"1030","’·–μ§_’·–μs_Ό‘γ’¬","1002","”_—Ρ‹Ζo‰c‘Μ_Βlo‰c","o‰c‘Μ","21"
"1030","’·–μ§_’·–μs_Ό‘γ’¬","1003","”_—Ρ‹Ζo‰c‘Μ_’c‘Μo‰c","o‰c‘Μ","1"
"1030","’·–μ§_’·–μs_Ό‘γ’¬","1004","”_—Ρ‹Ζo‰c‘Μ_’c‘Μo‰c_–@lo‰c","o‰c‘Μ","-"
"1030","’·–μ§_’·–μs_Ό‘γ’¬","1005","”_‹Ζo‰c‘Μ_v","o‰c‘Μ","21"
"1030","’·–μ§_’·–μs_Ό‘γ’¬","1006","”_‹Ζo‰c‘Μ_Βlo‰c","o‰c‘Μ","21"
"1030","’·–μ§_’·–μs_Ό‘γ’¬","1007","”_‹Ζo‰c‘Μ_’c‘Μo‰c","o‰c‘Μ","-"
"1030","’·–μ§_’·–μs_Ό‘γ’¬","1008","”_‹Ζo‰c‘Μ_’c‘Μo‰c_–@lo‰c","o‰c‘Μ","-"
"1030","’·–μ§_’·–μs_Ό‘γ’¬","1009","—Ρ‹Ζo‰c‘Μ_v","o‰c‘Μ","1"
"1030","’·–μ§_’·–μs_Ό‘γ’¬","1010","—Ρ‹Ζo‰c‘Μ_Βlo‰c","o‰c‘Μ","-"
"1030","’·–μ§_’·–μs_Ό‘γ’¬","1011","—Ρ‹Ζo‰c‘Μ_’c‘Μo‰c","o‰c‘Μ","1"
"1030","’·–μ§_’·–μs_Ό‘γ’¬","1012","—Ρ‹Ζo‰c‘Μ_’c‘Μo‰c_–@lo‰c","o‰c‘Μ","-"
"1031","’·–μ§_’·–μs_“π‘Ί","1001","”_—Ρ‹Ζo‰c‘Μ_v","o‰c‘Μ","64"
"1031","’·–μ§_’·–μs_“π‘Ί","1002","”_—Ρ‹Ζo‰c‘Μ_Βlo‰c","o‰c‘Μ","63"
"1031","’·–μ§_’·–μs_“π‘Ί","1003","”_—Ρ‹Ζo‰c‘Μ_’c‘Μo‰c","o‰c‘Μ","1"
"1031","’·–μ§_’·–μs_“π‘Ί","1004","”_—Ρ‹Ζo‰c‘Μ_’c‘Μo‰c_–@lo‰c","o‰c‘Μ","1"
"1031","’·–μ§_’·–μs_“π‘Ί","1005","”_‹Ζo‰c‘Μ_v","o‰c‘Μ","64"
"1031","’·–μ§_’·–μs_“π‘Ί","1006","”_‹Ζo‰c‘Μ_Βlo‰c","o‰c‘Μ","63"
"1031","’·–μ§_’·–μs_“π‘Ί","1007","”_‹Ζo‰c‘Μ_’c‘Μo‰c","o‰c‘Μ","1"
"1031","’·–μ§_’·–μs_“π‘Ί","1008","”_‹Ζo‰c‘Μ_’c‘Μo‰c_–@lo‰c","o‰c‘Μ","1"
"1031","’·–μ§_’·–μs_“π‘Ί","1009","—Ρ‹Ζo‰c‘Μ_v","o‰c‘Μ","1"
"1031","’·–μ§_’·–μs_“π‘Ί","1010","—Ρ‹Ζo‰c‘Μ_Βlo‰c","o‰c‘Μ","1"
"1031","’·–μ§_’·–μs_“π‘Ί","1011","—Ρ‹Ζo‰c‘Μ_’c‘Μo‰c","o‰c‘Μ","-"
"1031","’·–μ§_’·–μs_“π‘Ί","1012","—Ρ‹Ζo‰c‘Μ_’c‘Μo‰c_–@lo‰c","o‰c‘Μ","-"
"1032","’·–μ§_’·–μs_΄–μ‘Ί","1001","”_—Ρ‹Ζo‰c‘Μ_v","o‰c‘Μ","95"
"1032","’·–μ§_’·–μs_΄–μ‘Ί","1002","”_—Ρ‹Ζo‰c‘Μ_Βlo‰c","o‰c‘Μ","94"
"1032","’·–μ§_’·–μs_΄–μ‘Ί","1003","”_—Ρ‹Ζo‰c‘Μ_’c‘Μo‰c","o‰c‘Μ","1"
"1032","’·–μ§_’·–μs_΄–μ‘Ί","1004","”_—Ρ‹Ζo‰c‘Μ_’c‘Μo‰c_–@lo‰c","o‰c‘Μ","1"
"1032","’·–μ§_’·–μs_΄–μ‘Ί","1005","”_‹Ζo‰c‘Μ_v","o‰c‘Μ","95"
"1032","’·–μ§_’·–μs_΄–μ‘Ί","1006","”_‹Ζo‰c‘Μ_Βlo‰c","o‰c‘Μ","94"
"1032","’·–μ§_’·–μs_΄–μ‘Ί","1007","”_‹Ζo‰c‘Μ_’c‘Μo‰c","o‰c‘Μ","1"
"1032","’·–μ§_’·–μs_΄–μ‘Ί","1008","”_‹Ζo‰c‘Μ_’c‘Μo‰c_–@lo‰c","o‰c‘Μ","1"
"1032","’·–μ§_’·–μs_΄–μ‘Ί","1009","—Ρ‹Ζo‰c‘Μ_v","o‰c‘Μ","-"
"1032","’·–μ§_’·–μs_΄–μ‘Ί","1010","—Ρ‹Ζo‰c‘Μ_Βlo‰c","o‰c‘Μ","-"
"1032","’·–μ§_’·–μs_΄–μ‘Ί","1011","—Ρ‹Ζo‰c‘Μ_’c‘Μo‰c","o‰c‘Μ","-"
"1032","’·–μ§_’·–μs_΄–μ‘Ί","1012","—Ρ‹Ζo‰c‘Μ_’c‘Μo‰c_–@lo‰c","o‰c‘Μ","-"
"1033","’·–μ§_’·–μs_–L‰h‘Ί","1001","”_—Ρ‹Ζo‰c‘Μ_v","o‰c‘Μ","34"
"1033","’·–μ§_’·–μs_–L‰h‘Ί","1002","”_—Ρ‹Ζo‰c‘Μ_Βlo‰c","o‰c‘Μ","33"
"1033","’·–μ§_’·–μs_–L‰h‘Ί","1003","”_—Ρ‹Ζo‰c‘Μ_’c‘Μo‰c","o‰c‘Μ","1"
"1033","’·–μ§_’·–μs_–L‰h‘Ί","1004","”_—Ρ‹Ζo‰c‘Μ_’c‘Μo‰c_–@lo‰c","o‰c‘Μ","1"
"1033","’·–μ§_’·–μs_–L‰h‘Ί","1005","”_‹Ζo‰c‘Μ_v","o‰c‘Μ","34"
"1033","’·–μ§_’·–μs_–L‰h‘Ί","1006","”_‹Ζo‰c‘Μ_Βlo‰c","o‰c‘Μ","33"
"1033","’·–μ§_’·–μs_–L‰h‘Ί","1007","”_‹Ζo‰c‘Μ_’c‘Μo‰c","o‰c‘Μ","1"
"1033","’·–μ§_’·–μs_–L‰h‘Ί","1008","”_‹Ζo‰c‘Μ_’c‘Μo‰c_–@lo‰c","o‰c‘Μ","1"
"1033","’·–μ§_’·–μs_–L‰h‘Ί","1009","—Ρ‹Ζo‰c‘Μ_v","o‰c‘Μ","-"
"1033","’·–μ§_’·–μs_–L‰h‘Ί","1010","—Ρ‹Ζo‰c‘Μ_Βlo‰c","o‰c‘Μ","-"
"1033","’·–μ§_’·–μs_–L‰h‘Ί","1011","—Ρ‹Ζo‰c‘Μ_’c‘Μo‰c","o‰c‘Μ","-"
"1033","’·–μ§_’·–μs_–L‰h‘Ί","1012","—Ρ‹Ζo‰c‘Μ_’c‘Μo‰c_–@lo‰c","o‰c‘Μ","-"
"1034","’·–μ§_’·–μs_›”φ‘Ί","1001","”_—Ρ‹Ζo‰c‘Μ_v","o‰c‘Μ","83"
"1034","’·–μ§_’·–μs_›”φ‘Ί","1002","”_—Ρ‹Ζo‰c‘Μ_Βlo‰c","o‰c‘Μ","81"
"1034","’·–μ§_’·–μs_›”φ‘Ί","1003","”_—Ρ‹Ζo‰c‘Μ_’c‘Μo‰c","o‰c‘Μ","2"
"1034","’·–μ§_’·–μs_›”φ‘Ί","1004","”_—Ρ‹Ζo‰c‘Μ_’c‘Μo‰c_–@lo‰c","o‰c‘Μ","2"
"1034","’·–μ§_’·–μs_›”φ‘Ί","1005","”_‹Ζo‰c‘Μ_v","o‰c‘Μ","83"
"1034","’·–μ§_’·–μs_›”φ‘Ί","1006","”_‹Ζo‰c‘Μ_Βlo‰c","o‰c‘Μ","81"
"1034","’·–μ§_’·–μs_›”φ‘Ί","1007","”_‹Ζo‰c‘Μ_’c‘Μo‰c","o‰c‘Μ","2"
"1034","’·–μ§_’·–μs_›”φ‘Ί","1008","”_‹Ζo‰c‘Μ_’c‘Μo‰c_–@lo‰c","o‰c‘Μ","2"
"1034","’·–μ§_’·–μs_›”φ‘Ί","1009","—Ρ‹Ζo‰c‘Μ_v","o‰c‘Μ","-"
"1034","’·–μ§_’·–μs_›”φ‘Ί","1010","—Ρ‹Ζo‰c‘Μ_Βlo‰c","o‰c‘Μ","-"
"1034","’·–μ§_’·–μs_›”φ‘Ί","1011","—Ρ‹Ζo‰c‘Μ_’c‘Μo‰c","o‰c‘Μ","-"
"1034","’·–μ§_’·–μs_›”φ‘Ί","1012","—Ρ‹Ζo‰c‘Μ_’c‘Μo‰c_–@lo‰c","o‰c‘Μ","-"
"1035","’·–μ§_’·–μs_Ό›”φ‘Ί‚Q|‚Q","1001","”_—Ρ‹Ζo‰c‘Μ_v","o‰c‘Μ","26"
"1035","’·–μ§_’·–μs_Ό›”φ‘Ί‚Q|‚Q","1002","”_—Ρ‹Ζo‰c‘Μ_Βlo‰c","o‰c‘Μ","26"
"1035","’·–μ§_’·–μs_Ό›”φ‘Ί‚Q|‚Q","1003","”_—Ρ‹Ζo‰c‘Μ_’c‘Μo‰c","o‰c‘Μ","-"
"1035","’·–μ§_’·–μs_Ό›”φ‘Ί‚Q|‚Q","1004","”_—Ρ‹Ζo‰c‘Μ_’c‘Μo‰c_–@lo‰c","o‰c‘Μ","-"
"1035","’·–μ§_’·–μs_Ό›”φ‘Ί‚Q|‚Q","1005","”_‹Ζo‰c‘Μ_v","o‰c‘Μ","26"
"1035","’·–μ§_’·–μs_Ό›”φ‘Ί‚Q|‚Q","1006","”_‹Ζo‰c‘Μ_Βlo‰c","o‰c‘Μ","26"
"1035","’·–μ§_’·–μs_Ό›”φ‘Ί‚Q|‚Q","1007","”_‹Ζo‰c‘Μ_’c‘Μo‰c","o‰c‘Μ","-"
"1035","’·–μ§_’·–μs_Ό›”φ‘Ί‚Q|‚Q","1008","”_‹Ζo‰c‘Μ_’c‘Μo‰c_–@lo‰c","o‰c‘Μ","-"
"1035","’·–μ§_’·–μs_Ό›”φ‘Ί‚Q|‚Q","1009","—Ρ‹Ζo‰c‘Μ_v","o‰c‘Μ","-"
"1035","’·–μ§_’·–μs_Ό›”φ‘Ί‚Q|‚Q","1010","—Ρ‹Ζo‰c‘Μ_Βlo‰c","o‰c‘Μ","-"
"1035","’·–μ§_’·–μs_Ό›”φ‘Ί‚Q|‚Q","1011","—Ρ‹Ζo‰c‘Μ_’c‘Μo‰c","o‰c‘Μ","-"
"1035","’·–μ§_’·–μs_Ό›”φ‘Ί‚Q|‚Q","1012","—Ρ‹Ζo‰c‘Μ_’c‘Μo‰c_–@lo‰c","o‰c‘Μ","-"
"1036","’·–μ§_’·–μs_Όπ‘Ί","1001","”_—Ρ‹Ζo‰c‘Μ_v","o‰c‘Μ","23"
"1036","’·–μ§_’·–μs_Όπ‘Ί","1002","”_—Ρ‹Ζo‰c‘Μ_Βlo‰c","o‰c‘Μ","22"
"1036","’·–μ§_’·–μs_Όπ‘Ί","1003","”_—Ρ‹Ζo‰c‘Μ_’c‘Μo‰c","o‰c‘Μ","1"
"1036","’·–μ§_’·–μs_Όπ‘Ί","1004","”_—Ρ‹Ζo‰c‘Μ_’c‘Μo‰c_–@lo‰c","o‰c‘Μ","1"
"1036","’·–μ§_’·–μs_Όπ‘Ί","1005","”_‹Ζo‰c‘Μ_v","o‰c‘Μ","23"
"1036","’·–μ§_’·–μs_Όπ‘Ί","1006","”_‹Ζo‰c‘Μ_Βlo‰c","o‰c‘Μ","22"
"1036","’·–μ§_’·–μs_Όπ‘Ί","1007","”_‹Ζo‰c‘Μ_’c‘Μo‰c","o‰c‘Μ","1"
"1036","’·–μ§_’·–μs_Όπ‘Ί","1008","”_‹Ζo‰c‘Μ_’c‘Μo‰c_–@lo‰c","o‰c‘Μ","1"
"1036","’·–μ§_’·–μs_Όπ‘Ί","1009","—Ρ‹Ζo‰c‘Μ_v","o‰c‘Μ","-"
"1036","’·–μ§_’·–μs_Όπ‘Ί","1010","—Ρ‹Ζo‰c‘Μ_Βlo‰c","o‰c‘Μ","-"
"1036","’·–μ§_’·–μs_Όπ‘Ί","1011","—Ρ‹Ζo‰c‘Μ_’c‘Μo‰c","o‰c‘Μ","-"
"1036","’·–μ§_’·–μs_Όπ‘Ί","1012","—Ρ‹Ζo‰c‘Μ_’c‘Μo‰c_–@lo‰c","o‰c‘Μ","-"
"1037","’·–μ§_’·–μs_•Ϋ‰Θ‘Ί","1001","”_—Ρ‹Ζo‰c‘Μ_v","o‰c‘Μ","95"
"1037","’·–μ§_’·–μs_•Ϋ‰Θ‘Ί","1002","”_—Ρ‹Ζo‰c‘Μ_Βlo‰c","o‰c‘Μ","95"
"1037","’·–μ§_’·–μs_•Ϋ‰Θ‘Ί","1003","”_—Ρ‹Ζo‰c‘Μ_’c‘Μo‰c","o‰c‘Μ","-"
"1037","’·–μ§_’·–μs_•Ϋ‰Θ‘Ί","1004","”_—Ρ‹Ζo‰c‘Μ_’c‘Μo‰c_–@lo‰c","o‰c‘Μ","-"
"1037","’·–μ§_’·–μs_•Ϋ‰Θ‘Ί","1005","”_‹Ζo‰c‘Μ_v","o‰c‘Μ","95"
"1037","’·–μ§_’·–μs_•Ϋ‰Θ‘Ί","1006","”_‹Ζo‰c‘Μ_Βlo‰c","o‰c‘Μ","95"
"1037","’·–μ§_’·–μs_•Ϋ‰Θ‘Ί","1007","”_‹Ζo‰c‘Μ_’c‘Μo‰c","o‰c‘Μ","-"
"1037","’·–μ§_’·–μs_•Ϋ‰Θ‘Ί","1008","”_‹Ζo‰c‘Μ_’c‘Μo‰c_–@lo‰c","o‰c‘Μ","-"
"1037","’·–μ§_’·–μs_•Ϋ‰Θ‘Ί","1009","—Ρ‹Ζo‰c‘Μ_v","o‰c‘Μ","-"
"1037","’·–μ§_’·–μs_•Ϋ‰Θ‘Ί","1010","—Ρ‹Ζo‰c‘Μ_Βlo‰c","o‰c‘Μ","-"
"1037","’·–μ§_’·–μs_•Ϋ‰Θ‘Ί","1011","—Ρ‹Ζo‰c‘Μ_’c‘Μo‰c","o‰c‘Μ","-"
"1037","’·–μ§_’·–μs_•Ϋ‰Θ‘Ί","1012","—Ρ‹Ζo‰c‘Μ_’c‘Μo‰c_–@lo‰c","o‰c‘Μ","-"
"1038","’·–μ§_’·–μs_μ“c‘Ί","1001","”_—Ρ‹Ζo‰c‘Μ_v","o‰c‘Μ","135"
"1038","’·–μ§_’·–μs_μ“c‘Ί","1002","”_—Ρ‹Ζo‰c‘Μ_Βlo‰c","o‰c‘Μ","133"
"1038","’·–μ§_’·–μs_μ“c‘Ί","1003","”_—Ρ‹Ζo‰c‘Μ_’c‘Μo‰c","o‰c‘Μ","2"
"1038","’·–μ§_’·–μs_μ“c‘Ί","1004","”_—Ρ‹Ζo‰c‘Μ_’c‘Μo‰c_–@lo‰c","o‰c‘Μ","2"
"1038","’·–μ§_’·–μs_μ“c‘Ί","1005","”_‹Ζo‰c‘Μ_v","o‰c‘Μ","135"
"1038","’·–μ§_’·–μs_μ“c‘Ί","1006","”_‹Ζo‰c‘Μ_Βlo‰c","o‰c‘Μ","133"
"1038","’·–μ§_’·–μs_μ“c‘Ί","1007","”_‹Ζo‰c‘Μ_’c‘Μo‰c","o‰c‘Μ","2"
"1038","’·–μ§_’·–μs_μ“c‘Ί","1008","”_‹Ζo‰c‘Μ_’c‘Μo‰c_–@lo‰c","o‰c‘Μ","2"
"1038","’·–μ§_’·–μs_μ“c‘Ί","1009","—Ρ‹Ζo‰c‘Μ_v","o‰c‘Μ","-"
"1038","’·–μ§_’·–μs_μ“c‘Ί","1010","—Ρ‹Ζo‰c‘Μ_Βlo‰c","o‰c‘Μ","-"
"1038","’·–μ§_’·–μs_μ“c‘Ί","1011","—Ρ‹Ζo‰c‘Μ_’c‘Μo‰c","o‰c‘Μ","-"
"1038","’·–μ§_’·–μs_μ“c‘Ί","1012","—Ρ‹Ζo‰c‘Μ_’c‘Μo‰c_–@lo‰c","o‰c‘Μ","-"
"1039","’·–μ§_’·–μs_–Θ“ΰ‘Ί","1001","”_—Ρ‹Ζo‰c‘Μ_v","o‰c‘Μ","207"
"1039","’·–μ§_’·–μs_–Θ“ΰ‘Ί","1002","”_—Ρ‹Ζo‰c‘Μ_Βlo‰c","o‰c‘Μ","205"
"1039","’·–μ§_’·–μs_–Θ“ΰ‘Ί","1003","”_—Ρ‹Ζo‰c‘Μ_’c‘Μo‰c","o‰c‘Μ","2"
"1039","’·–μ§_’·–μs_–Θ“ΰ‘Ί","1004","”_—Ρ‹Ζo‰c‘Μ_’c‘Μo‰c_–@lo‰c","o‰c‘Μ","2"
"1039","’·–μ§_’·–μs_–Θ“ΰ‘Ί","1005","”_‹Ζo‰c‘Μ_v","o‰c‘Μ","206"
"1039","’·–μ§_’·–μs_–Θ“ΰ‘Ί","1006","”_‹Ζo‰c‘Μ_Βlo‰c","o‰c‘Μ","204"
"1039","’·–μ§_’·–μs_–Θ“ΰ‘Ί","1007","”_‹Ζo‰c‘Μ_’c‘Μo‰c","o‰c‘Μ","2"
"1039","’·–μ§_’·–μs_–Θ“ΰ‘Ί","1008","”_‹Ζo‰c‘Μ_’c‘Μo‰c_–@lo‰c","o‰c‘Μ","2"
"1039","’·–μ§_’·–μs_–Θ“ΰ‘Ί","1009","—Ρ‹Ζo‰c‘Μ_v","o‰c‘Μ","1"
"1039","’·–μ§_’·–μs_–Θ“ΰ‘Ί","1010","—Ρ‹Ζo‰c‘Μ_Βlo‰c","o‰c‘Μ","1"
"1039","’·–μ§_’·–μs_–Θ“ΰ‘Ί","1011","—Ρ‹Ζo‰c‘Μ_’c‘Μo‰c","o‰c‘Μ","-"
"1039","’·–μ§_’·–μs_–Θ“ΰ‘Ί","1012","—Ρ‹Ζo‰c‘Μ_’c‘Μo‰c_–@lo‰c","o‰c‘Μ","-"
"1040","’·–μ§_’·–μs_µ“ρ‰ο‘Ί","1001","”_—Ρ‹Ζo‰c‘Μ_v","o‰c‘Μ","16"
"1040","’·–μ§_’·–μs_µ“ρ‰ο‘Ί","1002","”_—Ρ‹Ζo‰c‘Μ_Βlo‰c","o‰c‘Μ","16"
"1040","’·–μ§_’·–μs_µ“ρ‰ο‘Ί","1003","”_—Ρ‹Ζo‰c‘Μ_’c‘Μo‰c","o‰c‘Μ","-"
"1040","’·–μ§_’·–μs_µ“ρ‰ο‘Ί","1004","”_—Ρ‹Ζo‰c‘Μ_’c‘Μo‰c_–@lo‰c","o‰c‘Μ","-"
"1040","’·–μ§_’·–μs_µ“ρ‰ο‘Ί","1005","”_‹Ζo‰c‘Μ_v","o‰c‘Μ","16"
"1040","’·–μ§_’·–μs_µ“ρ‰ο‘Ί","1006","”_‹Ζo‰c‘Μ_Βlo‰c","o‰c‘Μ","16"
"1040","’·–μ§_’·–μs_µ“ρ‰ο‘Ί","1007","”_‹Ζo‰c‘Μ_’c‘Μo‰c","o‰c‘Μ","-"
"1040","’·–μ§_’·–μs_µ“ρ‰ο‘Ί","1008","”_‹Ζo‰c‘Μ_’c‘Μo‰c_–@lo‰c","o‰c‘Μ","-"
"1040","’·–μ§_’·–μs_µ“ρ‰ο‘Ί","1009","—Ρ‹Ζo‰c‘Μ_v","o‰c‘Μ","-"
"1040","’·–μ§_’·–μs_µ“ρ‰ο‘Ί","1010","—Ρ‹Ζo‰c‘Μ_Βlo‰c","o‰c‘Μ","-"
"1040","’·–μ§_’·–μs_µ“ρ‰ο‘Ί","1011","—Ρ‹Ζo‰c‘Μ_’c‘Μo‰c","o‰c‘Μ","-"
"1040","’·–μ§_’·–μs_µ“ρ‰ο‘Ί","1012","—Ρ‹Ζo‰c‘Μ_’c‘Μo‰c_–@lo‰c","o‰c‘Μ","-"
"1041","’·–μ§_’·–μs__‹½‘Ί","1001","”_—Ρ‹Ζo‰c‘Μ_v","o‰c‘Μ","241"
"1041","’·–μ§_’·–μs__‹½‘Ί","1002","”_—Ρ‹Ζo‰c‘Μ_Βlo‰c","o‰c‘Μ","241"
"1041","’·–μ§_’·–μs__‹½‘Ί","1003","”_—Ρ‹Ζo‰c‘Μ_’c‘Μo‰c","o‰c‘Μ","-"
"1041","’·–μ§_’·–μs__‹½‘Ί","1004","”_—Ρ‹Ζo‰c‘Μ_’c‘Μo‰c_–@lo‰c","o‰c‘Μ","-"
"1041","’·–μ§_’·–μs__‹½‘Ί","1005","”_‹Ζo‰c‘Μ_v","o‰c‘Μ","241"
"1041","’·–μ§_’·–μs__‹½‘Ί","1006","”_‹Ζo‰c‘Μ_Βlo‰c","o‰c‘Μ","241"
"1041","’·–μ§_’·–μs__‹½‘Ί","1007","”_‹Ζo‰c‘Μ_’c‘Μo‰c","o‰c‘Μ","-"
"1041","’·–μ§_’·–μs__‹½‘Ί","1008","”_‹Ζo‰c‘Μ_’c‘Μo‰c_–@lo‰c","o‰c‘Μ","-"
"1041","’·–μ§_’·–μs__‹½‘Ί","1009","—Ρ‹Ζo‰c‘Μ_v","o‰c‘Μ","-"
"1041","’·–μ§_’·–μs__‹½‘Ί","1010","—Ρ‹Ζo‰c‘Μ_Βlo‰c","o‰c‘Μ","-"
"1041","’·–μ§_’·–μs__‹½‘Ί","1011","—Ρ‹Ζo‰c‘Μ_’c‘Μo‰c","o‰c‘Μ","-"
"1041","’·–μ§_’·–μs__‹½‘Ί","1012","—Ρ‹Ζo‰c‘Μ_’c‘Μo‰c_–@lo‰c","o‰c‘Μ","-"
"1042","’·–μ§_’·–μs_’Ή‹‘Ί","1001","”_—Ρ‹Ζo‰c‘Μ_v","o‰c‘Μ","180"
"1042","’·–μ§_’·–μs_’Ή‹‘Ί","1002","”_—Ρ‹Ζo‰c‘Μ_Βlo‰c","o‰c‘Μ","179"
"1042","’·–μ§_’·–μs_’Ή‹‘Ί","1003","”_—Ρ‹Ζo‰c‘Μ_’c‘Μo‰c","o‰c‘Μ","1"
"1042","’·–μ§_’·–μs_’Ή‹‘Ί","1004","”_—Ρ‹Ζo‰c‘Μ_’c‘Μo‰c_–@lo‰c","o‰c‘Μ","1"
"1042","’·–μ§_’·–μs_’Ή‹‘Ί","1005","”_‹Ζo‰c‘Μ_v","o‰c‘Μ","179"
"1042","’·–μ§_’·–μs_’Ή‹‘Ί","1006","”_‹Ζo‰c‘Μ_Βlo‰c","o‰c‘Μ","178"
"1042","’·–μ§_’·–μs_’Ή‹‘Ί","1007","”_‹Ζo‰c‘Μ_’c‘Μo‰c","o‰c‘Μ","1"
"1042","’·–μ§_’·–μs_’Ή‹‘Ί","1008","”_‹Ζo‰c‘Μ_’c‘Μo‰c_–@lo‰c","o‰c‘Μ","1"
"1042","’·–μ§_’·–μs_’Ή‹‘Ί","1009","—Ρ‹Ζo‰c‘Μ_v","o‰c‘Μ","2"
"1042","’·–μ§_’·–μs_’Ή‹‘Ί","1010","—Ρ‹Ζo‰c‘Μ_Βlo‰c","o‰c‘Μ","2"
"1042","’·–μ§_’·–μs_’Ή‹‘Ί","1011","—Ρ‹Ζo‰c‘Μ_’c‘Μo‰c","o‰c‘Μ","-"
"1042","’·–μ§_’·–μs_’Ή‹‘Ί","1012","—Ρ‹Ζo‰c‘Μ_’c‘Μo‰c_–@lo‰c","o‰c‘Μ","-"
"1043","’·–μ§_’·–μs_Λ‰B‘Ί","1001","”_—Ρ‹Ζo‰c‘Μ_v","o‰c‘Μ","102"
"1043","’·–μ§_’·–μs_Λ‰B‘Ί","1002","”_—Ρ‹Ζo‰c‘Μ_Βlo‰c","o‰c‘Μ","99"
"1043","’·–μ§_’·–μs_Λ‰B‘Ί","1003","”_—Ρ‹Ζo‰c‘Μ_’c‘Μo‰c","o‰c‘Μ","3"
"1043","’·–μ§_’·–μs_Λ‰B‘Ί","1004","”_—Ρ‹Ζo‰c‘Μ_’c‘Μo‰c_–@lo‰c","o‰c‘Μ","1"
"1043","’·–μ§_’·–μs_Λ‰B‘Ί","1005","”_‹Ζo‰c‘Μ_v","o‰c‘Μ","102"
"1043","’·–μ§_’·–μs_Λ‰B‘Ί","1006","”_‹Ζo‰c‘Μ_Βlo‰c","o‰c‘Μ","99"
"1043","’·–μ§_’·–μs_Λ‰B‘Ί","1007","”_‹Ζo‰c‘Μ_’c‘Μo‰c","o‰c‘Μ","3"
"1043","’·–μ§_’·–μs_Λ‰B‘Ί","1008","”_‹Ζo‰c‘Μ_’c‘Μo‰c_–@lo‰c","o‰c‘Μ","1"
"1043","’·–μ§_’·–μs_Λ‰B‘Ί","1009","—Ρ‹Ζo‰c‘Μ_v","o‰c‘Μ","1"
"1043","’·–μ§_’·–μs_Λ‰B‘Ί","1010","—Ρ‹Ζo‰c‘Μ_Βlo‰c","o‰c‘Μ","1"
"1043","’·–μ§_’·–μs_Λ‰B‘Ί","1011","—Ρ‹Ζo‰c‘Μ_’c‘Μo‰c","o‰c‘Μ","-"
"1043","’·–μ§_’·–μs_Λ‰B‘Ί","1012","—Ρ‹Ζo‰c‘Μ_’c‘Μo‰c_–@lo‰c","o‰c‘Μ","-"
"1044","’·–μ§_’·–μs_ς‘Ί","1001","”_—Ρ‹Ζo‰c‘Μ_v","o‰c‘Μ","50"
"1044","’·–μ§_’·–μs_ς‘Ί","1002","”_—Ρ‹Ζo‰c‘Μ_Βlo‰c","o‰c‘Μ","50"
"1044","’·–μ§_’·–μs_ς‘Ί","1003","”_—Ρ‹Ζo‰c‘Μ_’c‘Μo‰c","o‰c‘Μ","-"
"1044","’·–μ§_’·–μs_ς‘Ί","1004","”_—Ρ‹Ζo‰c‘Μ_’c‘Μo‰c_–@lo‰c","o‰c‘Μ","-"
"1044","’·–μ§_’·–μs_ς‘Ί","1005","”_‹Ζo‰c‘Μ_v","o‰c‘Μ","50"
"1044","’·–μ§_’·–μs_ς‘Ί","1006","”_‹Ζo‰c‘Μ_Βlo‰c","o‰c‘Μ","50"
"1044","’·–μ§_’·–μs_ς‘Ί","1007","”_‹Ζo‰c‘Μ_’c‘Μo‰c","o‰c‘Μ","-"
"1044","’·–μ§_’·–μs_ς‘Ί","1008","”_‹Ζo‰c‘Μ_’c‘Μo‰c_–@lo‰c","o‰c‘Μ","-"
"1044","’·–μ§_’·–μs_ς‘Ί","1009","—Ρ‹Ζo‰c‘Μ_v","o‰c‘Μ","2"
"1044","’·–μ§_’·–μs_ς‘Ί","1010","—Ρ‹Ζo‰c‘Μ_Βlo‰c","o‰c‘Μ","2"
"1044","’·–μ§_’·–μs_ς‘Ί","1011","—Ρ‹Ζo‰c‘Μ_’c‘Μo‰c","o‰c‘Μ","-"
"1044","’·–μ§_’·–μs_ς‘Ί","1012","—Ρ‹Ζo‰c‘Μ_’c‘Μo‰c_–@lo‰c","o‰c‘Μ","-"
"1045","’·–μ§_’·–μs_‹S–³—Ά‘Ί","1001","”_—Ρ‹Ζo‰c‘Μ_v","o‰c‘Μ","55"
"1045","’·–μ§_’·–μs_‹S–³—Ά‘Ί","1002","”_—Ρ‹Ζo‰c‘Μ_Βlo‰c","o‰c‘Μ","53"
"1045","’·–μ§_’·–μs_‹S–³—Ά‘Ί","1003","”_—Ρ‹Ζo‰c‘Μ_’c‘Μo‰c","o‰c‘Μ","2"
"1045","’·–μ§_’·–μs_‹S–³—Ά‘Ί","1004","”_—Ρ‹Ζo‰c‘Μ_’c‘Μo‰c_–@lo‰c","o‰c‘Μ","2"
"1045","’·–μ§_’·–μs_‹S–³—Ά‘Ί","1005","”_‹Ζo‰c‘Μ_v","o‰c‘Μ","55"
"1045","’·–μ§_’·–μs_‹S–³—Ά‘Ί","1006","”_‹Ζo‰c‘Μ_Βlo‰c","o‰c‘Μ","53"
"1045","’·–μ§_’·–μs_‹S–³—Ά‘Ί","1007","”_‹Ζo‰c‘Μ_’c‘Μo‰c","o‰c‘Μ","2"
"1045","’·–μ§_’·–μs_‹S–³—Ά‘Ί","1008","”_‹Ζo‰c‘Μ_’c‘Μo‰c_–@lo‰c","o‰c‘Μ","2"
"1045","’·–μ§_’·–μs_‹S–³—Ά‘Ί","1009","—Ρ‹Ζo‰c‘Μ_v","o‰c‘Μ","1"
"1045","’·–μ§_’·–μs_‹S–³—Ά‘Ί","1010","—Ρ‹Ζo‰c‘Μ_Βlo‰c","o‰c‘Μ","1"
"1045","’·–μ§_’·–μs_‹S–³—Ά‘Ί","1011","—Ρ‹Ζo‰c‘Μ_’c‘Μo‰c","o‰c‘Μ","-"
"1045","’·–μ§_’·–μs_‹S–³—Ά‘Ί","1012","—Ρ‹Ζo‰c‘Μ_’c‘Μo‰c_–@lo‰c","o‰c‘Μ","-"
"1046","’·–μ§_’·–μs_‘ε‰ª‘Ί","1001","”_—Ρ‹Ζo‰c‘Μ_v","o‰c‘Μ","47"
"1046","’·–μ§_’·–μs_‘ε‰ª‘Ί","1002","”_—Ρ‹Ζo‰c‘Μ_Βlo‰c","o‰c‘Μ","46"
"1046","’·–μ§_’·–μs_‘ε‰ª‘Ί","1003","”_—Ρ‹Ζo‰c‘Μ_’c‘Μo‰c","o‰c‘Μ","1"
"1046","’·–μ§_’·–μs_‘ε‰ª‘Ί","1004","”_—Ρ‹Ζo‰c‘Μ_’c‘Μo‰c_–@lo‰c","o‰c‘Μ","1"
"1046","’·–μ§_’·–μs_‘ε‰ª‘Ί","1005","”_‹Ζo‰c‘Μ_v","o‰c‘Μ","47"
"1046","’·–μ§_’·–μs_‘ε‰ª‘Ί","1006","”_‹Ζo‰c‘Μ_Βlo‰c","o‰c‘Μ","46"
"1046","’·–μ§_’·–μs_‘ε‰ª‘Ί","1007","”_‹Ζo‰c‘Μ_’c‘Μo‰c","o‰c‘Μ","1"
"1046","’·–μ§_’·–μs_‘ε‰ª‘Ί","1008","”_‹Ζo‰c‘Μ_’c‘Μo‰c_–@lo‰c","o‰c‘Μ","1"
"1046","’·–μ§_’·–μs_‘ε‰ª‘Ί","1009","—Ρ‹Ζo‰c‘Μ_v","o‰c‘Μ","3"
"1046","’·–μ§_’·–μs_‘ε‰ª‘Ί","1010","—Ρ‹Ζo‰c‘Μ_Βlo‰c","o‰c‘Μ","3"
"1046","’·–μ§_’·–μs_‘ε‰ª‘Ί","1011","—Ρ‹Ζo‰c‘Μ_’c‘Μo‰c","o‰c‘Μ","-"
"1046","’·–μ§_’·–μs_‘ε‰ª‘Ί","1012","—Ρ‹Ζo‰c‘Μ_’c‘Μo‰c_–@lo‰c","o‰c‘Μ","-"
"1047","’·–μ§_’·–μs_–q‹½‘Ί‚Q|‚Q","1001","”_—Ρ‹Ζo‰c‘Μ_v","o‰c‘Μ","31"
"1047","’·–μ§_’·–μs_–q‹½‘Ί‚Q|‚Q","1002","”_—Ρ‹Ζo‰c‘Μ_Βlo‰c","o‰c‘Μ","31"
"1047","’·–μ§_’·–μs_–q‹½‘Ί‚Q|‚Q","1003","”_—Ρ‹Ζo‰c‘Μ_’c‘Μo‰c","o‰c‘Μ","-"
"1047","’·–μ§_’·–μs_–q‹½‘Ί‚Q|‚Q","1004","”_—Ρ‹Ζo‰c‘Μ_’c‘Μo‰c_–@lo‰c","o‰c‘Μ","-"
"1047","’·–μ§_’·–μs_–q‹½‘Ί‚Q|‚Q","1005","”_‹Ζo‰c‘Μ_v","o‰c‘Μ","30"
"1047","’·–μ§_’·–μs_–q‹½‘Ί‚Q|‚Q","1006","”_‹Ζo‰c‘Μ_Βlo‰c","o‰c‘Μ","30"
"1047","’·–μ§_’·–μs_–q‹½‘Ί‚Q|‚Q","1007","”_‹Ζo‰c‘Μ_’c‘Μo‰c","o‰c‘Μ","-"
"1047","’·–μ§_’·–μs_–q‹½‘Ί‚Q|‚Q","1008","”_‹Ζo‰c‘Μ_’c‘Μo‰c_–@lo‰c","o‰c‘Μ","-"
"1047","’·–μ§_’·–μs_–q‹½‘Ί‚Q|‚Q","1009","—Ρ‹Ζo‰c‘Μ_v","o‰c‘Μ","1"
"1047","’·–μ§_’·–μs_–q‹½‘Ί‚Q|‚Q","1010","—Ρ‹Ζo‰c‘Μ_Βlo‰c","o‰c‘Μ","1"
"1047","’·–μ§_’·–μs_–q‹½‘Ί‚Q|‚Q","1011","—Ρ‹Ζo‰c‘Μ_’c‘Μo‰c","o‰c‘Μ","-"
"1047","’·–μ§_’·–μs_–q‹½‘Ί‚Q|‚Q","1012","—Ρ‹Ζo‰c‘Μ_’c‘Μo‰c_–@lo‰c","o‰c‘Μ","-"
"1048","’·–μ§_’·–μs_…“ΰ‘Ί","1001","”_—Ρ‹Ζo‰c‘Μ_v","o‰c‘Μ","40"
"1048","’·–μ§_’·–μs_…“ΰ‘Ί","1002","”_—Ρ‹Ζo‰c‘Μ_Βlo‰c","o‰c‘Μ","40"
"1048","’·–μ§_’·–μs_…“ΰ‘Ί","1003","”_—Ρ‹Ζo‰c‘Μ_’c‘Μo‰c","o‰c‘Μ","-"
"1048","’·–μ§_’·–μs_…“ΰ‘Ί","1004","”_—Ρ‹Ζo‰c‘Μ_’c‘Μo‰c_–@lo‰c","o‰c‘Μ","-"
"1048","’·–μ§_’·–μs_…“ΰ‘Ί","1005","”_‹Ζo‰c‘Μ_v","o‰c‘Μ","40"
"1048","’·–μ§_’·–μs_…“ΰ‘Ί","1006","”_‹Ζo‰c‘Μ_Βlo‰c","o‰c‘Μ","40"
"1048","’·–μ§_’·–μs_…“ΰ‘Ί","1007","”_‹Ζo‰c‘Μ_’c‘Μo‰c","o‰c‘Μ","-"
"1048","’·–μ§_’·–μs_…“ΰ‘Ί","1008","”_‹Ζo‰c‘Μ_’c‘Μo‰c_–@lo‰c","o‰c‘Μ","-"
"1048","’·–μ§_’·–μs_…“ΰ‘Ί","1009","—Ρ‹Ζo‰c‘Μ_v","o‰c‘Μ","-"
"1048","’·–μ§_’·–μs_…“ΰ‘Ί","1010","—Ρ‹Ζo‰c‘Μ_Βlo‰c","o‰c‘Μ","-"
"1048","’·–μ§_’·–μs_…“ΰ‘Ί","1011","—Ρ‹Ζo‰c‘Μ_’c‘Μo‰c","o‰c‘Μ","-"
"1048","’·–μ§_’·–μs_…“ΰ‘Ί","1012","—Ρ‹Ζo‰c‘Μ_’c‘Μo‰c_–@lo‰c","o‰c‘Μ","-"
"1049","’·–μ§_’·–μs_’Γa‘Ί","1001","”_—Ρ‹Ζo‰c‘Μ_v","o‰c‘Μ","20"
"1049","’·–μ§_’·–μs_’Γa‘Ί","1002","”_—Ρ‹Ζo‰c‘Μ_Βlo‰c","o‰c‘Μ","18"
"1049","’·–μ§_’·–μs_’Γa‘Ί","1003","”_—Ρ‹Ζo‰c‘Μ_’c‘Μo‰c","o‰c‘Μ","2"
"1049","’·–μ§_’·–μs_’Γa‘Ί","1004","”_—Ρ‹Ζo‰c‘Μ_’c‘Μo‰c_–@lo‰c","o‰c‘Μ","1"
"1049","’·–μ§_’·–μs_’Γa‘Ί","1005","”_‹Ζo‰c‘Μ_v","o‰c‘Μ","16"
"1049","’·–μ§_’·–μs_’Γa‘Ί","1006","”_‹Ζo‰c‘Μ_Βlo‰c","o‰c‘Μ","15"
"1049","’·–μ§_’·–μs_’Γa‘Ί","1007","”_‹Ζo‰c‘Μ_’c‘Μo‰c","o‰c‘Μ","1"
"1049","’·–μ§_’·–μs_’Γa‘Ί","1008","”_‹Ζo‰c‘Μ_’c‘Μo‰c_–@lo‰c","o‰c‘Μ","-"
"1049","’·–μ§_’·–μs_’Γa‘Ί","1009","—Ρ‹Ζo‰c‘Μ_v","o‰c‘Μ","6"
"1049","’·–μ§_’·–μs_’Γa‘Ί","1010","—Ρ‹Ζo‰c‘Μ_Βlo‰c","o‰c‘Μ","5"
"1049","’·–μ§_’·–μs_’Γa‘Ί","1011","—Ρ‹Ζo‰c‘Μ_’c‘Μo‰c","o‰c‘Μ","1"
"1049","’·–μ§_’·–μs_’Γa‘Ί","1012","—Ρ‹Ζo‰c‘Μ_’c‘Μo‰c_–@lo‰c","o‰c‘Μ","1"
"1050","’·–μ§_’·–μs_“ϊ΄‘Ί","1001","”_—Ρ‹Ζo‰c‘Μ_v","o‰c‘Μ","19"
"1050","’·–μ§_’·–μs_“ϊ΄‘Ί","1002","”_—Ρ‹Ζo‰c‘Μ_Βlo‰c","o‰c‘Μ","19"
"1050","’·–μ§_’·–μs_“ϊ΄‘Ί","1003","”_—Ρ‹Ζo‰c‘Μ_’c‘Μo‰c","o‰c‘Μ","-"
"1050","’·–μ§_’·–μs_“ϊ΄‘Ί","1004","”_—Ρ‹Ζo‰c‘Μ_’c‘Μo‰c_–@lo‰c","o‰c‘Μ","-"
"1050","’·–μ§_’·–μs_“ϊ΄‘Ί","1005","”_‹Ζo‰c‘Μ_v","o‰c‘Μ","19"
"1050","’·–μ§_’·–μs_“ϊ΄‘Ί","1006","”_‹Ζo‰c‘Μ_Βlo‰c","o‰c‘Μ","19"
"1050","’·–μ§_’·–μs_“ϊ΄‘Ί","1007","”_‹Ζo‰c‘Μ_’c‘Μo‰c","o‰c‘Μ","-"
"1050","’·–μ§_’·–μs_“ϊ΄‘Ί","1008","”_‹Ζo‰c‘Μ_’c‘Μo‰c_–@lo‰c","o‰c‘Μ","-"
"1050","’·–μ§_’·–μs_“ϊ΄‘Ί","1009","—Ρ‹Ζo‰c‘Μ_v","o‰c‘Μ","-"
"1050","’·–μ§_’·–μs_“ϊ΄‘Ί","1010","—Ρ‹Ζo‰c‘Μ_Βlo‰c","o‰c‘Μ","-"
"1050","’·–μ§_’·–μs_“ϊ΄‘Ί","1011","—Ρ‹Ζo‰c‘Μ_’c‘Μo‰c","o‰c‘Μ","-"
"1050","’·–μ§_’·–μs_“ϊ΄‘Ί","1012","—Ρ‹Ζo‰c‘Μ_’c‘Μo‰c_–@lo‰c","o‰c‘Μ","-"
"1051","’·–μ§_’·–μs_”ªβ‘Ί‚Q|‚Q","1001","”_—Ρ‹Ζo‰c‘Μ_v","o‰c‘Μ","3"
"1051","’·–μ§_’·–μs_”ªβ‘Ί‚Q|‚Q","1002","”_—Ρ‹Ζo‰c‘Μ_Βlo‰c","o‰c‘Μ","3"
"1051","’·–μ§_’·–μs_”ªβ‘Ί‚Q|‚Q","1003","”_—Ρ‹Ζo‰c‘Μ_’c‘Μo‰c","o‰c‘Μ","-"
"1051","’·–μ§_’·–μs_”ªβ‘Ί‚Q|‚Q","1004","”_—Ρ‹Ζo‰c‘Μ_’c‘Μo‰c_–@lo‰c","o‰c‘Μ","-"
"1051","’·–μ§_’·–μs_”ªβ‘Ί‚Q|‚Q","1005","”_‹Ζo‰c‘Μ_v","o‰c‘Μ","3"
"1051","’·–μ§_’·–μs_”ªβ‘Ί‚Q|‚Q","1006","”_‹Ζo‰c‘Μ_Βlo‰c","o‰c‘Μ","3"
"1051","’·–μ§_’·–μs_”ªβ‘Ί‚Q|‚Q","1007","”_‹Ζo‰c‘Μ_’c‘Μo‰c","o‰c‘Μ","-"
"1051","’·–μ§_’·–μs_”ªβ‘Ί‚Q|‚Q","1008","”_‹Ζo‰c‘Μ_’c‘Μo‰c_–@lo‰c","o‰c‘Μ","-"
"1051","’·–μ§_’·–μs_”ªβ‘Ί‚Q|‚Q","1009","—Ρ‹Ζo‰c‘Μ_v","o‰c‘Μ","-"
"1051","’·–μ§_’·–μs_”ªβ‘Ί‚Q|‚Q","1010","—Ρ‹Ζo‰c‘Μ_Βlo‰c","o‰c‘Μ","-"
"1051","’·–μ§_’·–μs_”ªβ‘Ί‚Q|‚Q","1011","—Ρ‹Ζo‰c‘Μ_’c‘Μo‰c","o‰c‘Μ","-"
"1051","’·–μ§_’·–μs_”ªβ‘Ί‚Q|‚Q","1012","—Ρ‹Ζo‰c‘Μ_’c‘Μo‰c_–@lo‰c","o‰c‘Μ","-"
"1052","’·–μ§_’·–μs_M‹‰‘Ί","1001","”_—Ρ‹Ζo‰c‘Μ_v","o‰c‘Μ","3"
"1052","’·–μ§_’·–μs_M‹‰‘Ί","1002","”_—Ρ‹Ζo‰c‘Μ_Βlo‰c","o‰c‘Μ","3"
"1052","’·–μ§_’·–μs_M‹‰‘Ί","1003","”_—Ρ‹Ζo‰c‘Μ_’c‘Μo‰c","o‰c‘Μ","-"
"1052","’·–μ§_’·–μs_M‹‰‘Ί","1004","”_—Ρ‹Ζo‰c‘Μ_’c‘Μo‰c_–@lo‰c","o‰c‘Μ","-"
"1052","’·–μ§_’·–μs_M‹‰‘Ί","1005","”_‹Ζo‰c‘Μ_v","o‰c‘Μ","3"
"1052","’·–μ§_’·–μs_M‹‰‘Ί","1006","”_‹Ζo‰c‘Μ_Βlo‰c","o‰c‘Μ","3"
"1052","’·–μ§_’·–μs_M‹‰‘Ί","1007","”_‹Ζo‰c‘Μ_’c‘Μo‰c","o‰c‘Μ","-"
"1052","’·–μ§_’·–μs_M‹‰‘Ί","1008","”_‹Ζo‰c‘Μ_’c‘Μo‰c_–@lo‰c","o‰c‘Μ","-"
"1052","’·–μ§_’·–μs_M‹‰‘Ί","1009","—Ρ‹Ζo‰c‘Μ_v","o‰c‘Μ","1"
"1052","’·–μ§_’·–μs_M‹‰‘Ί","1010","—Ρ‹Ζo‰c‘Μ_Βlo‰c","o‰c‘Μ","1"
"1052","’·–μ§_’·–μs_M‹‰‘Ί","1011","—Ρ‹Ζo‰c‘Μ_’c‘Μo‰c","o‰c‘Μ","-"
"1052","’·–μ§_’·–μs_M‹‰‘Ί","1012","—Ρ‹Ζo‰c‘Μ_’c‘Μo‰c_–@lo‰c","o‰c‘Μ","-"
"1053","’·–μ§_’·–μs_–q‹½‘Ί‚Q|‚P","1001","”_—Ρ‹Ζo‰c‘Μ_v","o‰c‘Μ","63"
"1053","’·–μ§_’·–μs_–q‹½‘Ί‚Q|‚P","1002","”_—Ρ‹Ζo‰c‘Μ_Βlo‰c","o‰c‘Μ","62"
"1053","’·–μ§_’·–μs_–q‹½‘Ί‚Q|‚P","1003","”_—Ρ‹Ζo‰c‘Μ_’c‘Μo‰c","o‰c‘Μ","1"
"1053","’·–μ§_’·–μs_–q‹½‘Ί‚Q|‚P","1004","”_—Ρ‹Ζo‰c‘Μ_’c‘Μo‰c_–@lo‰c","o‰c‘Μ","1"
"1053","’·–μ§_’·–μs_–q‹½‘Ί‚Q|‚P","1005","”_‹Ζo‰c‘Μ_v","o‰c‘Μ","63"
"1053","’·–μ§_’·–μs_–q‹½‘Ί‚Q|‚P","1006","”_‹Ζo‰c‘Μ_Βlo‰c","o‰c‘Μ","62"
"1053","’·–μ§_’·–μs_–q‹½‘Ί‚Q|‚P","1007","”_‹Ζo‰c‘Μ_’c‘Μo‰c","o‰c‘Μ","1"
"1053","’·–μ§_’·–μs_–q‹½‘Ί‚Q|‚P","1008","”_‹Ζo‰c‘Μ_’c‘Μo‰c_–@lo‰c","o‰c‘Μ","1"
"1053","’·–μ§_’·–μs_–q‹½‘Ί‚Q|‚P","1009","—Ρ‹Ζo‰c‘Μ_v","o‰c‘Μ","1"
"1053","’·–μ§_’·–μs_–q‹½‘Ί‚Q|‚P","1010","—Ρ‹Ζo‰c‘Μ_Βlo‰c","o‰c‘Μ","1"
"1053","’·–μ§_’·–μs_–q‹½‘Ί‚Q|‚P","1011","—Ρ‹Ζo‰c‘Μ_’c‘Μo‰c","o‰c‘Μ","-"
"1053","’·–μ§_’·–μs_–q‹½‘Ί‚Q|‚P","1012","—Ρ‹Ζo‰c‘Μ_’c‘Μo‰c_–@lo‰c","o‰c‘Μ","-"
"1054","’·–μ§_’·–μs_‰h‘Ί","1001","”_—Ρ‹Ζo‰c‘Μ_v","o‰c‘Μ","46"
"1054","’·–μ§_’·–μs_‰h‘Ί","1002","”_—Ρ‹Ζo‰c‘Μ_Βlo‰c","o‰c‘Μ","45"
"1054","’·–μ§_’·–μs_‰h‘Ί","1003","”_—Ρ‹Ζo‰c‘Μ_’c‘Μo‰c","o‰c‘Μ","1"
"1054","’·–μ§_’·–μs_‰h‘Ί","1004","”_—Ρ‹Ζo‰c‘Μ_’c‘Μo‰c_–@lo‰c","o‰c‘Μ","1"
"1054","’·–μ§_’·–μs_‰h‘Ί","1005","”_‹Ζo‰c‘Μ_v","o‰c‘Μ","46"
"1054","’·–μ§_’·–μs_‰h‘Ί","1006","”_‹Ζo‰c‘Μ_Βlo‰c","o‰c‘Μ","45"
"1054","’·–μ§_’·–μs_‰h‘Ί","1007","”_‹Ζo‰c‘Μ_’c‘Μo‰c","o‰c‘Μ","1"
"1054","’·–μ§_’·–μs_‰h‘Ί","1008","”_‹Ζo‰c‘Μ_’c‘Μo‰c_–@lo‰c","o‰c‘Μ","1"
"1054","’·–μ§_’·–μs_‰h‘Ί","1009","—Ρ‹Ζo‰c‘Μ_v","o‰c‘Μ","-"
"1054","’·–μ§_’·–μs_‰h‘Ί","1010","—Ρ‹Ζo‰c‘Μ_Βlo‰c","o‰c‘Μ","-"
"1054","’·–μ§_’·–μs_‰h‘Ί","1011","—Ρ‹Ζo‰c‘Μ_’c‘Μo‰c","o‰c‘Μ","-"
"1054","’·–μ§_’·–μs_‰h‘Ί","1012","—Ρ‹Ζo‰c‘Μ_’c‘Μo‰c_–@lo‰c","o‰c‘Μ","-"
"1055","’·–μ§_’·–μs_“ϊ—Ά‘Ί","1001","”_—Ρ‹Ζo‰c‘Μ_v","o‰c‘Μ","12"
"1055","’·–μ§_’·–μs_“ϊ—Ά‘Ί","1002","”_—Ρ‹Ζo‰c‘Μ_Βlo‰c","o‰c‘Μ","11"
"1055","’·–μ§_’·–μs_“ϊ—Ά‘Ί","1003","”_—Ρ‹Ζo‰c‘Μ_’c‘Μo‰c","o‰c‘Μ","1"
"1055","’·–μ§_’·–μs_“ϊ—Ά‘Ί","1004","”_—Ρ‹Ζo‰c‘Μ_’c‘Μo‰c_–@lo‰c","o‰c‘Μ","1"
"1055","’·–μ§_’·–μs_“ϊ—Ά‘Ί","1005","”_‹Ζo‰c‘Μ_v","o‰c‘Μ","12"
"1055","’·–μ§_’·–μs_“ϊ—Ά‘Ί","1006","”_‹Ζo‰c‘Μ_Βlo‰c","o‰c‘Μ","11"
"1055","’·–μ§_’·–μs_“ϊ—Ά‘Ί","1007","”_‹Ζo‰c‘Μ_’c‘Μo‰c","o‰c‘Μ","1"
"1055","’·–μ§_’·–μs_“ϊ—Ά‘Ί","1008","”_‹Ζo‰c‘Μ_’c‘Μo‰c_–@lo‰c","o‰c‘Μ","1"
"1055","’·–μ§_’·–μs_“ϊ—Ά‘Ί","1009","—Ρ‹Ζo‰c‘Μ_v","o‰c‘Μ","1"
"1055","’·–μ§_’·–μs_“ϊ—Ά‘Ί","1010","—Ρ‹Ζo‰c‘Μ_Βlo‰c","o‰c‘Μ","1"
"1055","’·–μ§_’·–μs_“ϊ—Ά‘Ί","1011","—Ρ‹Ζo‰c‘Μ_’c‘Μo‰c","o‰c‘Μ","-"
"1055","’·–μ§_’·–μs_“ϊ—Ά‘Ί","1012","—Ρ‹Ζo‰c‘Μ_’c‘Μo‰c_–@lo‰c","o‰c‘Μ","-"
"1056","’·–μ§_Ό–{s","1001","”_—Ρ‹Ζo‰c‘Μ_v","o‰c‘Μ","3181"
"1056","’·–μ§_Ό–{s","1002","”_—Ρ‹Ζo‰c‘Μ_Βlo‰c","o‰c‘Μ","3057"
"1056","’·–μ§_Ό–{s","1003","”_—Ρ‹Ζo‰c‘Μ_’c‘Μo‰c","o‰c‘Μ","124"
"1056","’·–μ§_Ό–{s","1004","”_—Ρ‹Ζo‰c‘Μ_’c‘Μo‰c_–@lo‰c","o‰c‘Μ","86"
"1056","’·–μ§_Ό–{s","1005","”_‹Ζo‰c‘Μ_v","o‰c‘Μ","3168"
"1056","’·–μ§_Ό–{s","1006","”_‹Ζo‰c‘Μ_Βlo‰c","o‰c‘Μ","3056"
"1056","’·–μ§_Ό–{s","1007","”_‹Ζo‰c‘Μ_’c‘Μo‰c","o‰c‘Μ","112"
"1056","’·–μ§_Ό–{s","1008","”_‹Ζo‰c‘Μ_’c‘Μo‰c_–@lo‰c","o‰c‘Μ","81"
"1056","’·–μ§_Ό–{s","1009","—Ρ‹Ζo‰c‘Μ_v","o‰c‘Μ","20"
"1056","’·–μ§_Ό–{s","1010","—Ρ‹Ζo‰c‘Μ_Βlo‰c","o‰c‘Μ","8"
"1056","’·–μ§_Ό–{s","1011","—Ρ‹Ζo‰c‘Μ_’c‘Μo‰c","o‰c‘Μ","12"
"1056","’·–μ§_Ό–{s","1012","—Ρ‹Ζo‰c‘Μ_’c‘Μo‰c_–@lo‰c","o‰c‘Μ","5"
"1057","’·–μ§_Ό–{s_Ό–{s","1001","”_—Ρ‹Ζo‰c‘Μ_v","o‰c‘Μ","79"
"1057","’·–μ§_Ό–{s_Ό–{s","1002","”_—Ρ‹Ζo‰c‘Μ_Βlo‰c","o‰c‘Μ","70"
"1057","’·–μ§_Ό–{s_Ό–{s","1003","”_—Ρ‹Ζo‰c‘Μ_’c‘Μo‰c","o‰c‘Μ","9"
"1057","’·–μ§_Ό–{s_Ό–{s","1004","”_—Ρ‹Ζo‰c‘Μ_’c‘Μo‰c_–@lo‰c","o‰c‘Μ","8"
"1057","’·–μ§_Ό–{s_Ό–{s","1005","”_‹Ζo‰c‘Μ_v","o‰c‘Μ","78"
"1057","’·–μ§_Ό–{s_Ό–{s","1006","”_‹Ζo‰c‘Μ_Βlo‰c","o‰c‘Μ","69"
"1057","’·–μ§_Ό–{s_Ό–{s","1007","”_‹Ζo‰c‘Μ_’c‘Μo‰c","o‰c‘Μ","9"
"1057","’·–μ§_Ό–{s_Ό–{s","1008","”_‹Ζo‰c‘Μ_’c‘Μo‰c_–@lo‰c","o‰c‘Μ","8"
"1057","’·–μ§_Ό–{s_Ό–{s","1009","—Ρ‹Ζo‰c‘Μ_v","o‰c‘Μ","1"
"1057","’·–μ§_Ό–{s_Ό–{s","1010","—Ρ‹Ζo‰c‘Μ_Βlo‰c","o‰c‘Μ","1"
"1057","’·–μ§_Ό–{s_Ό–{s","1011","—Ρ‹Ζo‰c‘Μ_’c‘Μo‰c","o‰c‘Μ","-"
"1057","’·–μ§_Ό–{s_Ό–{s","1012","—Ρ‹Ζo‰c‘Μ_’c‘Μo‰c_–@lo‰c","o‰c‘Μ","-"
"1058","’·–μ§_Ό–{s_“‡“ΰ‘Ί","1001","”_—Ρ‹Ζo‰c‘Μ_v","o‰c‘Μ","185"
"1058","’·–μ§_Ό–{s_“‡“ΰ‘Ί","1002","”_—Ρ‹Ζo‰c‘Μ_Βlo‰c","o‰c‘Μ","171"
"1058","’·–μ§_Ό–{s_“‡“ΰ‘Ί","1003","”_—Ρ‹Ζo‰c‘Μ_’c‘Μo‰c","o‰c‘Μ","14"
"1058","’·–μ§_Ό–{s_“‡“ΰ‘Ί","1004","”_—Ρ‹Ζo‰c‘Μ_’c‘Μo‰c_–@lo‰c","o‰c‘Μ","12"
"1058","’·–μ§_Ό–{s_“‡“ΰ‘Ί","1005","”_‹Ζo‰c‘Μ_v","o‰c‘Μ","185"
"1058","’·–μ§_Ό–{s_“‡“ΰ‘Ί","1006","”_‹Ζo‰c‘Μ_Βlo‰c","o‰c‘Μ","171"
"1058","’·–μ§_Ό–{s_“‡“ΰ‘Ί","1007","”_‹Ζo‰c‘Μ_’c‘Μo‰c","o‰c‘Μ","14"
"1058","’·–μ§_Ό–{s_“‡“ΰ‘Ί","1008","”_‹Ζo‰c‘Μ_’c‘Μo‰c_–@lo‰c","o‰c‘Μ","12"
"1058","’·–μ§_Ό–{s_“‡“ΰ‘Ί","1009","—Ρ‹Ζo‰c‘Μ_v","o‰c‘Μ","-"
"1058","’·–μ§_Ό–{s_“‡“ΰ‘Ί","1010","—Ρ‹Ζo‰c‘Μ_Βlo‰c","o‰c‘Μ","-"
"1058","’·–μ§_Ό–{s_“‡“ΰ‘Ί","1011","—Ρ‹Ζo‰c‘Μ_’c‘Μo‰c","o‰c‘Μ","-"
"1058","’·–μ§_Ό–{s_“‡“ΰ‘Ί","1012","—Ρ‹Ζo‰c‘Μ_’c‘Μo‰c_–@lo‰c","o‰c‘Μ","-"
"1059","’·–μ§_Ό–{s_’†R‘Ί","1001","”_—Ρ‹Ζo‰c‘Μ_v","o‰c‘Μ","96"
"1059","’·–μ§_Ό–{s_’†R‘Ί","1002","”_—Ρ‹Ζo‰c‘Μ_Βlo‰c","o‰c‘Μ","92"
"1059","’·–μ§_Ό–{s_’†R‘Ί","1003","”_—Ρ‹Ζo‰c‘Μ_’c‘Μo‰c","o‰c‘Μ","4"
"1059","’·–μ§_Ό–{s_’†R‘Ί","1004","”_—Ρ‹Ζo‰c‘Μ_’c‘Μo‰c_–@lo‰c","o‰c‘Μ","4"
"1059","’·–μ§_Ό–{s_’†R‘Ί","1005","”_‹Ζo‰c‘Μ_v","o‰c‘Μ","95"
"1059","’·–μ§_Ό–{s_’†R‘Ί","1006","”_‹Ζo‰c‘Μ_Βlo‰c","o‰c‘Μ","92"
"1059","’·–μ§_Ό–{s_’†R‘Ί","1007","”_‹Ζo‰c‘Μ_’c‘Μo‰c","o‰c‘Μ","3"
"1059","’·–μ§_Ό–{s_’†R‘Ί","1008","”_‹Ζo‰c‘Μ_’c‘Μo‰c_–@lo‰c","o‰c‘Μ","3"
"1059","’·–μ§_Ό–{s_’†R‘Ί","1009","—Ρ‹Ζo‰c‘Μ_v","o‰c‘Μ","1"
"1059","’·–μ§_Ό–{s_’†R‘Ί","1010","—Ρ‹Ζo‰c‘Μ_Βlo‰c","o‰c‘Μ","-"
"1059","’·–μ§_Ό–{s_’†R‘Ί","1011","—Ρ‹Ζo‰c‘Μ_’c‘Μo‰c","o‰c‘Μ","1"
"1059","’·–μ§_Ό–{s_’†R‘Ί","1012","—Ρ‹Ζo‰c‘Μ_’c‘Μo‰c_–@lo‰c","o‰c‘Μ","1"
"1060","’·–μ§_Ό–{s_“‡—§‘Ί","1001","”_—Ρ‹Ζo‰c‘Μ_v","o‰c‘Μ","134"
"1060","’·–μ§_Ό–{s_“‡—§‘Ί","1002","”_—Ρ‹Ζo‰c‘Μ_Βlo‰c","o‰c‘Μ","128"
"1060","’·–μ§_Ό–{s_“‡—§‘Ί","1003","”_—Ρ‹Ζo‰c‘Μ_’c‘Μo‰c","o‰c‘Μ","6"
"1060","’·–μ§_Ό–{s_“‡—§‘Ί","1004","”_—Ρ‹Ζo‰c‘Μ_’c‘Μo‰c_–@lo‰c","o‰c‘Μ","4"
"1060","’·–μ§_Ό–{s_“‡—§‘Ί","1005","”_‹Ζo‰c‘Μ_v","o‰c‘Μ","134"
"1060","’·–μ§_Ό–{s_“‡—§‘Ί","1006","”_‹Ζo‰c‘Μ_Βlo‰c","o‰c‘Μ","128"
"1060","’·–μ§_Ό–{s_“‡—§‘Ί","1007","”_‹Ζo‰c‘Μ_’c‘Μo‰c","o‰c‘Μ","6"
"1060","’·–μ§_Ό–{s_“‡—§‘Ί","1008","”_‹Ζo‰c‘Μ_’c‘Μo‰c_–@lo‰c","o‰c‘Μ","4"
"1060","’·–μ§_Ό–{s_“‡—§‘Ί","1009","—Ρ‹Ζo‰c‘Μ_v","o‰c‘Μ","-"
"1060","’·–μ§_Ό–{s_“‡—§‘Ί","1010","—Ρ‹Ζo‰c‘Μ_Βlo‰c","o‰c‘Μ","-"
"1060","’·–μ§_Ό–{s_“‡—§‘Ί","1011","—Ρ‹Ζo‰c‘Μ_’c‘Μo‰c","o‰c‘Μ","-"
"1060","’·–μ§_Ό–{s_“‡—§‘Ί","1012","—Ρ‹Ζo‰c‘Μ_’c‘Μo‰c_–@lo‰c","o‰c‘Μ","-"
"1061","’·–μ§_Ό–{s_a“c‘Ί","1001","”_—Ρ‹Ζo‰c‘Μ_v","o‰c‘Μ","194"
"1061","’·–μ§_Ό–{s_a“c‘Ί","1002","”_—Ρ‹Ζo‰c‘Μ_Βlo‰c","o‰c‘Μ","189"
"1061","’·–μ§_Ό–{s_a“c‘Ί","1003","”_—Ρ‹Ζo‰c‘Μ_’c‘Μo‰c","o‰c‘Μ","5"
"1061","’·–μ§_Ό–{s_a“c‘Ί","1004","”_—Ρ‹Ζo‰c‘Μ_’c‘Μo‰c_–@lo‰c","o‰c‘Μ","3"
"1061","’·–μ§_Ό–{s_a“c‘Ί","1005","”_‹Ζo‰c‘Μ_v","o‰c‘Μ","194"
"1061","’·–μ§_Ό–{s_a“c‘Ί","1006","”_‹Ζo‰c‘Μ_Βlo‰c","o‰c‘Μ","189"
"1061","’·–μ§_Ό–{s_a“c‘Ί","1007","”_‹Ζo‰c‘Μ_’c‘Μo‰c","o‰c‘Μ","5"
"1061","’·–μ§_Ό–{s_a“c‘Ί","1008","”_‹Ζo‰c‘Μ_’c‘Μo‰c_–@lo‰c","o‰c‘Μ","3"
"1061","’·–μ§_Ό–{s_a“c‘Ί","1009","—Ρ‹Ζo‰c‘Μ_v","o‰c‘Μ","-"
"1061","’·–μ§_Ό–{s_a“c‘Ί","1010","—Ρ‹Ζo‰c‘Μ_Βlo‰c","o‰c‘Μ","-"
"1061","’·–μ§_Ό–{s_a“c‘Ί","1011","—Ρ‹Ζo‰c‘Μ_’c‘Μo‰c","o‰c‘Μ","-"
"1061","’·–μ§_Ό–{s_a“c‘Ί","1012","—Ρ‹Ζo‰c‘Μ_’c‘Μo‰c_–@lo‰c","o‰c‘Μ","-"
"1062","’·–μ§_Ό–{s_ω‰κ‘Ί","1001","”_—Ρ‹Ζo‰c‘Μ_v","o‰c‘Μ","177"
"1062","’·–μ§_Ό–{s_ω‰κ‘Ί","1002","”_—Ρ‹Ζo‰c‘Μ_Βlo‰c","o‰c‘Μ","167"
"1062","’·–μ§_Ό–{s_ω‰κ‘Ί","1003","”_—Ρ‹Ζo‰c‘Μ_’c‘Μo‰c","o‰c‘Μ","10"
"1062","’·–μ§_Ό–{s_ω‰κ‘Ί","1004","”_—Ρ‹Ζo‰c‘Μ_’c‘Μo‰c_–@lo‰c","o‰c‘Μ","3"
"1062","’·–μ§_Ό–{s_ω‰κ‘Ί","1005","”_‹Ζo‰c‘Μ_v","o‰c‘Μ","176"
"1062","’·–μ§_Ό–{s_ω‰κ‘Ί","1006","”_‹Ζo‰c‘Μ_Βlo‰c","o‰c‘Μ","167"
"1062","’·–μ§_Ό–{s_ω‰κ‘Ί","1007","”_‹Ζo‰c‘Μ_’c‘Μo‰c","o‰c‘Μ","9"
"1062","’·–μ§_Ό–{s_ω‰κ‘Ί","1008","”_‹Ζo‰c‘Μ_’c‘Μo‰c_–@lo‰c","o‰c‘Μ","2"
"1062","’·–μ§_Ό–{s_ω‰κ‘Ί","1009","—Ρ‹Ζo‰c‘Μ_v","o‰c‘Μ","1"
"1062","’·–μ§_Ό–{s_ω‰κ‘Ί","1010","—Ρ‹Ζo‰c‘Μ_Βlo‰c","o‰c‘Μ","-"
"1062","’·–μ§_Ό–{s_ω‰κ‘Ί","1011","—Ρ‹Ζo‰c‘Μ_’c‘Μo‰c","o‰c‘Μ","1"
"1062","’·–μ§_Ό–{s_ω‰κ‘Ί","1012","—Ρ‹Ζo‰c‘Μ_’c‘Μo‰c_–@lo‰c","o‰c‘Μ","1"
"1063","’·–μ§_Ό–{s_–Fμ‘Ί","1001","”_—Ρ‹Ζo‰c‘Μ_v","o‰c‘Μ","52"
"1063","’·–μ§_Ό–{s_–Fμ‘Ί","1002","”_—Ρ‹Ζo‰c‘Μ_Βlo‰c","o‰c‘Μ","51"
"1063","’·–μ§_Ό–{s_–Fμ‘Ί","1003","”_—Ρ‹Ζo‰c‘Μ_’c‘Μo‰c","o‰c‘Μ","1"
"1063","’·–μ§_Ό–{s_–Fμ‘Ί","1004","”_—Ρ‹Ζo‰c‘Μ_’c‘Μo‰c_–@lo‰c","o‰c‘Μ","1"
"1063","’·–μ§_Ό–{s_–Fμ‘Ί","1005","”_‹Ζo‰c‘Μ_v","o‰c‘Μ","52"
"1063","’·–μ§_Ό–{s_–Fμ‘Ί","1006","”_‹Ζo‰c‘Μ_Βlo‰c","o‰c‘Μ","51"
"1063","’·–μ§_Ό–{s_–Fμ‘Ί","1007","”_‹Ζo‰c‘Μ_’c‘Μo‰c","o‰c‘Μ","1"
"1063","’·–μ§_Ό–{s_–Fμ‘Ί","1008","”_‹Ζo‰c‘Μ_’c‘Μo‰c_–@lo‰c","o‰c‘Μ","1"
"1063","’·–μ§_Ό–{s_–Fμ‘Ί","1009","—Ρ‹Ζo‰c‘Μ_v","o‰c‘Μ","-"
"1063","’·–μ§_Ό–{s_–Fμ‘Ί","1010","—Ρ‹Ζo‰c‘Μ_Βlo‰c","o‰c‘Μ","-"
"1063","’·–μ§_Ό–{s_–Fμ‘Ί","1011","—Ρ‹Ζo‰c‘Μ_’c‘Μo‰c","o‰c‘Μ","-"
"1063","’·–μ§_Ό–{s_–Fμ‘Ί","1012","—Ρ‹Ζo‰c‘Μ_’c‘Μo‰c_–@lo‰c","o‰c‘Μ","-"
"1064","’·–μ§_Ό–{s_υ‘Ί","1001","”_—Ρ‹Ζo‰c‘Μ_v","o‰c‘Μ","126"
"1064","’·–μ§_Ό–{s_υ‘Ί","1002","”_—Ρ‹Ζo‰c‘Μ_Βlo‰c","o‰c‘Μ","121"
"1064","’·–μ§_Ό–{s_υ‘Ί","1003","”_—Ρ‹Ζo‰c‘Μ_’c‘Μo‰c","o‰c‘Μ","5"
"1064","’·–μ§_Ό–{s_υ‘Ί","1004","”_—Ρ‹Ζo‰c‘Μ_’c‘Μo‰c_–@lo‰c","o‰c‘Μ","4"
"1064","’·–μ§_Ό–{s_υ‘Ί","1005","”_‹Ζo‰c‘Μ_v","o‰c‘Μ","125"
"1064","’·–μ§_Ό–{s_υ‘Ί","1006","”_‹Ζo‰c‘Μ_Βlo‰c","o‰c‘Μ","121"
"1064","’·–μ§_Ό–{s_υ‘Ί","1007","”_‹Ζo‰c‘Μ_’c‘Μo‰c","o‰c‘Μ","4"
"1064","’·–μ§_Ό–{s_υ‘Ί","1008","”_‹Ζo‰c‘Μ_’c‘Μo‰c_–@lo‰c","o‰c‘Μ","4"
"1064","’·–μ§_Ό–{s_υ‘Ί","1009","—Ρ‹Ζo‰c‘Μ_v","o‰c‘Μ","1"
"1064","’·–μ§_Ό–{s_υ‘Ί","1010","—Ρ‹Ζo‰c‘Μ_Βlo‰c","o‰c‘Μ","-"
"1064","’·–μ§_Ό–{s_υ‘Ί","1011","—Ρ‹Ζo‰c‘Μ_’c‘Μo‰c","o‰c‘Μ","1"
"1064","’·–μ§_Ό–{s_υ‘Ί","1012","—Ρ‹Ζo‰c‘Μ_’c‘Μo‰c_–@lo‰c","o‰c‘Μ","-"
"1065","’·–μ§_Ό–{s_‰ª“c‘Ί","1001","”_—Ρ‹Ζo‰c‘Μ_v","o‰c‘Μ","102"
"1065","’·–μ§_Ό–{s_‰ª“c‘Ί","1002","”_—Ρ‹Ζo‰c‘Μ_Βlo‰c","o‰c‘Μ","93"
"1065","’·–μ§_Ό–{s_‰ª“c‘Ί","1003","”_—Ρ‹Ζo‰c‘Μ_’c‘Μo‰c","o‰c‘Μ","9"
"1065","’·–μ§_Ό–{s_‰ª“c‘Ί","1004","”_—Ρ‹Ζo‰c‘Μ_’c‘Μo‰c_–@lo‰c","o‰c‘Μ","4"
"1065","’·–μ§_Ό–{s_‰ª“c‘Ί","1005","”_‹Ζo‰c‘Μ_v","o‰c‘Μ","101"
"1065","’·–μ§_Ό–{s_‰ª“c‘Ί","1006","”_‹Ζo‰c‘Μ_Βlo‰c","o‰c‘Μ","93"
"1065","’·–μ§_Ό–{s_‰ª“c‘Ί","1007","”_‹Ζo‰c‘Μ_’c‘Μo‰c","o‰c‘Μ","8"
"1065","’·–μ§_Ό–{s_‰ª“c‘Ί","1008","”_‹Ζo‰c‘Μ_’c‘Μo‰c_–@lo‰c","o‰c‘Μ","4"
"1065","’·–μ§_Ό–{s_‰ª“c‘Ί","1009","—Ρ‹Ζo‰c‘Μ_v","o‰c‘Μ","1"
"1065","’·–μ§_Ό–{s_‰ª“c‘Ί","1010","—Ρ‹Ζo‰c‘Μ_Βlo‰c","o‰c‘Μ","-"
"1065","’·–μ§_Ό–{s_‰ª“c‘Ί","1011","—Ρ‹Ζo‰c‘Μ_’c‘Μo‰c","o‰c‘Μ","1"
"1065","’·–μ§_Ό–{s_‰ª“c‘Ί","1012","—Ρ‹Ζo‰c‘Μ_’c‘Μo‰c_–@lo‰c","o‰c‘Μ","-"
"1066","’·–μ§_Ό–{s_“όR•Σ‘Ί","1001","”_—Ρ‹Ζo‰c‘Μ_v","o‰c‘Μ","101"
"1066","’·–μ§_Ό–{s_“όR•Σ‘Ί","1002","”_—Ρ‹Ζo‰c‘Μ_Βlo‰c","o‰c‘Μ","99"
"1066","’·–μ§_Ό–{s_“όR•Σ‘Ί","1003","”_—Ρ‹Ζo‰c‘Μ_’c‘Μo‰c","o‰c‘Μ","2"
"1066","’·–μ§_Ό–{s_“όR•Σ‘Ί","1004","”_—Ρ‹Ζo‰c‘Μ_’c‘Μo‰c_–@lo‰c","o‰c‘Μ","1"
"1066","’·–μ§_Ό–{s_“όR•Σ‘Ί","1005","”_‹Ζo‰c‘Μ_v","o‰c‘Μ","100"
"1066","’·–μ§_Ό–{s_“όR•Σ‘Ί","1006","”_‹Ζo‰c‘Μ_Βlo‰c","o‰c‘Μ","99"
"1066","’·–μ§_Ό–{s_“όR•Σ‘Ί","1007","”_‹Ζo‰c‘Μ_’c‘Μo‰c","o‰c‘Μ","1"
"1066","’·–μ§_Ό–{s_“όR•Σ‘Ί","1008","”_‹Ζo‰c‘Μ_’c‘Μo‰c_–@lo‰c","o‰c‘Μ","1"
"1066","’·–μ§_Ό–{s_“όR•Σ‘Ί","1009","—Ρ‹Ζo‰c‘Μ_v","o‰c‘Μ","3"
"1066","’·–μ§_Ό–{s_“όR•Σ‘Ί","1010","—Ρ‹Ζo‰c‘Μ_Βlo‰c","o‰c‘Μ","2"
"1066","’·–μ§_Ό–{s_“όR•Σ‘Ί","1011","—Ρ‹Ζo‰c‘Μ_’c‘Μo‰c","o‰c‘Μ","1"
"1066","’·–μ§_Ό–{s_“όR•Σ‘Ί","1012","—Ρ‹Ζo‰c‘Μ_’c‘Μo‰c_–@lo‰c","o‰c‘Μ","-"
"1067","’·–μ§_Ό–{s_—ΆR•Σ‘Ί","1001","”_—Ρ‹Ζo‰c‘Μ_v","o‰c‘Μ","129"
"1067","’·–μ§_Ό–{s_—ΆR•Σ‘Ί","1002","”_—Ρ‹Ζo‰c‘Μ_Βlo‰c","o‰c‘Μ","129"
"1067","’·–μ§_Ό–{s_—ΆR•Σ‘Ί","1003","”_—Ρ‹Ζo‰c‘Μ_’c‘Μo‰c","o‰c‘Μ","-"
"1067","’·–μ§_Ό–{s_—ΆR•Σ‘Ί","1004","”_—Ρ‹Ζo‰c‘Μ_’c‘Μo‰c_–@lo‰c","o‰c‘Μ","-"
"1067","’·–μ§_Ό–{s_—ΆR•Σ‘Ί","1005","”_‹Ζo‰c‘Μ_v","o‰c‘Μ","129"
"1067","’·–μ§_Ό–{s_—ΆR•Σ‘Ί","1006","”_‹Ζo‰c‘Μ_Βlo‰c","o‰c‘Μ","129"
"1067","’·–μ§_Ό–{s_—ΆR•Σ‘Ί","1007","”_‹Ζo‰c‘Μ_’c‘Μo‰c","o‰c‘Μ","-"
"1067","’·–μ§_Ό–{s_—ΆR•Σ‘Ί","1008","”_‹Ζo‰c‘Μ_’c‘Μo‰c_–@lo‰c","o‰c‘Μ","-"
"1067","’·–μ§_Ό–{s_—ΆR•Σ‘Ί","1009","—Ρ‹Ζo‰c‘Μ_v","o‰c‘Μ","-"
"1067","’·–μ§_Ό–{s_—ΆR•Σ‘Ί","1010","—Ρ‹Ζo‰c‘Μ_Βlo‰c","o‰c‘Μ","-"
"1067","’·–μ§_Ό–{s_—ΆR•Σ‘Ί","1011","—Ρ‹Ζo‰c‘Μ_’c‘Μo‰c","o‰c‘Μ","-"
"1067","’·–μ§_Ό–{s_—ΆR•Σ‘Ί","1012","—Ρ‹Ζo‰c‘Μ_’c‘Μo‰c_–@lo‰c","o‰c‘Μ","-"
"1068","’·–μ§_Ό–{s_΅δ‘Ί","1001","”_—Ρ‹Ζo‰c‘Μ_v","o‰c‘Μ","273"
"1068","’·–μ§_Ό–{s_΅δ‘Ί","1002","”_—Ρ‹Ζo‰c‘Μ_Βlo‰c","o‰c‘Μ","267"
"1068","’·–μ§_Ό–{s_΅δ‘Ί","1003","”_—Ρ‹Ζo‰c‘Μ_’c‘Μo‰c","o‰c‘Μ","6"
"1068","’·–μ§_Ό–{s_΅δ‘Ί","1004","”_—Ρ‹Ζo‰c‘Μ_’c‘Μo‰c_–@lo‰c","o‰c‘Μ","6"
"1068","’·–μ§_Ό–{s_΅δ‘Ί","1005","”_‹Ζo‰c‘Μ_v","o‰c‘Μ","273"
"1068","’·–μ§_Ό–{s_΅δ‘Ί","1006","”_‹Ζo‰c‘Μ_Βlo‰c","o‰c‘Μ","267"
"1068","’·–μ§_Ό–{s_΅δ‘Ί","1007","”_‹Ζo‰c‘Μ_’c‘Μo‰c","o‰c‘Μ","6"
"1068","’·–μ§_Ό–{s_΅δ‘Ί","1008","”_‹Ζo‰c‘Μ_’c‘Μo‰c_–@lo‰c","o‰c‘Μ","6"
"1068","’·–μ§_Ό–{s_΅δ‘Ί","1009","—Ρ‹Ζo‰c‘Μ_v","o‰c‘Μ","-"
"1068","’·–μ§_Ό–{s_΅δ‘Ί","1010","—Ρ‹Ζo‰c‘Μ_Βlo‰c","o‰c‘Μ","-"
"1068","’·–μ§_Ό–{s_΅δ‘Ί","1011","—Ρ‹Ζo‰c‘Μ_’c‘Μo‰c","o‰c‘Μ","-"
"1068","’·–μ§_Ό–{s_΅δ‘Ί","1012","—Ρ‹Ζo‰c‘Μ_’c‘Μo‰c_–@lo‰c","o‰c‘Μ","-"
"1069","’·–μ§_Ό–{s_V‘Ί","1001","”_—Ρ‹Ζo‰c‘Μ_v","o‰c‘Μ","179"
"1069","’·–μ§_Ό–{s_V‘Ί","1002","”_—Ρ‹Ζo‰c‘Μ_Βlo‰c","o‰c‘Μ","175"
"1069","’·–μ§_Ό–{s_V‘Ί","1003","”_—Ρ‹Ζo‰c‘Μ_’c‘Μo‰c","o‰c‘Μ","4"
"1069","’·–μ§_Ό–{s_V‘Ί","1004","”_—Ρ‹Ζo‰c‘Μ_’c‘Μo‰c_–@lo‰c","o‰c‘Μ","2"
"1069","’·–μ§_Ό–{s_V‘Ί","1005","”_‹Ζo‰c‘Μ_v","o‰c‘Μ","179"
"1069","’·–μ§_Ό–{s_V‘Ί","1006","”_‹Ζo‰c‘Μ_Βlo‰c","o‰c‘Μ","175"
"1069","’·–μ§_Ό–{s_V‘Ί","1007","”_‹Ζo‰c‘Μ_’c‘Μo‰c","o‰c‘Μ","4"
"1069","’·–μ§_Ό–{s_V‘Ί","1008","”_‹Ζo‰c‘Μ_’c‘Μo‰c_–@lo‰c","o‰c‘Μ","2"
"1069","’·–μ§_Ό–{s_V‘Ί","1009","—Ρ‹Ζo‰c‘Μ_v","o‰c‘Μ","-"
"1069","’·–μ§_Ό–{s_V‘Ί","1010","—Ρ‹Ζo‰c‘Μ_Βlo‰c","o‰c‘Μ","-"
"1069","’·–μ§_Ό–{s_V‘Ί","1011","—Ρ‹Ζo‰c‘Μ_’c‘Μo‰c","o‰c‘Μ","-"
"1069","’·–μ§_Ό–{s_V‘Ί","1012","—Ρ‹Ζo‰c‘Μ_’c‘Μo‰c_–@lo‰c","o‰c‘Μ","-"
"1070","’·–μ§_Ό–{s__—Ρ‘Ί","1001","”_—Ρ‹Ζo‰c‘Μ_v","o‰c‘Μ","163"
"1070","’·–μ§_Ό–{s__—Ρ‘Ί","1002","”_—Ρ‹Ζo‰c‘Μ_Βlo‰c","o‰c‘Μ","153"
"1070","’·–μ§_Ό–{s__—Ρ‘Ί","1003","”_—Ρ‹Ζo‰c‘Μ_’c‘Μo‰c","o‰c‘Μ","10"
"1070","’·–μ§_Ό–{s__—Ρ‘Ί","1004","”_—Ρ‹Ζo‰c‘Μ_’c‘Μo‰c_–@lo‰c","o‰c‘Μ","7"
"1070","’·–μ§_Ό–{s__—Ρ‘Ί","1005","”_‹Ζo‰c‘Μ_v","o‰c‘Μ","163"
"1070","’·–μ§_Ό–{s__—Ρ‘Ί","1006","”_‹Ζo‰c‘Μ_Βlo‰c","o‰c‘Μ","153"
"1070","’·–μ§_Ό–{s__—Ρ‘Ί","1007","”_‹Ζo‰c‘Μ_’c‘Μo‰c","o‰c‘Μ","10"
"1070","’·–μ§_Ό–{s__—Ρ‘Ί","1008","”_‹Ζo‰c‘Μ_’c‘Μo‰c_–@lo‰c","o‰c‘Μ","7"
"1070","’·–μ§_Ό–{s__—Ρ‘Ί","1009","—Ρ‹Ζo‰c‘Μ_v","o‰c‘Μ","-"
"1070","’·–μ§_Ό–{s__—Ρ‘Ί","1010","—Ρ‹Ζo‰c‘Μ_Βlo‰c","o‰c‘Μ","-"
"1070","’·–μ§_Ό–{s__—Ρ‘Ί","1011","—Ρ‹Ζo‰c‘Μ_’c‘Μo‰c","o‰c‘Μ","-"
"1070","’·–μ§_Ό–{s__—Ρ‘Ί","1012","—Ρ‹Ζo‰c‘Μ_’c‘Μo‰c_–@lo‰c","o‰c‘Μ","-"
"1071","’·–μ§_Ό–{s_•Π‹u‘Ί‚Q|‚Q","1001","”_—Ρ‹Ζo‰c‘Μ_v","o‰c‘Μ","39"
"1071","’·–μ§_Ό–{s_•Π‹u‘Ί‚Q|‚Q","1002","”_—Ρ‹Ζo‰c‘Μ_Βlo‰c","o‰c‘Μ","37"
"1071","’·–μ§_Ό–{s_•Π‹u‘Ί‚Q|‚Q","1003","”_—Ρ‹Ζo‰c‘Μ_’c‘Μo‰c","o‰c‘Μ","2"
"1071","’·–μ§_Ό–{s_•Π‹u‘Ί‚Q|‚Q","1004","”_—Ρ‹Ζo‰c‘Μ_’c‘Μo‰c_–@lo‰c","o‰c‘Μ","2"
"1071","’·–μ§_Ό–{s_•Π‹u‘Ί‚Q|‚Q","1005","”_‹Ζo‰c‘Μ_v","o‰c‘Μ","39"
"1071","’·–μ§_Ό–{s_•Π‹u‘Ί‚Q|‚Q","1006","”_‹Ζo‰c‘Μ_Βlo‰c","o‰c‘Μ","37"
"1071","’·–μ§_Ό–{s_•Π‹u‘Ί‚Q|‚Q","1007","”_‹Ζo‰c‘Μ_’c‘Μo‰c","o‰c‘Μ","2"
"1071","’·–μ§_Ό–{s_•Π‹u‘Ί‚Q|‚Q","1008","”_‹Ζo‰c‘Μ_’c‘Μo‰c_–@lo‰c","o‰c‘Μ","2"
"1071","’·–μ§_Ό–{s_•Π‹u‘Ί‚Q|‚Q","1009","—Ρ‹Ζo‰c‘Μ_v","o‰c‘Μ","-"
"1071","’·–μ§_Ό–{s_•Π‹u‘Ί‚Q|‚Q","1010","—Ρ‹Ζo‰c‘Μ_Βlo‰c","o‰c‘Μ","-"
"1071","’·–μ§_Ό–{s_•Π‹u‘Ί‚Q|‚Q","1011","—Ρ‹Ζo‰c‘Μ_’c‘Μo‰c","o‰c‘Μ","-"
"1071","’·–μ§_Ό–{s_•Π‹u‘Ί‚Q|‚Q","1012","—Ρ‹Ζo‰c‘Μ_’c‘Μo‰c_–@lo‰c","o‰c‘Μ","-"
"1072","’·–μ§_Ό–{s_–{‹½‘Ί","1001","”_—Ρ‹Ζo‰c‘Μ_v","o‰c‘Μ","102"
"1072","’·–μ§_Ό–{s_–{‹½‘Ί","1002","”_—Ρ‹Ζo‰c‘Μ_Βlo‰c","o‰c‘Μ","97"
"1072","’·–μ§_Ό–{s_–{‹½‘Ί","1003","”_—Ρ‹Ζo‰c‘Μ_’c‘Μo‰c","o‰c‘Μ","5"
"1072","’·–μ§_Ό–{s_–{‹½‘Ί","1004","”_—Ρ‹Ζo‰c‘Μ_’c‘Μo‰c_–@lo‰c","o‰c‘Μ","2"
"1072","’·–μ§_Ό–{s_–{‹½‘Ί","1005","”_‹Ζo‰c‘Μ_v","o‰c‘Μ","99"
"1072","’·–μ§_Ό–{s_–{‹½‘Ί","1006","”_‹Ζo‰c‘Μ_Βlo‰c","o‰c‘Μ","97"
"1072","’·–μ§_Ό–{s_–{‹½‘Ί","1007","”_‹Ζo‰c‘Μ_’c‘Μo‰c","o‰c‘Μ","2"
"1072","’·–μ§_Ό–{s_–{‹½‘Ί","1008","”_‹Ζo‰c‘Μ_’c‘Μo‰c_–@lo‰c","o‰c‘Μ","1"
"1072","’·–μ§_Ό–{s_–{‹½‘Ί","1009","—Ρ‹Ζo‰c‘Μ_v","o‰c‘Μ","4"
"1072","’·–μ§_Ό–{s_–{‹½‘Ί","1010","—Ρ‹Ζo‰c‘Μ_Βlo‰c","o‰c‘Μ","1"
"1072","’·–μ§_Ό–{s_–{‹½‘Ί","1011","—Ρ‹Ζo‰c‘Μ_’c‘Μo‰c","o‰c‘Μ","3"
"1072","’·–μ§_Ό–{s_–{‹½‘Ί","1012","—Ρ‹Ζo‰c‘Μ_’c‘Μo‰c_–@lo‰c","o‰c‘Μ","1"
"1073","’·–μ§_Ό–{s_τ”n‘Ί‚Q|‚Q","1001","”_—Ρ‹Ζo‰c‘Μ_v","o‰c‘Μ","1"
"1073","’·–μ§_Ό–{s_τ”n‘Ί‚Q|‚Q","1002","”_—Ρ‹Ζo‰c‘Μ_Βlo‰c","o‰c‘Μ","1"
"1073","’·–μ§_Ό–{s_τ”n‘Ί‚Q|‚Q","1003","”_—Ρ‹Ζo‰c‘Μ_’c‘Μo‰c","o‰c‘Μ","-"
"1073","’·–μ§_Ό–{s_τ”n‘Ί‚Q|‚Q","1004","”_—Ρ‹Ζo‰c‘Μ_’c‘Μo‰c_–@lo‰c","o‰c‘Μ","-"
"1073","’·–μ§_Ό–{s_τ”n‘Ί‚Q|‚Q","1005","”_‹Ζo‰c‘Μ_v","o‰c‘Μ","1"
"1073","’·–μ§_Ό–{s_τ”n‘Ί‚Q|‚Q","1006","”_‹Ζo‰c‘Μ_Βlo‰c","o‰c‘Μ","1"
"1073","’·–μ§_Ό–{s_τ”n‘Ί‚Q|‚Q","1007","”_‹Ζo‰c‘Μ_’c‘Μo‰c","o‰c‘Μ","-"
"1073","’·–μ§_Ό–{s_τ”n‘Ί‚Q|‚Q","1008","”_‹Ζo‰c‘Μ_’c‘Μo‰c_–@lo‰c","o‰c‘Μ","-"
"1073","’·–μ§_Ό–{s_τ”n‘Ί‚Q|‚Q","1009","—Ρ‹Ζo‰c‘Μ_v","o‰c‘Μ","-"
"1073","’·–μ§_Ό–{s_τ”n‘Ί‚Q|‚Q","1010","—Ρ‹Ζo‰c‘Μ_Βlo‰c","o‰c‘Μ","-"
"1073","’·–μ§_Ό–{s_τ”n‘Ί‚Q|‚Q","1011","—Ρ‹Ζo‰c‘Μ_’c‘Μo‰c","o‰c‘Μ","-"
"1073","’·–μ§_Ό–{s_τ”n‘Ί‚Q|‚Q","1012","—Ρ‹Ζo‰c‘Μ_’c‘Μo‰c_–@lo‰c","o‰c‘Μ","-"
"1074","’·–μ§_Ό–{s_‹Ρ•”‘Ί","1001","”_—Ρ‹Ζo‰c‘Μ_v","o‰c‘Μ","47"
"1074","’·–μ§_Ό–{s_‹Ρ•”‘Ί","1002","”_—Ρ‹Ζo‰c‘Μ_Βlo‰c","o‰c‘Μ","47"
"1074","’·–μ§_Ό–{s_‹Ρ•”‘Ί","1003","”_—Ρ‹Ζo‰c‘Μ_’c‘Μo‰c","o‰c‘Μ","-"
"1074","’·–μ§_Ό–{s_‹Ρ•”‘Ί","1004","”_—Ρ‹Ζo‰c‘Μ_’c‘Μo‰c_–@lo‰c","o‰c‘Μ","-"
"1074","’·–μ§_Ό–{s_‹Ρ•”‘Ί","1005","”_‹Ζo‰c‘Μ_v","o‰c‘Μ","47"
"1074","’·–μ§_Ό–{s_‹Ρ•”‘Ί","1006","”_‹Ζo‰c‘Μ_Βlo‰c","o‰c‘Μ","47"
"1074","’·–μ§_Ό–{s_‹Ρ•”‘Ί","1007","”_‹Ζo‰c‘Μ_’c‘Μo‰c","o‰c‘Μ","-"
"1074","’·–μ§_Ό–{s_‹Ρ•”‘Ί","1008","”_‹Ζo‰c‘Μ_’c‘Μo‰c_–@lo‰c","o‰c‘Μ","-"
"1074","’·–μ§_Ό–{s_‹Ρ•”‘Ί","1009","—Ρ‹Ζo‰c‘Μ_v","o‰c‘Μ","-"
"1074","’·–μ§_Ό–{s_‹Ρ•”‘Ί","1010","—Ρ‹Ζo‰c‘Μ_Βlo‰c","o‰c‘Μ","-"
"1074","’·–μ§_Ό–{s_‹Ρ•”‘Ί","1011","—Ρ‹Ζo‰c‘Μ_’c‘Μo‰c","o‰c‘Μ","-"
"1074","’·–μ§_Ό–{s_‹Ρ•”‘Ί","1012","—Ρ‹Ζo‰c‘Μ_’c‘Μo‰c_–@lo‰c","o‰c‘Μ","-"
"1075","’·–μ§_Ό–{s_‰ο“c‘Ί","1001","”_—Ρ‹Ζo‰c‘Μ_v","o‰c‘Μ","26"
"1075","’·–μ§_Ό–{s_‰ο“c‘Ί","1002","”_—Ρ‹Ζo‰c‘Μ_Βlo‰c","o‰c‘Μ","22"
"1075","’·–μ§_Ό–{s_‰ο“c‘Ί","1003","”_—Ρ‹Ζo‰c‘Μ_’c‘Μo‰c","o‰c‘Μ","4"
"1075","’·–μ§_Ό–{s_‰ο“c‘Ί","1004","”_—Ρ‹Ζo‰c‘Μ_’c‘Μo‰c_–@lo‰c","o‰c‘Μ","4"
"1075","’·–μ§_Ό–{s_‰ο“c‘Ί","1005","”_‹Ζo‰c‘Μ_v","o‰c‘Μ","26"
"1075","’·–μ§_Ό–{s_‰ο“c‘Ί","1006","”_‹Ζo‰c‘Μ_Βlo‰c","o‰c‘Μ","22"
"1075","’·–μ§_Ό–{s_‰ο“c‘Ί","1007","”_‹Ζo‰c‘Μ_’c‘Μo‰c","o‰c‘Μ","4"
"1075","’·–μ§_Ό–{s_‰ο“c‘Ί","1008","”_‹Ζo‰c‘Μ_’c‘Μo‰c_–@lo‰c","o‰c‘Μ","4"
"1075","’·–μ§_Ό–{s_‰ο“c‘Ί","1009","—Ρ‹Ζo‰c‘Μ_v","o‰c‘Μ","-"
"1075","’·–μ§_Ό–{s_‰ο“c‘Ί","1010","—Ρ‹Ζo‰c‘Μ_Βlo‰c","o‰c‘Μ","-"
"1075","’·–μ§_Ό–{s_‰ο“c‘Ί","1011","—Ρ‹Ζo‰c‘Μ_’c‘Μo‰c","o‰c‘Μ","-"
"1075","’·–μ§_Ό–{s_‰ο“c‘Ί","1012","—Ρ‹Ζo‰c‘Μ_’c‘Μo‰c_–@lo‰c","o‰c‘Μ","-"
"1076","’·–μ§_Ό–{s_άν‘Ί","1001","”_—Ρ‹Ζo‰c‘Μ_v","o‰c‘Μ","11"
"1076","’·–μ§_Ό–{s_άν‘Ί","1002","”_—Ρ‹Ζo‰c‘Μ_Βlo‰c","o‰c‘Μ","10"
"1076","’·–μ§_Ό–{s_άν‘Ί","1003","”_—Ρ‹Ζo‰c‘Μ_’c‘Μo‰c","o‰c‘Μ","1"
"1076","’·–μ§_Ό–{s_άν‘Ί","1004","”_—Ρ‹Ζo‰c‘Μ_’c‘Μo‰c_–@lo‰c","o‰c‘Μ","1"
"1076","’·–μ§_Ό–{s_άν‘Ί","1005","”_‹Ζo‰c‘Μ_v","o‰c‘Μ","11"
"1076","’·–μ§_Ό–{s_άν‘Ί","1006","”_‹Ζo‰c‘Μ_Βlo‰c","o‰c‘Μ","10"
"1076","’·–μ§_Ό–{s_άν‘Ί","1007","”_‹Ζo‰c‘Μ_’c‘Μo‰c","o‰c‘Μ","1"
"1076","’·–μ§_Ό–{s_άν‘Ί","1008","”_‹Ζo‰c‘Μ_’c‘Μo‰c_–@lo‰c","o‰c‘Μ","1"
"1076","’·–μ§_Ό–{s_άν‘Ί","1009","—Ρ‹Ζo‰c‘Μ_v","o‰c‘Μ","-"
"1076","’·–μ§_Ό–{s_άν‘Ί","1010","—Ρ‹Ζo‰c‘Μ_Βlo‰c","o‰c‘Μ","-"
"1076","’·–μ§_Ό–{s_άν‘Ί","1011","—Ρ‹Ζo‰c‘Μ_’c‘Μo‰c","o‰c‘Μ","-"
"1076","’·–μ§_Ό–{s_άν‘Ί","1012","—Ρ‹Ζo‰c‘Μ_’c‘Μo‰c_–@lo‰c","o‰c‘Μ","-"
"1077","’·–μ§_Ό–{s_’†μ‘Ί","1001","”_—Ρ‹Ζo‰c‘Μ_v","o‰c‘Μ","21"
"1077","’·–μ§_Ό–{s_’†μ‘Ί","1002","”_—Ρ‹Ζo‰c‘Μ_Βlo‰c","o‰c‘Μ","21"
"1077","’·–μ§_Ό–{s_’†μ‘Ί","1003","”_—Ρ‹Ζo‰c‘Μ_’c‘Μo‰c","o‰c‘Μ","-"
"1077","’·–μ§_Ό–{s_’†μ‘Ί","1004","”_—Ρ‹Ζo‰c‘Μ_’c‘Μo‰c_–@lo‰c","o‰c‘Μ","-"
"1077","’·–μ§_Ό–{s_’†μ‘Ί","1005","”_‹Ζo‰c‘Μ_v","o‰c‘Μ","21"
"1077","’·–μ§_Ό–{s_’†μ‘Ί","1006","”_‹Ζo‰c‘Μ_Βlo‰c","o‰c‘Μ","21"
"1077","’·–μ§_Ό–{s_’†μ‘Ί","1007","”_‹Ζo‰c‘Μ_’c‘Μo‰c","o‰c‘Μ","-"
"1077","’·–μ§_Ό–{s_’†μ‘Ί","1008","”_‹Ζo‰c‘Μ_’c‘Μo‰c_–@lo‰c","o‰c‘Μ","-"
"1077","’·–μ§_Ό–{s_’†μ‘Ί","1009","—Ρ‹Ζo‰c‘Μ_v","o‰c‘Μ","-"
"1077","’·–μ§_Ό–{s_’†μ‘Ί","1010","—Ρ‹Ζo‰c‘Μ_Βlo‰c","o‰c‘Μ","-"
"1077","’·–μ§_Ό–{s_’†μ‘Ί","1011","—Ρ‹Ζo‰c‘Μ_’c‘Μo‰c","o‰c‘Μ","-"
"1077","’·–μ§_Ό–{s_’†μ‘Ί","1012","—Ρ‹Ζo‰c‘Μ_’c‘Μo‰c_–@lo‰c","o‰c‘Μ","-"
"1078","’·–μ§_Ό–{s_ΐ“ά‘Ί","1001","”_—Ρ‹Ζo‰c‘Μ_v","o‰c‘Μ","2"
"1078","’·–μ§_Ό–{s_ΐ“ά‘Ί","1002","”_—Ρ‹Ζo‰c‘Μ_Βlo‰c","o‰c‘Μ","2"
"1078","’·–μ§_Ό–{s_ΐ“ά‘Ί","1003","”_—Ρ‹Ζo‰c‘Μ_’c‘Μo‰c","o‰c‘Μ","-"
"1078","’·–μ§_Ό–{s_ΐ“ά‘Ί","1004","”_—Ρ‹Ζo‰c‘Μ_’c‘Μo‰c_–@lo‰c","o‰c‘Μ","-"
"1078","’·–μ§_Ό–{s_ΐ“ά‘Ί","1005","”_‹Ζo‰c‘Μ_v","o‰c‘Μ","2"
"1078","’·–μ§_Ό–{s_ΐ“ά‘Ί","1006","”_‹Ζo‰c‘Μ_Βlo‰c","o‰c‘Μ","2"
"1078","’·–μ§_Ό–{s_ΐ“ά‘Ί","1007","”_‹Ζo‰c‘Μ_’c‘Μo‰c","o‰c‘Μ","-"
"1078","’·–μ§_Ό–{s_ΐ“ά‘Ί","1008","”_‹Ζo‰c‘Μ_’c‘Μo‰c_–@lo‰c","o‰c‘Μ","-"
"1078","’·–μ§_Ό–{s_ΐ“ά‘Ί","1009","—Ρ‹Ζo‰c‘Μ_v","o‰c‘Μ","-"
"1078","’·–μ§_Ό–{s_ΐ“ά‘Ί","1010","—Ρ‹Ζo‰c‘Μ_Βlo‰c","o‰c‘Μ","-"
"1078","’·–μ§_Ό–{s_ΐ“ά‘Ί","1011","—Ρ‹Ζo‰c‘Μ_’c‘Μo‰c","o‰c‘Μ","-"
"1078","’·–μ§_Ό–{s_ΐ“ά‘Ί","1012","—Ρ‹Ζo‰c‘Μ_’c‘Μo‰c_–@lo‰c","o‰c‘Μ","-"
"1079","’·–μ§_Ό–{s_“ήμ‘Ί","1001","”_—Ρ‹Ζo‰c‘Μ_v","o‰c‘Μ","53"
"1079","’·–μ§_Ό–{s_“ήμ‘Ί","1002","”_—Ρ‹Ζo‰c‘Μ_Βlo‰c","o‰c‘Μ","51"
"1079","’·–μ§_Ό–{s_“ήμ‘Ί","1003","”_—Ρ‹Ζo‰c‘Μ_’c‘Μo‰c","o‰c‘Μ","2"
"1079","’·–μ§_Ό–{s_“ήμ‘Ί","1004","”_—Ρ‹Ζo‰c‘Μ_’c‘Μo‰c_–@lo‰c","o‰c‘Μ","2"
"1079","’·–μ§_Ό–{s_“ήμ‘Ί","1005","”_‹Ζo‰c‘Μ_v","o‰c‘Μ","53"
"1079","’·–μ§_Ό–{s_“ήμ‘Ί","1006","”_‹Ζo‰c‘Μ_Βlo‰c","o‰c‘Μ","51"
"1079","’·–μ§_Ό–{s_“ήμ‘Ί","1007","”_‹Ζo‰c‘Μ_’c‘Μo‰c","o‰c‘Μ","2"
"1079","’·–μ§_Ό–{s_“ήμ‘Ί","1008","”_‹Ζo‰c‘Μ_’c‘Μo‰c_–@lo‰c","o‰c‘Μ","2"
"1079","’·–μ§_Ό–{s_“ήμ‘Ί","1009","—Ρ‹Ζo‰c‘Μ_v","o‰c‘Μ","1"
"1079","’·–μ§_Ό–{s_“ήμ‘Ί","1010","—Ρ‹Ζo‰c‘Μ_Βlo‰c","o‰c‘Μ","1"
"1079","’·–μ§_Ό–{s_“ήμ‘Ί","1011","—Ρ‹Ζo‰c‘Μ_’c‘Μo‰c","o‰c‘Μ","-"
"1079","’·–μ§_Ό–{s_“ήμ‘Ί","1012","—Ρ‹Ζo‰c‘Μ_’c‘Μo‰c_–@lo‰c","o‰c‘Μ","-"
"1080","’·–μ§_Ό–{s_²‘Ί","1001","”_—Ρ‹Ζo‰c‘Μ_v","o‰c‘Μ","345"
"1080","’·–μ§_Ό–{s_²‘Ί","1002","”_—Ρ‹Ζo‰c‘Μ_Βlo‰c","o‰c‘Μ","338"
"1080","’·–μ§_Ό–{s_²‘Ί","1003","”_—Ρ‹Ζo‰c‘Μ_’c‘Μo‰c","o‰c‘Μ","7"
"1080","’·–μ§_Ό–{s_²‘Ί","1004","”_—Ρ‹Ζo‰c‘Μ_’c‘Μo‰c_–@lo‰c","o‰c‘Μ","4"
"1080","’·–μ§_Ό–{s_²‘Ί","1005","”_‹Ζo‰c‘Μ_v","o‰c‘Μ","342"
"1080","’·–μ§_Ό–{s_²‘Ί","1006","”_‹Ζo‰c‘Μ_Βlo‰c","o‰c‘Μ","338"
"1080","’·–μ§_Ό–{s_²‘Ί","1007","”_‹Ζo‰c‘Μ_’c‘Μo‰c","o‰c‘Μ","4"
"1080","’·–μ§_Ό–{s_²‘Ί","1008","”_‹Ζo‰c‘Μ_’c‘Μo‰c_–@lo‰c","o‰c‘Μ","3"
"1080","’·–μ§_Ό–{s_²‘Ί","1009","—Ρ‹Ζo‰c‘Μ_v","o‰c‘Μ","4"
"1080","’·–μ§_Ό–{s_²‘Ί","1010","—Ρ‹Ζo‰c‘Μ_Βlo‰c","o‰c‘Μ","1"
"1080","’·–μ§_Ό–{s_²‘Ί","1011","—Ρ‹Ζo‰c‘Μ_’c‘Μo‰c","o‰c‘Μ","3"
"1080","’·–μ§_Ό–{s_²‘Ί","1012","—Ρ‹Ζo‰c‘Μ_’c‘Μo‰c_–@lo‰c","o‰c‘Μ","1"
"1081","’·–μ§_Ό–{s_`‘Ί","1001","”_—Ρ‹Ζo‰c‘Μ_v","o‰c‘Μ","177"
"1081","’·–μ§_Ό–{s_`‘Ί","1002","”_—Ρ‹Ζo‰c‘Μ_Βlo‰c","o‰c‘Μ","174"
"1081","’·–μ§_Ό–{s_`‘Ί","1003","”_—Ρ‹Ζo‰c‘Μ_’c‘Μo‰c","o‰c‘Μ","3"
"1081","’·–μ§_Ό–{s_`‘Ί","1004","”_—Ρ‹Ζo‰c‘Μ_’c‘Μo‰c_–@lo‰c","o‰c‘Μ","2"
"1081","’·–μ§_Ό–{s_`‘Ί","1005","”_‹Ζo‰c‘Μ_v","o‰c‘Μ","177"
"1081","’·–μ§_Ό–{s_`‘Ί","1006","”_‹Ζo‰c‘Μ_Βlo‰c","o‰c‘Μ","174"
"1081","’·–μ§_Ό–{s_`‘Ί","1007","”_‹Ζo‰c‘Μ_’c‘Μo‰c","o‰c‘Μ","3"
"1081","’·–μ§_Ό–{s_`‘Ί","1008","”_‹Ζo‰c‘Μ_’c‘Μo‰c_–@lo‰c","o‰c‘Μ","2"
"1081","’·–μ§_Ό–{s_`‘Ί","1009","—Ρ‹Ζo‰c‘Μ_v","o‰c‘Μ","-"
"1081","’·–μ§_Ό–{s_`‘Ί","1010","—Ρ‹Ζo‰c‘Μ_Βlo‰c","o‰c‘Μ","-"
"1081","’·–μ§_Ό–{s_`‘Ί","1011","—Ρ‹Ζo‰c‘Μ_’c‘Μo‰c","o‰c‘Μ","-"
"1081","’·–μ§_Ό–{s_`‘Ί","1012","—Ρ‹Ζo‰c‘Μ_’c‘Μo‰c_–@lo‰c","o‰c‘Μ","-"
"1082","’·–μ§_Ό–{s_”g“c’¬","1001","”_—Ρ‹Ζo‰c‘Μ_v","o‰c‘Μ","367"
"1082","’·–μ§_Ό–{s_”g“c’¬","1002","”_—Ρ‹Ζo‰c‘Μ_Βlo‰c","o‰c‘Μ","352"
"1082","’·–μ§_Ό–{s_”g“c’¬","1003","”_—Ρ‹Ζo‰c‘Μ_’c‘Μo‰c","o‰c‘Μ","15"
"1082","’·–μ§_Ό–{s_”g“c’¬","1004","”_—Ρ‹Ζo‰c‘Μ_’c‘Μo‰c_–@lo‰c","o‰c‘Μ","10"
"1082","’·–μ§_Ό–{s_”g“c’¬","1005","”_‹Ζo‰c‘Μ_v","o‰c‘Μ","366"
"1082","’·–μ§_Ό–{s_”g“c’¬","1006","”_‹Ζo‰c‘Μ_Βlo‰c","o‰c‘Μ","352"
"1082","’·–μ§_Ό–{s_”g“c’¬","1007","”_‹Ζo‰c‘Μ_’c‘Μo‰c","o‰c‘Μ","14"
"1082","’·–μ§_Ό–{s_”g“c’¬","1008","”_‹Ζo‰c‘Μ_’c‘Μo‰c_–@lo‰c","o‰c‘Μ","9"
"1082","’·–μ§_Ό–{s_”g“c’¬","1009","—Ρ‹Ζo‰c‘Μ_v","o‰c‘Μ","3"
"1082","’·–μ§_Ό–{s_”g“c’¬","1010","—Ρ‹Ζo‰c‘Μ_Βlo‰c","o‰c‘Μ","2"
"1082","’·–μ§_Ό–{s_”g“c’¬","1011","—Ρ‹Ζo‰c‘Μ_’c‘Μo‰c","o‰c‘Μ","1"
"1082","’·–μ§_Ό–{s_”g“c’¬","1012","—Ρ‹Ζo‰c‘Μ_’c‘Μo‰c_–@lo‰c","o‰c‘Μ","1"
"1083","’·–μ§_γ“cs","1001","”_—Ρ‹Ζo‰c‘Μ_v","o‰c‘Μ","1814"
"1083","’·–μ§_γ“cs","1002","”_—Ρ‹Ζo‰c‘Μ_Βlo‰c","o‰c‘Μ","1725"
"1083","’·–μ§_γ“cs","1003","”_—Ρ‹Ζo‰c‘Μ_’c‘Μo‰c","o‰c‘Μ","89"
"1083","’·–μ§_γ“cs","1004","”_—Ρ‹Ζo‰c‘Μ_’c‘Μo‰c_–@lo‰c","o‰c‘Μ","65"
"1083","’·–μ§_γ“cs","1005","”_‹Ζo‰c‘Μ_v","o‰c‘Μ","1787"
"1083","’·–μ§_γ“cs","1006","”_‹Ζo‰c‘Μ_Βlo‰c","o‰c‘Μ","1720"
"1083","’·–μ§_γ“cs","1007","”_‹Ζo‰c‘Μ_’c‘Μo‰c","o‰c‘Μ","67"
"1083","’·–μ§_γ“cs","1008","”_‹Ζo‰c‘Μ_’c‘Μo‰c_–@lo‰c","o‰c‘Μ","53"
"1083","’·–μ§_γ“cs","1009","—Ρ‹Ζo‰c‘Μ_v","o‰c‘Μ","30"
"1083","’·–μ§_γ“cs","1010","—Ρ‹Ζo‰c‘Μ_Βlo‰c","o‰c‘Μ","8"
"1083","’·–μ§_γ“cs","1011","—Ρ‹Ζo‰c‘Μ_’c‘Μo‰c","o‰c‘Μ","22"
"1083","’·–μ§_γ“cs","1012","—Ρ‹Ζo‰c‘Μ_’c‘Μo‰c_–@lo‰c","o‰c‘Μ","12"
"1084","’·–μ§_γ“cs_γ“cs","1001","”_—Ρ‹Ζo‰c‘Μ_v","o‰c‘Μ","41"
"1084","’·–μ§_γ“cs_γ“cs","1002","”_—Ρ‹Ζo‰c‘Μ_Βlo‰c","o‰c‘Μ","38"
"1084","’·–μ§_γ“cs_γ“cs","1003","”_—Ρ‹Ζo‰c‘Μ_’c‘Μo‰c","o‰c‘Μ","3"
"1084","’·–μ§_γ“cs_γ“cs","1004","”_—Ρ‹Ζo‰c‘Μ_’c‘Μo‰c_–@lo‰c","o‰c‘Μ","3"
"1084","’·–μ§_γ“cs_γ“cs","1005","”_‹Ζo‰c‘Μ_v","o‰c‘Μ","41"
"1084","’·–μ§_γ“cs_γ“cs","1006","”_‹Ζo‰c‘Μ_Βlo‰c","o‰c‘Μ","38"
"1084","’·–μ§_γ“cs_γ“cs","1007","”_‹Ζo‰c‘Μ_’c‘Μo‰c","o‰c‘Μ","3"
"1084","’·–μ§_γ“cs_γ“cs","1008","”_‹Ζo‰c‘Μ_’c‘Μo‰c_–@lo‰c","o‰c‘Μ","3"
"1084","’·–μ§_γ“cs_γ“cs","1009","—Ρ‹Ζo‰c‘Μ_v","o‰c‘Μ","-"
"1084","’·–μ§_γ“cs_γ“cs","1010","—Ρ‹Ζo‰c‘Μ_Βlo‰c","o‰c‘Μ","-"
"1084","’·–μ§_γ“cs_γ“cs","1011","—Ρ‹Ζo‰c‘Μ_’c‘Μo‰c","o‰c‘Μ","-"
"1084","’·–μ§_γ“cs_γ“cs","1012","—Ρ‹Ζo‰c‘Μ_’c‘Μo‰c_–@lo‰c","o‰c‘Μ","-"
"1085","’·–μ§_γ“cs_‰–K‘Ί","1001","”_—Ρ‹Ζo‰c‘Μ_v","o‰c‘Μ","30"
"1085","’·–μ§_γ“cs_‰–K‘Ί","1002","”_—Ρ‹Ζo‰c‘Μ_Βlo‰c","o‰c‘Μ","26"
"1085","’·–μ§_γ“cs_‰–K‘Ί","1003","”_—Ρ‹Ζo‰c‘Μ_’c‘Μo‰c","o‰c‘Μ","4"
"1085","’·–μ§_γ“cs_‰–K‘Ί","1004","”_—Ρ‹Ζo‰c‘Μ_’c‘Μo‰c_–@lo‰c","o‰c‘Μ","3"
"1085","’·–μ§_γ“cs_‰–K‘Ί","1005","”_‹Ζo‰c‘Μ_v","o‰c‘Μ","29"
"1085","’·–μ§_γ“cs_‰–K‘Ί","1006","”_‹Ζo‰c‘Μ_Βlo‰c","o‰c‘Μ","26"
"1085","’·–μ§_γ“cs_‰–K‘Ί","1007","”_‹Ζo‰c‘Μ_’c‘Μo‰c","o‰c‘Μ","3"
"1085","’·–μ§_γ“cs_‰–K‘Ί","1008","”_‹Ζo‰c‘Μ_’c‘Μo‰c_–@lo‰c","o‰c‘Μ","2"
"1085","’·–μ§_γ“cs_‰–K‘Ί","1009","—Ρ‹Ζo‰c‘Μ_v","o‰c‘Μ","1"
"1085","’·–μ§_γ“cs_‰–K‘Ί","1010","—Ρ‹Ζo‰c‘Μ_Βlo‰c","o‰c‘Μ","-"
"1085","’·–μ§_γ“cs_‰–K‘Ί","1011","—Ρ‹Ζo‰c‘Μ_’c‘Μo‰c","o‰c‘Μ","1"
"1085","’·–μ§_γ“cs_‰–K‘Ί","1012","—Ρ‹Ζo‰c‘Μ_’c‘Μo‰c_–@lo‰c","o‰c‘Μ","1"
"1086","’·–μ§_γ“cs_μ•Σ‘Ί","1001","”_—Ρ‹Ζo‰c‘Μ_v","o‰c‘Μ","59"
"1086","’·–μ§_γ“cs_μ•Σ‘Ί","1002","”_—Ρ‹Ζo‰c‘Μ_Βlo‰c","o‰c‘Μ","54"
"1086","’·–μ§_γ“cs_μ•Σ‘Ί","1003","”_—Ρ‹Ζo‰c‘Μ_’c‘Μo‰c","o‰c‘Μ","5"
"1086","’·–μ§_γ“cs_μ•Σ‘Ί","1004","”_—Ρ‹Ζo‰c‘Μ_’c‘Μo‰c_–@lo‰c","o‰c‘Μ","4"
"1086","’·–μ§_γ“cs_μ•Σ‘Ί","1005","”_‹Ζo‰c‘Μ_v","o‰c‘Μ","59"
"1086","’·–μ§_γ“cs_μ•Σ‘Ί","1006","”_‹Ζo‰c‘Μ_Βlo‰c","o‰c‘Μ","54"
"1086","’·–μ§_γ“cs_μ•Σ‘Ί","1007","”_‹Ζo‰c‘Μ_’c‘Μo‰c","o‰c‘Μ","5"
"1086","’·–μ§_γ“cs_μ•Σ‘Ί","1008","”_‹Ζo‰c‘Μ_’c‘Μo‰c_–@lo‰c","o‰c‘Μ","4"
"1086","’·–μ§_γ“cs_μ•Σ‘Ί","1009","—Ρ‹Ζo‰c‘Μ_v","o‰c‘Μ","-"
"1086","’·–μ§_γ“cs_μ•Σ‘Ί","1010","—Ρ‹Ζo‰c‘Μ_Βlo‰c","o‰c‘Μ","-"
"1086","’·–μ§_γ“cs_μ•Σ‘Ί","1011","—Ρ‹Ζo‰c‘Μ_’c‘Μo‰c","o‰c‘Μ","-"
"1086","’·–μ§_γ“cs_μ•Σ‘Ί","1012","—Ρ‹Ζo‰c‘Μ_’c‘Μo‰c_–@lo‰c","o‰c‘Μ","-"
"1087","’·–μ§_γ“cs_ς“c‘Ί‚Q|‚Q","1001","”_—Ρ‹Ζo‰c‘Μ_v","o‰c‘Μ","58"
"1087","’·–μ§_γ“cs_ς“c‘Ί‚Q|‚Q","1002","”_—Ρ‹Ζo‰c‘Μ_Βlo‰c","o‰c‘Μ","55"
"1087","’·–μ§_γ“cs_ς“c‘Ί‚Q|‚Q","1003","”_—Ρ‹Ζo‰c‘Μ_’c‘Μo‰c","o‰c‘Μ","3"
"1087","’·–μ§_γ“cs_ς“c‘Ί‚Q|‚Q","1004","”_—Ρ‹Ζo‰c‘Μ_’c‘Μo‰c_–@lo‰c","o‰c‘Μ","2"
"1087","’·–μ§_γ“cs_ς“c‘Ί‚Q|‚Q","1005","”_‹Ζo‰c‘Μ_v","o‰c‘Μ","57"
"1087","’·–μ§_γ“cs_ς“c‘Ί‚Q|‚Q","1006","”_‹Ζo‰c‘Μ_Βlo‰c","o‰c‘Μ","55"
"1087","’·–μ§_γ“cs_ς“c‘Ί‚Q|‚Q","1007","”_‹Ζo‰c‘Μ_’c‘Μo‰c","o‰c‘Μ","2"
"1087","’·–μ§_γ“cs_ς“c‘Ί‚Q|‚Q","1008","”_‹Ζo‰c‘Μ_’c‘Μo‰c_–@lo‰c","o‰c‘Μ","1"
"1087","’·–μ§_γ“cs_ς“c‘Ί‚Q|‚Q","1009","—Ρ‹Ζo‰c‘Μ_v","o‰c‘Μ","1"
"1087","’·–μ§_γ“cs_ς“c‘Ί‚Q|‚Q","1010","—Ρ‹Ζo‰c‘Μ_Βlo‰c","o‰c‘Μ","-"
"1087","’·–μ§_γ“cs_ς“c‘Ί‚Q|‚Q","1011","—Ρ‹Ζo‰c‘Μ_’c‘Μo‰c","o‰c‘Μ","1"
"1087","’·–μ§_γ“cs_ς“c‘Ί‚Q|‚Q","1012","—Ρ‹Ζo‰c‘Μ_’c‘Μo‰c_–@lo‰c","o‰c‘Μ","1"
"1088","’·–μ§_γ“cs__μ‘Ί","1001","”_—Ρ‹Ζo‰c‘Μ_v","o‰c‘Μ","45"
"1088","’·–μ§_γ“cs__μ‘Ί","1002","”_—Ρ‹Ζo‰c‘Μ_Βlo‰c","o‰c‘Μ","43"
"1088","’·–μ§_γ“cs__μ‘Ί","1003","”_—Ρ‹Ζo‰c‘Μ_’c‘Μo‰c","o‰c‘Μ","2"
"1088","’·–μ§_γ“cs__μ‘Ί","1004","”_—Ρ‹Ζo‰c‘Μ_’c‘Μo‰c_–@lo‰c","o‰c‘Μ","2"
"1088","’·–μ§_γ“cs__μ‘Ί","1005","”_‹Ζo‰c‘Μ_v","o‰c‘Μ","45"
"1088","’·–μ§_γ“cs__μ‘Ί","1006","”_‹Ζo‰c‘Μ_Βlo‰c","o‰c‘Μ","43"
"1088","’·–μ§_γ“cs__μ‘Ί","1007","”_‹Ζo‰c‘Μ_’c‘Μo‰c","o‰c‘Μ","2"
"1088","’·–μ§_γ“cs__μ‘Ί","1008","”_‹Ζo‰c‘Μ_’c‘Μo‰c_–@lo‰c","o‰c‘Μ","2"
"1088","’·–μ§_γ“cs__μ‘Ί","1009","—Ρ‹Ζo‰c‘Μ_v","o‰c‘Μ","-"
"1088","’·–μ§_γ“cs__μ‘Ί","1010","—Ρ‹Ζo‰c‘Μ_Βlo‰c","o‰c‘Μ","-"
"1088","’·–μ§_γ“cs__μ‘Ί","1011","—Ρ‹Ζo‰c‘Μ_’c‘Μo‰c","o‰c‘Μ","-"
"1088","’·–μ§_γ“cs__μ‘Ί","1012","—Ρ‹Ζo‰c‘Μ_’c‘Μo‰c_–@lo‰c","o‰c‘Μ","-"
"1089","’·–μ§_γ“cs__‰Θ‘Ί","1001","”_—Ρ‹Ζo‰c‘Μ_v","o‰c‘Μ","209"
"1089","’·–μ§_γ“cs__‰Θ‘Ί","1002","”_—Ρ‹Ζo‰c‘Μ_Βlo‰c","o‰c‘Μ","205"
"1089","’·–μ§_γ“cs__‰Θ‘Ί","1003","”_—Ρ‹Ζo‰c‘Μ_’c‘Μo‰c","o‰c‘Μ","4"
"1089","’·–μ§_γ“cs__‰Θ‘Ί","1004","”_—Ρ‹Ζo‰c‘Μ_’c‘Μo‰c_–@lo‰c","o‰c‘Μ","2"
"1089","’·–μ§_γ“cs__‰Θ‘Ί","1005","”_‹Ζo‰c‘Μ_v","o‰c‘Μ","207"
"1089","’·–μ§_γ“cs__‰Θ‘Ί","1006","”_‹Ζo‰c‘Μ_Βlo‰c","o‰c‘Μ","205"
"1089","’·–μ§_γ“cs__‰Θ‘Ί","1007","”_‹Ζo‰c‘Μ_’c‘Μo‰c","o‰c‘Μ","2"
"1089","’·–μ§_γ“cs__‰Θ‘Ί","1008","”_‹Ζo‰c‘Μ_’c‘Μo‰c_–@lo‰c","o‰c‘Μ","1"
"1089","’·–μ§_γ“cs__‰Θ‘Ί","1009","—Ρ‹Ζo‰c‘Μ_v","o‰c‘Μ","2"
"1089","’·–μ§_γ“cs__‰Θ‘Ί","1010","—Ρ‹Ζo‰c‘Μ_Βlo‰c","o‰c‘Μ","-"
"1089","’·–μ§_γ“cs__‰Θ‘Ί","1011","—Ρ‹Ζo‰c‘Μ_’c‘Μo‰c","o‰c‘Μ","2"
"1089","’·–μ§_γ“cs__‰Θ‘Ί","1012","—Ρ‹Ζo‰c‘Μ_’c‘Μo‰c_–@lo‰c","o‰c‘Μ","1"
"1090","’·–μ§_γ“cs_–L—Ά‘Ί","1001","”_—Ρ‹Ζo‰c‘Μ_v","o‰c‘Μ","98"
"1090","’·–μ§_γ“cs_–L—Ά‘Ί","1002","”_—Ρ‹Ζo‰c‘Μ_Βlo‰c","o‰c‘Μ","96"
"1090","’·–μ§_γ“cs_–L—Ά‘Ί","1003","”_—Ρ‹Ζo‰c‘Μ_’c‘Μo‰c","o‰c‘Μ","2"
"1090","’·–μ§_γ“cs_–L—Ά‘Ί","1004","”_—Ρ‹Ζo‰c‘Μ_’c‘Μo‰c_–@lo‰c","o‰c‘Μ","1"
"1090","’·–μ§_γ“cs_–L—Ά‘Ί","1005","”_‹Ζo‰c‘Μ_v","o‰c‘Μ","97"
"1090","’·–μ§_γ“cs_–L—Ά‘Ί","1006","”_‹Ζo‰c‘Μ_Βlo‰c","o‰c‘Μ","96"
"1090","’·–μ§_γ“cs_–L—Ά‘Ί","1007","”_‹Ζo‰c‘Μ_’c‘Μo‰c","o‰c‘Μ","1"
"1090","’·–μ§_γ“cs_–L—Ά‘Ί","1008","”_‹Ζo‰c‘Μ_’c‘Μo‰c_–@lo‰c","o‰c‘Μ","1"
"1090","’·–μ§_γ“cs_–L—Ά‘Ί","1009","—Ρ‹Ζo‰c‘Μ_v","o‰c‘Μ","1"
"1090","’·–μ§_γ“cs_–L—Ά‘Ί","1010","—Ρ‹Ζo‰c‘Μ_Βlo‰c","o‰c‘Μ","-"
"1090","’·–μ§_γ“cs_–L—Ά‘Ί","1011","—Ρ‹Ζo‰c‘Μ_’c‘Μo‰c","o‰c‘Μ","1"
"1090","’·–μ§_γ“cs_–L—Ά‘Ί","1012","—Ρ‹Ζo‰c‘Μ_’c‘Μo‰c_–@lo‰c","o‰c‘Μ","-"
"1091","’·–μ§_γ“cs_“aι‘Ί","1001","”_—Ρ‹Ζo‰c‘Μ_v","o‰c‘Μ","30"
"1091","’·–μ§_γ“cs_“aι‘Ί","1002","”_—Ρ‹Ζo‰c‘Μ_Βlo‰c","o‰c‘Μ","27"
"1091","’·–μ§_γ“cs_“aι‘Ί","1003","”_—Ρ‹Ζo‰c‘Μ_’c‘Μo‰c","o‰c‘Μ","3"
"1091","’·–μ§_γ“cs_“aι‘Ί","1004","”_—Ρ‹Ζo‰c‘Μ_’c‘Μo‰c_–@lo‰c","o‰c‘Μ","3"
"1091","’·–μ§_γ“cs_“aι‘Ί","1005","”_‹Ζo‰c‘Μ_v","o‰c‘Μ","30"
"1091","’·–μ§_γ“cs_“aι‘Ί","1006","”_‹Ζo‰c‘Μ_Βlo‰c","o‰c‘Μ","27"
"1091","’·–μ§_γ“cs_“aι‘Ί","1007","”_‹Ζo‰c‘Μ_’c‘Μo‰c","o‰c‘Μ","3"
"1091","’·–μ§_γ“cs_“aι‘Ί","1008","”_‹Ζo‰c‘Μ_’c‘Μo‰c_–@lo‰c","o‰c‘Μ","3"
"1091","’·–μ§_γ“cs_“aι‘Ί","1009","—Ρ‹Ζo‰c‘Μ_v","o‰c‘Μ","-"
"1091","’·–μ§_γ“cs_“aι‘Ί","1010","—Ρ‹Ζo‰c‘Μ_Βlo‰c","o‰c‘Μ","-"
"1091","’·–μ§_γ“cs_“aι‘Ί","1011","—Ρ‹Ζo‰c‘Μ_’c‘Μo‰c","o‰c‘Μ","-"
"1091","’·–μ§_γ“cs_“aι‘Ί","1012","—Ρ‹Ζo‰c‘Μ_’c‘Μo‰c_–@lo‰c","o‰c‘Μ","-"
"1092","’·–μ§_γ“cs_’†‰–“c‘Ί","1001","”_—Ρ‹Ζo‰c‘Μ_v","o‰c‘Μ","132"
"1092","’·–μ§_γ“cs_’†‰–“c‘Ί","1002","”_—Ρ‹Ζo‰c‘Μ_Βlo‰c","o‰c‘Μ","127"
"1092","’·–μ§_γ“cs_’†‰–“c‘Ί","1003","”_—Ρ‹Ζo‰c‘Μ_’c‘Μo‰c","o‰c‘Μ","5"
"1092","’·–μ§_γ“cs_’†‰–“c‘Ί","1004","”_—Ρ‹Ζo‰c‘Μ_’c‘Μo‰c_–@lo‰c","o‰c‘Μ","5"
"1092","’·–μ§_γ“cs_’†‰–“c‘Ί","1005","”_‹Ζo‰c‘Μ_v","o‰c‘Μ","131"
"1092","’·–μ§_γ“cs_’†‰–“c‘Ί","1006","”_‹Ζo‰c‘Μ_Βlo‰c","o‰c‘Μ","126"
"1092","’·–μ§_γ“cs_’†‰–“c‘Ί","1007","”_‹Ζo‰c‘Μ_’c‘Μo‰c","o‰c‘Μ","5"
"1092","’·–μ§_γ“cs_’†‰–“c‘Ί","1008","”_‹Ζo‰c‘Μ_’c‘Μo‰c_–@lo‰c","o‰c‘Μ","5"
"1092","’·–μ§_γ“cs_’†‰–“c‘Ί","1009","—Ρ‹Ζo‰c‘Μ_v","o‰c‘Μ","1"
"1092","’·–μ§_γ“cs_’†‰–“c‘Ί","1010","—Ρ‹Ζo‰c‘Μ_Βlo‰c","o‰c‘Μ","1"
"1092","’·–μ§_γ“cs_’†‰–“c‘Ί","1011","—Ρ‹Ζo‰c‘Μ_’c‘Μo‰c","o‰c‘Μ","-"
"1092","’·–μ§_γ“cs_’†‰–“c‘Ί","1012","—Ρ‹Ζo‰c‘Μ_’c‘Μo‰c_–@lo‰c","o‰c‘Μ","-"
"1093","’·–μ§_γ“cs_•Κ‘Ί","1001","”_—Ρ‹Ζo‰c‘Μ_v","o‰c‘Μ","3"
"1093","’·–μ§_γ“cs_•Κ‘Ί","1002","”_—Ρ‹Ζo‰c‘Μ_Βlo‰c","o‰c‘Μ","3"
"1093","’·–μ§_γ“cs_•Κ‘Ί","1003","”_—Ρ‹Ζo‰c‘Μ_’c‘Μo‰c","o‰c‘Μ","-"
"1093","’·–μ§_γ“cs_•Κ‘Ί","1004","”_—Ρ‹Ζo‰c‘Μ_’c‘Μo‰c_–@lo‰c","o‰c‘Μ","-"
"1093","’·–μ§_γ“cs_•Κ‘Ί","1005","”_‹Ζo‰c‘Μ_v","o‰c‘Μ","3"
"1093","’·–μ§_γ“cs_•Κ‘Ί","1006","”_‹Ζo‰c‘Μ_Βlo‰c","o‰c‘Μ","3"
"1093","’·–μ§_γ“cs_•Κ‘Ί","1007","”_‹Ζo‰c‘Μ_’c‘Μo‰c","o‰c‘Μ","-"
"1093","’·–μ§_γ“cs_•Κ‘Ί","1008","”_‹Ζo‰c‘Μ_’c‘Μo‰c_–@lo‰c","o‰c‘Μ","-"
"1093","’·–μ§_γ“cs_•Κ‘Ί","1009","—Ρ‹Ζo‰c‘Μ_v","o‰c‘Μ","-"
"1093","’·–μ§_γ“cs_•Κ‘Ί","1010","—Ρ‹Ζo‰c‘Μ_Βlo‰c","o‰c‘Μ","-"
"1093","’·–μ§_γ“cs_•Κ‘Ί","1011","—Ρ‹Ζo‰c‘Μ_’c‘Μo‰c","o‰c‘Μ","-"
"1093","’·–μ§_γ“cs_•Κ‘Ί","1012","—Ρ‹Ζo‰c‘Μ_’c‘Μo‰c_–@lo‰c","o‰c‘Μ","-"
"1094","’·–μ§_γ“cs_Ό‰–“c‘Ί","1001","”_—Ρ‹Ζo‰c‘Μ_v","o‰c‘Μ","101"
"1094","’·–μ§_γ“cs_Ό‰–“c‘Ί","1002","”_—Ρ‹Ζo‰c‘Μ_Βlo‰c","o‰c‘Μ","99"
"1094","’·–μ§_γ“cs_Ό‰–“c‘Ί","1003","”_—Ρ‹Ζo‰c‘Μ_’c‘Μo‰c","o‰c‘Μ","2"
"1094","’·–μ§_γ“cs_Ό‰–“c‘Ί","1004","”_—Ρ‹Ζo‰c‘Μ_’c‘Μo‰c_–@lo‰c","o‰c‘Μ","2"
"1094","’·–μ§_γ“cs_Ό‰–“c‘Ί","1005","”_‹Ζo‰c‘Μ_v","o‰c‘Μ","101"
"1094","’·–μ§_γ“cs_Ό‰–“c‘Ί","1006","”_‹Ζo‰c‘Μ_Βlo‰c","o‰c‘Μ","99"
"1094","’·–μ§_γ“cs_Ό‰–“c‘Ί","1007","”_‹Ζo‰c‘Μ_’c‘Μo‰c","o‰c‘Μ","2"
"1094","’·–μ§_γ“cs_Ό‰–“c‘Ί","1008","”_‹Ζo‰c‘Μ_’c‘Μo‰c_–@lo‰c","o‰c‘Μ","2"
"1094","’·–μ§_γ“cs_Ό‰–“c‘Ί","1009","—Ρ‹Ζo‰c‘Μ_v","o‰c‘Μ","-"
"1094","’·–μ§_γ“cs_Ό‰–“c‘Ί","1010","—Ρ‹Ζo‰c‘Μ_Βlo‰c","o‰c‘Μ","-"
"1094","’·–μ§_γ“cs_Ό‰–“c‘Ί","1011","—Ρ‹Ζo‰c‘Μ_’c‘Μo‰c","o‰c‘Μ","-"
"1094","’·–μ§_γ“cs_Ό‰–“c‘Ί","1012","—Ρ‹Ζo‰c‘Μ_’c‘Μo‰c_–@lo‰c","o‰c‘Μ","-"
"1095","’·–μ§_γ“cs_“‰–“c‘Ί","1001","”_—Ρ‹Ζo‰c‘Μ_v","o‰c‘Μ","189"
"1095","’·–μ§_γ“cs_“‰–“c‘Ί","1002","”_—Ρ‹Ζo‰c‘Μ_Βlo‰c","o‰c‘Μ","176"
"1095","’·–μ§_γ“cs_“‰–“c‘Ί","1003","”_—Ρ‹Ζo‰c‘Μ_’c‘Μo‰c","o‰c‘Μ","13"
"1095","’·–μ§_γ“cs_“‰–“c‘Ί","1004","”_—Ρ‹Ζo‰c‘Μ_’c‘Μo‰c_–@lo‰c","o‰c‘Μ","7"
"1095","’·–μ§_γ“cs_“‰–“c‘Ί","1005","”_‹Ζo‰c‘Μ_v","o‰c‘Μ","187"
"1095","’·–μ§_γ“cs_“‰–“c‘Ί","1006","”_‹Ζo‰c‘Μ_Βlo‰c","o‰c‘Μ","176"
"1095","’·–μ§_γ“cs_“‰–“c‘Ί","1007","”_‹Ζo‰c‘Μ_’c‘Μo‰c","o‰c‘Μ","11"
"1095","’·–μ§_γ“cs_“‰–“c‘Ί","1008","”_‹Ζo‰c‘Μ_’c‘Μo‰c_–@lo‰c","o‰c‘Μ","6"
"1095","’·–μ§_γ“cs_“‰–“c‘Ί","1009","—Ρ‹Ζo‰c‘Μ_v","o‰c‘Μ","2"
"1095","’·–μ§_γ“cs_“‰–“c‘Ί","1010","—Ρ‹Ζo‰c‘Μ_Βlo‰c","o‰c‘Μ","-"
"1095","’·–μ§_γ“cs_“‰–“c‘Ί","1011","—Ρ‹Ζo‰c‘Μ_’c‘Μo‰c","o‰c‘Μ","2"
"1095","’·–μ§_γ“cs_“‰–“c‘Ί","1012","—Ρ‹Ζo‰c‘Μ_’c‘Μo‰c_–@lo‰c","o‰c‘Μ","1"
"1096","’·–μ§_γ“cs_ς“c‘Ί‚Q|‚P","1001","”_—Ρ‹Ζo‰c‘Μ_v","o‰c‘Μ","46"
"1096","’·–μ§_γ“cs_ς“c‘Ί‚Q|‚P","1002","”_—Ρ‹Ζo‰c‘Μ_Βlo‰c","o‰c‘Μ","38"
"1096","’·–μ§_γ“cs_ς“c‘Ί‚Q|‚P","1003","”_—Ρ‹Ζo‰c‘Μ_’c‘Μo‰c","o‰c‘Μ","8"
"1096","’·–μ§_γ“cs_ς“c‘Ί‚Q|‚P","1004","”_—Ρ‹Ζo‰c‘Μ_’c‘Μo‰c_–@lo‰c","o‰c‘Μ","5"
"1096","’·–μ§_γ“cs_ς“c‘Ί‚Q|‚P","1005","”_‹Ζo‰c‘Μ_v","o‰c‘Μ","41"
"1096","’·–μ§_γ“cs_ς“c‘Ί‚Q|‚P","1006","”_‹Ζo‰c‘Μ_Βlo‰c","o‰c‘Μ","38"
"1096","’·–μ§_γ“cs_ς“c‘Ί‚Q|‚P","1007","”_‹Ζo‰c‘Μ_’c‘Μo‰c","o‰c‘Μ","3"
"1096","’·–μ§_γ“cs_ς“c‘Ί‚Q|‚P","1008","”_‹Ζo‰c‘Μ_’c‘Μo‰c_–@lo‰c","o‰c‘Μ","3"
"1096","’·–μ§_γ“cs_ς“c‘Ί‚Q|‚P","1009","—Ρ‹Ζo‰c‘Μ_v","o‰c‘Μ","5"
"1096","’·–μ§_γ“cs_ς“c‘Ί‚Q|‚P","1010","—Ρ‹Ζo‰c‘Μ_Βlo‰c","o‰c‘Μ","-"
"1096","’·–μ§_γ“cs_ς“c‘Ί‚Q|‚P","1011","—Ρ‹Ζo‰c‘Μ_’c‘Μo‰c","o‰c‘Μ","5"
"1096","’·–μ§_γ“cs_ς“c‘Ί‚Q|‚P","1012","—Ρ‹Ζo‰c‘Μ_’c‘Μo‰c_–@lo‰c","o‰c‘Μ","2"
"1097","’·–μ§_γ“cs_Ί‰κ‘Ί","1001","”_—Ρ‹Ζo‰c‘Μ_v","o‰c‘Μ","31"
"1097","’·–μ§_γ“cs_Ί‰κ‘Ί","1002","”_—Ρ‹Ζo‰c‘Μ_Βlo‰c","o‰c‘Μ","30"
"1097","’·–μ§_γ“cs_Ί‰κ‘Ί","1003","”_—Ρ‹Ζo‰c‘Μ_’c‘Μo‰c","o‰c‘Μ","1"
"1097","’·–μ§_γ“cs_Ί‰κ‘Ί","1004","”_—Ρ‹Ζo‰c‘Μ_’c‘Μo‰c_–@lo‰c","o‰c‘Μ","1"
"1097","’·–μ§_γ“cs_Ί‰κ‘Ί","1005","”_‹Ζo‰c‘Μ_v","o‰c‘Μ","30"
"1097","’·–μ§_γ“cs_Ί‰κ‘Ί","1006","”_‹Ζo‰c‘Μ_Βlo‰c","o‰c‘Μ","30"
"1097","’·–μ§_γ“cs_Ί‰κ‘Ί","1007","”_‹Ζo‰c‘Μ_’c‘Μo‰c","o‰c‘Μ","-"
"1097","’·–μ§_γ“cs_Ί‰κ‘Ί","1008","”_‹Ζo‰c‘Μ_’c‘Μo‰c_–@lo‰c","o‰c‘Μ","-"
"1097","’·–μ§_γ“cs_Ί‰κ‘Ί","1009","—Ρ‹Ζo‰c‘Μ_v","o‰c‘Μ","1"
"1097","’·–μ§_γ“cs_Ί‰κ‘Ί","1010","—Ρ‹Ζo‰c‘Μ_Βlo‰c","o‰c‘Μ","-"
"1097","’·–μ§_γ“cs_Ί‰κ‘Ί","1011","—Ρ‹Ζo‰c‘Μ_’c‘Μo‰c","o‰c‘Μ","1"
"1097","’·–μ§_γ“cs_Ί‰κ‘Ί","1012","—Ρ‹Ζo‰c‘Μ_’c‘Μo‰c_–@lo‰c","o‰c‘Μ","1"
"1098","’·–μ§_γ“cs_‰Y—Ά‘Ί‚Q|‚P","1001","”_—Ρ‹Ζo‰c‘Μ_v","o‰c‘Μ","61"
"1098","’·–μ§_γ“cs_‰Y—Ά‘Ί‚Q|‚P","1002","”_—Ρ‹Ζo‰c‘Μ_Βlo‰c","o‰c‘Μ","58"
"1098","’·–μ§_γ“cs_‰Y—Ά‘Ί‚Q|‚P","1003","”_—Ρ‹Ζo‰c‘Μ_’c‘Μo‰c","o‰c‘Μ","3"
"1098","’·–μ§_γ“cs_‰Y—Ά‘Ί‚Q|‚P","1004","”_—Ρ‹Ζo‰c‘Μ_’c‘Μo‰c_–@lo‰c","o‰c‘Μ","2"
"1098","’·–μ§_γ“cs_‰Y—Ά‘Ί‚Q|‚P","1005","”_‹Ζo‰c‘Μ_v","o‰c‘Μ","61"
"1098","’·–μ§_γ“cs_‰Y—Ά‘Ί‚Q|‚P","1006","”_‹Ζo‰c‘Μ_Βlo‰c","o‰c‘Μ","58"
"1098","’·–μ§_γ“cs_‰Y—Ά‘Ί‚Q|‚P","1007","”_‹Ζo‰c‘Μ_’c‘Μo‰c","o‰c‘Μ","3"
"1098","’·–μ§_γ“cs_‰Y—Ά‘Ί‚Q|‚P","1008","”_‹Ζo‰c‘Μ_’c‘Μo‰c_–@lo‰c","o‰c‘Μ","2"
"1098","’·–μ§_γ“cs_‰Y—Ά‘Ί‚Q|‚P","1009","—Ρ‹Ζo‰c‘Μ_v","o‰c‘Μ","-"
"1098","’·–μ§_γ“cs_‰Y—Ά‘Ί‚Q|‚P","1010","—Ρ‹Ζo‰c‘Μ_Βlo‰c","o‰c‘Μ","-"
"1098","’·–μ§_γ“cs_‰Y—Ά‘Ί‚Q|‚P","1011","—Ρ‹Ζo‰c‘Μ_’c‘Μo‰c","o‰c‘Μ","-"
"1098","’·–μ§_γ“cs_‰Y—Ά‘Ί‚Q|‚P","1012","—Ρ‹Ζo‰c‘Μ_’c‘Μo‰c_–@lo‰c","o‰c‘Μ","-"
"1099","’·–μ§_γ“cs_Ϋq’¬","1001","”_—Ρ‹Ζo‰c‘Μ_v","o‰c‘Μ","33"
"1099","’·–μ§_γ“cs_Ϋq’¬","1002","”_—Ρ‹Ζo‰c‘Μ_Βlo‰c","o‰c‘Μ","30"
"1099","’·–μ§_γ“cs_Ϋq’¬","1003","”_—Ρ‹Ζo‰c‘Μ_’c‘Μo‰c","o‰c‘Μ","3"
"1099","’·–μ§_γ“cs_Ϋq’¬","1004","”_—Ρ‹Ζo‰c‘Μ_’c‘Μo‰c_–@lo‰c","o‰c‘Μ","1"
"1099","’·–μ§_γ“cs_Ϋq’¬","1005","”_‹Ζo‰c‘Μ_v","o‰c‘Μ","30"
"1099","’·–μ§_γ“cs_Ϋq’¬","1006","”_‹Ζo‰c‘Μ_Βlo‰c","o‰c‘Μ","30"
"1099","’·–μ§_γ“cs_Ϋq’¬","1007","”_‹Ζo‰c‘Μ_’c‘Μo‰c","o‰c‘Μ","-"
"1099","’·–μ§_γ“cs_Ϋq’¬","1008","”_‹Ζo‰c‘Μ_’c‘Μo‰c_–@lo‰c","o‰c‘Μ","-"
"1099","’·–μ§_γ“cs_Ϋq’¬","1009","—Ρ‹Ζo‰c‘Μ_v","o‰c‘Μ","3"
"1099","’·–μ§_γ“cs_Ϋq’¬","1010","—Ρ‹Ζo‰c‘Μ_Βlo‰c","o‰c‘Μ","-"
"1099","’·–μ§_γ“cs_Ϋq’¬","1011","—Ρ‹Ζo‰c‘Μ_’c‘Μo‰c","o‰c‘Μ","3"
"1099","’·–μ§_γ“cs_Ϋq’¬","1012","—Ρ‹Ζo‰c‘Μ_’c‘Μo‰c_–@lo‰c","o‰c‘Μ","1"
"1100","’·–μ§_γ“cs_““ΰ‘Ί","1001","”_—Ρ‹Ζo‰c‘Μ_v","o‰c‘Μ","49"
"1100","’·–μ§_γ“cs_““ΰ‘Ί","1002","”_—Ρ‹Ζo‰c‘Μ_Βlo‰c","o‰c‘Μ","48"
"1100","’·–μ§_γ“cs_““ΰ‘Ί","1003","”_—Ρ‹Ζo‰c‘Μ_’c‘Μo‰c","o‰c‘Μ","1"
"1100","’·–μ§_γ“cs_““ΰ‘Ί","1004","”_—Ρ‹Ζo‰c‘Μ_’c‘Μo‰c_–@lo‰c","o‰c‘Μ","-"
"1100","’·–μ§_γ“cs_““ΰ‘Ί","1005","”_‹Ζo‰c‘Μ_v","o‰c‘Μ","48"
"1100","’·–μ§_γ“cs_““ΰ‘Ί","1006","”_‹Ζo‰c‘Μ_Βlo‰c","o‰c‘Μ","47"
"1100","’·–μ§_γ“cs_““ΰ‘Ί","1007","”_‹Ζo‰c‘Μ_’c‘Μo‰c","o‰c‘Μ","1"
"1100","’·–μ§_γ“cs_““ΰ‘Ί","1008","”_‹Ζo‰c‘Μ_’c‘Μo‰c_–@lo‰c","o‰c‘Μ","-"
"1100","’·–μ§_γ“cs_““ΰ‘Ί","1009","—Ρ‹Ζo‰c‘Μ_v","o‰c‘Μ","1"
"1100","’·–μ§_γ“cs_““ΰ‘Ί","1010","—Ρ‹Ζo‰c‘Μ_Βlo‰c","o‰c‘Μ","1"
"1100","’·–μ§_γ“cs_““ΰ‘Ί","1011","—Ρ‹Ζo‰c‘Μ_’c‘Μo‰c","o‰c‘Μ","-"
"1100","’·–μ§_γ“cs_““ΰ‘Ί","1012","—Ρ‹Ζo‰c‘Μ_’c‘Μo‰c_–@lo‰c","o‰c‘Μ","-"
"1101","’·–μ§_γ“cs_Ό“ΰ‘Ί","1001","”_—Ρ‹Ζo‰c‘Μ_v","o‰c‘Μ","18"
"1101","’·–μ§_γ“cs_Ό“ΰ‘Ί","1002","”_—Ρ‹Ζo‰c‘Μ_Βlo‰c","o‰c‘Μ","18"
"1101","’·–μ§_γ“cs_Ό“ΰ‘Ί","1003","”_—Ρ‹Ζo‰c‘Μ_’c‘Μo‰c","o‰c‘Μ","-"
"1101","’·–μ§_γ“cs_Ό“ΰ‘Ί","1004","”_—Ρ‹Ζo‰c‘Μ_’c‘Μo‰c_–@lo‰c","o‰c‘Μ","-"
"1101","’·–μ§_γ“cs_Ό“ΰ‘Ί","1005","”_‹Ζo‰c‘Μ_v","o‰c‘Μ","17"
"1101","’·–μ§_γ“cs_Ό“ΰ‘Ί","1006","”_‹Ζo‰c‘Μ_Βlo‰c","o‰c‘Μ","17"
"1101","’·–μ§_γ“cs_Ό“ΰ‘Ί","1007","”_‹Ζo‰c‘Μ_’c‘Μo‰c","o‰c‘Μ","-"
"1101","’·–μ§_γ“cs_Ό“ΰ‘Ί","1008","”_‹Ζo‰c‘Μ_’c‘Μo‰c_–@lo‰c","o‰c‘Μ","-"
"1101","’·–μ§_γ“cs_Ό“ΰ‘Ί","1009","—Ρ‹Ζo‰c‘Μ_v","o‰c‘Μ","1"
"1101","’·–μ§_γ“cs_Ό“ΰ‘Ί","1010","—Ρ‹Ζo‰c‘Μ_Βlo‰c","o‰c‘Μ","1"
"1101","’·–μ§_γ“cs_Ό“ΰ‘Ί","1011","—Ρ‹Ζo‰c‘Μ_’c‘Μo‰c","o‰c‘Μ","-"
"1101","’·–μ§_γ“cs_Ό“ΰ‘Ί","1012","—Ρ‹Ζo‰c‘Μ_’c‘Μo‰c_–@lo‰c","o‰c‘Μ","-"
"1102","’·–μ§_γ“cs_Λ“c‘Ί","1001","”_—Ρ‹Ζo‰c‘Μ_v","o‰c‘Μ","89"
"1102","’·–μ§_γ“cs_Λ“c‘Ί","1002","”_—Ρ‹Ζo‰c‘Μ_Βlo‰c","o‰c‘Μ","87"
"1102","’·–μ§_γ“cs_Λ“c‘Ί","1003","”_—Ρ‹Ζo‰c‘Μ_’c‘Μo‰c","o‰c‘Μ","2"
"1102","’·–μ§_γ“cs_Λ“c‘Ί","1004","”_—Ρ‹Ζo‰c‘Μ_’c‘Μo‰c_–@lo‰c","o‰c‘Μ","2"
"1102","’·–μ§_γ“cs_Λ“c‘Ί","1005","”_‹Ζo‰c‘Μ_v","o‰c‘Μ","89"
"1102","’·–μ§_γ“cs_Λ“c‘Ί","1006","”_‹Ζo‰c‘Μ_Βlo‰c","o‰c‘Μ","87"
"1102","’·–μ§_γ“cs_Λ“c‘Ί","1007","”_‹Ζo‰c‘Μ_’c‘Μo‰c","o‰c‘Μ","2"
"1102","’·–μ§_γ“cs_Λ“c‘Ί","1008","”_‹Ζo‰c‘Μ_’c‘Μo‰c_–@lo‰c","o‰c‘Μ","2"
"1102","’·–μ§_γ“cs_Λ“c‘Ί","1009","—Ρ‹Ζo‰c‘Μ_v","o‰c‘Μ","-"
"1102","’·–μ§_γ“cs_Λ“c‘Ί","1010","—Ρ‹Ζo‰c‘Μ_Βlo‰c","o‰c‘Μ","-"
"1102","’·–μ§_γ“cs_Λ“c‘Ί","1011","—Ρ‹Ζo‰c‘Μ_’c‘Μo‰c","o‰c‘Μ","-"
"1102","’·–μ§_γ“cs_Λ“c‘Ί","1012","—Ρ‹Ζo‰c‘Μ_’c‘Μo‰c_–@lo‰c","o‰c‘Μ","-"
"1103","’·–μ§_γ“cs_’·£‘Ί","1001","”_—Ρ‹Ζo‰c‘Μ_v","o‰c‘Μ","29"
"1103","’·–μ§_γ“cs_’·£‘Ί","1002","”_—Ρ‹Ζo‰c‘Μ_Βlo‰c","o‰c‘Μ","27"
"1103","’·–μ§_γ“cs_’·£‘Ί","1003","”_—Ρ‹Ζo‰c‘Μ_’c‘Μo‰c","o‰c‘Μ","2"
"1103","’·–μ§_γ“cs_’·£‘Ί","1004","”_—Ρ‹Ζo‰c‘Μ_’c‘Μo‰c_–@lo‰c","o‰c‘Μ","2"
"1103","’·–μ§_γ“cs_’·£‘Ί","1005","”_‹Ζo‰c‘Μ_v","o‰c‘Μ","29"
"1103","’·–μ§_γ“cs_’·£‘Ί","1006","”_‹Ζo‰c‘Μ_Βlo‰c","o‰c‘Μ","27"
"1103","’·–μ§_γ“cs_’·£‘Ί","1007","”_‹Ζo‰c‘Μ_’c‘Μo‰c","o‰c‘Μ","2"
"1103","’·–μ§_γ“cs_’·£‘Ί","1008","”_‹Ζo‰c‘Μ_’c‘Μo‰c_–@lo‰c","o‰c‘Μ","2"
"1103","’·–μ§_γ“cs_’·£‘Ί","1009","—Ρ‹Ζo‰c‘Μ_v","o‰c‘Μ","-"
"1103","’·–μ§_γ“cs_’·£‘Ί","1010","—Ρ‹Ζo‰c‘Μ_Βlo‰c","o‰c‘Μ","-"
"1103","’·–μ§_γ“cs_’·£‘Ί","1011","—Ρ‹Ζo‰c‘Μ_’c‘Μo‰c","o‰c‘Μ","-"
"1103","’·–μ§_γ“cs_’·£‘Ί","1012","—Ρ‹Ζo‰c‘Μ_’c‘Μo‰c_–@lo‰c","o‰c‘Μ","-"
"1104","’·–μ§_γ“cs_‰–μ‘Ί","1001","”_—Ρ‹Ζo‰c‘Μ_v","o‰c‘Μ","74"
"1104","’·–μ§_γ“cs_‰–μ‘Ί","1002","”_—Ρ‹Ζo‰c‘Μ_Βlo‰c","o‰c‘Μ","72"
"1104","’·–μ§_γ“cs_‰–μ‘Ί","1003","”_—Ρ‹Ζo‰c‘Μ_’c‘Μo‰c","o‰c‘Μ","2"
"1104","’·–μ§_γ“cs_‰–μ‘Ί","1004","”_—Ρ‹Ζo‰c‘Μ_’c‘Μo‰c_–@lo‰c","o‰c‘Μ","2"
"1104","’·–μ§_γ“cs_‰–μ‘Ί","1005","”_‹Ζo‰c‘Μ_v","o‰c‘Μ","73"
"1104","’·–μ§_γ“cs_‰–μ‘Ί","1006","”_‹Ζo‰c‘Μ_Βlo‰c","o‰c‘Μ","71"
"1104","’·–μ§_γ“cs_‰–μ‘Ί","1007","”_‹Ζo‰c‘Μ_’c‘Μo‰c","o‰c‘Μ","2"
"1104","’·–μ§_γ“cs_‰–μ‘Ί","1008","”_‹Ζo‰c‘Μ_’c‘Μo‰c_–@lo‰c","o‰c‘Μ","2"
"1104","’·–μ§_γ“cs_‰–μ‘Ί","1009","—Ρ‹Ζo‰c‘Μ_v","o‰c‘Μ","1"
"1104","’·–μ§_γ“cs_‰–μ‘Ί","1010","—Ρ‹Ζo‰c‘Μ_Βlo‰c","o‰c‘Μ","1"
"1104","’·–μ§_γ“cs_‰–μ‘Ί","1011","—Ρ‹Ζo‰c‘Μ_’c‘Μo‰c","o‰c‘Μ","-"
"1104","’·–μ§_γ“cs_‰–μ‘Ί","1012","—Ρ‹Ζo‰c‘Μ_’c‘Μo‰c_–@lo‰c","o‰c‘Μ","-"
"1105","’·–μ§_γ“cs_–T—z‘Ί","1001","”_—Ρ‹Ζo‰c‘Μ_v","o‰c‘Μ","58"
"1105","’·–μ§_γ“cs_–T—z‘Ί","1002","”_—Ρ‹Ζo‰c‘Μ_Βlo‰c","o‰c‘Μ","56"
"1105","’·–μ§_γ“cs_–T—z‘Ί","1003","”_—Ρ‹Ζo‰c‘Μ_’c‘Μo‰c","o‰c‘Μ","2"
"1105","’·–μ§_γ“cs_–T—z‘Ί","1004","”_—Ρ‹Ζo‰c‘Μ_’c‘Μo‰c_–@lo‰c","o‰c‘Μ","-"
"1105","’·–μ§_γ“cs_–T—z‘Ί","1005","”_‹Ζo‰c‘Μ_v","o‰c‘Μ","55"
"1105","’·–μ§_γ“cs_–T—z‘Ί","1006","”_‹Ζo‰c‘Μ_Βlo‰c","o‰c‘Μ","55"
"1105","’·–μ§_γ“cs_–T—z‘Ί","1007","”_‹Ζo‰c‘Μ_’c‘Μo‰c","o‰c‘Μ","-"
"1105","’·–μ§_γ“cs_–T—z‘Ί","1008","”_‹Ζo‰c‘Μ_’c‘Μo‰c_–@lo‰c","o‰c‘Μ","-"
"1105","’·–μ§_γ“cs_–T—z‘Ί","1009","—Ρ‹Ζo‰c‘Μ_v","o‰c‘Μ","4"
"1105","’·–μ§_γ“cs_–T—z‘Ί","1010","—Ρ‹Ζo‰c‘Μ_Βlo‰c","o‰c‘Μ","2"
"1105","’·–μ§_γ“cs_–T—z‘Ί","1011","—Ρ‹Ζo‰c‘Μ_’c‘Μo‰c","o‰c‘Μ","2"
"1105","’·–μ§_γ“cs_–T—z‘Ί","1012","—Ρ‹Ζo‰c‘Μ_’c‘Μo‰c_–@lo‰c","o‰c‘Μ","-"
"1106","’·–μ§_γ“cs_–{΄‘Ί","1001","”_—Ρ‹Ζo‰c‘Μ_v","o‰c‘Μ","58"
"1106","’·–μ§_γ“cs_–{΄‘Ί","1002","”_—Ρ‹Ζo‰c‘Μ_Βlo‰c","o‰c‘Μ","55"
"1106","’·–μ§_γ“cs_–{΄‘Ί","1003","”_—Ρ‹Ζo‰c‘Μ_’c‘Μo‰c","o‰c‘Μ","3"
"1106","’·–μ§_γ“cs_–{΄‘Ί","1004","”_—Ρ‹Ζo‰c‘Μ_’c‘Μo‰c_–@lo‰c","o‰c‘Μ","3"
"1106","’·–μ§_γ“cs_–{΄‘Ί","1005","”_‹Ζo‰c‘Μ_v","o‰c‘Μ","56"
"1106","’·–μ§_γ“cs_–{΄‘Ί","1006","”_‹Ζo‰c‘Μ_Βlo‰c","o‰c‘Μ","55"
"1106","’·–μ§_γ“cs_–{΄‘Ί","1007","”_‹Ζo‰c‘Μ_’c‘Μo‰c","o‰c‘Μ","1"
"1106","’·–μ§_γ“cs_–{΄‘Ί","1008","”_‹Ζo‰c‘Μ_’c‘Μo‰c_–@lo‰c","o‰c‘Μ","1"
"1106","’·–μ§_γ“cs_–{΄‘Ί","1009","—Ρ‹Ζo‰c‘Μ_v","o‰c‘Μ","2"
"1106","’·–μ§_γ“cs_–{΄‘Ί","1010","—Ρ‹Ζo‰c‘Μ_Βlo‰c","o‰c‘Μ","-"
"1106","’·–μ§_γ“cs_–{΄‘Ί","1011","—Ρ‹Ζo‰c‘Μ_’c‘Μo‰c","o‰c‘Μ","2"
"1106","’·–μ§_γ“cs_–{΄‘Ί","1012","—Ρ‹Ζo‰c‘Μ_’c‘Μo‰c_–@lo‰c","o‰c‘Μ","2"
"1107","’·–μ§_γ“cs_’·‘Ί","1001","”_—Ρ‹Ζo‰c‘Μ_v","o‰c‘Μ","128"
"1107","’·–μ§_γ“cs_’·‘Ί","1002","”_—Ρ‹Ζo‰c‘Μ_Βlo‰c","o‰c‘Μ","122"
"1107","’·–μ§_γ“cs_’·‘Ί","1003","”_—Ρ‹Ζo‰c‘Μ_’c‘Μo‰c","o‰c‘Μ","6"
"1107","’·–μ§_γ“cs_’·‘Ί","1004","”_—Ρ‹Ζo‰c‘Μ_’c‘Μo‰c_–@lo‰c","o‰c‘Μ","6"
"1107","’·–μ§_γ“cs_’·‘Ί","1005","”_‹Ζo‰c‘Μ_v","o‰c‘Μ","127"
"1107","’·–μ§_γ“cs_’·‘Ί","1006","”_‹Ζo‰c‘Μ_Βlo‰c","o‰c‘Μ","122"
"1107","’·–μ§_γ“cs_’·‘Ί","1007","”_‹Ζo‰c‘Μ_’c‘Μo‰c","o‰c‘Μ","5"
"1107","’·–μ§_γ“cs_’·‘Ί","1008","”_‹Ζo‰c‘Μ_’c‘Μo‰c_–@lo‰c","o‰c‘Μ","5"
"1107","’·–μ§_γ“cs_’·‘Ί","1009","—Ρ‹Ζo‰c‘Μ_v","o‰c‘Μ","3"
"1107","’·–μ§_γ“cs_’·‘Ί","1010","—Ρ‹Ζo‰c‘Μ_Βlo‰c","o‰c‘Μ","2"
"1107","’·–μ§_γ“cs_’·‘Ί","1011","—Ρ‹Ζo‰c‘Μ_’c‘Μo‰c","o‰c‘Μ","1"
"1107","’·–μ§_γ“cs_’·‘Ί","1012","—Ρ‹Ζo‰c‘Μ_’c‘Μo‰c_–@lo‰c","o‰c‘Μ","1"
"1108","’·–μ§_γ“cs_•Ξ‘Ί","1001","”_—Ρ‹Ζo‰c‘Μ_v","o‰c‘Μ","145"
"1108","’·–μ§_γ“cs_•Ξ‘Ί","1002","”_—Ρ‹Ζo‰c‘Μ_Βlo‰c","o‰c‘Μ","135"
"1108","’·–μ§_γ“cs_•Ξ‘Ί","1003","”_—Ρ‹Ζo‰c‘Μ_’c‘Μo‰c","o‰c‘Μ","10"
"1108","’·–μ§_γ“cs_•Ξ‘Ί","1004","”_—Ρ‹Ζo‰c‘Μ_’c‘Μo‰c_–@lo‰c","o‰c‘Μ","7"
"1108","’·–μ§_γ“cs_•Ξ‘Ί","1005","”_‹Ζo‰c‘Μ_v","o‰c‘Μ","144"
"1108","’·–μ§_γ“cs_•Ξ‘Ί","1006","”_‹Ζo‰c‘Μ_Βlo‰c","o‰c‘Μ","135"
"1108","’·–μ§_γ“cs_•Ξ‘Ί","1007","”_‹Ζo‰c‘Μ_’c‘Μo‰c","o‰c‘Μ","9"
"1108","’·–μ§_γ“cs_•Ξ‘Ί","1008","”_‹Ζo‰c‘Μ_’c‘Μo‰c_–@lo‰c","o‰c‘Μ","6"
"1108","’·–μ§_γ“cs_•Ξ‘Ί","1009","—Ρ‹Ζo‰c‘Μ_v","o‰c‘Μ","1"
"1108","’·–μ§_γ“cs_•Ξ‘Ί","1010","—Ρ‹Ζo‰c‘Μ_Βlo‰c","o‰c‘Μ","-"
"1108","’·–μ§_γ“cs_•Ξ‘Ί","1011","—Ρ‹Ζo‰c‘Μ_’c‘Μo‰c","o‰c‘Μ","1"
"1108","’·–μ§_γ“cs_•Ξ‘Ί","1012","—Ρ‹Ζo‰c‘Μ_’c‘Μo‰c_–@lo‰c","o‰c‘Μ","1"
"1109","’·–μ§_‰ª’Js","1001","”_—Ρ‹Ζo‰c‘Μ_v","o‰c‘Μ","86"
"1109","’·–μ§_‰ª’Js","1002","”_—Ρ‹Ζo‰c‘Μ_Βlo‰c","o‰c‘Μ","67"
"1109","’·–μ§_‰ª’Js","1003","”_—Ρ‹Ζo‰c‘Μ_’c‘Μo‰c","o‰c‘Μ","19"
"1109","’·–μ§_‰ª’Js","1004","”_—Ρ‹Ζo‰c‘Μ_’c‘Μo‰c_–@lo‰c","o‰c‘Μ","8"
"1109","’·–μ§_‰ª’Js","1005","”_‹Ζo‰c‘Μ_v","o‰c‘Μ","69"
"1109","’·–μ§_‰ª’Js","1006","”_‹Ζo‰c‘Μ_Βlo‰c","o‰c‘Μ","67"
"1109","’·–μ§_‰ª’Js","1007","”_‹Ζo‰c‘Μ_’c‘Μo‰c","o‰c‘Μ","2"
"1109","’·–μ§_‰ª’Js","1008","”_‹Ζo‰c‘Μ_’c‘Μo‰c_–@lo‰c","o‰c‘Μ","1"
"1109","’·–μ§_‰ª’Js","1009","—Ρ‹Ζo‰c‘Μ_v","o‰c‘Μ","18"
"1109","’·–μ§_‰ª’Js","1010","—Ρ‹Ζo‰c‘Μ_Βlo‰c","o‰c‘Μ","1"
"1109","’·–μ§_‰ª’Js","1011","—Ρ‹Ζo‰c‘Μ_’c‘Μo‰c","o‰c‘Μ","17"
"1109","’·–μ§_‰ª’Js","1012","—Ρ‹Ζo‰c‘Μ_’c‘Μo‰c_–@lo‰c","o‰c‘Μ","7"
"1110","’·–μ§_‰ª’Js_‰ª’Js","1001","”_—Ρ‹Ζo‰c‘Μ_v","o‰c‘Μ","37"
"1110","’·–μ§_‰ª’Js_‰ª’Js","1002","”_—Ρ‹Ζo‰c‘Μ_Βlo‰c","o‰c‘Μ","30"
"1110","’·–μ§_‰ª’Js_‰ª’Js","1003","”_—Ρ‹Ζo‰c‘Μ_’c‘Μo‰c","o‰c‘Μ","7"
"1110","’·–μ§_‰ª’Js_‰ª’Js","1004","”_—Ρ‹Ζo‰c‘Μ_’c‘Μo‰c_–@lo‰c","o‰c‘Μ","1"
"1110","’·–μ§_‰ª’Js_‰ª’Js","1005","”_‹Ζo‰c‘Μ_v","o‰c‘Μ","30"
"1110","’·–μ§_‰ª’Js_‰ª’Js","1006","”_‹Ζo‰c‘Μ_Βlo‰c","o‰c‘Μ","30"
"1110","’·–μ§_‰ª’Js_‰ª’Js","1007","”_‹Ζo‰c‘Μ_’c‘Μo‰c","o‰c‘Μ","-"
"1110","’·–μ§_‰ª’Js_‰ª’Js","1008","”_‹Ζo‰c‘Μ_’c‘Μo‰c_–@lo‰c","o‰c‘Μ","-"
"1110","’·–μ§_‰ª’Js_‰ª’Js","1009","—Ρ‹Ζo‰c‘Μ_v","o‰c‘Μ","7"
"1110","’·–μ§_‰ª’Js_‰ª’Js","1010","—Ρ‹Ζo‰c‘Μ_Βlo‰c","o‰c‘Μ","-"
"1110","’·–μ§_‰ª’Js_‰ª’Js","1011","—Ρ‹Ζo‰c‘Μ_’c‘Μo‰c","o‰c‘Μ","7"
"1110","’·–μ§_‰ª’Js_‰ª’Js","1012","—Ρ‹Ζo‰c‘Μ_’c‘Μo‰c_–@lo‰c","o‰c‘Μ","1"
"1111","’·–μ§_‰ª’Js_–©‘Ί","1001","”_—Ρ‹Ζo‰c‘Μ_v","o‰c‘Μ","5"
"1111","’·–μ§_‰ª’Js_–©‘Ί","1002","”_—Ρ‹Ζo‰c‘Μ_Βlo‰c","o‰c‘Μ","1"
"1111","’·–μ§_‰ª’Js_–©‘Ί","1003","”_—Ρ‹Ζo‰c‘Μ_’c‘Μo‰c","o‰c‘Μ","4"
"1111","’·–μ§_‰ª’Js_–©‘Ί","1004","”_—Ρ‹Ζo‰c‘Μ_’c‘Μo‰c_–@lo‰c","o‰c‘Μ","3"
"1111","’·–μ§_‰ª’Js_–©‘Ί","1005","”_‹Ζo‰c‘Μ_v","o‰c‘Μ","1"
"1111","’·–μ§_‰ª’Js_–©‘Ί","1006","”_‹Ζo‰c‘Μ_Βlo‰c","o‰c‘Μ","1"
"1111","’·–μ§_‰ª’Js_–©‘Ί","1007","”_‹Ζo‰c‘Μ_’c‘Μo‰c","o‰c‘Μ","-"
"1111","’·–μ§_‰ª’Js_–©‘Ί","1008","”_‹Ζo‰c‘Μ_’c‘Μo‰c_–@lo‰c","o‰c‘Μ","-"
"1111","’·–μ§_‰ª’Js_–©‘Ί","1009","—Ρ‹Ζo‰c‘Μ_v","o‰c‘Μ","4"
"1111","’·–μ§_‰ª’Js_–©‘Ί","1010","—Ρ‹Ζo‰c‘Μ_Βlo‰c","o‰c‘Μ","-"
"1111","’·–μ§_‰ª’Js_–©‘Ί","1011","—Ρ‹Ζo‰c‘Μ_’c‘Μo‰c","o‰c‘Μ","4"
"1111","’·–μ§_‰ª’Js_–©‘Ί","1012","—Ρ‹Ζo‰c‘Μ_’c‘Μo‰c_–@lo‰c","o‰c‘Μ","3"
"1112","’·–μ§_‰ª’Js_μέ‘Ί","1001","”_—Ρ‹Ζo‰c‘Μ_v","o‰c‘Μ","17"
"1112","’·–μ§_‰ª’Js_μέ‘Ί","1002","”_—Ρ‹Ζo‰c‘Μ_Βlo‰c","o‰c‘Μ","11"
"1112","’·–μ§_‰ª’Js_μέ‘Ί","1003","”_—Ρ‹Ζo‰c‘Μ_’c‘Μo‰c","o‰c‘Μ","6"
"1112","’·–μ§_‰ª’Js_μέ‘Ί","1004","”_—Ρ‹Ζo‰c‘Μ_’c‘Μo‰c_–@lo‰c","o‰c‘Μ","2"
"1112","’·–μ§_‰ª’Js_μέ‘Ί","1005","”_‹Ζo‰c‘Μ_v","o‰c‘Μ","12"
"1112","’·–μ§_‰ª’Js_μέ‘Ί","1006","”_‹Ζo‰c‘Μ_Βlo‰c","o‰c‘Μ","11"
"1112","’·–μ§_‰ª’Js_μέ‘Ί","1007","”_‹Ζo‰c‘Μ_’c‘Μo‰c","o‰c‘Μ","1"
"1112","’·–μ§_‰ª’Js_μέ‘Ί","1008","”_‹Ζo‰c‘Μ_’c‘Μo‰c_–@lo‰c","o‰c‘Μ","-"
"1112","’·–μ§_‰ª’Js_μέ‘Ί","1009","—Ρ‹Ζo‰c‘Μ_v","o‰c‘Μ","5"
"1112","’·–μ§_‰ª’Js_μέ‘Ί","1010","—Ρ‹Ζo‰c‘Μ_Βlo‰c","o‰c‘Μ","-"
"1112","’·–μ§_‰ª’Js_μέ‘Ί","1011","—Ρ‹Ζo‰c‘Μ_’c‘Μo‰c","o‰c‘Μ","5"
"1112","’·–μ§_‰ª’Js_μέ‘Ί","1012","—Ρ‹Ζo‰c‘Μ_’c‘Μo‰c_–@lo‰c","o‰c‘Μ","2"
"1113","’·–μ§_‰ª’Js_’·’n‘Ί‚Q|‚P","1001","”_—Ρ‹Ζo‰c‘Μ_v","o‰c‘Μ","27"
"1113","’·–μ§_‰ª’Js_’·’n‘Ί‚Q|‚P","1002","”_—Ρ‹Ζo‰c‘Μ_Βlo‰c","o‰c‘Μ","25"
"1113","’·–μ§_‰ª’Js_’·’n‘Ί‚Q|‚P","1003","”_—Ρ‹Ζo‰c‘Μ_’c‘Μo‰c","o‰c‘Μ","2"
"1113","’·–μ§_‰ª’Js_’·’n‘Ί‚Q|‚P","1004","”_—Ρ‹Ζo‰c‘Μ_’c‘Μo‰c_–@lo‰c","o‰c‘Μ","2"
"1113","’·–μ§_‰ª’Js_’·’n‘Ί‚Q|‚P","1005","”_‹Ζo‰c‘Μ_v","o‰c‘Μ","26"
"1113","’·–μ§_‰ª’Js_’·’n‘Ί‚Q|‚P","1006","”_‹Ζo‰c‘Μ_Βlo‰c","o‰c‘Μ","25"
"1113","’·–μ§_‰ª’Js_’·’n‘Ί‚Q|‚P","1007","”_‹Ζo‰c‘Μ_’c‘Μo‰c","o‰c‘Μ","1"
"1113","’·–μ§_‰ª’Js_’·’n‘Ί‚Q|‚P","1008","”_‹Ζo‰c‘Μ_’c‘Μo‰c_–@lo‰c","o‰c‘Μ","1"
"1113","’·–μ§_‰ª’Js_’·’n‘Ί‚Q|‚P","1009","—Ρ‹Ζo‰c‘Μ_v","o‰c‘Μ","2"
"1113","’·–μ§_‰ª’Js_’·’n‘Ί‚Q|‚P","1010","—Ρ‹Ζo‰c‘Μ_Βlo‰c","o‰c‘Μ","1"
"1113","’·–μ§_‰ª’Js_’·’n‘Ί‚Q|‚P","1011","—Ρ‹Ζo‰c‘Μ_’c‘Μo‰c","o‰c‘Μ","1"
"1113","’·–μ§_‰ª’Js_’·’n‘Ί‚Q|‚P","1012","—Ρ‹Ζo‰c‘Μ_’c‘Μo‰c_–@lo‰c","o‰c‘Μ","1"
"1114","’·–μ§_”Ρ“cs","1001","”_—Ρ‹Ζo‰c‘Μ_v","o‰c‘Μ","1777"
"1114","’·–μ§_”Ρ“cs","1002","”_—Ρ‹Ζo‰c‘Μ_Βlo‰c","o‰c‘Μ","1705"
"1114","’·–μ§_”Ρ“cs","1003","”_—Ρ‹Ζo‰c‘Μ_’c‘Μo‰c","o‰c‘Μ","72"
"1114","’·–μ§_”Ρ“cs","1004","”_—Ρ‹Ζo‰c‘Μ_’c‘Μo‰c_–@lo‰c","o‰c‘Μ","58"
"1114","’·–μ§_”Ρ“cs","1005","”_‹Ζo‰c‘Μ_v","o‰c‘Μ","1752"
"1114","’·–μ§_”Ρ“cs","1006","”_‹Ζo‰c‘Μ_Βlo‰c","o‰c‘Μ","1703"
"1114","’·–μ§_”Ρ“cs","1007","”_‹Ζo‰c‘Μ_’c‘Μo‰c","o‰c‘Μ","49"
"1114","’·–μ§_”Ρ“cs","1008","”_‹Ζo‰c‘Μ_’c‘Μo‰c_–@lo‰c","o‰c‘Μ","49"
"1114","’·–μ§_”Ρ“cs","1009","—Ρ‹Ζo‰c‘Μ_v","o‰c‘Μ","39"
"1114","’·–μ§_”Ρ“cs","1010","—Ρ‹Ζo‰c‘Μ_Βlo‰c","o‰c‘Μ","16"
"1114","’·–μ§_”Ρ“cs","1011","—Ρ‹Ζo‰c‘Μ_’c‘Μo‰c","o‰c‘Μ","23"
"1114","’·–μ§_”Ρ“cs","1012","—Ρ‹Ζo‰c‘Μ_’c‘Μo‰c_–@lo‰c","o‰c‘Μ","9"
"1115","’·–μ§_”Ρ“cs_”Ρ“cs","1001","”_—Ρ‹Ζo‰c‘Μ_v","o‰c‘Μ","101"
"1115","’·–μ§_”Ρ“cs_”Ρ“cs","1002","”_—Ρ‹Ζo‰c‘Μ_Βlo‰c","o‰c‘Μ","95"
"1115","’·–μ§_”Ρ“cs_”Ρ“cs","1003","”_—Ρ‹Ζo‰c‘Μ_’c‘Μo‰c","o‰c‘Μ","6"
"1115","’·–μ§_”Ρ“cs_”Ρ“cs","1004","”_—Ρ‹Ζo‰c‘Μ_’c‘Μo‰c_–@lo‰c","o‰c‘Μ","4"
"1115","’·–μ§_”Ρ“cs_”Ρ“cs","1005","”_‹Ζo‰c‘Μ_v","o‰c‘Μ","96"
"1115","’·–μ§_”Ρ“cs_”Ρ“cs","1006","”_‹Ζo‰c‘Μ_Βlo‰c","o‰c‘Μ","94"
"1115","’·–μ§_”Ρ“cs_”Ρ“cs","1007","”_‹Ζo‰c‘Μ_’c‘Μo‰c","o‰c‘Μ","2"
"1115","’·–μ§_”Ρ“cs_”Ρ“cs","1008","”_‹Ζo‰c‘Μ_’c‘Μo‰c_–@lo‰c","o‰c‘Μ","2"
"1115","’·–μ§_”Ρ“cs_”Ρ“cs","1009","—Ρ‹Ζo‰c‘Μ_v","o‰c‘Μ","5"
"1115","’·–μ§_”Ρ“cs_”Ρ“cs","1010","—Ρ‹Ζo‰c‘Μ_Βlo‰c","o‰c‘Μ","1"
"1115","’·–μ§_”Ρ“cs_”Ρ“cs","1011","—Ρ‹Ζo‰c‘Μ_’c‘Μo‰c","o‰c‘Μ","4"
"1115","’·–μ§_”Ρ“cs_”Ρ“cs","1012","—Ρ‹Ζo‰c‘Μ_’c‘Μo‰c_–@lo‰c","o‰c‘Μ","2"
"1116","’·–μ§_”Ρ“cs_—³‹u‘Ί","1001","”_—Ρ‹Ζo‰c‘Μ_v","o‰c‘Μ","104"
"1116","’·–μ§_”Ρ“cs_—³‹u‘Ί","1002","”_—Ρ‹Ζo‰c‘Μ_Βlo‰c","o‰c‘Μ","99"
"1116","’·–μ§_”Ρ“cs_—³‹u‘Ί","1003","”_—Ρ‹Ζo‰c‘Μ_’c‘Μo‰c","o‰c‘Μ","5"
"1116","’·–μ§_”Ρ“cs_—³‹u‘Ί","1004","”_—Ρ‹Ζo‰c‘Μ_’c‘Μo‰c_–@lo‰c","o‰c‘Μ","3"
"1116","’·–μ§_”Ρ“cs_—³‹u‘Ί","1005","”_‹Ζo‰c‘Μ_v","o‰c‘Μ","102"
"1116","’·–μ§_”Ρ“cs_—³‹u‘Ί","1006","”_‹Ζo‰c‘Μ_Βlo‰c","o‰c‘Μ","99"
"1116","’·–μ§_”Ρ“cs_—³‹u‘Ί","1007","”_‹Ζo‰c‘Μ_’c‘Μo‰c","o‰c‘Μ","3"
"1116","’·–μ§_”Ρ“cs_—³‹u‘Ί","1008","”_‹Ζo‰c‘Μ_’c‘Μo‰c_–@lo‰c","o‰c‘Μ","3"
"1116","’·–μ§_”Ρ“cs_—³‹u‘Ί","1009","—Ρ‹Ζo‰c‘Μ_v","o‰c‘Μ","3"
"1116","’·–μ§_”Ρ“cs_—³‹u‘Ί","1010","—Ρ‹Ζo‰c‘Μ_Βlo‰c","o‰c‘Μ","1"
"1116","’·–μ§_”Ρ“cs_—³‹u‘Ί","1011","—Ρ‹Ζo‰c‘Μ_’c‘Μo‰c","o‰c‘Μ","2"
"1116","’·–μ§_”Ρ“cs_—³‹u‘Ί","1012","—Ρ‹Ζo‰c‘Μ_’c‘Μo‰c_–@lo‰c","o‰c‘Μ","-"
"1117","’·–μ§_”Ρ“cs_‰Ί‹v‘Ί","1001","”_—Ρ‹Ζo‰c‘Μ_v","o‰c‘Μ","94"
"1117","’·–μ§_”Ρ“cs_‰Ί‹v‘Ί","1002","”_—Ρ‹Ζo‰c‘Μ_Βlo‰c","o‰c‘Μ","90"
"1117","’·–μ§_”Ρ“cs_‰Ί‹v‘Ί","1003","”_—Ρ‹Ζo‰c‘Μ_’c‘Μo‰c","o‰c‘Μ","4"
"1117","’·–μ§_”Ρ“cs_‰Ί‹v‘Ί","1004","”_—Ρ‹Ζo‰c‘Μ_’c‘Μo‰c_–@lo‰c","o‰c‘Μ","3"
"1117","’·–μ§_”Ρ“cs_‰Ί‹v‘Ί","1005","”_‹Ζo‰c‘Μ_v","o‰c‘Μ","93"
"1117","’·–μ§_”Ρ“cs_‰Ί‹v‘Ί","1006","”_‹Ζo‰c‘Μ_Βlo‰c","o‰c‘Μ","90"
"1117","’·–μ§_”Ρ“cs_‰Ί‹v‘Ί","1007","”_‹Ζo‰c‘Μ_’c‘Μo‰c","o‰c‘Μ","3"
"1117","’·–μ§_”Ρ“cs_‰Ί‹v‘Ί","1008","”_‹Ζo‰c‘Μ_’c‘Μo‰c_–@lo‰c","o‰c‘Μ","3"
"1117","’·–μ§_”Ρ“cs_‰Ί‹v‘Ί","1009","—Ρ‹Ζo‰c‘Μ_v","o‰c‘Μ","3"
"1117","’·–μ§_”Ρ“cs_‰Ί‹v‘Ί","1010","—Ρ‹Ζo‰c‘Μ_Βlo‰c","o‰c‘Μ","2"
"1117","’·–μ§_”Ρ“cs_‰Ί‹v‘Ί","1011","—Ρ‹Ζo‰c‘Μ_’c‘Μo‰c","o‰c‘Μ","1"
"1117","’·–μ§_”Ρ“cs_‰Ί‹v‘Ί","1012","—Ρ‹Ζo‰c‘Μ_’c‘Μo‰c_–@lo‰c","o‰c‘Μ","-"
"1118","’·–μ§_”Ρ“cs_ΐυ›‘Ί","1001","”_—Ρ‹Ζo‰c‘Μ_v","o‰c‘Μ","173"
"1118","’·–μ§_”Ρ“cs_ΐυ›‘Ί","1002","”_—Ρ‹Ζo‰c‘Μ_Βlo‰c","o‰c‘Μ","168"
"1118","’·–μ§_”Ρ“cs_ΐυ›‘Ί","1003","”_—Ρ‹Ζo‰c‘Μ_’c‘Μo‰c","o‰c‘Μ","5"
"1118","’·–μ§_”Ρ“cs_ΐυ›‘Ί","1004","”_—Ρ‹Ζo‰c‘Μ_’c‘Μo‰c_–@lo‰c","o‰c‘Μ","4"
"1118","’·–μ§_”Ρ“cs_ΐυ›‘Ί","1005","”_‹Ζo‰c‘Μ_v","o‰c‘Μ","172"
"1118","’·–μ§_”Ρ“cs_ΐυ›‘Ί","1006","”_‹Ζo‰c‘Μ_Βlo‰c","o‰c‘Μ","168"
"1118","’·–μ§_”Ρ“cs_ΐυ›‘Ί","1007","”_‹Ζo‰c‘Μ_’c‘Μo‰c","o‰c‘Μ","4"
"1118","’·–μ§_”Ρ“cs_ΐυ›‘Ί","1008","”_‹Ζo‰c‘Μ_’c‘Μo‰c_–@lo‰c","o‰c‘Μ","4"
"1118","’·–μ§_”Ρ“cs_ΐυ›‘Ί","1009","—Ρ‹Ζo‰c‘Μ_v","o‰c‘Μ","1"
"1118","’·–μ§_”Ρ“cs_ΐυ›‘Ί","1010","—Ρ‹Ζo‰c‘Μ_Βlo‰c","o‰c‘Μ","-"
"1118","’·–μ§_”Ρ“cs_ΐυ›‘Ί","1011","—Ρ‹Ζo‰c‘Μ_’c‘Μo‰c","o‰c‘Μ","1"
"1118","’·–μ§_”Ρ“cs_ΐυ›‘Ί","1012","—Ρ‹Ζo‰c‘Μ_’c‘Μo‰c_–@lo‰c","o‰c‘Μ","-"
"1119","’·–μ§_”Ρ“cs_Ό”φ‘Ί","1001","”_—Ρ‹Ζo‰c‘Μ_v","o‰c‘Μ","86"
"1119","’·–μ§_”Ρ“cs_Ό”φ‘Ί","1002","”_—Ρ‹Ζo‰c‘Μ_Βlo‰c","o‰c‘Μ","84"
"1119","’·–μ§_”Ρ“cs_Ό”φ‘Ί","1003","”_—Ρ‹Ζo‰c‘Μ_’c‘Μo‰c","o‰c‘Μ","2"
"1119","’·–μ§_”Ρ“cs_Ό”φ‘Ί","1004","”_—Ρ‹Ζo‰c‘Μ_’c‘Μo‰c_–@lo‰c","o‰c‘Μ","1"
"1119","’·–μ§_”Ρ“cs_Ό”φ‘Ί","1005","”_‹Ζo‰c‘Μ_v","o‰c‘Μ","85"
"1119","’·–μ§_”Ρ“cs_Ό”φ‘Ί","1006","”_‹Ζo‰c‘Μ_Βlo‰c","o‰c‘Μ","84"
"1119","’·–μ§_”Ρ“cs_Ό”φ‘Ί","1007","”_‹Ζo‰c‘Μ_’c‘Μo‰c","o‰c‘Μ","1"
"1119","’·–μ§_”Ρ“cs_Ό”φ‘Ί","1008","”_‹Ζo‰c‘Μ_’c‘Μo‰c_–@lo‰c","o‰c‘Μ","1"
"1119","’·–μ§_”Ρ“cs_Ό”φ‘Ί","1009","—Ρ‹Ζo‰c‘Μ_v","o‰c‘Μ","1"
"1119","’·–μ§_”Ρ“cs_Ό”φ‘Ί","1010","—Ρ‹Ζo‰c‘Μ_Βlo‰c","o‰c‘Μ","-"
"1119","’·–μ§_”Ρ“cs_Ό”φ‘Ί","1011","—Ρ‹Ζo‰c‘Μ_’c‘Μo‰c","o‰c‘Μ","1"
"1119","’·–μ§_”Ρ“cs_Ό”φ‘Ί","1012","—Ρ‹Ζo‰c‘Μ_’c‘Μo‰c_–@lo‰c","o‰c‘Μ","-"
"1120","’·–μ§_”Ρ“cs_R–{‘Ί","1001","”_—Ρ‹Ζo‰c‘Μ_v","o‰c‘Μ","148"
"1120","’·–μ§_”Ρ“cs_R–{‘Ί","1002","”_—Ρ‹Ζo‰c‘Μ_Βlo‰c","o‰c‘Μ","141"
"1120","’·–μ§_”Ρ“cs_R–{‘Ί","1003","”_—Ρ‹Ζo‰c‘Μ_’c‘Μo‰c","o‰c‘Μ","7"
"1120","’·–μ§_”Ρ“cs_R–{‘Ί","1004","”_—Ρ‹Ζo‰c‘Μ_’c‘Μo‰c_–@lo‰c","o‰c‘Μ","6"
"1120","’·–μ§_”Ρ“cs_R–{‘Ί","1005","”_‹Ζo‰c‘Μ_v","o‰c‘Μ","147"
"1120","’·–μ§_”Ρ“cs_R–{‘Ί","1006","”_‹Ζo‰c‘Μ_Βlo‰c","o‰c‘Μ","141"
"1120","’·–μ§_”Ρ“cs_R–{‘Ί","1007","”_‹Ζo‰c‘Μ_’c‘Μo‰c","o‰c‘Μ","6"
"1120","’·–μ§_”Ρ“cs_R–{‘Ί","1008","”_‹Ζo‰c‘Μ_’c‘Μo‰c_–@lo‰c","o‰c‘Μ","6"
"1120","’·–μ§_”Ρ“cs_R–{‘Ί","1009","—Ρ‹Ζo‰c‘Μ_v","o‰c‘Μ","5"
"1120","’·–μ§_”Ρ“cs_R–{‘Ί","1010","—Ρ‹Ζo‰c‘Μ_Βlo‰c","o‰c‘Μ","4"
"1120","’·–μ§_”Ρ“cs_R–{‘Ί","1011","—Ρ‹Ζo‰c‘Μ_’c‘Μo‰c","o‰c‘Μ","1"
"1120","’·–μ§_”Ρ“cs_R–{‘Ί","1012","—Ρ‹Ζo‰c‘Μ_’c‘Μo‰c_–@lo‰c","o‰c‘Μ","-"
"1121","’·–μ§_”Ρ“cs_O•δ‘Ί","1001","”_—Ρ‹Ζo‰c‘Μ_v","o‰c‘Μ","120"
"1121","’·–μ§_”Ρ“cs_O•δ‘Ί","1002","”_—Ρ‹Ζo‰c‘Μ_Βlo‰c","o‰c‘Μ","115"
"1121","’·–μ§_”Ρ“cs_O•δ‘Ί","1003","”_—Ρ‹Ζo‰c‘Μ_’c‘Μo‰c","o‰c‘Μ","5"
"1121","’·–μ§_”Ρ“cs_O•δ‘Ί","1004","”_—Ρ‹Ζo‰c‘Μ_’c‘Μo‰c_–@lo‰c","o‰c‘Μ","4"
"1121","’·–μ§_”Ρ“cs_O•δ‘Ί","1005","”_‹Ζo‰c‘Μ_v","o‰c‘Μ","119"
"1121","’·–μ§_”Ρ“cs_O•δ‘Ί","1006","”_‹Ζo‰c‘Μ_Βlo‰c","o‰c‘Μ","115"
"1121","’·–μ§_”Ρ“cs_O•δ‘Ί","1007","”_‹Ζo‰c‘Μ_’c‘Μo‰c","o‰c‘Μ","4"
"1121","’·–μ§_”Ρ“cs_O•δ‘Ί","1008","”_‹Ζo‰c‘Μ_’c‘Μo‰c_–@lo‰c","o‰c‘Μ","4"
"1121","’·–μ§_”Ρ“cs_O•δ‘Ί","1009","—Ρ‹Ζo‰c‘Μ_v","o‰c‘Μ","1"
"1121","’·–μ§_”Ρ“cs_O•δ‘Ί","1010","—Ρ‹Ζo‰c‘Μ_Βlo‰c","o‰c‘Μ","-"
"1121","’·–μ§_”Ρ“cs_O•δ‘Ί","1011","—Ρ‹Ζo‰c‘Μ_’c‘Μo‰c","o‰c‘Μ","1"
"1121","’·–μ§_”Ρ“cs_O•δ‘Ί","1012","—Ρ‹Ζo‰c‘Μ_’c‘Μo‰c_–@lo‰c","o‰c‘Μ","-"
"1122","’·–μ§_”Ρ“cs_Ι‰κ—Η‘Ί","1001","”_—Ρ‹Ζo‰c‘Μ_v","o‰c‘Μ","343"
"1122","’·–μ§_”Ρ“cs_Ι‰κ—Η‘Ί","1002","”_—Ρ‹Ζo‰c‘Μ_Βlo‰c","o‰c‘Μ","332"
"1122","’·–μ§_”Ρ“cs_Ι‰κ—Η‘Ί","1003","”_—Ρ‹Ζo‰c‘Μ_’c‘Μo‰c","o‰c‘Μ","11"
"1122","’·–μ§_”Ρ“cs_Ι‰κ—Η‘Ί","1004","”_—Ρ‹Ζo‰c‘Μ_’c‘Μo‰c_–@lo‰c","o‰c‘Μ","8"
"1122","’·–μ§_”Ρ“cs_Ι‰κ—Η‘Ί","1005","”_‹Ζo‰c‘Μ_v","o‰c‘Μ","339"
"1122","’·–μ§_”Ρ“cs_Ι‰κ—Η‘Ί","1006","”_‹Ζo‰c‘Μ_Βlo‰c","o‰c‘Μ","332"
"1122","’·–μ§_”Ρ“cs_Ι‰κ—Η‘Ί","1007","”_‹Ζo‰c‘Μ_’c‘Μo‰c","o‰c‘Μ","7"
"1122","’·–μ§_”Ρ“cs_Ι‰κ—Η‘Ί","1008","”_‹Ζo‰c‘Μ_’c‘Μo‰c_–@lo‰c","o‰c‘Μ","7"
"1122","’·–μ§_”Ρ“cs_Ι‰κ—Η‘Ί","1009","—Ρ‹Ζo‰c‘Μ_v","o‰c‘Μ","4"
"1122","’·–μ§_”Ρ“cs_Ι‰κ—Η‘Ί","1010","—Ρ‹Ζo‰c‘Μ_Βlo‰c","o‰c‘Μ","-"
"1122","’·–μ§_”Ρ“cs_Ι‰κ—Η‘Ί","1011","—Ρ‹Ζo‰c‘Μ_’c‘Μo‰c","o‰c‘Μ","4"
"1122","’·–μ§_”Ρ“cs_Ι‰κ—Η‘Ί","1012","—Ρ‹Ζo‰c‘Μ_’c‘Μo‰c_–@lo‰c","o‰c‘Μ","1"
"1123","’·–μ§_”Ρ“cs_μH‘Ί","1001","”_—Ρ‹Ζo‰c‘Μ_v","o‰c‘Μ","31"
"1123","’·–μ§_”Ρ“cs_μH‘Ί","1002","”_—Ρ‹Ζo‰c‘Μ_Βlo‰c","o‰c‘Μ","31"
"1123","’·–μ§_”Ρ“cs_μH‘Ί","1003","”_—Ρ‹Ζo‰c‘Μ_’c‘Μo‰c","o‰c‘Μ","-"
"1123","’·–μ§_”Ρ“cs_μH‘Ί","1004","”_—Ρ‹Ζo‰c‘Μ_’c‘Μo‰c_–@lo‰c","o‰c‘Μ","-"
"1123","’·–μ§_”Ρ“cs_μH‘Ί","1005","”_‹Ζo‰c‘Μ_v","o‰c‘Μ","31"
"1123","’·–μ§_”Ρ“cs_μH‘Ί","1006","”_‹Ζo‰c‘Μ_Βlo‰c","o‰c‘Μ","31"
"1123","’·–μ§_”Ρ“cs_μH‘Ί","1007","”_‹Ζo‰c‘Μ_’c‘Μo‰c","o‰c‘Μ","-"
"1123","’·–μ§_”Ρ“cs_μH‘Ί","1008","”_‹Ζo‰c‘Μ_’c‘Μo‰c_–@lo‰c","o‰c‘Μ","-"
"1123","’·–μ§_”Ρ“cs_μH‘Ί","1009","—Ρ‹Ζo‰c‘Μ_v","o‰c‘Μ","1"
"1123","’·–μ§_”Ρ“cs_μH‘Ί","1010","—Ρ‹Ζo‰c‘Μ_Βlo‰c","o‰c‘Μ","1"
"1123","’·–μ§_”Ρ“cs_μH‘Ί","1011","—Ρ‹Ζo‰c‘Μ_’c‘Μo‰c","o‰c‘Μ","-"
"1123","’·–μ§_”Ρ“cs_μH‘Ί","1012","—Ρ‹Ζo‰c‘Μ_’c‘Μo‰c_–@lo‰c","o‰c‘Μ","-"
"1124","’·–μ§_”Ρ“cs_η‘γ‘Ί","1001","”_—Ρ‹Ζo‰c‘Μ_v","o‰c‘Μ","75"
"1124","’·–μ§_”Ρ“cs_η‘γ‘Ί","1002","”_—Ρ‹Ζo‰c‘Μ_Βlo‰c","o‰c‘Μ","69"
"1124","’·–μ§_”Ρ“cs_η‘γ‘Ί","1003","”_—Ρ‹Ζo‰c‘Μ_’c‘Μo‰c","o‰c‘Μ","6"
"1124","’·–μ§_”Ρ“cs_η‘γ‘Ί","1004","”_—Ρ‹Ζo‰c‘Μ_’c‘Μo‰c_–@lo‰c","o‰c‘Μ","5"
"1124","’·–μ§_”Ρ“cs_η‘γ‘Ί","1005","”_‹Ζo‰c‘Μ_v","o‰c‘Μ","69"
"1124","’·–μ§_”Ρ“cs_η‘γ‘Ί","1006","”_‹Ζo‰c‘Μ_Βlo‰c","o‰c‘Μ","68"
"1124","’·–μ§_”Ρ“cs_η‘γ‘Ί","1007","”_‹Ζo‰c‘Μ_’c‘Μo‰c","o‰c‘Μ","1"
"1124","’·–μ§_”Ρ“cs_η‘γ‘Ί","1008","”_‹Ζo‰c‘Μ_’c‘Μo‰c_–@lo‰c","o‰c‘Μ","1"
"1124","’·–μ§_”Ρ“cs_η‘γ‘Ί","1009","—Ρ‹Ζo‰c‘Μ_v","o‰c‘Μ","9"
"1124","’·–μ§_”Ρ“cs_η‘γ‘Ί","1010","—Ρ‹Ζo‰c‘Μ_Βlo‰c","o‰c‘Μ","4"
"1124","’·–μ§_”Ρ“cs_η‘γ‘Ί","1011","—Ρ‹Ζo‰c‘Μ_’c‘Μo‰c","o‰c‘Μ","5"
"1124","’·–μ§_”Ρ“cs_η‘γ‘Ί","1012","—Ρ‹Ζo‰c‘Μ_’c‘Μo‰c_–@lo‰c","o‰c‘Μ","4"
"1125","’·–μ§_”Ρ“cs_—³]‘Ί","1001","”_—Ρ‹Ζo‰c‘Μ_v","o‰c‘Μ","99"
"1125","’·–μ§_”Ρ“cs_—³]‘Ί","1002","”_—Ρ‹Ζo‰c‘Μ_Βlo‰c","o‰c‘Μ","95"
"1125","’·–μ§_”Ρ“cs_—³]‘Ί","1003","”_—Ρ‹Ζo‰c‘Μ_’c‘Μo‰c","o‰c‘Μ","4"
"1125","’·–μ§_”Ρ“cs_—³]‘Ί","1004","”_—Ρ‹Ζo‰c‘Μ_’c‘Μo‰c_–@lo‰c","o‰c‘Μ","4"
"1125","’·–μ§_”Ρ“cs_—³]‘Ί","1005","”_‹Ζo‰c‘Μ_v","o‰c‘Μ","99"
"1125","’·–μ§_”Ρ“cs_—³]‘Ί","1006","”_‹Ζo‰c‘Μ_Βlo‰c","o‰c‘Μ","95"
"1125","’·–μ§_”Ρ“cs_—³]‘Ί","1007","”_‹Ζo‰c‘Μ_’c‘Μo‰c","o‰c‘Μ","4"
"1125","’·–μ§_”Ρ“cs_—³]‘Ί","1008","”_‹Ζo‰c‘Μ_’c‘Μo‰c_–@lo‰c","o‰c‘Μ","4"
"1125","’·–μ§_”Ρ“cs_—³]‘Ί","1009","—Ρ‹Ζo‰c‘Μ_v","o‰c‘Μ","1"
"1125","’·–μ§_”Ρ“cs_—³]‘Ί","1010","—Ρ‹Ζo‰c‘Μ_Βlo‰c","o‰c‘Μ","1"
"1125","’·–μ§_”Ρ“cs_—³]‘Ί","1011","—Ρ‹Ζo‰c‘Μ_’c‘Μo‰c","o‰c‘Μ","-"
"1125","’·–μ§_”Ρ“cs_—³]‘Ί","1012","—Ρ‹Ζo‰c‘Μ_’c‘Μo‰c_–@lo‰c","o‰c‘Μ","-"
"1126","’·–μ§_”Ρ“cs_γ‹v‘Ί","1001","”_—Ρ‹Ζo‰c‘Μ_v","o‰c‘Μ","48"
"1126","’·–μ§_”Ρ“cs_γ‹v‘Ί","1002","”_—Ρ‹Ζo‰c‘Μ_Βlo‰c","o‰c‘Μ","47"
"1126","’·–μ§_”Ρ“cs_γ‹v‘Ί","1003","”_—Ρ‹Ζo‰c‘Μ_’c‘Μo‰c","o‰c‘Μ","1"
"1126","’·–μ§_”Ρ“cs_γ‹v‘Ί","1004","”_—Ρ‹Ζo‰c‘Μ_’c‘Μo‰c_–@lo‰c","o‰c‘Μ","1"
"1126","’·–μ§_”Ρ“cs_γ‹v‘Ί","1005","”_‹Ζo‰c‘Μ_v","o‰c‘Μ","48"
"1126","’·–μ§_”Ρ“cs_γ‹v‘Ί","1006","”_‹Ζo‰c‘Μ_Βlo‰c","o‰c‘Μ","47"
"1126","’·–μ§_”Ρ“cs_γ‹v‘Ί","1007","”_‹Ζo‰c‘Μ_’c‘Μo‰c","o‰c‘Μ","1"
"1126","’·–μ§_”Ρ“cs_γ‹v‘Ί","1008","”_‹Ζo‰c‘Μ_’c‘Μo‰c_–@lo‰c","o‰c‘Μ","1"
"1126","’·–μ§_”Ρ“cs_γ‹v‘Ί","1009","—Ρ‹Ζo‰c‘Μ_v","o‰c‘Μ","1"
"1126","’·–μ§_”Ρ“cs_γ‹v‘Ί","1010","—Ρ‹Ζo‰c‘Μ_Βlo‰c","o‰c‘Μ","1"
"1126","’·–μ§_”Ρ“cs_γ‹v‘Ί","1011","—Ρ‹Ζo‰c‘Μ_’c‘Μo‰c","o‰c‘Μ","-"
"1126","’·–μ§_”Ρ“cs_γ‹v‘Ί","1012","—Ρ‹Ζo‰c‘Μ_’c‘Μo‰c_–@lo‰c","o‰c‘Μ","-"
"1127","’·–μ§_”Ρ“cs_“C’¬","1001","”_—Ρ‹Ζo‰c‘Μ_v","o‰c‘Μ","112"
"1127","’·–μ§_”Ρ“cs_“C’¬","1002","”_—Ρ‹Ζo‰c‘Μ_Βlo‰c","o‰c‘Μ","107"
"1127","’·–μ§_”Ρ“cs_“C’¬","1003","”_—Ρ‹Ζo‰c‘Μ_’c‘Μo‰c","o‰c‘Μ","5"
"1127","’·–μ§_”Ρ“cs_“C’¬","1004","”_—Ρ‹Ζo‰c‘Μ_’c‘Μo‰c_–@lo‰c","o‰c‘Μ","4"
"1127","’·–μ§_”Ρ“cs_“C’¬","1005","”_‹Ζo‰c‘Μ_v","o‰c‘Μ","111"
"1127","’·–μ§_”Ρ“cs_“C’¬","1006","”_‹Ζo‰c‘Μ_Βlo‰c","o‰c‘Μ","107"
"1127","’·–μ§_”Ρ“cs_“C’¬","1007","”_‹Ζo‰c‘Μ_’c‘Μo‰c","o‰c‘Μ","4"
"1127","’·–μ§_”Ρ“cs_“C’¬","1008","”_‹Ζo‰c‘Μ_’c‘Μo‰c_–@lo‰c","o‰c‘Μ","4"
"1127","’·–μ§_”Ρ“cs_“C’¬","1009","—Ρ‹Ζo‰c‘Μ_v","o‰c‘Μ","1"
"1127","’·–μ§_”Ρ“cs_“C’¬","1010","—Ρ‹Ζo‰c‘Μ_Βlo‰c","o‰c‘Μ","-"
"1127","’·–μ§_”Ρ“cs_“C’¬","1011","—Ρ‹Ζo‰c‘Μ_’c‘Μo‰c","o‰c‘Μ","1"
"1127","’·–μ§_”Ρ“cs_“C’¬","1012","—Ρ‹Ζo‰c‘Μ_’c‘Μo‰c_–@lo‰c","o‰c‘Μ","-"
"1128","’·–μ§_”Ρ“cs_γ‹½’¬","1001","”_—Ρ‹Ζo‰c‘Μ_v","o‰c‘Μ","219"
"1128","’·–μ§_”Ρ“cs_γ‹½’¬","1002","”_—Ρ‹Ζo‰c‘Μ_Βlo‰c","o‰c‘Μ","210"
"1128","’·–μ§_”Ρ“cs_γ‹½’¬","1003","”_—Ρ‹Ζo‰c‘Μ_’c‘Μo‰c","o‰c‘Μ","9"
"1128","’·–μ§_”Ρ“cs_γ‹½’¬","1004","”_—Ρ‹Ζo‰c‘Μ_’c‘Μo‰c_–@lo‰c","o‰c‘Μ","9"
"1128","’·–μ§_”Ρ“cs_γ‹½’¬","1005","”_‹Ζo‰c‘Μ_v","o‰c‘Μ","219"
"1128","’·–μ§_”Ρ“cs_γ‹½’¬","1006","”_‹Ζo‰c‘Μ_Βlo‰c","o‰c‘Μ","210"
"1128","’·–μ§_”Ρ“cs_γ‹½’¬","1007","”_‹Ζo‰c‘Μ_’c‘Μo‰c","o‰c‘Μ","9"
"1128","’·–μ§_”Ρ“cs_γ‹½’¬","1008","”_‹Ζo‰c‘Μ_’c‘Μo‰c_–@lo‰c","o‰c‘Μ","9"
"1128","’·–μ§_”Ρ“cs_γ‹½’¬","1009","—Ρ‹Ζo‰c‘Μ_v","o‰c‘Μ","-"
"1128","’·–μ§_”Ρ“cs_γ‹½’¬","1010","—Ρ‹Ζo‰c‘Μ_Βlo‰c","o‰c‘Μ","-"
"1128","’·–μ§_”Ρ“cs_γ‹½’¬","1011","—Ρ‹Ζo‰c‘Μ_’c‘Μo‰c","o‰c‘Μ","-"
"1128","’·–μ§_”Ρ“cs_γ‹½’¬","1012","—Ρ‹Ζo‰c‘Μ_’c‘Μo‰c_–@lo‰c","o‰c‘Μ","-"
"1129","’·–μ§_”Ρ“cs_γ‘Ί","1001","”_—Ρ‹Ζo‰c‘Μ_v","o‰c‘Μ","11"
"1129","’·–μ§_”Ρ“cs_γ‘Ί","1002","”_—Ρ‹Ζo‰c‘Μ_Βlo‰c","o‰c‘Μ","11"
"1129","’·–μ§_”Ρ“cs_γ‘Ί","1003","”_—Ρ‹Ζo‰c‘Μ_’c‘Μo‰c","o‰c‘Μ","-"
"1129","’·–μ§_”Ρ“cs_γ‘Ί","1004","”_—Ρ‹Ζo‰c‘Μ_’c‘Μo‰c_–@lo‰c","o‰c‘Μ","-"
"1129","’·–μ§_”Ρ“cs_γ‘Ί","1005","”_‹Ζo‰c‘Μ_v","o‰c‘Μ","11"
"1129","’·–μ§_”Ρ“cs_γ‘Ί","1006","”_‹Ζo‰c‘Μ_Βlo‰c","o‰c‘Μ","11"
"1129","’·–μ§_”Ρ“cs_γ‘Ί","1007","”_‹Ζo‰c‘Μ_’c‘Μo‰c","o‰c‘Μ","-"
"1129","’·–μ§_”Ρ“cs_γ‘Ί","1008","”_‹Ζo‰c‘Μ_’c‘Μo‰c_–@lo‰c","o‰c‘Μ","-"
"1129","’·–μ§_”Ρ“cs_γ‘Ί","1009","—Ρ‹Ζo‰c‘Μ_v","o‰c‘Μ","-"
"1129","’·–μ§_”Ρ“cs_γ‘Ί","1010","—Ρ‹Ζo‰c‘Μ_Βlo‰c","o‰c‘Μ","-"
"1129","’·–μ§_”Ρ“cs_γ‘Ί","1011","—Ρ‹Ζo‰c‘Μ_’c‘Μo‰c","o‰c‘Μ","-"
"1129","’·–μ§_”Ρ“cs_γ‘Ί","1012","—Ρ‹Ζo‰c‘Μ_’c‘Μo‰c_–@lo‰c","o‰c‘Μ","-"
"1130","’·–μ§_”Ρ“cs_–Ψ‘ς‘Ί","1001","”_—Ρ‹Ζo‰c‘Μ_v","o‰c‘Μ","3"
"1130","’·–μ§_”Ρ“cs_–Ψ‘ς‘Ί","1002","”_—Ρ‹Ζo‰c‘Μ_Βlo‰c","o‰c‘Μ","2"
"1130","’·–μ§_”Ρ“cs_–Ψ‘ς‘Ί","1003","”_—Ρ‹Ζo‰c‘Μ_’c‘Μo‰c","o‰c‘Μ","1"
"1130","’·–μ§_”Ρ“cs_–Ψ‘ς‘Ί","1004","”_—Ρ‹Ζo‰c‘Μ_’c‘Μo‰c_–@lo‰c","o‰c‘Μ","1"
"1130","’·–μ§_”Ρ“cs_–Ψ‘ς‘Ί","1005","”_‹Ζo‰c‘Μ_v","o‰c‘Μ","2"
"1130","’·–μ§_”Ρ“cs_–Ψ‘ς‘Ί","1006","”_‹Ζo‰c‘Μ_Βlo‰c","o‰c‘Μ","2"
"1130","’·–μ§_”Ρ“cs_–Ψ‘ς‘Ί","1007","”_‹Ζo‰c‘Μ_’c‘Μo‰c","o‰c‘Μ","-"
"1130","’·–μ§_”Ρ“cs_–Ψ‘ς‘Ί","1008","”_‹Ζo‰c‘Μ_’c‘Μo‰c_–@lo‰c","o‰c‘Μ","-"
"1130","’·–μ§_”Ρ“cs_–Ψ‘ς‘Ί","1009","—Ρ‹Ζo‰c‘Μ_v","o‰c‘Μ","1"
"1130","’·–μ§_”Ρ“cs_–Ψ‘ς‘Ί","1010","—Ρ‹Ζo‰c‘Μ_Βlo‰c","o‰c‘Μ","-"
"1130","’·–μ§_”Ρ“cs_–Ψ‘ς‘Ί","1011","—Ρ‹Ζo‰c‘Μ_’c‘Μo‰c","o‰c‘Μ","1"
"1130","’·–μ§_”Ρ“cs_–Ψ‘ς‘Ί","1012","—Ρ‹Ζo‰c‘Μ_’c‘Μo‰c_–@lo‰c","o‰c‘Μ","1"
"1131","’·–μ§_”Ρ“cs_a“c‘Ί","1001","”_—Ρ‹Ζo‰c‘Μ_v","o‰c‘Μ","5"
"1131","’·–μ§_”Ρ“cs_a“c‘Ί","1002","”_—Ρ‹Ζo‰c‘Μ_Βlo‰c","o‰c‘Μ","4"
"1131","’·–μ§_”Ρ“cs_a“c‘Ί","1003","”_—Ρ‹Ζo‰c‘Μ_’c‘Μo‰c","o‰c‘Μ","1"
"1131","’·–μ§_”Ρ“cs_a“c‘Ί","1004","”_—Ρ‹Ζo‰c‘Μ_’c‘Μo‰c_–@lo‰c","o‰c‘Μ","1"
"1131","’·–μ§_”Ρ“cs_a“c‘Ί","1005","”_‹Ζo‰c‘Μ_v","o‰c‘Μ","4"
"1131","’·–μ§_”Ρ“cs_a“c‘Ί","1006","”_‹Ζo‰c‘Μ_Βlo‰c","o‰c‘Μ","4"
"1131","’·–μ§_”Ρ“cs_a“c‘Ί","1007","”_‹Ζo‰c‘Μ_’c‘Μo‰c","o‰c‘Μ","-"
"1131","’·–μ§_”Ρ“cs_a“c‘Ί","1008","”_‹Ζo‰c‘Μ_’c‘Μo‰c_–@lo‰c","o‰c‘Μ","-"
"1131","’·–μ§_”Ρ“cs_a“c‘Ί","1009","—Ρ‹Ζo‰c‘Μ_v","o‰c‘Μ","1"
"1131","’·–μ§_”Ρ“cs_a“c‘Ί","1010","—Ρ‹Ζo‰c‘Μ_Βlo‰c","o‰c‘Μ","-"
"1131","’·–μ§_”Ρ“cs_a“c‘Ί","1011","—Ρ‹Ζo‰c‘Μ_’c‘Μo‰c","o‰c‘Μ","1"
"1131","’·–μ§_”Ρ“cs_a“c‘Ί","1012","—Ρ‹Ζo‰c‘Μ_’c‘Μo‰c_–@lo‰c","o‰c‘Μ","1"
"1132","’·–μ§_”Ρ“cs_”ªd‰Ν“ΰ‘Ί","1001","”_—Ρ‹Ζo‰c‘Μ_v","o‰c‘Μ","3"
"1132","’·–μ§_”Ρ“cs_”ªd‰Ν“ΰ‘Ί","1002","”_—Ρ‹Ζo‰c‘Μ_Βlo‰c","o‰c‘Μ","3"
"1132","’·–μ§_”Ρ“cs_”ªd‰Ν“ΰ‘Ί","1003","”_—Ρ‹Ζo‰c‘Μ_’c‘Μo‰c","o‰c‘Μ","-"
"1132","’·–μ§_”Ρ“cs_”ªd‰Ν“ΰ‘Ί","1004","”_—Ρ‹Ζo‰c‘Μ_’c‘Μo‰c_–@lo‰c","o‰c‘Μ","-"
"1132","’·–μ§_”Ρ“cs_”ªd‰Ν“ΰ‘Ί","1005","”_‹Ζo‰c‘Μ_v","o‰c‘Μ","3"
"1132","’·–μ§_”Ρ“cs_”ªd‰Ν“ΰ‘Ί","1006","”_‹Ζo‰c‘Μ_Βlo‰c","o‰c‘Μ","3"
"1132","’·–μ§_”Ρ“cs_”ªd‰Ν“ΰ‘Ί","1007","”_‹Ζo‰c‘Μ_’c‘Μo‰c","o‰c‘Μ","-"
"1132","’·–μ§_”Ρ“cs_”ªd‰Ν“ΰ‘Ί","1008","”_‹Ζo‰c‘Μ_’c‘Μo‰c_–@lo‰c","o‰c‘Μ","-"
"1132","’·–μ§_”Ρ“cs_”ªd‰Ν“ΰ‘Ί","1009","—Ρ‹Ζo‰c‘Μ_v","o‰c‘Μ","-"
"1132","’·–μ§_”Ρ“cs_”ªd‰Ν“ΰ‘Ί","1010","—Ρ‹Ζo‰c‘Μ_Βlo‰c","o‰c‘Μ","-"
"1132","’·–μ§_”Ρ“cs_”ªd‰Ν“ΰ‘Ί","1011","—Ρ‹Ζo‰c‘Μ_’c‘Μo‰c","o‰c‘Μ","-"
"1132","’·–μ§_”Ρ“cs_”ªd‰Ν“ΰ‘Ί","1012","—Ρ‹Ζo‰c‘Μ_’c‘Μo‰c_–@lo‰c","o‰c‘Μ","-"
"1133","’·–μ§_”Ρ“cs_“μa“c‘Ί","1001","”_—Ρ‹Ζo‰c‘Μ_v","o‰c‘Μ","2"
"1133","’·–μ§_”Ρ“cs_“μa“c‘Ί","1002","”_—Ρ‹Ζo‰c‘Μ_Βlo‰c","o‰c‘Μ","2"
"1133","’·–μ§_”Ρ“cs_“μa“c‘Ί","1003","”_—Ρ‹Ζo‰c‘Μ_’c‘Μo‰c","o‰c‘Μ","-"
"1133","’·–μ§_”Ρ“cs_“μa“c‘Ί","1004","”_—Ρ‹Ζo‰c‘Μ_’c‘Μo‰c_–@lo‰c","o‰c‘Μ","-"
"1133","’·–μ§_”Ρ“cs_“μa“c‘Ί","1005","”_‹Ζo‰c‘Μ_v","o‰c‘Μ","2"
"1133","’·–μ§_”Ρ“cs_“μa“c‘Ί","1006","”_‹Ζo‰c‘Μ_Βlo‰c","o‰c‘Μ","2"
"1133","’·–μ§_”Ρ“cs_“μa“c‘Ί","1007","”_‹Ζo‰c‘Μ_’c‘Μo‰c","o‰c‘Μ","-"
"1133","’·–μ§_”Ρ“cs_“μa“c‘Ί","1008","”_‹Ζo‰c‘Μ_’c‘Μo‰c_–@lo‰c","o‰c‘Μ","-"
"1133","’·–μ§_”Ρ“cs_“μa“c‘Ί","1009","—Ρ‹Ζo‰c‘Μ_v","o‰c‘Μ","1"
"1133","’·–μ§_”Ρ“cs_“μa“c‘Ί","1010","—Ρ‹Ζo‰c‘Μ_Βlo‰c","o‰c‘Μ","1"
"1133","’·–μ§_”Ρ“cs_“μa“c‘Ί","1011","—Ρ‹Ζo‰c‘Μ_’c‘Μo‰c","o‰c‘Μ","-"
"1133","’·–μ§_”Ρ“cs_“μa“c‘Ί","1012","—Ρ‹Ζo‰c‘Μ_’c‘Μo‰c_–@lo‰c","o‰c‘Μ","-"
"1134","’·–μ§_z–Ks","1001","”_—Ρ‹Ζo‰c‘Μ_v","o‰c‘Μ","343"
"1134","’·–μ§_z–Ks","1002","”_—Ρ‹Ζo‰c‘Μ_Βlo‰c","o‰c‘Μ","321"
"1134","’·–μ§_z–Ks","1003","”_—Ρ‹Ζo‰c‘Μ_’c‘Μo‰c","o‰c‘Μ","22"
"1134","’·–μ§_z–Ks","1004","”_—Ρ‹Ζo‰c‘Μ_’c‘Μo‰c_–@lo‰c","o‰c‘Μ","17"
"1134","’·–μ§_z–Ks","1005","”_‹Ζo‰c‘Μ_v","o‰c‘Μ","327"
"1134","’·–μ§_z–Ks","1006","”_‹Ζo‰c‘Μ_Βlo‰c","o‰c‘Μ","321"
"1134","’·–μ§_z–Ks","1007","”_‹Ζo‰c‘Μ_’c‘Μo‰c","o‰c‘Μ","6"
"1134","’·–μ§_z–Ks","1008","”_‹Ζo‰c‘Μ_’c‘Μo‰c_–@lo‰c","o‰c‘Μ","6"
"1134","’·–μ§_z–Ks","1009","—Ρ‹Ζo‰c‘Μ_v","o‰c‘Μ","18"
"1134","’·–μ§_z–Ks","1010","—Ρ‹Ζo‰c‘Μ_Βlo‰c","o‰c‘Μ","2"
"1134","’·–μ§_z–Ks","1011","—Ρ‹Ζo‰c‘Μ_’c‘Μo‰c","o‰c‘Μ","16"
"1134","’·–μ§_z–Ks","1012","—Ρ‹Ζo‰c‘Μ_’c‘Μo‰c_–@lo‰c","o‰c‘Μ","11"
"1135","’·–μ§_z–Ks_z–Ks","1001","”_—Ρ‹Ζo‰c‘Μ_v","o‰c‘Μ","182"
"1135","’·–μ§_z–Ks_z–Ks","1002","”_—Ρ‹Ζo‰c‘Μ_Βlo‰c","o‰c‘Μ","173"
"1135","’·–μ§_z–Ks_z–Ks","1003","”_—Ρ‹Ζo‰c‘Μ_’c‘Μo‰c","o‰c‘Μ","9"
"1135","’·–μ§_z–Ks_z–Ks","1004","”_—Ρ‹Ζo‰c‘Μ_’c‘Μo‰c_–@lo‰c","o‰c‘Μ","6"
"1135","’·–μ§_z–Ks_z–Ks","1005","”_‹Ζo‰c‘Μ_v","o‰c‘Μ","177"
"1135","’·–μ§_z–Ks_z–Ks","1006","”_‹Ζo‰c‘Μ_Βlo‰c","o‰c‘Μ","173"
"1135","’·–μ§_z–Ks_z–Ks","1007","”_‹Ζo‰c‘Μ_’c‘Μo‰c","o‰c‘Μ","4"
"1135","’·–μ§_z–Ks_z–Ks","1008","”_‹Ζo‰c‘Μ_’c‘Μo‰c_–@lo‰c","o‰c‘Μ","4"
"1135","’·–μ§_z–Ks_z–Ks","1009","—Ρ‹Ζo‰c‘Μ_v","o‰c‘Μ","7"
"1135","’·–μ§_z–Ks_z–Ks","1010","—Ρ‹Ζo‰c‘Μ_Βlo‰c","o‰c‘Μ","2"
"1135","’·–μ§_z–Ks_z–Ks","1011","—Ρ‹Ζo‰c‘Μ_’c‘Μo‰c","o‰c‘Μ","5"
"1135","’·–μ§_z–Ks_z–Ks","1012","—Ρ‹Ζo‰c‘Μ_’c‘Μo‰c_–@lo‰c","o‰c‘Μ","2"
"1136","’·–μ§_z–Ks_’†F‘Ί","1001","”_—Ρ‹Ζo‰c‘Μ_v","o‰c‘Μ","58"
"1136","’·–μ§_z–Ks_’†F‘Ί","1002","”_—Ρ‹Ζo‰c‘Μ_Βlo‰c","o‰c‘Μ","53"
"1136","’·–μ§_z–Ks_’†F‘Ί","1003","”_—Ρ‹Ζo‰c‘Μ_’c‘Μo‰c","o‰c‘Μ","5"
"1136","’·–μ§_z–Ks_’†F‘Ί","1004","”_—Ρ‹Ζo‰c‘Μ_’c‘Μo‰c_–@lo‰c","o‰c‘Μ","3"
"1136","’·–μ§_z–Ks_’†F‘Ί","1005","”_‹Ζo‰c‘Μ_v","o‰c‘Μ","54"
"1136","’·–μ§_z–Ks_’†F‘Ί","1006","”_‹Ζo‰c‘Μ_Βlo‰c","o‰c‘Μ","53"
"1136","’·–μ§_z–Ks_’†F‘Ί","1007","”_‹Ζo‰c‘Μ_’c‘Μo‰c","o‰c‘Μ","1"
"1136","’·–μ§_z–Ks_’†F‘Ί","1008","”_‹Ζo‰c‘Μ_’c‘Μo‰c_–@lo‰c","o‰c‘Μ","1"
"1136","’·–μ§_z–Ks_’†F‘Ί","1009","—Ρ‹Ζo‰c‘Μ_v","o‰c‘Μ","4"
"1136","’·–μ§_z–Ks_’†F‘Ί","1010","—Ρ‹Ζo‰c‘Μ_Βlo‰c","o‰c‘Μ","-"
"1136","’·–μ§_z–Ks_’†F‘Ί","1011","—Ρ‹Ζo‰c‘Μ_’c‘Μo‰c","o‰c‘Μ","4"
"1136","’·–μ§_z–Ks_’†F‘Ί","1012","—Ρ‹Ζo‰c‘Μ_’c‘Μo‰c_–@lo‰c","o‰c‘Μ","2"
"1137","’·–μ§_z–Ks_Ξ“μ‘Ί","1001","”_—Ρ‹Ζo‰c‘Μ_v","o‰c‘Μ","103"
"1137","’·–μ§_z–Ks_Ξ“μ‘Ί","1002","”_—Ρ‹Ζo‰c‘Μ_Βlo‰c","o‰c‘Μ","95"
"1137","’·–μ§_z–Ks_Ξ“μ‘Ί","1003","”_—Ρ‹Ζo‰c‘Μ_’c‘Μo‰c","o‰c‘Μ","8"
"1137","’·–μ§_z–Ks_Ξ“μ‘Ί","1004","”_—Ρ‹Ζo‰c‘Μ_’c‘Μo‰c_–@lo‰c","o‰c‘Μ","8"
"1137","’·–μ§_z–Ks_Ξ“μ‘Ί","1005","”_‹Ζo‰c‘Μ_v","o‰c‘Μ","96"
"1137","’·–μ§_z–Ks_Ξ“μ‘Ί","1006","”_‹Ζo‰c‘Μ_Βlo‰c","o‰c‘Μ","95"
"1137","’·–μ§_z–Ks_Ξ“μ‘Ί","1007","”_‹Ζo‰c‘Μ_’c‘Μo‰c","o‰c‘Μ","1"
"1137","’·–μ§_z–Ks_Ξ“μ‘Ί","1008","”_‹Ζo‰c‘Μ_’c‘Μo‰c_–@lo‰c","o‰c‘Μ","1"
"1137","’·–μ§_z–Ks_Ξ“μ‘Ί","1009","—Ρ‹Ζo‰c‘Μ_v","o‰c‘Μ","7"
"1137","’·–μ§_z–Ks_Ξ“μ‘Ί","1010","—Ρ‹Ζo‰c‘Μ_Βlo‰c","o‰c‘Μ","-"
"1137","’·–μ§_z–Ks_Ξ“μ‘Ί","1011","—Ρ‹Ζo‰c‘Μ_’c‘Μo‰c","o‰c‘Μ","7"
"1137","’·–μ§_z–Ks_Ξ“μ‘Ί","1012","—Ρ‹Ζo‰c‘Μ_’c‘Μo‰c_–@lo‰c","o‰c‘Μ","7"
"1138","’·–μ§_{βs","1001","”_—Ρ‹Ζo‰c‘Μ_v","o‰c‘Μ","1280"
"1138","’·–μ§_{βs","1002","”_—Ρ‹Ζo‰c‘Μ_Βlo‰c","o‰c‘Μ","1243"
"1138","’·–μ§_{βs","1003","”_—Ρ‹Ζo‰c‘Μ_’c‘Μo‰c","o‰c‘Μ","37"
"1138","’·–μ§_{βs","1004","”_—Ρ‹Ζo‰c‘Μ_’c‘Μo‰c_–@lo‰c","o‰c‘Μ","33"
"1138","’·–μ§_{βs","1005","”_‹Ζo‰c‘Μ_v","o‰c‘Μ","1272"
"1138","’·–μ§_{βs","1006","”_‹Ζo‰c‘Μ_Βlo‰c","o‰c‘Μ","1242"
"1138","’·–μ§_{βs","1007","”_‹Ζo‰c‘Μ_’c‘Μo‰c","o‰c‘Μ","30"
"1138","’·–μ§_{βs","1008","”_‹Ζo‰c‘Μ_’c‘Μo‰c_–@lo‰c","o‰c‘Μ","30"
"1138","’·–μ§_{βs","1009","—Ρ‹Ζo‰c‘Μ_v","o‰c‘Μ","11"
"1138","’·–μ§_{βs","1010","—Ρ‹Ζo‰c‘Μ_Βlo‰c","o‰c‘Μ","3"
"1138","’·–μ§_{βs","1011","—Ρ‹Ζo‰c‘Μ_’c‘Μo‰c","o‰c‘Μ","8"
"1138","’·–μ§_{βs","1012","—Ρ‹Ζo‰c‘Μ_’c‘Μo‰c_–@lo‰c","o‰c‘Μ","4"
"1139","’·–μ§_{βs_{β’¬","1001","”_—Ρ‹Ζo‰c‘Μ_v","o‰c‘Μ","270"
"1139","’·–μ§_{βs_{β’¬","1002","”_—Ρ‹Ζo‰c‘Μ_Βlo‰c","o‰c‘Μ","256"
"1139","’·–μ§_{βs_{β’¬","1003","”_—Ρ‹Ζo‰c‘Μ_’c‘Μo‰c","o‰c‘Μ","14"
"1139","’·–μ§_{βs_{β’¬","1004","”_—Ρ‹Ζo‰c‘Μ_’c‘Μo‰c_–@lo‰c","o‰c‘Μ","13"
"1139","’·–μ§_{βs_{β’¬","1005","”_‹Ζo‰c‘Μ_v","o‰c‘Μ","267"
"1139","’·–μ§_{βs_{β’¬","1006","”_‹Ζo‰c‘Μ_Βlo‰c","o‰c‘Μ","255"
"1139","’·–μ§_{βs_{β’¬","1007","”_‹Ζo‰c‘Μ_’c‘Μo‰c","o‰c‘Μ","12"
"1139","’·–μ§_{βs_{β’¬","1008","”_‹Ζo‰c‘Μ_’c‘Μo‰c_–@lo‰c","o‰c‘Μ","12"
"1139","’·–μ§_{βs_{β’¬","1009","—Ρ‹Ζo‰c‘Μ_v","o‰c‘Μ","3"
"1139","’·–μ§_{βs_{β’¬","1010","—Ρ‹Ζo‰c‘Μ_Βlo‰c","o‰c‘Μ","1"
"1139","’·–μ§_{βs_{β’¬","1011","—Ρ‹Ζo‰c‘Μ_’c‘Μo‰c","o‰c‘Μ","2"
"1139","’·–μ§_{βs_{β’¬","1012","—Ρ‹Ζo‰c‘Μ_’c‘Μo‰c_–@lo‰c","o‰c‘Μ","1"
"1140","’·–μ§_{βs_δγ‘Ί","1001","”_—Ρ‹Ζo‰c‘Μ_v","o‰c‘Μ","268"
"1140","’·–μ§_{βs_δγ‘Ί","1002","”_—Ρ‹Ζo‰c‘Μ_Βlo‰c","o‰c‘Μ","261"
"1140","’·–μ§_{βs_δγ‘Ί","1003","”_—Ρ‹Ζo‰c‘Μ_’c‘Μo‰c","o‰c‘Μ","7"
"1140","’·–μ§_{βs_δγ‘Ί","1004","”_—Ρ‹Ζo‰c‘Μ_’c‘Μo‰c_–@lo‰c","o‰c‘Μ","7"
"1140","’·–μ§_{βs_δγ‘Ί","1005","”_‹Ζo‰c‘Μ_v","o‰c‘Μ","268"
"1140","’·–μ§_{βs_δγ‘Ί","1006","”_‹Ζo‰c‘Μ_Βlo‰c","o‰c‘Μ","261"
"1140","’·–μ§_{βs_δγ‘Ί","1007","”_‹Ζo‰c‘Μ_’c‘Μo‰c","o‰c‘Μ","7"
"1140","’·–μ§_{βs_δγ‘Ί","1008","”_‹Ζo‰c‘Μ_’c‘Μo‰c_–@lo‰c","o‰c‘Μ","7"
"1140","’·–μ§_{βs_δγ‘Ί","1009","—Ρ‹Ζo‰c‘Μ_v","o‰c‘Μ","-"
"1140","’·–μ§_{βs_δγ‘Ί","1010","—Ρ‹Ζo‰c‘Μ_Βlo‰c","o‰c‘Μ","-"
"1140","’·–μ§_{βs_δγ‘Ί","1011","—Ρ‹Ζo‰c‘Μ_’c‘Μo‰c","o‰c‘Μ","-"
"1140","’·–μ§_{βs_δγ‘Ί","1012","—Ρ‹Ζo‰c‘Μ_’c‘Μo‰c_–@lo‰c","o‰c‘Μ","-"
"1141","’·–μ§_{βs_–LF‘Ί","1001","”_—Ρ‹Ζo‰c‘Μ_v","o‰c‘Μ","220"
"1141","’·–μ§_{βs_–LF‘Ί","1002","”_—Ρ‹Ζo‰c‘Μ_Βlo‰c","o‰c‘Μ","217"
"1141","’·–μ§_{βs_–LF‘Ί","1003","”_—Ρ‹Ζo‰c‘Μ_’c‘Μo‰c","o‰c‘Μ","3"
"1141","’·–μ§_{βs_–LF‘Ί","1004","”_—Ρ‹Ζo‰c‘Μ_’c‘Μo‰c_–@lo‰c","o‰c‘Μ","3"
"1141","’·–μ§_{βs_–LF‘Ί","1005","”_‹Ζo‰c‘Μ_v","o‰c‘Μ","220"
"1141","’·–μ§_{βs_–LF‘Ί","1006","”_‹Ζo‰c‘Μ_Βlo‰c","o‰c‘Μ","217"
"1141","’·–μ§_{βs_–LF‘Ί","1007","”_‹Ζo‰c‘Μ_’c‘Μo‰c","o‰c‘Μ","3"
"1141","’·–μ§_{βs_–LF‘Ί","1008","”_‹Ζo‰c‘Μ_’c‘Μo‰c_–@lo‰c","o‰c‘Μ","3"
"1141","’·–μ§_{βs_–LF‘Ί","1009","—Ρ‹Ζo‰c‘Μ_v","o‰c‘Μ","1"
"1141","’·–μ§_{βs_–LF‘Ί","1010","—Ρ‹Ζo‰c‘Μ_Βlo‰c","o‰c‘Μ","1"
"1141","’·–μ§_{βs_–LF‘Ί","1011","—Ρ‹Ζo‰c‘Μ_’c‘Μo‰c","o‰c‘Μ","-"
"1141","’·–μ§_{βs_–LF‘Ί","1012","—Ρ‹Ζo‰c‘Μ_’c‘Μo‰c_–@lo‰c","o‰c‘Μ","-"
"1142","’·–μ§_{βs_“ϊ–μ‘Ί","1001","”_—Ρ‹Ζo‰c‘Μ_v","o‰c‘Μ","174"
"1142","’·–μ§_{βs_“ϊ–μ‘Ί","1002","”_—Ρ‹Ζo‰c‘Μ_Βlo‰c","o‰c‘Μ","169"
"1142","’·–μ§_{βs_“ϊ–μ‘Ί","1003","”_—Ρ‹Ζo‰c‘Μ_’c‘Μo‰c","o‰c‘Μ","5"
"1142","’·–μ§_{βs_“ϊ–μ‘Ί","1004","”_—Ρ‹Ζo‰c‘Μ_’c‘Μo‰c_–@lo‰c","o‰c‘Μ","5"
"1142","’·–μ§_{βs_“ϊ–μ‘Ί","1005","”_‹Ζo‰c‘Μ_v","o‰c‘Μ","174"
"1142","’·–μ§_{βs_“ϊ–μ‘Ί","1006","”_‹Ζo‰c‘Μ_Βlo‰c","o‰c‘Μ","169"
"1142","’·–μ§_{βs_“ϊ–μ‘Ί","1007","”_‹Ζo‰c‘Μ_’c‘Μo‰c","o‰c‘Μ","5"
"1142","’·–μ§_{βs_“ϊ–μ‘Ί","1008","”_‹Ζo‰c‘Μ_’c‘Μo‰c_–@lo‰c","o‰c‘Μ","5"
"1142","’·–μ§_{βs_“ϊ–μ‘Ί","1009","—Ρ‹Ζo‰c‘Μ_v","o‰c‘Μ","1"
"1142","’·–μ§_{βs_“ϊ–μ‘Ί","1010","—Ρ‹Ζo‰c‘Μ_Βlo‰c","o‰c‘Μ","-"
"1142","’·–μ§_{βs_“ϊ–μ‘Ί","1011","—Ρ‹Ζo‰c‘Μ_’c‘Μo‰c","o‰c‘Μ","1"
"1142","’·–μ§_{βs_“ϊ–μ‘Ί","1012","—Ρ‹Ζo‰c‘Μ_’c‘Μo‰c_–@lo‰c","o‰c‘Μ","1"
"1143","’·–μ§_{βs_‚•α‘Ί","1001","”_—Ρ‹Ζo‰c‘Μ_v","o‰c‘Μ","195"
"1143","’·–μ§_{βs_‚•α‘Ί","1002","”_—Ρ‹Ζo‰c‘Μ_Βlo‰c","o‰c‘Μ","192"
"1143","’·–μ§_{βs_‚•α‘Ί","1003","”_—Ρ‹Ζo‰c‘Μ_’c‘Μo‰c","o‰c‘Μ","3"
"1143","’·–μ§_{βs_‚•α‘Ί","1004","”_—Ρ‹Ζo‰c‘Μ_’c‘Μo‰c_–@lo‰c","o‰c‘Μ","2"
"1143","’·–μ§_{βs_‚•α‘Ί","1005","”_‹Ζo‰c‘Μ_v","o‰c‘Μ","193"
"1143","’·–μ§_{βs_‚•α‘Ί","1006","”_‹Ζo‰c‘Μ_Βlo‰c","o‰c‘Μ","192"
"1143","’·–μ§_{βs_‚•α‘Ί","1007","”_‹Ζo‰c‘Μ_’c‘Μo‰c","o‰c‘Μ","1"
"1143","’·–μ§_{βs_‚•α‘Ί","1008","”_‹Ζo‰c‘Μ_’c‘Μo‰c_–@lo‰c","o‰c‘Μ","1"
"1143","’·–μ§_{βs_‚•α‘Ί","1009","—Ρ‹Ζo‰c‘Μ_v","o‰c‘Μ","2"
"1143","’·–μ§_{βs_‚•α‘Ί","1010","—Ρ‹Ζo‰c‘Μ_Βlo‰c","o‰c‘Μ","-"
"1143","’·–μ§_{βs_‚•α‘Ί","1011","—Ρ‹Ζo‰c‘Μ_’c‘Μo‰c","o‰c‘Μ","2"
"1143","’·–μ§_{βs_‚•α‘Ί","1012","—Ρ‹Ζo‰c‘Μ_’c‘Μo‰c_–@lo‰c","o‰c‘Μ","1"
"1144","’·–μ§_{βs_m—η‘Ί","1001","”_—Ρ‹Ζo‰c‘Μ_v","o‰c‘Μ","87"
"1144","’·–μ§_{βs_m—η‘Ί","1002","”_—Ρ‹Ζo‰c‘Μ_Βlo‰c","o‰c‘Μ","85"
"1144","’·–μ§_{βs_m—η‘Ί","1003","”_—Ρ‹Ζo‰c‘Μ_’c‘Μo‰c","o‰c‘Μ","2"
"1144","’·–μ§_{βs_m—η‘Ί","1004","”_—Ρ‹Ζo‰c‘Μ_’c‘Μo‰c_–@lo‰c","o‰c‘Μ","1"
"1144","’·–μ§_{βs_m—η‘Ί","1005","”_‹Ζo‰c‘Μ_v","o‰c‘Μ","85"
"1144","’·–μ§_{βs_m—η‘Ί","1006","”_‹Ζo‰c‘Μ_Βlo‰c","o‰c‘Μ","85"
"1144","’·–μ§_{βs_m—η‘Ί","1007","”_‹Ζo‰c‘Μ_’c‘Μo‰c","o‰c‘Μ","-"
"1144","’·–μ§_{βs_m—η‘Ί","1008","”_‹Ζo‰c‘Μ_’c‘Μo‰c_–@lo‰c","o‰c‘Μ","-"
"1144","’·–μ§_{βs_m—η‘Ί","1009","—Ρ‹Ζo‰c‘Μ_v","o‰c‘Μ","2"
"1144","’·–μ§_{βs_m—η‘Ί","1010","—Ρ‹Ζo‰c‘Μ_Βlo‰c","o‰c‘Μ","-"
"1144","’·–μ§_{βs_m—η‘Ί","1011","—Ρ‹Ζo‰c‘Μ_’c‘Μo‰c","o‰c‘Μ","2"
"1144","’·–μ§_{βs_m—η‘Ί","1012","—Ρ‹Ζo‰c‘Μ_’c‘Μo‰c_–@lo‰c","o‰c‘Μ","1"
"1145","’·–μ§_{βs_–L‹u‘Ί","1001","”_—Ρ‹Ζo‰c‘Μ_v","o‰c‘Μ","66"
"1145","’·–μ§_{βs_–L‹u‘Ί","1002","”_—Ρ‹Ζo‰c‘Μ_Βlo‰c","o‰c‘Μ","63"
"1145","’·–μ§_{βs_–L‹u‘Ί","1003","”_—Ρ‹Ζo‰c‘Μ_’c‘Μo‰c","o‰c‘Μ","3"
"1145","’·–μ§_{βs_–L‹u‘Ί","1004","”_—Ρ‹Ζo‰c‘Μ_’c‘Μo‰c_–@lo‰c","o‰c‘Μ","2"
"1145","’·–μ§_{βs_–L‹u‘Ί","1005","”_‹Ζo‰c‘Μ_v","o‰c‘Μ","65"
"1145","’·–μ§_{βs_–L‹u‘Ί","1006","”_‹Ζo‰c‘Μ_Βlo‰c","o‰c‘Μ","63"
"1145","’·–μ§_{βs_–L‹u‘Ί","1007","”_‹Ζo‰c‘Μ_’c‘Μo‰c","o‰c‘Μ","2"
"1145","’·–μ§_{βs_–L‹u‘Ί","1008","”_‹Ζo‰c‘Μ_’c‘Μo‰c_–@lo‰c","o‰c‘Μ","2"
"1145","’·–μ§_{βs_–L‹u‘Ί","1009","—Ρ‹Ζo‰c‘Μ_v","o‰c‘Μ","2"
"1145","’·–μ§_{βs_–L‹u‘Ί","1010","—Ρ‹Ζo‰c‘Μ_Βlo‰c","o‰c‘Μ","1"
"1145","’·–μ§_{βs_–L‹u‘Ί","1011","—Ρ‹Ζo‰c‘Μ_’c‘Μo‰c","o‰c‘Μ","1"
"1145","’·–μ§_{βs_–L‹u‘Ί","1012","—Ρ‹Ζo‰c‘Μ_’c‘Μo‰c_–@lo‰c","o‰c‘Μ","-"
"1146","’·–μ§_¬”s","1001","”_—Ρ‹Ζo‰c‘Μ_v","o‰c‘Μ","956"
"1146","’·–μ§_¬”s","1002","”_—Ρ‹Ζo‰c‘Μ_Βlo‰c","o‰c‘Μ","935"
"1146","’·–μ§_¬”s","1003","”_—Ρ‹Ζo‰c‘Μ_’c‘Μo‰c","o‰c‘Μ","21"
"1146","’·–μ§_¬”s","1004","”_—Ρ‹Ζo‰c‘Μ_’c‘Μo‰c_–@lo‰c","o‰c‘Μ","18"
"1146","’·–μ§_¬”s","1005","”_‹Ζo‰c‘Μ_v","o‰c‘Μ","953"
"1146","’·–μ§_¬”s","1006","”_‹Ζo‰c‘Μ_Βlo‰c","o‰c‘Μ","935"
"1146","’·–μ§_¬”s","1007","”_‹Ζo‰c‘Μ_’c‘Μo‰c","o‰c‘Μ","18"
"1146","’·–μ§_¬”s","1008","”_‹Ζo‰c‘Μ_’c‘Μo‰c_–@lo‰c","o‰c‘Μ","15"
"1146","’·–μ§_¬”s","1009","—Ρ‹Ζo‰c‘Μ_v","o‰c‘Μ","4"
"1146","’·–μ§_¬”s","1010","—Ρ‹Ζo‰c‘Μ_Βlo‰c","o‰c‘Μ","1"
"1146","’·–μ§_¬”s","1011","—Ρ‹Ζo‰c‘Μ_’c‘Μo‰c","o‰c‘Μ","3"
"1146","’·–μ§_¬”s","1012","—Ρ‹Ζo‰c‘Μ_’c‘Μo‰c_–@lo‰c","o‰c‘Μ","3"
"1147","’·–μ§_¬”s_¬”’¬","1001","”_—Ρ‹Ζo‰c‘Μ_v","o‰c‘Μ","76"
"1147","’·–μ§_¬”s_¬”’¬","1002","”_—Ρ‹Ζo‰c‘Μ_Βlo‰c","o‰c‘Μ","71"
"1147","’·–μ§_¬”s_¬”’¬","1003","”_—Ρ‹Ζo‰c‘Μ_’c‘Μo‰c","o‰c‘Μ","5"
"1147","’·–μ§_¬”s_¬”’¬","1004","”_—Ρ‹Ζo‰c‘Μ_’c‘Μo‰c_–@lo‰c","o‰c‘Μ","5"
"1147","’·–μ§_¬”s_¬”’¬","1005","”_‹Ζo‰c‘Μ_v","o‰c‘Μ","76"
"1147","’·–μ§_¬”s_¬”’¬","1006","”_‹Ζo‰c‘Μ_Βlo‰c","o‰c‘Μ","71"
"1147","’·–μ§_¬”s_¬”’¬","1007","”_‹Ζo‰c‘Μ_’c‘Μo‰c","o‰c‘Μ","5"
"1147","’·–μ§_¬”s_¬”’¬","1008","”_‹Ζo‰c‘Μ_’c‘Μo‰c_–@lo‰c","o‰c‘Μ","5"
"1147","’·–μ§_¬”s_¬”’¬","1009","—Ρ‹Ζo‰c‘Μ_v","o‰c‘Μ","-"
"1147","’·–μ§_¬”s_¬”’¬","1010","—Ρ‹Ζo‰c‘Μ_Βlo‰c","o‰c‘Μ","-"
"1147","’·–μ§_¬”s_¬”’¬","1011","—Ρ‹Ζo‰c‘Μ_’c‘Μo‰c","o‰c‘Μ","-"
"1147","’·–μ§_¬”s_¬”’¬","1012","—Ρ‹Ζo‰c‘Μ_’c‘Μo‰c_–@lo‰c","o‰c‘Μ","-"
"1148","’·–μ§_¬”s_‘ε—Ά‘Ί","1001","”_—Ρ‹Ζo‰c‘Μ_v","o‰c‘Μ","153"
"1148","’·–μ§_¬”s_‘ε—Ά‘Ί","1002","”_—Ρ‹Ζo‰c‘Μ_Βlo‰c","o‰c‘Μ","152"
"1148","’·–μ§_¬”s_‘ε—Ά‘Ί","1003","”_—Ρ‹Ζo‰c‘Μ_’c‘Μo‰c","o‰c‘Μ","1"
"1148","’·–μ§_¬”s_‘ε—Ά‘Ί","1004","”_—Ρ‹Ζo‰c‘Μ_’c‘Μo‰c_–@lo‰c","o‰c‘Μ","-"
"1148","’·–μ§_¬”s_‘ε—Ά‘Ί","1005","”_‹Ζo‰c‘Μ_v","o‰c‘Μ","153"
"1148","’·–μ§_¬”s_‘ε—Ά‘Ί","1006","”_‹Ζo‰c‘Μ_Βlo‰c","o‰c‘Μ","152"
"1148","’·–μ§_¬”s_‘ε—Ά‘Ί","1007","”_‹Ζo‰c‘Μ_’c‘Μo‰c","o‰c‘Μ","1"
"1148","’·–μ§_¬”s_‘ε—Ά‘Ί","1008","”_‹Ζo‰c‘Μ_’c‘Μo‰c_–@lo‰c","o‰c‘Μ","-"
"1148","’·–μ§_¬”s_‘ε—Ά‘Ί","1009","—Ρ‹Ζo‰c‘Μ_v","o‰c‘Μ","-"
"1148","’·–μ§_¬”s_‘ε—Ά‘Ί","1010","—Ρ‹Ζo‰c‘Μ_Βlo‰c","o‰c‘Μ","-"
"1148","’·–μ§_¬”s_‘ε—Ά‘Ί","1011","—Ρ‹Ζo‰c‘Μ_’c‘Μo‰c","o‰c‘Μ","-"
"1148","’·–μ§_¬”s_‘ε—Ά‘Ί","1012","—Ρ‹Ζo‰c‘Μ_’c‘Μo‰c_–@lo‰c","o‰c‘Μ","-"
"1149","’·–μ§_¬”s_–k‘εδ‘Ί","1001","”_—Ρ‹Ζo‰c‘Μ_v","o‰c‘Μ","113"
"1149","’·–μ§_¬”s_–k‘εδ‘Ί","1002","”_—Ρ‹Ζo‰c‘Μ_Βlo‰c","o‰c‘Μ","110"
"1149","’·–μ§_¬”s_–k‘εδ‘Ί","1003","”_—Ρ‹Ζo‰c‘Μ_’c‘Μo‰c","o‰c‘Μ","3"
"1149","’·–μ§_¬”s_–k‘εδ‘Ί","1004","”_—Ρ‹Ζo‰c‘Μ_’c‘Μo‰c_–@lo‰c","o‰c‘Μ","3"
"1149","’·–μ§_¬”s_–k‘εδ‘Ί","1005","”_‹Ζo‰c‘Μ_v","o‰c‘Μ","113"
"1149","’·–μ§_¬”s_–k‘εδ‘Ί","1006","”_‹Ζo‰c‘Μ_Βlo‰c","o‰c‘Μ","110"
"1149","’·–μ§_¬”s_–k‘εδ‘Ί","1007","”_‹Ζo‰c‘Μ_’c‘Μo‰c","o‰c‘Μ","3"
"1149","’·–μ§_¬”s_–k‘εδ‘Ί","1008","”_‹Ζo‰c‘Μ_’c‘Μo‰c_–@lo‰c","o‰c‘Μ","3"
"1149","’·–μ§_¬”s_–k‘εδ‘Ί","1009","—Ρ‹Ζo‰c‘Μ_v","o‰c‘Μ","-"
"1149","’·–μ§_¬”s_–k‘εδ‘Ί","1010","—Ρ‹Ζo‰c‘Μ_Βlo‰c","o‰c‘Μ","-"
"1149","’·–μ§_¬”s_–k‘εδ‘Ί","1011","—Ρ‹Ζo‰c‘Μ_’c‘Μo‰c","o‰c‘Μ","-"
"1149","’·–μ§_¬”s_–k‘εδ‘Ί","1012","—Ρ‹Ζo‰c‘Μ_’c‘Μo‰c_–@lo‰c","o‰c‘Μ","-"
"1150","’·–μ§_¬”s_“μ‘εδ‘Ί","1001","”_—Ρ‹Ζo‰c‘Μ_v","o‰c‘Μ","142"
"1150","’·–μ§_¬”s_“μ‘εδ‘Ί","1002","”_—Ρ‹Ζo‰c‘Μ_Βlo‰c","o‰c‘Μ","137"
"1150","’·–μ§_¬”s_“μ‘εδ‘Ί","1003","”_—Ρ‹Ζo‰c‘Μ_’c‘Μo‰c","o‰c‘Μ","5"
"1150","’·–μ§_¬”s_“μ‘εδ‘Ί","1004","”_—Ρ‹Ζo‰c‘Μ_’c‘Μo‰c_–@lo‰c","o‰c‘Μ","5"
"1150","’·–μ§_¬”s_“μ‘εδ‘Ί","1005","”_‹Ζo‰c‘Μ_v","o‰c‘Μ","139"
"1150","’·–μ§_¬”s_“μ‘εδ‘Ί","1006","”_‹Ζo‰c‘Μ_Βlo‰c","o‰c‘Μ","137"
"1150","’·–μ§_¬”s_“μ‘εδ‘Ί","1007","”_‹Ζo‰c‘Μ_’c‘Μo‰c","o‰c‘Μ","2"
"1150","’·–μ§_¬”s_“μ‘εδ‘Ί","1008","”_‹Ζo‰c‘Μ_’c‘Μo‰c_–@lo‰c","o‰c‘Μ","2"
"1150","’·–μ§_¬”s_“μ‘εδ‘Ί","1009","—Ρ‹Ζo‰c‘Μ_v","o‰c‘Μ","3"
"1150","’·–μ§_¬”s_“μ‘εδ‘Ί","1010","—Ρ‹Ζo‰c‘Μ_Βlo‰c","o‰c‘Μ","-"
"1150","’·–μ§_¬”s_“μ‘εδ‘Ί","1011","—Ρ‹Ζo‰c‘Μ_’c‘Μo‰c","o‰c‘Μ","3"
"1150","’·–μ§_¬”s_“μ‘εδ‘Ί","1012","—Ρ‹Ζo‰c‘Μ_’c‘Μo‰c_–@lo‰c","o‰c‘Μ","3"
"1151","’·–μ§_¬”s_O‰ª‘Ί","1001","”_—Ρ‹Ζo‰c‘Μ_v","o‰c‘Μ","194"
"1151","’·–μ§_¬”s_O‰ª‘Ί","1002","”_—Ρ‹Ζo‰c‘Μ_Βlo‰c","o‰c‘Μ","192"
"1151","’·–μ§_¬”s_O‰ª‘Ί","1003","”_—Ρ‹Ζo‰c‘Μ_’c‘Μo‰c","o‰c‘Μ","2"
"1151","’·–μ§_¬”s_O‰ª‘Ί","1004","”_—Ρ‹Ζo‰c‘Μ_’c‘Μo‰c_–@lo‰c","o‰c‘Μ","2"
"1151","’·–μ§_¬”s_O‰ª‘Ί","1005","”_‹Ζo‰c‘Μ_v","o‰c‘Μ","194"
"1151","’·–μ§_¬”s_O‰ª‘Ί","1006","”_‹Ζo‰c‘Μ_Βlo‰c","o‰c‘Μ","192"
"1151","’·–μ§_¬”s_O‰ª‘Ί","1007","”_‹Ζo‰c‘Μ_’c‘Μo‰c","o‰c‘Μ","2"
"1151","’·–μ§_¬”s_O‰ª‘Ί","1008","”_‹Ζo‰c‘Μ_’c‘Μo‰c_–@lo‰c","o‰c‘Μ","2"
"1151","’·–μ§_¬”s_O‰ª‘Ί","1009","—Ρ‹Ζo‰c‘Μ_v","o‰c‘Μ","-"
"1151","’·–μ§_¬”s_O‰ª‘Ί","1010","—Ρ‹Ζo‰c‘Μ_Βlo‰c","o‰c‘Μ","-"
"1151","’·–μ§_¬”s_O‰ª‘Ί","1011","—Ρ‹Ζo‰c‘Μ_’c‘Μo‰c","o‰c‘Μ","-"
"1151","’·–μ§_¬”s_O‰ª‘Ί","1012","—Ρ‹Ζo‰c‘Μ_’c‘Μo‰c_–@lo‰c","o‰c‘Μ","-"
"1152","’·–μ§_¬”s_μ•Σ‘Ί","1001","”_—Ρ‹Ζo‰c‘Μ_v","o‰c‘Μ","170"
"1152","’·–μ§_¬”s_μ•Σ‘Ί","1002","”_—Ρ‹Ζo‰c‘Μ_Βlo‰c","o‰c‘Μ","168"
"1152","’·–μ§_¬”s_μ•Σ‘Ί","1003","”_—Ρ‹Ζo‰c‘Μ_’c‘Μo‰c","o‰c‘Μ","2"
"1152","’·–μ§_¬”s_μ•Σ‘Ί","1004","”_—Ρ‹Ζo‰c‘Μ_’c‘Μo‰c_–@lo‰c","o‰c‘Μ","1"
"1152","’·–μ§_¬”s_μ•Σ‘Ί","1005","”_‹Ζo‰c‘Μ_v","o‰c‘Μ","170"
"1152","’·–μ§_¬”s_μ•Σ‘Ί","1006","”_‹Ζo‰c‘Μ_Βlo‰c","o‰c‘Μ","168"
"1152","’·–μ§_¬”s_μ•Σ‘Ί","1007","”_‹Ζo‰c‘Μ_’c‘Μo‰c","o‰c‘Μ","2"
"1152","’·–μ§_¬”s_μ•Σ‘Ί","1008","”_‹Ζo‰c‘Μ_’c‘Μo‰c_–@lo‰c","o‰c‘Μ","1"
"1152","’·–μ§_¬”s_μ•Σ‘Ί","1009","—Ρ‹Ζo‰c‘Μ_v","o‰c‘Μ","1"
"1152","’·–μ§_¬”s_μ•Σ‘Ί","1010","—Ρ‹Ζo‰c‘Μ_Βlo‰c","o‰c‘Μ","1"
"1152","’·–μ§_¬”s_μ•Σ‘Ί","1011","—Ρ‹Ζo‰c‘Μ_’c‘Μo‰c","o‰c‘Μ","-"
"1152","’·–μ§_¬”s_μ•Σ‘Ί","1012","—Ρ‹Ζo‰c‘Μ_’c‘Μo‰c_–@lo‰c","o‰c‘Μ","-"
"1153","’·–μ§_¬”s_¬ΐ‘Ί‚Q|‚Q","1001","”_—Ρ‹Ζo‰c‘Μ_v","o‰c‘Μ","44"
"1153","’·–μ§_¬”s_¬ΐ‘Ί‚Q|‚Q","1002","”_—Ρ‹Ζo‰c‘Μ_Βlo‰c","o‰c‘Μ","42"
"1153","’·–μ§_¬”s_¬ΐ‘Ί‚Q|‚Q","1003","”_—Ρ‹Ζo‰c‘Μ_’c‘Μo‰c","o‰c‘Μ","2"
"1153","’·–μ§_¬”s_¬ΐ‘Ί‚Q|‚Q","1004","”_—Ρ‹Ζo‰c‘Μ_’c‘Μo‰c_–@lo‰c","o‰c‘Μ","2"
"1153","’·–μ§_¬”s_¬ΐ‘Ί‚Q|‚Q","1005","”_‹Ζo‰c‘Μ_v","o‰c‘Μ","44"
"1153","’·–μ§_¬”s_¬ΐ‘Ί‚Q|‚Q","1006","”_‹Ζo‰c‘Μ_Βlo‰c","o‰c‘Μ","42"
"1153","’·–μ§_¬”s_¬ΐ‘Ί‚Q|‚Q","1007","”_‹Ζo‰c‘Μ_’c‘Μo‰c","o‰c‘Μ","2"
"1153","’·–μ§_¬”s_¬ΐ‘Ί‚Q|‚Q","1008","”_‹Ζo‰c‘Μ_’c‘Μo‰c_–@lo‰c","o‰c‘Μ","2"
"1153","’·–μ§_¬”s_¬ΐ‘Ί‚Q|‚Q","1009","—Ρ‹Ζo‰c‘Μ_v","o‰c‘Μ","-"
"1153","’·–μ§_¬”s_¬ΐ‘Ί‚Q|‚Q","1010","—Ρ‹Ζo‰c‘Μ_Βlo‰c","o‰c‘Μ","-"
"1153","’·–μ§_¬”s_¬ΐ‘Ί‚Q|‚Q","1011","—Ρ‹Ζo‰c‘Μ_’c‘Μo‰c","o‰c‘Μ","-"
"1153","’·–μ§_¬”s_¬ΐ‘Ί‚Q|‚Q","1012","—Ρ‹Ζo‰c‘Μ_’c‘Μo‰c_–@lo‰c","o‰c‘Μ","-"
"1154","’·–μ§_¬”s_ –μ‘Ί‚Q|‚Q","1001","”_—Ρ‹Ζo‰c‘Μ_v","o‰c‘Μ","63"
"1154","’·–μ§_¬”s_ –μ‘Ί‚Q|‚Q","1002","”_—Ρ‹Ζo‰c‘Μ_Βlo‰c","o‰c‘Μ","62"
"1154","’·–μ§_¬”s_ –μ‘Ί‚Q|‚Q","1003","”_—Ρ‹Ζo‰c‘Μ_’c‘Μo‰c","o‰c‘Μ","1"
"1154","’·–μ§_¬”s_ –μ‘Ί‚Q|‚Q","1004","”_—Ρ‹Ζo‰c‘Μ_’c‘Μo‰c_–@lo‰c","o‰c‘Μ","-"
"1154","’·–μ§_¬”s_ –μ‘Ί‚Q|‚Q","1005","”_‹Ζo‰c‘Μ_v","o‰c‘Μ","63"
"1154","’·–μ§_¬”s_ –μ‘Ί‚Q|‚Q","1006","”_‹Ζo‰c‘Μ_Βlo‰c","o‰c‘Μ","62"
"1154","’·–μ§_¬”s_ –μ‘Ί‚Q|‚Q","1007","”_‹Ζo‰c‘Μ_’c‘Μo‰c","o‰c‘Μ","1"
"1154","’·–μ§_¬”s_ –μ‘Ί‚Q|‚Q","1008","”_‹Ζo‰c‘Μ_’c‘Μo‰c_–@lo‰c","o‰c‘Μ","-"
"1154","’·–μ§_¬”s_ –μ‘Ί‚Q|‚Q","1009","—Ρ‹Ζo‰c‘Μ_v","o‰c‘Μ","-"
"1154","’·–μ§_¬”s_ –μ‘Ί‚Q|‚Q","1010","—Ρ‹Ζo‰c‘Μ_Βlo‰c","o‰c‘Μ","-"
"1154","’·–μ§_¬”s_ –μ‘Ί‚Q|‚Q","1011","—Ρ‹Ζo‰c‘Μ_’c‘Μo‰c","o‰c‘Μ","-"
"1154","’·–μ§_¬”s_ –μ‘Ί‚Q|‚Q","1012","—Ρ‹Ζo‰c‘Μ_’c‘Μo‰c_–@lo‰c","o‰c‘Μ","-"
"1155","’·–μ§_¬”s_¬ΐ‘Ί‚Q|‚P|‚Q","1001","”_—Ρ‹Ζo‰c‘Μ_v","o‰c‘Μ","1"
"1155","’·–μ§_¬”s_¬ΐ‘Ί‚Q|‚P|‚Q","1002","”_—Ρ‹Ζo‰c‘Μ_Βlo‰c","o‰c‘Μ","1"
"1155","’·–μ§_¬”s_¬ΐ‘Ί‚Q|‚P|‚Q","1003","”_—Ρ‹Ζo‰c‘Μ_’c‘Μo‰c","o‰c‘Μ","-"
"1155","’·–μ§_¬”s_¬ΐ‘Ί‚Q|‚P|‚Q","1004","”_—Ρ‹Ζo‰c‘Μ_’c‘Μo‰c_–@lo‰c","o‰c‘Μ","-"
"1155","’·–μ§_¬”s_¬ΐ‘Ί‚Q|‚P|‚Q","1005","”_‹Ζo‰c‘Μ_v","o‰c‘Μ","1"
"1155","’·–μ§_¬”s_¬ΐ‘Ί‚Q|‚P|‚Q","1006","”_‹Ζo‰c‘Μ_Βlo‰c","o‰c‘Μ","1"
"1155","’·–μ§_¬”s_¬ΐ‘Ί‚Q|‚P|‚Q","1007","”_‹Ζo‰c‘Μ_’c‘Μo‰c","o‰c‘Μ","-"
"1155","’·–μ§_¬”s_¬ΐ‘Ί‚Q|‚P|‚Q","1008","”_‹Ζo‰c‘Μ_’c‘Μo‰c_–@lo‰c","o‰c‘Μ","-"
"1155","’·–μ§_¬”s_¬ΐ‘Ί‚Q|‚P|‚Q","1009","—Ρ‹Ζo‰c‘Μ_v","o‰c‘Μ","-"
"1155","’·–μ§_¬”s_¬ΐ‘Ί‚Q|‚P|‚Q","1010","—Ρ‹Ζo‰c‘Μ_Βlo‰c","o‰c‘Μ","-"
"1155","’·–μ§_¬”s_¬ΐ‘Ί‚Q|‚P|‚Q","1011","—Ρ‹Ζo‰c‘Μ_’c‘Μo‰c","o‰c‘Μ","-"
"1155","’·–μ§_¬”s_¬ΐ‘Ί‚Q|‚P|‚Q","1012","—Ρ‹Ζo‰c‘Μ_’c‘Μo‰c_–@lo‰c","o‰c‘Μ","-"
"1156","’·–μ§_Ι“ίs","1001","”_—Ρ‹Ζo‰c‘Μ_v","o‰c‘Μ","1222"
"1156","’·–μ§_Ι“ίs","1002","”_—Ρ‹Ζo‰c‘Μ_Βlo‰c","o‰c‘Μ","1099"
"1156","’·–μ§_Ι“ίs","1003","”_—Ρ‹Ζo‰c‘Μ_’c‘Μo‰c","o‰c‘Μ","123"
"1156","’·–μ§_Ι“ίs","1004","”_—Ρ‹Ζo‰c‘Μ_’c‘Μo‰c_–@lo‰c","o‰c‘Μ","109"
"1156","’·–μ§_Ι“ίs","1005","”_‹Ζo‰c‘Μ_v","o‰c‘Μ","1199"
"1156","’·–μ§_Ι“ίs","1006","”_‹Ζo‰c‘Μ_Βlo‰c","o‰c‘Μ","1095"
"1156","’·–μ§_Ι“ίs","1007","”_‹Ζo‰c‘Μ_’c‘Μo‰c","o‰c‘Μ","104"
"1156","’·–μ§_Ι“ίs","1008","”_‹Ζo‰c‘Μ_’c‘Μo‰c_–@lo‰c","o‰c‘Μ","93"
"1156","’·–μ§_Ι“ίs","1009","—Ρ‹Ζo‰c‘Μ_v","o‰c‘Μ","25"
"1156","’·–μ§_Ι“ίs","1010","—Ρ‹Ζo‰c‘Μ_Βlo‰c","o‰c‘Μ","6"
"1156","’·–μ§_Ι“ίs","1011","—Ρ‹Ζo‰c‘Μ_’c‘Μo‰c","o‰c‘Μ","19"
"1156","’·–μ§_Ι“ίs","1012","—Ρ‹Ζo‰c‘Μ_’c‘Μo‰c_–@lo‰c","o‰c‘Μ","16"
"1157","’·–μ§_Ι“ίs_Ι“ί’¬","1001","”_—Ρ‹Ζo‰c‘Μ_v","o‰c‘Μ","266"
"1157","’·–μ§_Ι“ίs_Ι“ί’¬","1002","”_—Ρ‹Ζo‰c‘Μ_Βlo‰c","o‰c‘Μ","238"
"1157","’·–μ§_Ι“ίs_Ι“ί’¬","1003","”_—Ρ‹Ζo‰c‘Μ_’c‘Μo‰c","o‰c‘Μ","28"
"1157","’·–μ§_Ι“ίs_Ι“ί’¬","1004","”_—Ρ‹Ζo‰c‘Μ_’c‘Μo‰c_–@lo‰c","o‰c‘Μ","23"
"1157","’·–μ§_Ι“ίs_Ι“ί’¬","1005","”_‹Ζo‰c‘Μ_v","o‰c‘Μ","263"
"1157","’·–μ§_Ι“ίs_Ι“ί’¬","1006","”_‹Ζo‰c‘Μ_Βlo‰c","o‰c‘Μ","237"
"1157","’·–μ§_Ι“ίs_Ι“ί’¬","1007","”_‹Ζo‰c‘Μ_’c‘Μo‰c","o‰c‘Μ","26"
"1157","’·–μ§_Ι“ίs_Ι“ί’¬","1008","”_‹Ζo‰c‘Μ_’c‘Μo‰c_–@lo‰c","o‰c‘Μ","22"
"1157","’·–μ§_Ι“ίs_Ι“ί’¬","1009","—Ρ‹Ζo‰c‘Μ_v","o‰c‘Μ","3"
"1157","’·–μ§_Ι“ίs_Ι“ί’¬","1010","—Ρ‹Ζo‰c‘Μ_Βlo‰c","o‰c‘Μ","1"
"1157","’·–μ§_Ι“ίs_Ι“ί’¬","1011","—Ρ‹Ζo‰c‘Μ_’c‘Μo‰c","o‰c‘Μ","2"
"1157","’·–μ§_Ι“ίs_Ι“ί’¬","1012","—Ρ‹Ζo‰c‘Μ_’c‘Μo‰c_–@lo‰c","o‰c‘Μ","1"
"1158","’·–μ§_Ι“ίs_Ό–¥—Φ‘Ί‚Q|‚P","1001","”_—Ρ‹Ζo‰c‘Μ_v","o‰c‘Μ","126"
"1158","’·–μ§_Ι“ίs_Ό–¥—Φ‘Ί‚Q|‚P","1002","”_—Ρ‹Ζo‰c‘Μ_Βlo‰c","o‰c‘Μ","109"
"1158","’·–μ§_Ι“ίs_Ό–¥—Φ‘Ί‚Q|‚P","1003","”_—Ρ‹Ζo‰c‘Μ_’c‘Μo‰c","o‰c‘Μ","17"
"1158","’·–μ§_Ι“ίs_Ό–¥—Φ‘Ί‚Q|‚P","1004","”_—Ρ‹Ζo‰c‘Μ_’c‘Μo‰c_–@lo‰c","o‰c‘Μ","17"
"1158","’·–μ§_Ι“ίs_Ό–¥—Φ‘Ί‚Q|‚P","1005","”_‹Ζo‰c‘Μ_v","o‰c‘Μ","121"
"1158","’·–μ§_Ι“ίs_Ό–¥—Φ‘Ί‚Q|‚P","1006","”_‹Ζo‰c‘Μ_Βlo‰c","o‰c‘Μ","108"
"1158","’·–μ§_Ι“ίs_Ό–¥—Φ‘Ί‚Q|‚P","1007","”_‹Ζo‰c‘Μ_’c‘Μo‰c","o‰c‘Μ","13"
"1158","’·–μ§_Ι“ίs_Ό–¥—Φ‘Ί‚Q|‚P","1008","”_‹Ζo‰c‘Μ_’c‘Μo‰c_–@lo‰c","o‰c‘Μ","13"
"1158","’·–μ§_Ι“ίs_Ό–¥—Φ‘Ί‚Q|‚P","1009","—Ρ‹Ζo‰c‘Μ_v","o‰c‘Μ","5"
"1158","’·–μ§_Ι“ίs_Ό–¥—Φ‘Ί‚Q|‚P","1010","—Ρ‹Ζo‰c‘Μ_Βlo‰c","o‰c‘Μ","1"
"1158","’·–μ§_Ι“ίs_Ό–¥—Φ‘Ί‚Q|‚P","1011","—Ρ‹Ζo‰c‘Μ_’c‘Μo‰c","o‰c‘Μ","4"
"1158","’·–μ§_Ι“ίs_Ό–¥—Φ‘Ί‚Q|‚P","1012","—Ρ‹Ζo‰c‘Μ_’c‘Μo‰c_–@lo‰c","o‰c‘Μ","4"
"1159","’·–μ§_Ι“ίs_θ—Η‘Ί","1001","”_—Ρ‹Ζo‰c‘Μ_v","o‰c‘Μ","68"
"1159","’·–μ§_Ι“ίs_θ—Η‘Ί","1002","”_—Ρ‹Ζo‰c‘Μ_Βlo‰c","o‰c‘Μ","62"
"1159","’·–μ§_Ι“ίs_θ—Η‘Ί","1003","”_—Ρ‹Ζo‰c‘Μ_’c‘Μo‰c","o‰c‘Μ","6"
"1159","’·–μ§_Ι“ίs_θ—Η‘Ί","1004","”_—Ρ‹Ζo‰c‘Μ_’c‘Μo‰c_–@lo‰c","o‰c‘Μ","6"
"1159","’·–μ§_Ι“ίs_θ—Η‘Ί","1005","”_‹Ζo‰c‘Μ_v","o‰c‘Μ","67"
"1159","’·–μ§_Ι“ίs_θ—Η‘Ί","1006","”_‹Ζo‰c‘Μ_Βlo‰c","o‰c‘Μ","61"
"1159","’·–μ§_Ι“ίs_θ—Η‘Ί","1007","”_‹Ζo‰c‘Μ_’c‘Μo‰c","o‰c‘Μ","6"
"1159","’·–μ§_Ι“ίs_θ—Η‘Ί","1008","”_‹Ζo‰c‘Μ_’c‘Μo‰c_–@lo‰c","o‰c‘Μ","6"
"1159","’·–μ§_Ι“ίs_θ—Η‘Ί","1009","—Ρ‹Ζo‰c‘Μ_v","o‰c‘Μ","2"
"1159","’·–μ§_Ι“ίs_θ—Η‘Ί","1010","—Ρ‹Ζo‰c‘Μ_Βlo‰c","o‰c‘Μ","2"
"1159","’·–μ§_Ι“ίs_θ—Η‘Ί","1011","—Ρ‹Ζo‰c‘Μ_’c‘Μo‰c","o‰c‘Μ","-"
"1159","’·–μ§_Ι“ίs_θ—Η‘Ί","1012","—Ρ‹Ζo‰c‘Μ_’c‘Μo‰c_–@lo‰c","o‰c‘Μ","-"
"1160","’·–μ§_Ι“ίs_”όβΜ‘Ί","1001","”_—Ρ‹Ζo‰c‘Μ_v","o‰c‘Μ","163"
"1160","’·–μ§_Ι“ίs_”όβΜ‘Ί","1002","”_—Ρ‹Ζo‰c‘Μ_Βlo‰c","o‰c‘Μ","147"
"1160","’·–μ§_Ι“ίs_”όβΜ‘Ί","1003","”_—Ρ‹Ζo‰c‘Μ_’c‘Μo‰c","o‰c‘Μ","16"
"1160","’·–μ§_Ι“ίs_”όβΜ‘Ί","1004","”_—Ρ‹Ζo‰c‘Μ_’c‘Μo‰c_–@lo‰c","o‰c‘Μ","11"
"1160","’·–μ§_Ι“ίs_”όβΜ‘Ί","1005","”_‹Ζo‰c‘Μ_v","o‰c‘Μ","163"
"1160","’·–μ§_Ι“ίs_”όβΜ‘Ί","1006","”_‹Ζo‰c‘Μ_Βlo‰c","o‰c‘Μ","147"
"1160","’·–μ§_Ι“ίs_”όβΜ‘Ί","1007","”_‹Ζo‰c‘Μ_’c‘Μo‰c","o‰c‘Μ","16"
"1160","’·–μ§_Ι“ίs_”όβΜ‘Ί","1008","”_‹Ζo‰c‘Μ_’c‘Μo‰c_–@lo‰c","o‰c‘Μ","11"
"1160","’·–μ§_Ι“ίs_”όβΜ‘Ί","1009","—Ρ‹Ζo‰c‘Μ_v","o‰c‘Μ","-"
"1160","’·–μ§_Ι“ίs_”όβΜ‘Ί","1010","—Ρ‹Ζo‰c‘Μ_Βlo‰c","o‰c‘Μ","-"
"1160","’·–μ§_Ι“ίs_”όβΜ‘Ί","1011","—Ρ‹Ζo‰c‘Μ_’c‘Μo‰c","o‰c‘Μ","-"
"1160","’·–μ§_Ι“ίs_”όβΜ‘Ί","1012","—Ρ‹Ζo‰c‘Μ_’c‘Μo‰c_–@lo‰c","o‰c‘Μ","-"
"1161","’·–μ§_Ι“ίs_•x§‘Ί","1001","”_—Ρ‹Ζo‰c‘Μ_v","o‰c‘Μ","105"
"1161","’·–μ§_Ι“ίs_•x§‘Ί","1002","”_—Ρ‹Ζo‰c‘Μ_Βlo‰c","o‰c‘Μ","88"
"1161","’·–μ§_Ι“ίs_•x§‘Ί","1003","”_—Ρ‹Ζo‰c‘Μ_’c‘Μo‰c","o‰c‘Μ","17"
"1161","’·–μ§_Ι“ίs_•x§‘Ί","1004","”_—Ρ‹Ζo‰c‘Μ_’c‘Μo‰c_–@lo‰c","o‰c‘Μ","16"
"1161","’·–μ§_Ι“ίs_•x§‘Ί","1005","”_‹Ζo‰c‘Μ_v","o‰c‘Μ","104"
"1161","’·–μ§_Ι“ίs_•x§‘Ί","1006","”_‹Ζo‰c‘Μ_Βlo‰c","o‰c‘Μ","88"
"1161","’·–μ§_Ι“ίs_•x§‘Ί","1007","”_‹Ζo‰c‘Μ_’c‘Μo‰c","o‰c‘Μ","16"
"1161","’·–μ§_Ι“ίs_•x§‘Ί","1008","”_‹Ζo‰c‘Μ_’c‘Μo‰c_–@lo‰c","o‰c‘Μ","15"
"1161","’·–μ§_Ι“ίs_•x§‘Ί","1009","—Ρ‹Ζo‰c‘Μ_v","o‰c‘Μ","2"
"1161","’·–μ§_Ι“ίs_•x§‘Ί","1010","—Ρ‹Ζo‰c‘Μ_Βlo‰c","o‰c‘Μ","1"
"1161","’·–μ§_Ι“ίs_•x§‘Ί","1011","—Ρ‹Ζo‰c‘Μ_’c‘Μo‰c","o‰c‘Μ","1"
"1161","’·–μ§_Ι“ίs_•x§‘Ί","1012","—Ρ‹Ζo‰c‘Μ_’c‘Μo‰c_–@lo‰c","o‰c‘Μ","1"
"1162","’·–μ§_Ι“ίs_“t‹ί‘Ί","1001","”_—Ρ‹Ζo‰c‘Μ_v","o‰c‘Μ","162"
"1162","’·–μ§_Ι“ίs_“t‹ί‘Ί","1002","”_—Ρ‹Ζo‰c‘Μ_Βlo‰c","o‰c‘Μ","151"
"1162","’·–μ§_Ι“ίs_“t‹ί‘Ί","1003","”_—Ρ‹Ζo‰c‘Μ_’c‘Μo‰c","o‰c‘Μ","11"
"1162","’·–μ§_Ι“ίs_“t‹ί‘Ί","1004","”_—Ρ‹Ζo‰c‘Μ_’c‘Μo‰c_–@lo‰c","o‰c‘Μ","9"
"1162","’·–μ§_Ι“ίs_“t‹ί‘Ί","1005","”_‹Ζo‰c‘Μ_v","o‰c‘Μ","161"
"1162","’·–μ§_Ι“ίs_“t‹ί‘Ί","1006","”_‹Ζo‰c‘Μ_Βlo‰c","o‰c‘Μ","151"
"1162","’·–μ§_Ι“ίs_“t‹ί‘Ί","1007","”_‹Ζo‰c‘Μ_’c‘Μo‰c","o‰c‘Μ","10"
"1162","’·–μ§_Ι“ίs_“t‹ί‘Ί","1008","”_‹Ζo‰c‘Μ_’c‘Μo‰c_–@lo‰c","o‰c‘Μ","9"
"1162","’·–μ§_Ι“ίs_“t‹ί‘Ί","1009","—Ρ‹Ζo‰c‘Μ_v","o‰c‘Μ","1"
"1162","’·–μ§_Ι“ίs_“t‹ί‘Ί","1010","—Ρ‹Ζo‰c‘Μ_Βlo‰c","o‰c‘Μ","-"
"1162","’·–μ§_Ι“ίs_“t‹ί‘Ί","1011","—Ρ‹Ζo‰c‘Μ_’c‘Μo‰c","o‰c‘Μ","1"
"1162","’·–μ§_Ι“ίs_“t‹ί‘Ί","1012","—Ρ‹Ζo‰c‘Μ_’c‘Μo‰c_–@lo‰c","o‰c‘Μ","-"
"1163","’·–μ§_Ι“ίs_Όt‹ί‘Ί","1001","”_—Ρ‹Ζo‰c‘Μ_v","o‰c‘Μ","157"
"1163","’·–μ§_Ι“ίs_Όt‹ί‘Ί","1002","”_—Ρ‹Ζo‰c‘Μ_Βlo‰c","o‰c‘Μ","149"
"1163","’·–μ§_Ι“ίs_Όt‹ί‘Ί","1003","”_—Ρ‹Ζo‰c‘Μ_’c‘Μo‰c","o‰c‘Μ","8"
"1163","’·–μ§_Ι“ίs_Όt‹ί‘Ί","1004","”_—Ρ‹Ζo‰c‘Μ_’c‘Μo‰c_–@lo‰c","o‰c‘Μ","7"
"1163","’·–μ§_Ι“ίs_Όt‹ί‘Ί","1005","”_‹Ζo‰c‘Μ_v","o‰c‘Μ","155"
"1163","’·–μ§_Ι“ίs_Όt‹ί‘Ί","1006","”_‹Ζo‰c‘Μ_Βlo‰c","o‰c‘Μ","149"
"1163","’·–μ§_Ι“ίs_Όt‹ί‘Ί","1007","”_‹Ζo‰c‘Μ_’c‘Μo‰c","o‰c‘Μ","6"
"1163","’·–μ§_Ι“ίs_Όt‹ί‘Ί","1008","”_‹Ζo‰c‘Μ_’c‘Μo‰c_–@lo‰c","o‰c‘Μ","6"
"1163","’·–μ§_Ι“ίs_Όt‹ί‘Ί","1009","—Ρ‹Ζo‰c‘Μ_v","o‰c‘Μ","2"
"1163","’·–μ§_Ι“ίs_Όt‹ί‘Ί","1010","—Ρ‹Ζo‰c‘Μ_Βlo‰c","o‰c‘Μ","-"
"1163","’·–μ§_Ι“ίs_Όt‹ί‘Ί","1011","—Ρ‹Ζo‰c‘Μ_’c‘Μo‰c","o‰c‘Μ","2"
"1163","’·–μ§_Ι“ίs_Όt‹ί‘Ί","1012","—Ρ‹Ζo‰c‘Μ_’c‘Μo‰c_–@lo‰c","o‰c‘Μ","1"
"1164","’·–μ§_Ι“ίs_‚‰“’¬","1001","”_—Ρ‹Ζo‰c‘Μ_v","o‰c‘Μ","4"
"1164","’·–μ§_Ι“ίs_‚‰“’¬","1002","”_—Ρ‹Ζo‰c‘Μ_Βlo‰c","o‰c‘Μ","3"
"1164","’·–μ§_Ι“ίs_‚‰“’¬","1003","”_—Ρ‹Ζo‰c‘Μ_’c‘Μo‰c","o‰c‘Μ","1"
"1164","’·–μ§_Ι“ίs_‚‰“’¬","1004","”_—Ρ‹Ζo‰c‘Μ_’c‘Μo‰c_–@lo‰c","o‰c‘Μ","1"
"1164","’·–μ§_Ι“ίs_‚‰“’¬","1005","”_‹Ζo‰c‘Μ_v","o‰c‘Μ","3"
"1164","’·–μ§_Ι“ίs_‚‰“’¬","1006","”_‹Ζo‰c‘Μ_Βlo‰c","o‰c‘Μ","2"
"1164","’·–μ§_Ι“ίs_‚‰“’¬","1007","”_‹Ζo‰c‘Μ_’c‘Μo‰c","o‰c‘Μ","1"
"1164","’·–μ§_Ι“ίs_‚‰“’¬","1008","”_‹Ζo‰c‘Μ_’c‘Μo‰c_–@lo‰c","o‰c‘Μ","1"
"1164","’·–μ§_Ι“ίs_‚‰“’¬","1009","—Ρ‹Ζo‰c‘Μ_v","o‰c‘Μ","1"
"1164","’·–μ§_Ι“ίs_‚‰“’¬","1010","—Ρ‹Ζo‰c‘Μ_Βlo‰c","o‰c‘Μ","1"
"1164","’·–μ§_Ι“ίs_‚‰“’¬","1011","—Ρ‹Ζo‰c‘Μ_’c‘Μo‰c","o‰c‘Μ","-"
"1164","’·–μ§_Ι“ίs_‚‰“’¬","1012","—Ρ‹Ζo‰c‘Μ_’c‘Μo‰c_–@lo‰c","o‰c‘Μ","-"
"1165","’·–μ§_Ι“ίs_’·“΅‘Ί","1001","”_—Ρ‹Ζo‰c‘Μ_v","o‰c‘Μ","22"
"1165","’·–μ§_Ι“ίs_’·“΅‘Ί","1002","”_—Ρ‹Ζo‰c‘Μ_Βlo‰c","o‰c‘Μ","20"
"1165","’·–μ§_Ι“ίs_’·“΅‘Ί","1003","”_—Ρ‹Ζo‰c‘Μ_’c‘Μo‰c","o‰c‘Μ","2"
"1165","’·–μ§_Ι“ίs_’·“΅‘Ί","1004","”_—Ρ‹Ζo‰c‘Μ_’c‘Μo‰c_–@lo‰c","o‰c‘Μ","2"
"1165","’·–μ§_Ι“ίs_’·“΅‘Ί","1005","”_‹Ζo‰c‘Μ_v","o‰c‘Μ","20"
"1165","’·–μ§_Ι“ίs_’·“΅‘Ί","1006","”_‹Ζo‰c‘Μ_Βlo‰c","o‰c‘Μ","20"
"1165","’·–μ§_Ι“ίs_’·“΅‘Ί","1007","”_‹Ζo‰c‘Μ_’c‘Μo‰c","o‰c‘Μ","-"
"1165","’·–μ§_Ι“ίs_’·“΅‘Ί","1008","”_‹Ζo‰c‘Μ_’c‘Μo‰c_–@lo‰c","o‰c‘Μ","-"
"1165","’·–μ§_Ι“ίs_’·“΅‘Ί","1009","—Ρ‹Ζo‰c‘Μ_v","o‰c‘Μ","2"
"1165","’·–μ§_Ι“ίs_’·“΅‘Ί","1010","—Ρ‹Ζo‰c‘Μ_Βlo‰c","o‰c‘Μ","-"
"1165","’·–μ§_Ι“ίs_’·“΅‘Ί","1011","—Ρ‹Ζo‰c‘Μ_’c‘Μo‰c","o‰c‘Μ","2"
"1165","’·–μ§_Ι“ίs_’·“΅‘Ί","1012","—Ρ‹Ζo‰c‘Μ_’c‘Μo‰c_–@lo‰c","o‰c‘Μ","2"
"1166","’·–μ§_Ι“ίs_O‹`‘Ί","1001","”_—Ρ‹Ζo‰c‘Μ_v","o‰c‘Μ","10"
"1166","’·–μ§_Ι“ίs_O‹`‘Ί","1002","”_—Ρ‹Ζo‰c‘Μ_Βlo‰c","o‰c‘Μ","8"
"1166","’·–μ§_Ι“ίs_O‹`‘Ί","1003","”_—Ρ‹Ζo‰c‘Μ_’c‘Μo‰c","o‰c‘Μ","2"
"1166","’·–μ§_Ι“ίs_O‹`‘Ί","1004","”_—Ρ‹Ζo‰c‘Μ_’c‘Μo‰c_–@lo‰c","o‰c‘Μ","2"
"1166","’·–μ§_Ι“ίs_O‹`‘Ί","1005","”_‹Ζo‰c‘Μ_v","o‰c‘Μ","10"
"1166","’·–μ§_Ι“ίs_O‹`‘Ί","1006","”_‹Ζo‰c‘Μ_Βlo‰c","o‰c‘Μ","8"
"1166","’·–μ§_Ι“ίs_O‹`‘Ί","1007","”_‹Ζo‰c‘Μ_’c‘Μo‰c","o‰c‘Μ","2"
"1166","’·–μ§_Ι“ίs_O‹`‘Ί","1008","”_‹Ζo‰c‘Μ_’c‘Μo‰c_–@lo‰c","o‰c‘Μ","2"
"1166","’·–μ§_Ι“ίs_O‹`‘Ί","1009","—Ρ‹Ζo‰c‘Μ_v","o‰c‘Μ","-"
"1166","’·–μ§_Ι“ίs_O‹`‘Ί","1010","—Ρ‹Ζo‰c‘Μ_Βlo‰c","o‰c‘Μ","-"
"1166","’·–μ§_Ι“ίs_O‹`‘Ί","1011","—Ρ‹Ζo‰c‘Μ_’c‘Μo‰c","o‰c‘Μ","-"
"1166","’·–μ§_Ι“ίs_O‹`‘Ί","1012","—Ρ‹Ζo‰c‘Μ_’c‘Μo‰c_–@lo‰c","o‰c‘Μ","-"
"1167","’·–μ§_Ι“ίs_“΅‘ς‘Ί","1001","”_—Ρ‹Ζo‰c‘Μ_v","o‰c‘Μ","18"
"1167","’·–μ§_Ι“ίs_“΅‘ς‘Ί","1002","”_—Ρ‹Ζo‰c‘Μ_Βlo‰c","o‰c‘Μ","15"
"1167","’·–μ§_Ι“ίs_“΅‘ς‘Ί","1003","”_—Ρ‹Ζo‰c‘Μ_’c‘Μo‰c","o‰c‘Μ","3"
"1167","’·–μ§_Ι“ίs_“΅‘ς‘Ί","1004","”_—Ρ‹Ζo‰c‘Μ_’c‘Μo‰c_–@lo‰c","o‰c‘Μ","3"
"1167","’·–μ§_Ι“ίs_“΅‘ς‘Ί","1005","”_‹Ζo‰c‘Μ_v","o‰c‘Μ","15"
"1167","’·–μ§_Ι“ίs_“΅‘ς‘Ί","1006","”_‹Ζo‰c‘Μ_Βlo‰c","o‰c‘Μ","15"
"1167","’·–μ§_Ι“ίs_“΅‘ς‘Ί","1007","”_‹Ζo‰c‘Μ_’c‘Μo‰c","o‰c‘Μ","-"
"1167","’·–μ§_Ι“ίs_“΅‘ς‘Ί","1008","”_‹Ζo‰c‘Μ_’c‘Μo‰c_–@lo‰c","o‰c‘Μ","-"
"1167","’·–μ§_Ι“ίs_“΅‘ς‘Ί","1009","—Ρ‹Ζo‰c‘Μ_v","o‰c‘Μ","3"
"1167","’·–μ§_Ι“ίs_“΅‘ς‘Ί","1010","—Ρ‹Ζo‰c‘Μ_Βlo‰c","o‰c‘Μ","-"
"1167","’·–μ§_Ι“ίs_“΅‘ς‘Ί","1011","—Ρ‹Ζo‰c‘Μ_’c‘Μo‰c","o‰c‘Μ","3"
"1167","’·–μ§_Ι“ίs_“΅‘ς‘Ί","1012","—Ρ‹Ζo‰c‘Μ_’c‘Μo‰c_–@lo‰c","o‰c‘Μ","3"
"1168","’·–μ§_Ι“ίs_‰Ν“μ‘Ί","1001","”_—Ρ‹Ζo‰c‘Μ_v","o‰c‘Μ","50"
"1168","’·–μ§_Ι“ίs_‰Ν“μ‘Ί","1002","”_—Ρ‹Ζo‰c‘Μ_Βlo‰c","o‰c‘Μ","45"
"1168","’·–μ§_Ι“ίs_‰Ν“μ‘Ί","1003","”_—Ρ‹Ζo‰c‘Μ_’c‘Μo‰c","o‰c‘Μ","5"
"1168","’·–μ§_Ι“ίs_‰Ν“μ‘Ί","1004","”_—Ρ‹Ζo‰c‘Μ_’c‘Μo‰c_–@lo‰c","o‰c‘Μ","5"
"1168","’·–μ§_Ι“ίs_‰Ν“μ‘Ί","1005","”_‹Ζo‰c‘Μ_v","o‰c‘Μ","48"
"1168","’·–μ§_Ι“ίs_‰Ν“μ‘Ί","1006","”_‹Ζo‰c‘Μ_Βlo‰c","o‰c‘Μ","45"
"1168","’·–μ§_Ι“ίs_‰Ν“μ‘Ί","1007","”_‹Ζo‰c‘Μ_’c‘Μo‰c","o‰c‘Μ","3"
"1168","’·–μ§_Ι“ίs_‰Ν“μ‘Ί","1008","”_‹Ζo‰c‘Μ_’c‘Μo‰c_–@lo‰c","o‰c‘Μ","3"
"1168","’·–μ§_Ι“ίs_‰Ν“μ‘Ί","1009","—Ρ‹Ζo‰c‘Μ_v","o‰c‘Μ","2"
"1168","’·–μ§_Ι“ίs_‰Ν“μ‘Ί","1010","—Ρ‹Ζo‰c‘Μ_Βlo‰c","o‰c‘Μ","-"
"1168","’·–μ§_Ι“ίs_‰Ν“μ‘Ί","1011","—Ρ‹Ζo‰c‘Μ_’c‘Μo‰c","o‰c‘Μ","2"
"1168","’·–μ§_Ι“ίs_‰Ν“μ‘Ί","1012","—Ρ‹Ζo‰c‘Μ_’c‘Μo‰c_–@lo‰c","o‰c‘Μ","2"
"1169","’·–μ§_Ι“ίs_Ι“ί—Ά‘Ί","1001","”_—Ρ‹Ζo‰c‘Μ_v","o‰c‘Μ","7"
"1169","’·–μ§_Ι“ίs_Ι“ί—Ά‘Ί","1002","”_—Ρ‹Ζo‰c‘Μ_Βlo‰c","o‰c‘Μ","5"
"1169","’·–μ§_Ι“ίs_Ι“ί—Ά‘Ί","1003","”_—Ρ‹Ζo‰c‘Μ_’c‘Μo‰c","o‰c‘Μ","2"
"1169","’·–μ§_Ι“ίs_Ι“ί—Ά‘Ί","1004","”_—Ρ‹Ζo‰c‘Μ_’c‘Μo‰c_–@lo‰c","o‰c‘Μ","2"
"1169","’·–μ§_Ι“ίs_Ι“ί—Ά‘Ί","1005","”_‹Ζo‰c‘Μ_v","o‰c‘Μ","6"
"1169","’·–μ§_Ι“ίs_Ι“ί—Ά‘Ί","1006","”_‹Ζo‰c‘Μ_Βlo‰c","o‰c‘Μ","5"
"1169","’·–μ§_Ι“ίs_Ι“ί—Ά‘Ί","1007","”_‹Ζo‰c‘Μ_’c‘Μo‰c","o‰c‘Μ","1"
"1169","’·–μ§_Ι“ίs_Ι“ί—Ά‘Ί","1008","”_‹Ζo‰c‘Μ_’c‘Μo‰c_–@lo‰c","o‰c‘Μ","1"
"1169","’·–μ§_Ι“ίs_Ι“ί—Ά‘Ί","1009","—Ρ‹Ζo‰c‘Μ_v","o‰c‘Μ","1"
"1169","’·–μ§_Ι“ίs_Ι“ί—Ά‘Ί","1010","—Ρ‹Ζo‰c‘Μ_Βlo‰c","o‰c‘Μ","-"
"1169","’·–μ§_Ι“ίs_Ι“ί—Ά‘Ί","1011","—Ρ‹Ζo‰c‘Μ_’c‘Μo‰c","o‰c‘Μ","1"
"1169","’·–μ§_Ι“ίs_Ι“ί—Ά‘Ί","1012","—Ρ‹Ζo‰c‘Μ_’c‘Μo‰c_–@lo‰c","o‰c‘Μ","1"
"1170","’·–μ§_Ι“ίs_”όa‘Ί","1001","”_—Ρ‹Ζo‰c‘Μ_v","o‰c‘Μ","64"
"1170","’·–μ§_Ι“ίs_”όa‘Ί","1002","”_—Ρ‹Ζo‰c‘Μ_Βlo‰c","o‰c‘Μ","59"
"1170","’·–μ§_Ι“ίs_”όa‘Ί","1003","”_—Ρ‹Ζo‰c‘Μ_’c‘Μo‰c","o‰c‘Μ","5"
"1170","’·–μ§_Ι“ίs_”όa‘Ί","1004","”_—Ρ‹Ζo‰c‘Μ_’c‘Μo‰c_–@lo‰c","o‰c‘Μ","5"
"1170","’·–μ§_Ι“ίs_”όa‘Ί","1005","”_‹Ζo‰c‘Μ_v","o‰c‘Μ","63"
"1170","’·–μ§_Ι“ίs_”όa‘Ί","1006","”_‹Ζo‰c‘Μ_Βlo‰c","o‰c‘Μ","59"
"1170","’·–μ§_Ι“ίs_”όa‘Ί","1007","”_‹Ζo‰c‘Μ_’c‘Μo‰c","o‰c‘Μ","4"
"1170","’·–μ§_Ι“ίs_”όa‘Ί","1008","”_‹Ζo‰c‘Μ_’c‘Μo‰c_–@lo‰c","o‰c‘Μ","4"
"1170","’·–μ§_Ι“ίs_”όa‘Ί","1009","—Ρ‹Ζo‰c‘Μ_v","o‰c‘Μ","1"
"1170","’·–μ§_Ι“ίs_”όa‘Ί","1010","—Ρ‹Ζo‰c‘Μ_Βlo‰c","o‰c‘Μ","-"
"1170","’·–μ§_Ι“ίs_”όa‘Ί","1011","—Ρ‹Ζo‰c‘Μ_’c‘Μo‰c","o‰c‘Μ","1"
"1170","’·–μ§_Ι“ίs_”όa‘Ί","1012","—Ρ‹Ζo‰c‘Μ_’c‘Μo‰c_–@lo‰c","o‰c‘Μ","1"
"1171","’·–μ§_‹ξƒ–ªs","1001","”_—Ρ‹Ζo‰c‘Μ_v","o‰c‘Μ","622"
"1171","’·–μ§_‹ξƒ–ªs","1002","”_—Ρ‹Ζo‰c‘Μ_Βlo‰c","o‰c‘Μ","576"
"1171","’·–μ§_‹ξƒ–ªs","1003","”_—Ρ‹Ζo‰c‘Μ_’c‘Μo‰c","o‰c‘Μ","46"
"1171","’·–μ§_‹ξƒ–ªs","1004","”_—Ρ‹Ζo‰c‘Μ_’c‘Μo‰c_–@lo‰c","o‰c‘Μ","36"
"1171","’·–μ§_‹ξƒ–ªs","1005","”_‹Ζo‰c‘Μ_v","o‰c‘Μ","612"
"1171","’·–μ§_‹ξƒ–ªs","1006","”_‹Ζo‰c‘Μ_Βlo‰c","o‰c‘Μ","572"
"1171","’·–μ§_‹ξƒ–ªs","1007","”_‹Ζo‰c‘Μ_’c‘Μo‰c","o‰c‘Μ","40"
"1171","’·–μ§_‹ξƒ–ªs","1008","”_‹Ζo‰c‘Μ_’c‘Μo‰c_–@lo‰c","o‰c‘Μ","32"
"1171","’·–μ§_‹ξƒ–ªs","1009","—Ρ‹Ζo‰c‘Μ_v","o‰c‘Μ","23"
"1171","’·–μ§_‹ξƒ–ªs","1010","—Ρ‹Ζo‰c‘Μ_Βlo‰c","o‰c‘Μ","17"
"1171","’·–μ§_‹ξƒ–ªs","1011","—Ρ‹Ζo‰c‘Μ_’c‘Μo‰c","o‰c‘Μ","6"
"1171","’·–μ§_‹ξƒ–ªs","1012","—Ρ‹Ζo‰c‘Μ_’c‘Μo‰c_–@lo‰c","o‰c‘Μ","4"
"1172","’·–μ§_‹ξƒ–ªs_Τ•δ’¬","1001","”_—Ρ‹Ζo‰c‘Μ_v","o‰c‘Μ","340"
"1172","’·–μ§_‹ξƒ–ªs_Τ•δ’¬","1002","”_—Ρ‹Ζo‰c‘Μ_Βlo‰c","o‰c‘Μ","308"
"1172","’·–μ§_‹ξƒ–ªs_Τ•δ’¬","1003","”_—Ρ‹Ζo‰c‘Μ_’c‘Μo‰c","o‰c‘Μ","32"
"1172","’·–μ§_‹ξƒ–ªs_Τ•δ’¬","1004","”_—Ρ‹Ζo‰c‘Μ_’c‘Μo‰c_–@lo‰c","o‰c‘Μ","26"
"1172","’·–μ§_‹ξƒ–ªs_Τ•δ’¬","1005","”_‹Ζo‰c‘Μ_v","o‰c‘Μ","333"
"1172","’·–μ§_‹ξƒ–ªs_Τ•δ’¬","1006","”_‹Ζo‰c‘Μ_Βlo‰c","o‰c‘Μ","304"
"1172","’·–μ§_‹ξƒ–ªs_Τ•δ’¬","1007","”_‹Ζo‰c‘Μ_’c‘Μo‰c","o‰c‘Μ","29"
"1172","’·–μ§_‹ξƒ–ªs_Τ•δ’¬","1008","”_‹Ζo‰c‘Μ_’c‘Μo‰c_–@lo‰c","o‰c‘Μ","23"
"1172","’·–μ§_‹ξƒ–ªs_Τ•δ’¬","1009","—Ρ‹Ζo‰c‘Μ_v","o‰c‘Μ","10"
"1172","’·–μ§_‹ξƒ–ªs_Τ•δ’¬","1010","—Ρ‹Ζo‰c‘Μ_Βlo‰c","o‰c‘Μ","7"
"1172","’·–μ§_‹ξƒ–ªs_Τ•δ’¬","1011","—Ρ‹Ζo‰c‘Μ_’c‘Μo‰c","o‰c‘Μ","3"
"1172","’·–μ§_‹ξƒ–ªs_Τ•δ’¬","1012","—Ρ‹Ζo‰c‘Μ_’c‘Μo‰c_–@lo‰c","o‰c‘Μ","3"
"1173","’·–μ§_‹ξƒ–ªs_’†‘ς‘Ί","1001","”_—Ρ‹Ζo‰c‘Μ_v","o‰c‘Μ","141"
"1173","’·–μ§_‹ξƒ–ªs_’†‘ς‘Ί","1002","”_—Ρ‹Ζo‰c‘Μ_Βlo‰c","o‰c‘Μ","134"
"1173","’·–μ§_‹ξƒ–ªs_’†‘ς‘Ί","1003","”_—Ρ‹Ζo‰c‘Μ_’c‘Μo‰c","o‰c‘Μ","7"
"1173","’·–μ§_‹ξƒ–ªs_’†‘ς‘Ί","1004","”_—Ρ‹Ζo‰c‘Μ_’c‘Μo‰c_–@lo‰c","o‰c‘Μ","5"
"1173","’·–μ§_‹ξƒ–ªs_’†‘ς‘Ί","1005","”_‹Ζo‰c‘Μ_v","o‰c‘Μ","140"
"1173","’·–μ§_‹ξƒ–ªs_’†‘ς‘Ί","1006","”_‹Ζo‰c‘Μ_Βlo‰c","o‰c‘Μ","134"
"1173","’·–μ§_‹ξƒ–ªs_’†‘ς‘Ί","1007","”_‹Ζo‰c‘Μ_’c‘Μo‰c","o‰c‘Μ","6"
"1173","’·–μ§_‹ξƒ–ªs_’†‘ς‘Ί","1008","”_‹Ζo‰c‘Μ_’c‘Μo‰c_–@lo‰c","o‰c‘Μ","4"
"1173","’·–μ§_‹ξƒ–ªs_’†‘ς‘Ί","1009","—Ρ‹Ζo‰c‘Μ_v","o‰c‘Μ","9"
"1173","’·–μ§_‹ξƒ–ªs_’†‘ς‘Ί","1010","—Ρ‹Ζo‰c‘Μ_Βlo‰c","o‰c‘Μ","8"
"1173","’·–μ§_‹ξƒ–ªs_’†‘ς‘Ί","1011","—Ρ‹Ζo‰c‘Μ_’c‘Μo‰c","o‰c‘Μ","1"
"1173","’·–μ§_‹ξƒ–ªs_’†‘ς‘Ί","1012","—Ρ‹Ζo‰c‘Μ_’c‘Μo‰c_–@lo‰c","o‰c‘Μ","1"
"1174","’·–μ§_‹ξƒ–ªs_Ι“ί‘Ί","1001","”_—Ρ‹Ζo‰c‘Μ_v","o‰c‘Μ","141"
"1174","’·–μ§_‹ξƒ–ªs_Ι“ί‘Ί","1002","”_—Ρ‹Ζo‰c‘Μ_Βlo‰c","o‰c‘Μ","134"
"1174","’·–μ§_‹ξƒ–ªs_Ι“ί‘Ί","1003","”_—Ρ‹Ζo‰c‘Μ_’c‘Μo‰c","o‰c‘Μ","7"
"1174","’·–μ§_‹ξƒ–ªs_Ι“ί‘Ί","1004","”_—Ρ‹Ζo‰c‘Μ_’c‘Μo‰c_–@lo‰c","o‰c‘Μ","5"
"1174","’·–μ§_‹ξƒ–ªs_Ι“ί‘Ί","1005","”_‹Ζo‰c‘Μ_v","o‰c‘Μ","139"
"1174","’·–μ§_‹ξƒ–ªs_Ι“ί‘Ί","1006","”_‹Ζo‰c‘Μ_Βlo‰c","o‰c‘Μ","134"
"1174","’·–μ§_‹ξƒ–ªs_Ι“ί‘Ί","1007","”_‹Ζo‰c‘Μ_’c‘Μo‰c","o‰c‘Μ","5"
"1174","’·–μ§_‹ξƒ–ªs_Ι“ί‘Ί","1008","”_‹Ζo‰c‘Μ_’c‘Μo‰c_–@lo‰c","o‰c‘Μ","5"
"1174","’·–μ§_‹ξƒ–ªs_Ι“ί‘Ί","1009","—Ρ‹Ζo‰c‘Μ_v","o‰c‘Μ","4"
"1174","’·–μ§_‹ξƒ–ªs_Ι“ί‘Ί","1010","—Ρ‹Ζo‰c‘Μ_Βlo‰c","o‰c‘Μ","2"
"1174","’·–μ§_‹ξƒ–ªs_Ι“ί‘Ί","1011","—Ρ‹Ζo‰c‘Μ_’c‘Μo‰c","o‰c‘Μ","2"
"1174","’·–μ§_‹ξƒ–ªs_Ι“ί‘Ί","1012","—Ρ‹Ζo‰c‘Μ_’c‘Μo‰c_–@lo‰c","o‰c‘Μ","-"
"1175","’·–μ§_’†–μs","1001","”_—Ρ‹Ζo‰c‘Μ_v","o‰c‘Μ","1708"
"1175","’·–μ§_’†–μs","1002","”_—Ρ‹Ζo‰c‘Μ_Βlo‰c","o‰c‘Μ","1615"
"1175","’·–μ§_’†–μs","1003","”_—Ρ‹Ζo‰c‘Μ_’c‘Μo‰c","o‰c‘Μ","93"
"1175","’·–μ§_’†–μs","1004","”_—Ρ‹Ζo‰c‘Μ_’c‘Μo‰c_–@lo‰c","o‰c‘Μ","91"
"1175","’·–μ§_’†–μs","1005","”_‹Ζo‰c‘Μ_v","o‰c‘Μ","1704"
"1175","’·–μ§_’†–μs","1006","”_‹Ζo‰c‘Μ_Βlo‰c","o‰c‘Μ","1614"
"1175","’·–μ§_’†–μs","1007","”_‹Ζo‰c‘Μ_’c‘Μo‰c","o‰c‘Μ","90"
"1175","’·–μ§_’†–μs","1008","”_‹Ζo‰c‘Μ_’c‘Μo‰c_–@lo‰c","o‰c‘Μ","89"
"1175","’·–μ§_’†–μs","1009","—Ρ‹Ζo‰c‘Μ_v","o‰c‘Μ","4"
"1175","’·–μ§_’†–μs","1010","—Ρ‹Ζo‰c‘Μ_Βlo‰c","o‰c‘Μ","1"
"1175","’·–μ§_’†–μs","1011","—Ρ‹Ζo‰c‘Μ_’c‘Μo‰c","o‰c‘Μ","3"
"1175","’·–μ§_’†–μs","1012","—Ρ‹Ζo‰c‘Μ_’c‘Μo‰c_–@lo‰c","o‰c‘Μ","2"
"1176","’·–μ§_’†–μs_’†–μ’¬","1001","”_—Ρ‹Ζo‰c‘Μ_v","o‰c‘Μ","141"
"1176","’·–μ§_’†–μs_’†–μ’¬","1002","”_—Ρ‹Ζo‰c‘Μ_Βlo‰c","o‰c‘Μ","131"
"1176","’·–μ§_’†–μs_’†–μ’¬","1003","”_—Ρ‹Ζo‰c‘Μ_’c‘Μo‰c","o‰c‘Μ","10"
"1176","’·–μ§_’†–μs_’†–μ’¬","1004","”_—Ρ‹Ζo‰c‘Μ_’c‘Μo‰c_–@lo‰c","o‰c‘Μ","10"
"1176","’·–μ§_’†–μs_’†–μ’¬","1005","”_‹Ζo‰c‘Μ_v","o‰c‘Μ","141"
"1176","’·–μ§_’†–μs_’†–μ’¬","1006","”_‹Ζo‰c‘Μ_Βlo‰c","o‰c‘Μ","131"
"1176","’·–μ§_’†–μs_’†–μ’¬","1007","”_‹Ζo‰c‘Μ_’c‘Μo‰c","o‰c‘Μ","10"
"1176","’·–μ§_’†–μs_’†–μ’¬","1008","”_‹Ζo‰c‘Μ_’c‘Μo‰c_–@lo‰c","o‰c‘Μ","10"
"1176","’·–μ§_’†–μs_’†–μ’¬","1009","—Ρ‹Ζo‰c‘Μ_v","o‰c‘Μ","-"
"1176","’·–μ§_’†–μs_’†–μ’¬","1010","—Ρ‹Ζo‰c‘Μ_Βlo‰c","o‰c‘Μ","-"
"1176","’·–μ§_’†–μs_’†–μ’¬","1011","—Ρ‹Ζo‰c‘Μ_’c‘Μo‰c","o‰c‘Μ","-"
"1176","’·–μ§_’†–μs_’†–μ’¬","1012","—Ρ‹Ζo‰c‘Μ_’c‘Μo‰c_–@lo‰c","o‰c‘Μ","-"
"1177","’·–μ§_’†–μs_“ϊ–μ‘Ί","1001","”_—Ρ‹Ζo‰c‘Μ_v","o‰c‘Μ","105"
"1177","’·–μ§_’†–μs_“ϊ–μ‘Ί","1002","”_—Ρ‹Ζo‰c‘Μ_Βlo‰c","o‰c‘Μ","96"
"1177","’·–μ§_’†–μs_“ϊ–μ‘Ί","1003","”_—Ρ‹Ζo‰c‘Μ_’c‘Μo‰c","o‰c‘Μ","9"
"1177","’·–μ§_’†–μs_“ϊ–μ‘Ί","1004","”_—Ρ‹Ζo‰c‘Μ_’c‘Μo‰c_–@lo‰c","o‰c‘Μ","9"
"1177","’·–μ§_’†–μs_“ϊ–μ‘Ί","1005","”_‹Ζo‰c‘Μ_v","o‰c‘Μ","105"
"1177","’·–μ§_’†–μs_“ϊ–μ‘Ί","1006","”_‹Ζo‰c‘Μ_Βlo‰c","o‰c‘Μ","96"
"1177","’·–μ§_’†–μs_“ϊ–μ‘Ί","1007","”_‹Ζo‰c‘Μ_’c‘Μo‰c","o‰c‘Μ","9"
"1177","’·–μ§_’†–μs_“ϊ–μ‘Ί","1008","”_‹Ζo‰c‘Μ_’c‘Μo‰c_–@lo‰c","o‰c‘Μ","9"
"1177","’·–μ§_’†–μs_“ϊ–μ‘Ί","1009","—Ρ‹Ζo‰c‘Μ_v","o‰c‘Μ","-"
"1177","’·–μ§_’†–μs_“ϊ–μ‘Ί","1010","—Ρ‹Ζo‰c‘Μ_Βlo‰c","o‰c‘Μ","-"
"1177","’·–μ§_’†–μs_“ϊ–μ‘Ί","1011","—Ρ‹Ζo‰c‘Μ_’c‘Μo‰c","o‰c‘Μ","-"
"1177","’·–μ§_’†–μs_“ϊ–μ‘Ί","1012","—Ρ‹Ζo‰c‘Μ_’c‘Μo‰c_–@lo‰c","o‰c‘Μ","-"
"1178","’·–μ§_’†–μs_‰„“Ώ‘Ί","1001","”_—Ρ‹Ζo‰c‘Μ_v","o‰c‘Μ","132"
"1178","’·–μ§_’†–μs_‰„“Ώ‘Ί","1002","”_—Ρ‹Ζo‰c‘Μ_Βlo‰c","o‰c‘Μ","110"
"1178","’·–μ§_’†–μs_‰„“Ώ‘Ί","1003","”_—Ρ‹Ζo‰c‘Μ_’c‘Μo‰c","o‰c‘Μ","22"
"1178","’·–μ§_’†–μs_‰„“Ώ‘Ί","1004","”_—Ρ‹Ζo‰c‘Μ_’c‘Μo‰c_–@lo‰c","o‰c‘Μ","21"
"1178","’·–μ§_’†–μs_‰„“Ώ‘Ί","1005","”_‹Ζo‰c‘Μ_v","o‰c‘Μ","132"
"1178","’·–μ§_’†–μs_‰„“Ώ‘Ί","1006","”_‹Ζo‰c‘Μ_Βlo‰c","o‰c‘Μ","110"
"1178","’·–μ§_’†–μs_‰„“Ώ‘Ί","1007","”_‹Ζo‰c‘Μ_’c‘Μo‰c","o‰c‘Μ","22"
"1178","’·–μ§_’†–μs_‰„“Ώ‘Ί","1008","”_‹Ζo‰c‘Μ_’c‘Μo‰c_–@lo‰c","o‰c‘Μ","21"
"1178","’·–μ§_’†–μs_‰„“Ώ‘Ί","1009","—Ρ‹Ζo‰c‘Μ_v","o‰c‘Μ","-"
"1178","’·–μ§_’†–μs_‰„“Ώ‘Ί","1010","—Ρ‹Ζo‰c‘Μ_Βlo‰c","o‰c‘Μ","-"
"1178","’·–μ§_’†–μs_‰„“Ώ‘Ί","1011","—Ρ‹Ζo‰c‘Μ_’c‘Μo‰c","o‰c‘Μ","-"
"1178","’·–μ§_’†–μs_‰„“Ώ‘Ί","1012","—Ρ‹Ζo‰c‘Μ_’c‘Μo‰c_–@lo‰c","o‰c‘Μ","-"
"1179","’·–μ§_’†–μs_•½–μ‘Ί","1001","”_—Ρ‹Ζo‰c‘Μ_v","o‰c‘Μ","149"
"1179","’·–μ§_’†–μs_•½–μ‘Ί","1002","”_—Ρ‹Ζo‰c‘Μ_Βlo‰c","o‰c‘Μ","135"
"1179","’·–μ§_’†–μs_•½–μ‘Ί","1003","”_—Ρ‹Ζo‰c‘Μ_’c‘Μo‰c","o‰c‘Μ","14"
"1179","’·–μ§_’†–μs_•½–μ‘Ί","1004","”_—Ρ‹Ζo‰c‘Μ_’c‘Μo‰c_–@lo‰c","o‰c‘Μ","14"
"1179","’·–μ§_’†–μs_•½–μ‘Ί","1005","”_‹Ζo‰c‘Μ_v","o‰c‘Μ","148"
"1179","’·–μ§_’†–μs_•½–μ‘Ί","1006","”_‹Ζo‰c‘Μ_Βlo‰c","o‰c‘Μ","135"
"1179","’·–μ§_’†–μs_•½–μ‘Ί","1007","”_‹Ζo‰c‘Μ_’c‘Μo‰c","o‰c‘Μ","13"
"1179","’·–μ§_’†–μs_•½–μ‘Ί","1008","”_‹Ζo‰c‘Μ_’c‘Μo‰c_–@lo‰c","o‰c‘Μ","13"
"1179","’·–μ§_’†–μs_•½–μ‘Ί","1009","—Ρ‹Ζo‰c‘Μ_v","o‰c‘Μ","1"
"1179","’·–μ§_’†–μs_•½–μ‘Ί","1010","—Ρ‹Ζo‰c‘Μ_Βlo‰c","o‰c‘Μ","-"
"1179","’·–μ§_’†–μs_•½–μ‘Ί","1011","—Ρ‹Ζo‰c‘Μ_’c‘Μo‰c","o‰c‘Μ","1"
"1179","’·–μ§_’†–μs_•½–μ‘Ί","1012","—Ρ‹Ζo‰c‘Μ_’c‘Μo‰c_–@lo‰c","o‰c‘Μ","1"
"1180","’·–μ§_’†–μs_‚‹u‘Ί","1001","”_—Ρ‹Ζo‰c‘Μ_v","o‰c‘Μ","169"
"1180","’·–μ§_’†–μs_‚‹u‘Ί","1002","”_—Ρ‹Ζo‰c‘Μ_Βlo‰c","o‰c‘Μ","159"
"1180","’·–μ§_’†–μs_‚‹u‘Ί","1003","”_—Ρ‹Ζo‰c‘Μ_’c‘Μo‰c","o‰c‘Μ","10"
"1180","’·–μ§_’†–μs_‚‹u‘Ί","1004","”_—Ρ‹Ζo‰c‘Μ_’c‘Μo‰c_–@lo‰c","o‰c‘Μ","10"
"1180","’·–μ§_’†–μs_‚‹u‘Ί","1005","”_‹Ζo‰c‘Μ_v","o‰c‘Μ","169"
"1180","’·–μ§_’†–μs_‚‹u‘Ί","1006","”_‹Ζo‰c‘Μ_Βlo‰c","o‰c‘Μ","159"
"1180","’·–μ§_’†–μs_‚‹u‘Ί","1007","”_‹Ζo‰c‘Μ_’c‘Μo‰c","o‰c‘Μ","10"
"1180","’·–μ§_’†–μs_‚‹u‘Ί","1008","”_‹Ζo‰c‘Μ_’c‘Μo‰c_–@lo‰c","o‰c‘Μ","10"
"1180","’·–μ§_’†–μs_‚‹u‘Ί","1009","—Ρ‹Ζo‰c‘Μ_v","o‰c‘Μ","-"
"1180","’·–μ§_’†–μs_‚‹u‘Ί","1010","—Ρ‹Ζo‰c‘Μ_Βlo‰c","o‰c‘Μ","-"
"1180","’·–μ§_’†–μs_‚‹u‘Ί","1011","—Ρ‹Ζo‰c‘Μ_’c‘Μo‰c","o‰c‘Μ","-"
"1180","’·–μ§_’†–μs_‚‹u‘Ί","1012","—Ρ‹Ζo‰c‘Μ_’c‘Μo‰c_–@lo‰c","o‰c‘Μ","-"
"1181","’·–μ§_’†–μs_’·‹u‘Ί","1001","”_—Ρ‹Ζo‰c‘Μ_v","o‰c‘Μ","152"
"1181","’·–μ§_’†–μs_’·‹u‘Ί","1002","”_—Ρ‹Ζo‰c‘Μ_Βlo‰c","o‰c‘Μ","147"
"1181","’·–μ§_’†–μs_’·‹u‘Ί","1003","”_—Ρ‹Ζo‰c‘Μ_’c‘Μo‰c","o‰c‘Μ","5"
"1181","’·–μ§_’†–μs_’·‹u‘Ί","1004","”_—Ρ‹Ζo‰c‘Μ_’c‘Μo‰c_–@lo‰c","o‰c‘Μ","5"
"1181","’·–μ§_’†–μs_’·‹u‘Ί","1005","”_‹Ζo‰c‘Μ_v","o‰c‘Μ","151"
"1181","’·–μ§_’†–μs_’·‹u‘Ί","1006","”_‹Ζo‰c‘Μ_Βlo‰c","o‰c‘Μ","147"
"1181","’·–μ§_’†–μs_’·‹u‘Ί","1007","”_‹Ζo‰c‘Μ_’c‘Μo‰c","o‰c‘Μ","4"
"1181","’·–μ§_’†–μs_’·‹u‘Ί","1008","”_‹Ζo‰c‘Μ_’c‘Μo‰c_–@lo‰c","o‰c‘Μ","4"
"1181","’·–μ§_’†–μs_’·‹u‘Ί","1009","—Ρ‹Ζo‰c‘Μ_v","o‰c‘Μ","1"
"1181","’·–μ§_’†–μs_’·‹u‘Ί","1010","—Ρ‹Ζo‰c‘Μ_Βlo‰c","o‰c‘Μ","-"
"1181","’·–μ§_’†–μs_’·‹u‘Ί","1011","—Ρ‹Ζo‰c‘Μ_’c‘Μo‰c","o‰c‘Μ","1"
"1181","’·–μ§_’†–μs_’·‹u‘Ί","1012","—Ρ‹Ζo‰c‘Μ_’c‘Μo‰c_–@lo‰c","o‰c‘Μ","1"
"1182","’·–μ§_’†–μs_•½‰ª‘Ί","1001","”_—Ρ‹Ζo‰c‘Μ_v","o‰c‘Μ","288"
"1182","’·–μ§_’†–μs_•½‰ª‘Ί","1002","”_—Ρ‹Ζo‰c‘Μ_Βlo‰c","o‰c‘Μ","275"
"1182","’·–μ§_’†–μs_•½‰ª‘Ί","1003","”_—Ρ‹Ζo‰c‘Μ_’c‘Μo‰c","o‰c‘Μ","13"
"1182","’·–μ§_’†–μs_•½‰ª‘Ί","1004","”_—Ρ‹Ζo‰c‘Μ_’c‘Μo‰c_–@lo‰c","o‰c‘Μ","13"
"1182","’·–μ§_’†–μs_•½‰ª‘Ί","1005","”_‹Ζo‰c‘Μ_v","o‰c‘Μ","287"
"1182","’·–μ§_’†–μs_•½‰ª‘Ί","1006","”_‹Ζo‰c‘Μ_Βlo‰c","o‰c‘Μ","274"
"1182","’·–μ§_’†–μs_•½‰ª‘Ί","1007","”_‹Ζo‰c‘Μ_’c‘Μo‰c","o‰c‘Μ","13"
"1182","’·–μ§_’†–μs_•½‰ª‘Ί","1008","”_‹Ζo‰c‘Μ_’c‘Μo‰c_–@lo‰c","o‰c‘Μ","13"
"1182","’·–μ§_’†–μs_•½‰ª‘Ί","1009","—Ρ‹Ζo‰c‘Μ_v","o‰c‘Μ","1"
"1182","’·–μ§_’†–μs_•½‰ª‘Ί","1010","—Ρ‹Ζo‰c‘Μ_Βlo‰c","o‰c‘Μ","1"
"1182","’·–μ§_’†–μs_•½‰ª‘Ί","1011","—Ρ‹Ζo‰c‘Μ_’c‘Μo‰c","o‰c‘Μ","-"
"1182","’·–μ§_’†–μs_•½‰ª‘Ί","1012","—Ρ‹Ζo‰c‘Μ_’c‘Μo‰c_–@lo‰c","o‰c‘Μ","-"
"1183","’·–μ§_’†–μs_‰Θ–μ‘Ί","1001","”_—Ρ‹Ζo‰c‘Μ_v","o‰c‘Μ","185"
"1183","’·–μ§_’†–μs_‰Θ–μ‘Ί","1002","”_—Ρ‹Ζo‰c‘Μ_Βlo‰c","o‰c‘Μ","182"
"1183","’·–μ§_’†–μs_‰Θ–μ‘Ί","1003","”_—Ρ‹Ζo‰c‘Μ_’c‘Μo‰c","o‰c‘Μ","3"
"1183","’·–μ§_’†–μs_‰Θ–μ‘Ί","1004","”_—Ρ‹Ζo‰c‘Μ_’c‘Μo‰c_–@lo‰c","o‰c‘Μ","3"
"1183","’·–μ§_’†–μs_‰Θ–μ‘Ί","1005","”_‹Ζo‰c‘Μ_v","o‰c‘Μ","185"
"1183","’·–μ§_’†–μs_‰Θ–μ‘Ί","1006","”_‹Ζo‰c‘Μ_Βlo‰c","o‰c‘Μ","182"
"1183","’·–μ§_’†–μs_‰Θ–μ‘Ί","1007","”_‹Ζo‰c‘Μ_’c‘Μo‰c","o‰c‘Μ","3"
"1183","’·–μ§_’†–μs_‰Θ–μ‘Ί","1008","”_‹Ζo‰c‘Μ_’c‘Μo‰c_–@lo‰c","o‰c‘Μ","3"
"1183","’·–μ§_’†–μs_‰Θ–μ‘Ί","1009","—Ρ‹Ζo‰c‘Μ_v","o‰c‘Μ","-"
"1183","’·–μ§_’†–μs_‰Θ–μ‘Ί","1010","—Ρ‹Ζo‰c‘Μ_Βlo‰c","o‰c‘Μ","-"
"1183","’·–μ§_’†–μs_‰Θ–μ‘Ί","1011","—Ρ‹Ζo‰c‘Μ_’c‘Μo‰c","o‰c‘Μ","-"
"1183","’·–μ§_’†–μs_‰Θ–μ‘Ί","1012","—Ρ‹Ζo‰c‘Μ_’c‘Μo‰c_–@lo‰c","o‰c‘Μ","-"
"1184","’·–μ§_’†–μs_`‘Ί","1001","”_—Ρ‹Ζo‰c‘Μ_v","o‰c‘Μ","136"
"1184","’·–μ§_’†–μs_`‘Ί","1002","”_—Ρ‹Ζo‰c‘Μ_Βlo‰c","o‰c‘Μ","135"
"1184","’·–μ§_’†–μs_`‘Ί","1003","”_—Ρ‹Ζo‰c‘Μ_’c‘Μo‰c","o‰c‘Μ","1"
"1184","’·–μ§_’†–μs_`‘Ί","1004","”_—Ρ‹Ζo‰c‘Μ_’c‘Μo‰c_–@lo‰c","o‰c‘Μ","1"
"1184","’·–μ§_’†–μs_`‘Ί","1005","”_‹Ζo‰c‘Μ_v","o‰c‘Μ","136"
"1184","’·–μ§_’†–μs_`‘Ί","1006","”_‹Ζo‰c‘Μ_Βlo‰c","o‰c‘Μ","135"
"1184","’·–μ§_’†–μs_`‘Ί","1007","”_‹Ζo‰c‘Μ_’c‘Μo‰c","o‰c‘Μ","1"
"1184","’·–μ§_’†–μs_`‘Ί","1008","”_‹Ζo‰c‘Μ_’c‘Μo‰c_–@lo‰c","o‰c‘Μ","1"
"1184","’·–μ§_’†–μs_`‘Ί","1009","—Ρ‹Ζo‰c‘Μ_v","o‰c‘Μ","-"
"1184","’·–μ§_’†–μs_`‘Ί","1010","—Ρ‹Ζo‰c‘Μ_Βlo‰c","o‰c‘Μ","-"
"1184","’·–μ§_’†–μs_`‘Ί","1011","—Ρ‹Ζo‰c‘Μ_’c‘Μo‰c","o‰c‘Μ","-"
"1184","’·–μ§_’†–μs_`‘Ί","1012","—Ρ‹Ζo‰c‘Μ_’c‘Μo‰c_–@lo‰c","o‰c‘Μ","-"
"1185","’·–μ§_’†–μs_–Lδ‘Ί","1001","”_—Ρ‹Ζo‰c‘Μ_v","o‰c‘Μ","137"
"1185","’·–μ§_’†–μs_–Lδ‘Ί","1002","”_—Ρ‹Ζo‰c‘Μ_Βlo‰c","o‰c‘Μ","135"
"1185","’·–μ§_’†–μs_–Lδ‘Ί","1003","”_—Ρ‹Ζo‰c‘Μ_’c‘Μo‰c","o‰c‘Μ","2"
"1185","’·–μ§_’†–μs_–Lδ‘Ί","1004","”_—Ρ‹Ζo‰c‘Μ_’c‘Μo‰c_–@lo‰c","o‰c‘Μ","2"
"1185","’·–μ§_’†–μs_–Lδ‘Ί","1005","”_‹Ζo‰c‘Μ_v","o‰c‘Μ","137"
"1185","’·–μ§_’†–μs_–Lδ‘Ί","1006","”_‹Ζo‰c‘Μ_Βlo‰c","o‰c‘Μ","135"
"1185","’·–μ§_’†–μs_–Lδ‘Ί","1007","”_‹Ζo‰c‘Μ_’c‘Μo‰c","o‰c‘Μ","2"
"1185","’·–μ§_’†–μs_–Lδ‘Ί","1008","”_‹Ζo‰c‘Μ_’c‘Μo‰c_–@lo‰c","o‰c‘Μ","2"
"1185","’·–μ§_’†–μs_–Lδ‘Ί","1009","—Ρ‹Ζo‰c‘Μ_v","o‰c‘Μ","-"
"1185","’·–μ§_’†–μs_–Lδ‘Ί","1010","—Ρ‹Ζo‰c‘Μ_Βlo‰c","o‰c‘Μ","-"
"1185","’·–μ§_’†–μs_–Lδ‘Ί","1011","—Ρ‹Ζo‰c‘Μ_’c‘Μo‰c","o‰c‘Μ","-"
"1185","’·–μ§_’†–μs_–Lδ‘Ί","1012","—Ρ‹Ζo‰c‘Μ_’c‘Μo‰c_–@lo‰c","o‰c‘Μ","-"
"1186","’·–μ§_’†–μs_‰i“c‘Ί","1001","”_—Ρ‹Ζo‰c‘Μ_v","o‰c‘Μ","114"
"1186","’·–μ§_’†–μs_‰i“c‘Ί","1002","”_—Ρ‹Ζo‰c‘Μ_Βlo‰c","o‰c‘Μ","110"
"1186","’·–μ§_’†–μs_‰i“c‘Ί","1003","”_—Ρ‹Ζo‰c‘Μ_’c‘Μo‰c","o‰c‘Μ","4"
"1186","’·–μ§_’†–μs_‰i“c‘Ί","1004","”_—Ρ‹Ζo‰c‘Μ_’c‘Μo‰c_–@lo‰c","o‰c‘Μ","3"
"1186","’·–μ§_’†–μs_‰i“c‘Ί","1005","”_‹Ζo‰c‘Μ_v","o‰c‘Μ","113"
"1186","’·–μ§_’†–μs_‰i“c‘Ί","1006","”_‹Ζo‰c‘Μ_Βlo‰c","o‰c‘Μ","110"
"1186","’·–μ§_’†–μs_‰i“c‘Ί","1007","”_‹Ζo‰c‘Μ_’c‘Μo‰c","o‰c‘Μ","3"
"1186","’·–μ§_’†–μs_‰i“c‘Ί","1008","”_‹Ζo‰c‘Μ_’c‘Μo‰c_–@lo‰c","o‰c‘Μ","3"
"1186","’·–μ§_’†–μs_‰i“c‘Ί","1009","—Ρ‹Ζo‰c‘Μ_v","o‰c‘Μ","1"
"1186","’·–μ§_’†–μs_‰i“c‘Ί","1010","—Ρ‹Ζo‰c‘Μ_Βlo‰c","o‰c‘Μ","-"
"1186","’·–μ§_’†–μs_‰i“c‘Ί","1011","—Ρ‹Ζo‰c‘Μ_’c‘Μo‰c","o‰c‘Μ","1"
"1186","’·–μ§_’†–μs_‰i“c‘Ί","1012","—Ρ‹Ζo‰c‘Μ_’c‘Μo‰c_–@lo‰c","o‰c‘Μ","-"
"1187","’·–μ§_‘ε’¬s","1001","”_—Ρ‹Ζo‰c‘Μ_v","o‰c‘Μ","771"
"1187","’·–μ§_‘ε’¬s","1002","”_—Ρ‹Ζo‰c‘Μ_Βlo‰c","o‰c‘Μ","737"
"1187","’·–μ§_‘ε’¬s","1003","”_—Ρ‹Ζo‰c‘Μ_’c‘Μo‰c","o‰c‘Μ","34"
"1187","’·–μ§_‘ε’¬s","1004","”_—Ρ‹Ζo‰c‘Μ_’c‘Μo‰c_–@lo‰c","o‰c‘Μ","20"
"1187","’·–μ§_‘ε’¬s","1005","”_‹Ζo‰c‘Μ_v","o‰c‘Μ","763"
"1187","’·–μ§_‘ε’¬s","1006","”_‹Ζo‰c‘Μ_Βlo‰c","o‰c‘Μ","735"
"1187","’·–μ§_‘ε’¬s","1007","”_‹Ζo‰c‘Μ_’c‘Μo‰c","o‰c‘Μ","28"
"1187","’·–μ§_‘ε’¬s","1008","”_‹Ζo‰c‘Μ_’c‘Μo‰c_–@lo‰c","o‰c‘Μ","16"
"1187","’·–μ§_‘ε’¬s","1009","—Ρ‹Ζo‰c‘Μ_v","o‰c‘Μ","22"
"1187","’·–μ§_‘ε’¬s","1010","—Ρ‹Ζo‰c‘Μ_Βlo‰c","o‰c‘Μ","16"
"1187","’·–μ§_‘ε’¬s","1011","—Ρ‹Ζo‰c‘Μ_’c‘Μo‰c","o‰c‘Μ","6"
"1187","’·–μ§_‘ε’¬s","1012","—Ρ‹Ζo‰c‘Μ_’c‘Μo‰c_–@lo‰c","o‰c‘Μ","4"
"1188","’·–μ§_‘ε’¬s_‘ε’¬","1001","”_—Ρ‹Ζo‰c‘Μ_v","o‰c‘Μ","98"
"1188","’·–μ§_‘ε’¬s_‘ε’¬","1002","”_—Ρ‹Ζo‰c‘Μ_Βlo‰c","o‰c‘Μ","94"
"1188","’·–μ§_‘ε’¬s_‘ε’¬","1003","”_—Ρ‹Ζo‰c‘Μ_’c‘Μo‰c","o‰c‘Μ","4"
"1188","’·–μ§_‘ε’¬s_‘ε’¬","1004","”_—Ρ‹Ζo‰c‘Μ_’c‘Μo‰c_–@lo‰c","o‰c‘Μ","2"
"1188","’·–μ§_‘ε’¬s_‘ε’¬","1005","”_‹Ζo‰c‘Μ_v","o‰c‘Μ","96"
"1188","’·–μ§_‘ε’¬s_‘ε’¬","1006","”_‹Ζo‰c‘Μ_Βlo‰c","o‰c‘Μ","94"
"1188","’·–μ§_‘ε’¬s_‘ε’¬","1007","”_‹Ζo‰c‘Μ_’c‘Μo‰c","o‰c‘Μ","2"
"1188","’·–μ§_‘ε’¬s_‘ε’¬","1008","”_‹Ζo‰c‘Μ_’c‘Μo‰c_–@lo‰c","o‰c‘Μ","1"
"1188","’·–μ§_‘ε’¬s_‘ε’¬","1009","—Ρ‹Ζo‰c‘Μ_v","o‰c‘Μ","3"
"1188","’·–μ§_‘ε’¬s_‘ε’¬","1010","—Ρ‹Ζo‰c‘Μ_Βlo‰c","o‰c‘Μ","1"
"1188","’·–μ§_‘ε’¬s_‘ε’¬","1011","—Ρ‹Ζo‰c‘Μ_’c‘Μo‰c","o‰c‘Μ","2"
"1188","’·–μ§_‘ε’¬s_‘ε’¬","1012","—Ρ‹Ζo‰c‘Μ_’c‘Μo‰c_–@lo‰c","o‰c‘Μ","1"
"1189","’·–μ§_‘ε’¬s_•½‘Ί","1001","”_—Ρ‹Ζo‰c‘Μ_v","o‰c‘Μ","178"
"1189","’·–μ§_‘ε’¬s_•½‘Ί","1002","”_—Ρ‹Ζo‰c‘Μ_Βlo‰c","o‰c‘Μ","167"
"1189","’·–μ§_‘ε’¬s_•½‘Ί","1003","”_—Ρ‹Ζo‰c‘Μ_’c‘Μo‰c","o‰c‘Μ","11"
"1189","’·–μ§_‘ε’¬s_•½‘Ί","1004","”_—Ρ‹Ζo‰c‘Μ_’c‘Μo‰c_–@lo‰c","o‰c‘Μ","7"
"1189","’·–μ§_‘ε’¬s_•½‘Ί","1005","”_‹Ζo‰c‘Μ_v","o‰c‘Μ","173"
"1189","’·–μ§_‘ε’¬s_•½‘Ί","1006","”_‹Ζo‰c‘Μ_Βlo‰c","o‰c‘Μ","165"
"1189","’·–μ§_‘ε’¬s_•½‘Ί","1007","”_‹Ζo‰c‘Μ_’c‘Μo‰c","o‰c‘Μ","8"
"1189","’·–μ§_‘ε’¬s_•½‘Ί","1008","”_‹Ζo‰c‘Μ_’c‘Μo‰c_–@lo‰c","o‰c‘Μ","5"
"1189","’·–μ§_‘ε’¬s_•½‘Ί","1009","—Ρ‹Ζo‰c‘Μ_v","o‰c‘Μ","7"
"1189","’·–μ§_‘ε’¬s_•½‘Ί","1010","—Ρ‹Ζo‰c‘Μ_Βlo‰c","o‰c‘Μ","4"
"1189","’·–μ§_‘ε’¬s_•½‘Ί","1011","—Ρ‹Ζo‰c‘Μ_’c‘Μo‰c","o‰c‘Μ","3"
"1189","’·–μ§_‘ε’¬s_•½‘Ί","1012","—Ρ‹Ζo‰c‘Μ_’c‘Μo‰c_–@lo‰c","o‰c‘Μ","2"
"1190","’·–μ§_‘ε’¬s_ν”Υ‘Ί","1001","”_—Ρ‹Ζo‰c‘Μ_v","o‰c‘Μ","316"
"1190","’·–μ§_‘ε’¬s_ν”Υ‘Ί","1002","”_—Ρ‹Ζo‰c‘Μ_Βlo‰c","o‰c‘Μ","304"
"1190","’·–μ§_‘ε’¬s_ν”Υ‘Ί","1003","”_—Ρ‹Ζo‰c‘Μ_’c‘Μo‰c","o‰c‘Μ","12"
"1190","’·–μ§_‘ε’¬s_ν”Υ‘Ί","1004","”_—Ρ‹Ζo‰c‘Μ_’c‘Μo‰c_–@lo‰c","o‰c‘Μ","6"
"1190","’·–μ§_‘ε’¬s_ν”Υ‘Ί","1005","”_‹Ζo‰c‘Μ_v","o‰c‘Μ","316"
"1190","’·–μ§_‘ε’¬s_ν”Υ‘Ί","1006","”_‹Ζo‰c‘Μ_Βlo‰c","o‰c‘Μ","304"
"1190","’·–μ§_‘ε’¬s_ν”Υ‘Ί","1007","”_‹Ζo‰c‘Μ_’c‘Μo‰c","o‰c‘Μ","12"
"1190","’·–μ§_‘ε’¬s_ν”Υ‘Ί","1008","”_‹Ζo‰c‘Μ_’c‘Μo‰c_–@lo‰c","o‰c‘Μ","6"
"1190","’·–μ§_‘ε’¬s_ν”Υ‘Ί","1009","—Ρ‹Ζo‰c‘Μ_v","o‰c‘Μ","2"
"1190","’·–μ§_‘ε’¬s_ν”Υ‘Ί","1010","—Ρ‹Ζo‰c‘Μ_Βlo‰c","o‰c‘Μ","2"
"1190","’·–μ§_‘ε’¬s_ν”Υ‘Ί","1011","—Ρ‹Ζo‰c‘Μ_’c‘Μo‰c","o‰c‘Μ","-"
"1190","’·–μ§_‘ε’¬s_ν”Υ‘Ί","1012","—Ρ‹Ζo‰c‘Μ_’c‘Μo‰c_–@lo‰c","o‰c‘Μ","-"
"1191","’·–μ§_‘ε’¬s_Π‘Ί","1001","”_—Ρ‹Ζo‰c‘Μ_v","o‰c‘Μ","90"
"1191","’·–μ§_‘ε’¬s_Π‘Ί","1002","”_—Ρ‹Ζo‰c‘Μ_Βlo‰c","o‰c‘Μ","88"
"1191","’·–μ§_‘ε’¬s_Π‘Ί","1003","”_—Ρ‹Ζo‰c‘Μ_’c‘Μo‰c","o‰c‘Μ","2"
"1191","’·–μ§_‘ε’¬s_Π‘Ί","1004","”_—Ρ‹Ζo‰c‘Μ_’c‘Μo‰c_–@lo‰c","o‰c‘Μ","2"
"1191","’·–μ§_‘ε’¬s_Π‘Ί","1005","”_‹Ζo‰c‘Μ_v","o‰c‘Μ","90"
"1191","’·–μ§_‘ε’¬s_Π‘Ί","1006","”_‹Ζo‰c‘Μ_Βlo‰c","o‰c‘Μ","88"
"1191","’·–μ§_‘ε’¬s_Π‘Ί","1007","”_‹Ζo‰c‘Μ_’c‘Μo‰c","o‰c‘Μ","2"
"1191","’·–μ§_‘ε’¬s_Π‘Ί","1008","”_‹Ζo‰c‘Μ_’c‘Μo‰c_–@lo‰c","o‰c‘Μ","2"
"1191","’·–μ§_‘ε’¬s_Π‘Ί","1009","—Ρ‹Ζo‰c‘Μ_v","o‰c‘Μ","-"
"1191","’·–μ§_‘ε’¬s_Π‘Ί","1010","—Ρ‹Ζo‰c‘Μ_Βlo‰c","o‰c‘Μ","-"
"1191","’·–μ§_‘ε’¬s_Π‘Ί","1011","—Ρ‹Ζo‰c‘Μ_’c‘Μo‰c","o‰c‘Μ","-"
"1191","’·–μ§_‘ε’¬s_Π‘Ί","1012","—Ρ‹Ζo‰c‘Μ_’c‘Μo‰c_–@lo‰c","o‰c‘Μ","-"
"1192","’·–μ§_‘ε’¬s_”ªβ‘Ί‚Q|‚P","1001","”_—Ρ‹Ζo‰c‘Μ_v","o‰c‘Μ","52"
"1192","’·–μ§_‘ε’¬s_”ªβ‘Ί‚Q|‚P","1002","”_—Ρ‹Ζo‰c‘Μ_Βlo‰c","o‰c‘Μ","50"
"1192","’·–μ§_‘ε’¬s_”ªβ‘Ί‚Q|‚P","1003","”_—Ρ‹Ζo‰c‘Μ_’c‘Μo‰c","o‰c‘Μ","2"
"1192","’·–μ§_‘ε’¬s_”ªβ‘Ί‚Q|‚P","1004","”_—Ρ‹Ζo‰c‘Μ_’c‘Μo‰c_–@lo‰c","o‰c‘Μ","1"
"1192","’·–μ§_‘ε’¬s_”ªβ‘Ί‚Q|‚P","1005","”_‹Ζo‰c‘Μ_v","o‰c‘Μ","51"
"1192","’·–μ§_‘ε’¬s_”ªβ‘Ί‚Q|‚P","1006","”_‹Ζo‰c‘Μ_Βlo‰c","o‰c‘Μ","50"
"1192","’·–μ§_‘ε’¬s_”ªβ‘Ί‚Q|‚P","1007","”_‹Ζo‰c‘Μ_’c‘Μo‰c","o‰c‘Μ","1"
"1192","’·–μ§_‘ε’¬s_”ªβ‘Ί‚Q|‚P","1008","”_‹Ζo‰c‘Μ_’c‘Μo‰c_–@lo‰c","o‰c‘Μ","-"
"1192","’·–μ§_‘ε’¬s_”ªβ‘Ί‚Q|‚P","1009","—Ρ‹Ζo‰c‘Μ_v","o‰c‘Μ","5"
"1192","’·–μ§_‘ε’¬s_”ªβ‘Ί‚Q|‚P","1010","—Ρ‹Ζo‰c‘Μ_Βlo‰c","o‰c‘Μ","4"
"1192","’·–μ§_‘ε’¬s_”ªβ‘Ί‚Q|‚P","1011","—Ρ‹Ζo‰c‘Μ_’c‘Μo‰c","o‰c‘Μ","1"
"1192","’·–μ§_‘ε’¬s_”ªβ‘Ί‚Q|‚P","1012","—Ρ‹Ζo‰c‘Μ_’c‘Μo‰c_–@lo‰c","o‰c‘Μ","1"
"1193","’·–μ§_‘ε’¬s_L’Γ‘Ί‚R|‚R","1001","”_—Ρ‹Ζo‰c‘Μ_v","o‰c‘Μ","-"
"1193","’·–μ§_‘ε’¬s_L’Γ‘Ί‚R|‚R","1002","”_—Ρ‹Ζo‰c‘Μ_Βlo‰c","o‰c‘Μ","-"
"1193","’·–μ§_‘ε’¬s_L’Γ‘Ί‚R|‚R","1003","”_—Ρ‹Ζo‰c‘Μ_’c‘Μo‰c","o‰c‘Μ","-"
"1193","’·–μ§_‘ε’¬s_L’Γ‘Ί‚R|‚R","1004","”_—Ρ‹Ζo‰c‘Μ_’c‘Μo‰c_–@lo‰c","o‰c‘Μ","-"
"1193","’·–μ§_‘ε’¬s_L’Γ‘Ί‚R|‚R","1005","”_‹Ζo‰c‘Μ_v","o‰c‘Μ","-"
"1193","’·–μ§_‘ε’¬s_L’Γ‘Ί‚R|‚R","1006","”_‹Ζo‰c‘Μ_Βlo‰c","o‰c‘Μ","-"
"1193","’·–μ§_‘ε’¬s_L’Γ‘Ί‚R|‚R","1007","”_‹Ζo‰c‘Μ_’c‘Μo‰c","o‰c‘Μ","-"
"1193","’·–μ§_‘ε’¬s_L’Γ‘Ί‚R|‚R","1008","”_‹Ζo‰c‘Μ_’c‘Μo‰c_–@lo‰c","o‰c‘Μ","-"
"1193","’·–μ§_‘ε’¬s_L’Γ‘Ί‚R|‚R","1009","—Ρ‹Ζo‰c‘Μ_v","o‰c‘Μ","-"
"1193","’·–μ§_‘ε’¬s_L’Γ‘Ί‚R|‚R","1010","—Ρ‹Ζo‰c‘Μ_Βlo‰c","o‰c‘Μ","-"
"1193","’·–μ§_‘ε’¬s_L’Γ‘Ί‚R|‚R","1011","—Ρ‹Ζo‰c‘Μ_’c‘Μo‰c","o‰c‘Μ","-"
"1193","’·–μ§_‘ε’¬s_L’Γ‘Ί‚R|‚R","1012","—Ρ‹Ζo‰c‘Μ_’c‘Μo‰c_–@lo‰c","o‰c‘Μ","-"
"1194","’·–μ§_‘ε’¬s_”ό–ƒ‘Ί","1001","”_—Ρ‹Ζo‰c‘Μ_v","o‰c‘Μ","37"
"1194","’·–μ§_‘ε’¬s_”ό–ƒ‘Ί","1002","”_—Ρ‹Ζo‰c‘Μ_Βlo‰c","o‰c‘Μ","34"
"1194","’·–μ§_‘ε’¬s_”ό–ƒ‘Ί","1003","”_—Ρ‹Ζo‰c‘Μ_’c‘Μo‰c","o‰c‘Μ","3"
"1194","’·–μ§_‘ε’¬s_”ό–ƒ‘Ί","1004","”_—Ρ‹Ζo‰c‘Μ_’c‘Μo‰c_–@lo‰c","o‰c‘Μ","2"
"1194","’·–μ§_‘ε’¬s_”ό–ƒ‘Ί","1005","”_‹Ζo‰c‘Μ_v","o‰c‘Μ","37"
"1194","’·–μ§_‘ε’¬s_”ό–ƒ‘Ί","1006","”_‹Ζo‰c‘Μ_Βlo‰c","o‰c‘Μ","34"
"1194","’·–μ§_‘ε’¬s_”ό–ƒ‘Ί","1007","”_‹Ζo‰c‘Μ_’c‘Μo‰c","o‰c‘Μ","3"
"1194","’·–μ§_‘ε’¬s_”ό–ƒ‘Ί","1008","”_‹Ζo‰c‘Μ_’c‘Μo‰c_–@lo‰c","o‰c‘Μ","2"
"1194","’·–μ§_‘ε’¬s_”ό–ƒ‘Ί","1009","—Ρ‹Ζo‰c‘Μ_v","o‰c‘Μ","5"
"1194","’·–μ§_‘ε’¬s_”ό–ƒ‘Ί","1010","—Ρ‹Ζo‰c‘Μ_Βlo‰c","o‰c‘Μ","5"
"1194","’·–μ§_‘ε’¬s_”ό–ƒ‘Ί","1011","—Ρ‹Ζo‰c‘Μ_’c‘Μo‰c","o‰c‘Μ","-"
"1194","’·–μ§_‘ε’¬s_”ό–ƒ‘Ί","1012","—Ρ‹Ζo‰c‘Μ_’c‘Μo‰c_–@lo‰c","o‰c‘Μ","-"
"1195","’·–μ§_”ΡRs","1001","”_—Ρ‹Ζo‰c‘Μ_v","o‰c‘Μ","967"
"1195","’·–μ§_”ΡRs","1002","”_—Ρ‹Ζo‰c‘Μ_Βlo‰c","o‰c‘Μ","933"
"1195","’·–μ§_”ΡRs","1003","”_—Ρ‹Ζo‰c‘Μ_’c‘Μo‰c","o‰c‘Μ","34"
"1195","’·–μ§_”ΡRs","1004","”_—Ρ‹Ζo‰c‘Μ_’c‘Μo‰c_–@lo‰c","o‰c‘Μ","26"
"1195","’·–μ§_”ΡRs","1005","”_‹Ζo‰c‘Μ_v","o‰c‘Μ","966"
"1195","’·–μ§_”ΡRs","1006","”_‹Ζo‰c‘Μ_Βlo‰c","o‰c‘Μ","933"
"1195","’·–μ§_”ΡRs","1007","”_‹Ζo‰c‘Μ_’c‘Μo‰c","o‰c‘Μ","33"
"1195","’·–μ§_”ΡRs","1008","”_‹Ζo‰c‘Μ_’c‘Μo‰c_–@lo‰c","o‰c‘Μ","26"
"1195","’·–μ§_”ΡRs","1009","—Ρ‹Ζo‰c‘Μ_v","o‰c‘Μ","1"
"1195","’·–μ§_”ΡRs","1010","—Ρ‹Ζo‰c‘Μ_Βlo‰c","o‰c‘Μ","-"
"1195","’·–μ§_”ΡRs","1011","—Ρ‹Ζo‰c‘Μ_’c‘Μo‰c","o‰c‘Μ","1"
"1195","’·–μ§_”ΡRs","1012","—Ρ‹Ζo‰c‘Μ_’c‘Μo‰c_–@lo‰c","o‰c‘Μ","-"
"1196","’·–μ§_”ΡRs_”ΡR’¬","1001","”_—Ρ‹Ζo‰c‘Μ_v","o‰c‘Μ","29"
"1196","’·–μ§_”ΡRs_”ΡR’¬","1002","”_—Ρ‹Ζo‰c‘Μ_Βlo‰c","o‰c‘Μ","27"
"1196","’·–μ§_”ΡRs_”ΡR’¬","1003","”_—Ρ‹Ζo‰c‘Μ_’c‘Μo‰c","o‰c‘Μ","2"
"1196","’·–μ§_”ΡRs_”ΡR’¬","1004","”_—Ρ‹Ζo‰c‘Μ_’c‘Μo‰c_–@lo‰c","o‰c‘Μ","2"
"1196","’·–μ§_”ΡRs_”ΡR’¬","1005","”_‹Ζo‰c‘Μ_v","o‰c‘Μ","29"
"1196","’·–μ§_”ΡRs_”ΡR’¬","1006","”_‹Ζo‰c‘Μ_Βlo‰c","o‰c‘Μ","27"
"1196","’·–μ§_”ΡRs_”ΡR’¬","1007","”_‹Ζo‰c‘Μ_’c‘Μo‰c","o‰c‘Μ","2"
"1196","’·–μ§_”ΡRs_”ΡR’¬","1008","”_‹Ζo‰c‘Μ_’c‘Μo‰c_–@lo‰c","o‰c‘Μ","2"
"1196","’·–μ§_”ΡRs_”ΡR’¬","1009","—Ρ‹Ζo‰c‘Μ_v","o‰c‘Μ","-"
"1196","’·–μ§_”ΡRs_”ΡR’¬","1010","—Ρ‹Ζo‰c‘Μ_Βlo‰c","o‰c‘Μ","-"
"1196","’·–μ§_”ΡRs_”ΡR’¬","1011","—Ρ‹Ζo‰c‘Μ_’c‘Μo‰c","o‰c‘Μ","-"
"1196","’·–μ§_”ΡRs_”ΡR’¬","1012","—Ρ‹Ζo‰c‘Μ_’c‘Μo‰c_–@lo‰c","o‰c‘Μ","-"
"1197","’·–μ§_”ΡRs_H’Γ‘Ί","1001","”_—Ρ‹Ζo‰c‘Μ_v","o‰c‘Μ","92"
"1197","’·–μ§_”ΡRs_H’Γ‘Ί","1002","”_—Ρ‹Ζo‰c‘Μ_Βlo‰c","o‰c‘Μ","90"
"1197","’·–μ§_”ΡRs_H’Γ‘Ί","1003","”_—Ρ‹Ζo‰c‘Μ_’c‘Μo‰c","o‰c‘Μ","2"
"1197","’·–μ§_”ΡRs_H’Γ‘Ί","1004","”_—Ρ‹Ζo‰c‘Μ_’c‘Μo‰c_–@lo‰c","o‰c‘Μ","1"
"1197","’·–μ§_”ΡRs_H’Γ‘Ί","1005","”_‹Ζo‰c‘Μ_v","o‰c‘Μ","91"
"1197","’·–μ§_”ΡRs_H’Γ‘Ί","1006","”_‹Ζo‰c‘Μ_Βlo‰c","o‰c‘Μ","90"
"1197","’·–μ§_”ΡRs_H’Γ‘Ί","1007","”_‹Ζo‰c‘Μ_’c‘Μo‰c","o‰c‘Μ","1"
"1197","’·–μ§_”ΡRs_H’Γ‘Ί","1008","”_‹Ζo‰c‘Μ_’c‘Μo‰c_–@lo‰c","o‰c‘Μ","1"
"1197","’·–μ§_”ΡRs_H’Γ‘Ί","1009","—Ρ‹Ζo‰c‘Μ_v","o‰c‘Μ","1"
"1197","’·–μ§_”ΡRs_H’Γ‘Ί","1010","—Ρ‹Ζo‰c‘Μ_Βlo‰c","o‰c‘Μ","-"
"1197","’·–μ§_”ΡRs_H’Γ‘Ί","1011","—Ρ‹Ζo‰c‘Μ_’c‘Μo‰c","o‰c‘Μ","1"
"1197","’·–μ§_”ΡRs_H’Γ‘Ί","1012","—Ρ‹Ζo‰c‘Μ_’c‘Μo‰c_–@lo‰c","o‰c‘Μ","-"
"1198","’·–μ§_”ΡRs_–φ΄‘Ί","1001","”_—Ρ‹Ζo‰c‘Μ_v","o‰c‘Μ","80"
"1198","’·–μ§_”ΡRs_–φ΄‘Ί","1002","”_—Ρ‹Ζo‰c‘Μ_Βlo‰c","o‰c‘Μ","77"
"1198","’·–μ§_”ΡRs_–φ΄‘Ί","1003","”_—Ρ‹Ζo‰c‘Μ_’c‘Μo‰c","o‰c‘Μ","3"
"1198","’·–μ§_”ΡRs_–φ΄‘Ί","1004","”_—Ρ‹Ζo‰c‘Μ_’c‘Μo‰c_–@lo‰c","o‰c‘Μ","3"
"1198","’·–μ§_”ΡRs_–φ΄‘Ί","1005","”_‹Ζo‰c‘Μ_v","o‰c‘Μ","80"
"1198","’·–μ§_”ΡRs_–φ΄‘Ί","1006","”_‹Ζo‰c‘Μ_Βlo‰c","o‰c‘Μ","77"
"1198","’·–μ§_”ΡRs_–φ΄‘Ί","1007","”_‹Ζo‰c‘Μ_’c‘Μo‰c","o‰c‘Μ","3"
"1198","’·–μ§_”ΡRs_–φ΄‘Ί","1008","”_‹Ζo‰c‘Μ_’c‘Μo‰c_–@lo‰c","o‰c‘Μ","3"
"1198","’·–μ§_”ΡRs_–φ΄‘Ί","1009","—Ρ‹Ζo‰c‘Μ_v","o‰c‘Μ","-"
"1198","’·–μ§_”ΡRs_–φ΄‘Ί","1010","—Ρ‹Ζo‰c‘Μ_Βlo‰c","o‰c‘Μ","-"
"1198","’·–μ§_”ΡRs_–φ΄‘Ί","1011","—Ρ‹Ζo‰c‘Μ_’c‘Μo‰c","o‰c‘Μ","-"
"1198","’·–μ§_”ΡRs_–φ΄‘Ί","1012","—Ρ‹Ζo‰c‘Μ_’c‘Μo‰c_–@lo‰c","o‰c‘Μ","-"
"1199","’·–μ§_”ΡRs_O—l‘Ί","1001","”_—Ρ‹Ζo‰c‘Μ_v","o‰c‘Μ","48"
"1199","’·–μ§_”ΡRs_O—l‘Ί","1002","”_—Ρ‹Ζo‰c‘Μ_Βlo‰c","o‰c‘Μ","42"
"1199","’·–μ§_”ΡRs_O—l‘Ί","1003","”_—Ρ‹Ζo‰c‘Μ_’c‘Μo‰c","o‰c‘Μ","6"
"1199","’·–μ§_”ΡRs_O—l‘Ί","1004","”_—Ρ‹Ζo‰c‘Μ_’c‘Μo‰c_–@lo‰c","o‰c‘Μ","6"
"1199","’·–μ§_”ΡRs_O—l‘Ί","1005","”_‹Ζo‰c‘Μ_v","o‰c‘Μ","48"
"1199","’·–μ§_”ΡRs_O—l‘Ί","1006","”_‹Ζo‰c‘Μ_Βlo‰c","o‰c‘Μ","42"
"1199","’·–μ§_”ΡRs_O—l‘Ί","1007","”_‹Ζo‰c‘Μ_’c‘Μo‰c","o‰c‘Μ","6"
"1199","’·–μ§_”ΡRs_O—l‘Ί","1008","”_‹Ζo‰c‘Μ_’c‘Μo‰c_–@lo‰c","o‰c‘Μ","6"
"1199","’·–μ§_”ΡRs_O—l‘Ί","1009","—Ρ‹Ζo‰c‘Μ_v","o‰c‘Μ","-"
"1199","’·–μ§_”ΡRs_O—l‘Ί","1010","—Ρ‹Ζo‰c‘Μ_Βlo‰c","o‰c‘Μ","-"
"1199","’·–μ§_”ΡRs_O—l‘Ί","1011","—Ρ‹Ζo‰c‘Μ_’c‘Μo‰c","o‰c‘Μ","-"
"1199","’·–μ§_”ΡRs_O—l‘Ί","1012","—Ρ‹Ζo‰c‘Μ_’c‘Μo‰c_–@lo‰c","o‰c‘Μ","-"
"1200","’·–μ§_”ΡRs_ν”Υ‘Ί","1001","”_—Ρ‹Ζo‰c‘Μ_v","o‰c‘Μ","181"
"1200","’·–μ§_”ΡRs_ν”Υ‘Ί","1002","”_—Ρ‹Ζo‰c‘Μ_Βlo‰c","o‰c‘Μ","177"
"1200","’·–μ§_”ΡRs_ν”Υ‘Ί","1003","”_—Ρ‹Ζo‰c‘Μ_’c‘Μo‰c","o‰c‘Μ","4"
"1200","’·–μ§_”ΡRs_ν”Υ‘Ί","1004","”_—Ρ‹Ζo‰c‘Μ_’c‘Μo‰c_–@lo‰c","o‰c‘Μ","4"
"1200","’·–μ§_”ΡRs_ν”Υ‘Ί","1005","”_‹Ζo‰c‘Μ_v","o‰c‘Μ","181"
"1200","’·–μ§_”ΡRs_ν”Υ‘Ί","1006","”_‹Ζo‰c‘Μ_Βlo‰c","o‰c‘Μ","177"
"1200","’·–μ§_”ΡRs_ν”Υ‘Ί","1007","”_‹Ζo‰c‘Μ_’c‘Μo‰c","o‰c‘Μ","4"
"1200","’·–μ§_”ΡRs_ν”Υ‘Ί","1008","”_‹Ζo‰c‘Μ_’c‘Μo‰c_–@lo‰c","o‰c‘Μ","4"
"1200","’·–μ§_”ΡRs_ν”Υ‘Ί","1009","—Ρ‹Ζo‰c‘Μ_v","o‰c‘Μ","-"
"1200","’·–μ§_”ΡRs_ν”Υ‘Ί","1010","—Ρ‹Ζo‰c‘Μ_Βlo‰c","o‰c‘Μ","-"
"1200","’·–μ§_”ΡRs_ν”Υ‘Ί","1011","—Ρ‹Ζo‰c‘Μ_’c‘Μo‰c","o‰c‘Μ","-"
"1200","’·–μ§_”ΡRs_ν”Υ‘Ί","1012","—Ρ‹Ζo‰c‘Μ_’c‘Μo‰c_–@lo‰c","o‰c‘Μ","-"
"1201","’·–μ§_”ΡRs_‘Ύ“c‘Ί","1001","”_—Ρ‹Ζo‰c‘Μ_v","o‰c‘Μ","144"
"1201","’·–μ§_”ΡRs_‘Ύ“c‘Ί","1002","”_—Ρ‹Ζo‰c‘Μ_Βlo‰c","o‰c‘Μ","142"
"1201","’·–μ§_”ΡRs_‘Ύ“c‘Ί","1003","”_—Ρ‹Ζo‰c‘Μ_’c‘Μo‰c","o‰c‘Μ","2"
"1201","’·–μ§_”ΡRs_‘Ύ“c‘Ί","1004","”_—Ρ‹Ζo‰c‘Μ_’c‘Μo‰c_–@lo‰c","o‰c‘Μ","2"
"1201","’·–μ§_”ΡRs_‘Ύ“c‘Ί","1005","”_‹Ζo‰c‘Μ_v","o‰c‘Μ","144"
"1201","’·–μ§_”ΡRs_‘Ύ“c‘Ί","1006","”_‹Ζo‰c‘Μ_Βlo‰c","o‰c‘Μ","142"
"1201","’·–μ§_”ΡRs_‘Ύ“c‘Ί","1007","”_‹Ζo‰c‘Μ_’c‘Μo‰c","o‰c‘Μ","2"
"1201","’·–μ§_”ΡRs_‘Ύ“c‘Ί","1008","”_‹Ζo‰c‘Μ_’c‘Μo‰c_–@lo‰c","o‰c‘Μ","2"
"1201","’·–μ§_”ΡRs_‘Ύ“c‘Ί","1009","—Ρ‹Ζo‰c‘Μ_v","o‰c‘Μ","-"
"1201","’·–μ§_”ΡRs_‘Ύ“c‘Ί","1010","—Ρ‹Ζo‰c‘Μ_Βlo‰c","o‰c‘Μ","-"
"1201","’·–μ§_”ΡRs_‘Ύ“c‘Ί","1011","—Ρ‹Ζo‰c‘Μ_’c‘Μo‰c","o‰c‘Μ","-"
"1201","’·–μ§_”ΡRs_‘Ύ“c‘Ί","1012","—Ρ‹Ζo‰c‘Μ_’c‘Μo‰c_–@lo‰c","o‰c‘Μ","-"
"1202","’·–μ§_”ΡRs_‰ªR‘Ί","1001","”_—Ρ‹Ζo‰c‘Μ_v","o‰c‘Μ","87"
"1202","’·–μ§_”ΡRs_‰ªR‘Ί","1002","”_—Ρ‹Ζo‰c‘Μ_Βlo‰c","o‰c‘Μ","83"
"1202","’·–μ§_”ΡRs_‰ªR‘Ί","1003","”_—Ρ‹Ζo‰c‘Μ_’c‘Μo‰c","o‰c‘Μ","4"
"1202","’·–μ§_”ΡRs_‰ªR‘Ί","1004","”_—Ρ‹Ζo‰c‘Μ_’c‘Μo‰c_–@lo‰c","o‰c‘Μ","3"
"1202","’·–μ§_”ΡRs_‰ªR‘Ί","1005","”_‹Ζo‰c‘Μ_v","o‰c‘Μ","87"
"1202","’·–μ§_”ΡRs_‰ªR‘Ί","1006","”_‹Ζo‰c‘Μ_Βlo‰c","o‰c‘Μ","83"
"1202","’·–μ§_”ΡRs_‰ªR‘Ί","1007","”_‹Ζo‰c‘Μ_’c‘Μo‰c","o‰c‘Μ","4"
"1202","’·–μ§_”ΡRs_‰ªR‘Ί","1008","”_‹Ζo‰c‘Μ_’c‘Μo‰c_–@lo‰c","o‰c‘Μ","3"
"1202","’·–μ§_”ΡRs_‰ªR‘Ί","1009","—Ρ‹Ζo‰c‘Μ_v","o‰c‘Μ","-"
"1202","’·–μ§_”ΡRs_‰ªR‘Ί","1010","—Ρ‹Ζo‰c‘Μ_Βlo‰c","o‰c‘Μ","-"
"1202","’·–μ§_”ΡRs_‰ªR‘Ί","1011","—Ρ‹Ζo‰c‘Μ_’c‘Μo‰c","o‰c‘Μ","-"
"1202","’·–μ§_”ΡRs_‰ªR‘Ί","1012","—Ρ‹Ζo‰c‘Μ_’c‘Μo‰c_–@lo‰c","o‰c‘Μ","-"
"1203","’·–μ§_”ΡRs_•δ‘Ί‚Q|‚P","1001","”_—Ρ‹Ζo‰c‘Μ_v","o‰c‘Μ","128"
"1203","’·–μ§_”ΡRs_•δ‘Ί‚Q|‚P","1002","”_—Ρ‹Ζo‰c‘Μ_Βlo‰c","o‰c‘Μ","120"
"1203","’·–μ§_”ΡRs_•δ‘Ί‚Q|‚P","1003","”_—Ρ‹Ζo‰c‘Μ_’c‘Μo‰c","o‰c‘Μ","8"
"1203","’·–μ§_”ΡRs_•δ‘Ί‚Q|‚P","1004","”_—Ρ‹Ζo‰c‘Μ_’c‘Μo‰c_–@lo‰c","o‰c‘Μ","3"
"1203","’·–μ§_”ΡRs_•δ‘Ί‚Q|‚P","1005","”_‹Ζo‰c‘Μ_v","o‰c‘Μ","128"
"1203","’·–μ§_”ΡRs_•δ‘Ί‚Q|‚P","1006","”_‹Ζo‰c‘Μ_Βlo‰c","o‰c‘Μ","120"
"1203","’·–μ§_”ΡRs_•δ‘Ί‚Q|‚P","1007","”_‹Ζo‰c‘Μ_’c‘Μo‰c","o‰c‘Μ","8"
"1203","’·–μ§_”ΡRs_•δ‘Ί‚Q|‚P","1008","”_‹Ζo‰c‘Μ_’c‘Μo‰c_–@lo‰c","o‰c‘Μ","3"
"1203","’·–μ§_”ΡRs_•δ‘Ί‚Q|‚P","1009","—Ρ‹Ζo‰c‘Μ_v","o‰c‘Μ","-"
"1203","’·–μ§_”ΡRs_•δ‘Ί‚Q|‚P","1010","—Ρ‹Ζo‰c‘Μ_Βlo‰c","o‰c‘Μ","-"
"1203","’·–μ§_”ΡRs_•δ‘Ί‚Q|‚P","1011","—Ρ‹Ζo‰c‘Μ_’c‘Μo‰c","o‰c‘Μ","-"
"1203","’·–μ§_”ΡRs_•δ‘Ί‚Q|‚P","1012","—Ρ‹Ζo‰c‘Μ_’c‘Μo‰c_–@lo‰c","o‰c‘Μ","-"
"1204","’·–μ§_”ΡRs_–Ψ“‡‘Ί","1001","”_—Ρ‹Ζo‰c‘Μ_v","o‰c‘Μ","178"
"1204","’·–μ§_”ΡRs_–Ψ“‡‘Ί","1002","”_—Ρ‹Ζo‰c‘Μ_Βlo‰c","o‰c‘Μ","175"
"1204","’·–μ§_”ΡRs_–Ψ“‡‘Ί","1003","”_—Ρ‹Ζo‰c‘Μ_’c‘Μo‰c","o‰c‘Μ","3"
"1204","’·–μ§_”ΡRs_–Ψ“‡‘Ί","1004","”_—Ρ‹Ζo‰c‘Μ_’c‘Μo‰c_–@lo‰c","o‰c‘Μ","2"
"1204","’·–μ§_”ΡRs_–Ψ“‡‘Ί","1005","”_‹Ζo‰c‘Μ_v","o‰c‘Μ","178"
"1204","’·–μ§_”ΡRs_–Ψ“‡‘Ί","1006","”_‹Ζo‰c‘Μ_Βlo‰c","o‰c‘Μ","175"
"1204","’·–μ§_”ΡRs_–Ψ“‡‘Ί","1007","”_‹Ζo‰c‘Μ_’c‘Μo‰c","o‰c‘Μ","3"
"1204","’·–μ§_”ΡRs_–Ψ“‡‘Ί","1008","”_‹Ζo‰c‘Μ_’c‘Μo‰c_–@lo‰c","o‰c‘Μ","2"
"1204","’·–μ§_”ΡRs_–Ψ“‡‘Ί","1009","—Ρ‹Ζo‰c‘Μ_v","o‰c‘Μ","-"
"1204","’·–μ§_”ΡRs_–Ψ“‡‘Ί","1010","—Ρ‹Ζo‰c‘Μ_Βlo‰c","o‰c‘Μ","-"
"1204","’·–μ§_”ΡRs_–Ψ“‡‘Ί","1011","—Ρ‹Ζo‰c‘Μ_’c‘Μo‰c","o‰c‘Μ","-"
"1204","’·–μ§_”ΡRs_–Ψ“‡‘Ί","1012","—Ρ‹Ζo‰c‘Μ_’c‘Μo‰c_–@lo‰c","o‰c‘Μ","-"
"1205","’·–μ§_–μs","1001","”_—Ρ‹Ζo‰c‘Μ_v","o‰c‘Μ","887"
"1205","’·–μ§_–μs","1002","”_—Ρ‹Ζo‰c‘Μ_Βlo‰c","o‰c‘Μ","842"
"1205","’·–μ§_–μs","1003","”_—Ρ‹Ζo‰c‘Μ_’c‘Μo‰c","o‰c‘Μ","45"
"1205","’·–μ§_–μs","1004","”_—Ρ‹Ζo‰c‘Μ_’c‘Μo‰c_–@lo‰c","o‰c‘Μ","24"
"1205","’·–μ§_–μs","1005","”_‹Ζo‰c‘Μ_v","o‰c‘Μ","867"
"1205","’·–μ§_–μs","1006","”_‹Ζo‰c‘Μ_Βlo‰c","o‰c‘Μ","840"
"1205","’·–μ§_–μs","1007","”_‹Ζo‰c‘Μ_’c‘Μo‰c","o‰c‘Μ","27"
"1205","’·–μ§_–μs","1008","”_‹Ζo‰c‘Μ_’c‘Μo‰c_–@lo‰c","o‰c‘Μ","18"
"1205","’·–μ§_–μs","1009","—Ρ‹Ζo‰c‘Μ_v","o‰c‘Μ","22"
"1205","’·–μ§_–μs","1010","—Ρ‹Ζo‰c‘Μ_Βlo‰c","o‰c‘Μ","4"
"1205","’·–μ§_–μs","1011","—Ρ‹Ζo‰c‘Μ_’c‘Μo‰c","o‰c‘Μ","18"
"1205","’·–μ§_–μs","1012","—Ρ‹Ζo‰c‘Μ_’c‘Μo‰c_–@lo‰c","o‰c‘Μ","6"
"1206","’·–μ§_–μs_‚Ώ‚Μ’¬","1001","”_—Ρ‹Ζo‰c‘Μ_v","o‰c‘Μ","23"
"1206","’·–μ§_–μs_‚Ώ‚Μ’¬","1002","”_—Ρ‹Ζo‰c‘Μ_Βlo‰c","o‰c‘Μ","22"
"1206","’·–μ§_–μs_‚Ώ‚Μ’¬","1003","”_—Ρ‹Ζo‰c‘Μ_’c‘Μo‰c","o‰c‘Μ","1"
"1206","’·–μ§_–μs_‚Ώ‚Μ’¬","1004","”_—Ρ‹Ζo‰c‘Μ_’c‘Μo‰c_–@lo‰c","o‰c‘Μ","-"
"1206","’·–μ§_–μs_‚Ώ‚Μ’¬","1005","”_‹Ζo‰c‘Μ_v","o‰c‘Μ","22"
"1206","’·–μ§_–μs_‚Ώ‚Μ’¬","1006","”_‹Ζo‰c‘Μ_Βlo‰c","o‰c‘Μ","22"
"1206","’·–μ§_–μs_‚Ώ‚Μ’¬","1007","”_‹Ζo‰c‘Μ_’c‘Μo‰c","o‰c‘Μ","-"
"1206","’·–μ§_–μs_‚Ώ‚Μ’¬","1008","”_‹Ζo‰c‘Μ_’c‘Μo‰c_–@lo‰c","o‰c‘Μ","-"
"1206","’·–μ§_–μs_‚Ώ‚Μ’¬","1009","—Ρ‹Ζo‰c‘Μ_v","o‰c‘Μ","1"
"1206","’·–μ§_–μs_‚Ώ‚Μ’¬","1010","—Ρ‹Ζo‰c‘Μ_Βlo‰c","o‰c‘Μ","-"
"1206","’·–μ§_–μs_‚Ώ‚Μ’¬","1011","—Ρ‹Ζo‰c‘Μ_’c‘Μo‰c","o‰c‘Μ","1"
"1206","’·–μ§_–μs_‚Ώ‚Μ’¬","1012","—Ρ‹Ζo‰c‘Μ_’c‘Μo‰c_–@lo‰c","o‰c‘Μ","-"
"1207","’·–μ§_–μs_‹{μ‘Ί","1001","”_—Ρ‹Ζo‰c‘Μ_v","o‰c‘Μ","95"
"1207","’·–μ§_–μs_‹{μ‘Ί","1002","”_—Ρ‹Ζo‰c‘Μ_Βlo‰c","o‰c‘Μ","87"
"1207","’·–μ§_–μs_‹{μ‘Ί","1003","”_—Ρ‹Ζo‰c‘Μ_’c‘Μo‰c","o‰c‘Μ","8"
"1207","’·–μ§_–μs_‹{μ‘Ί","1004","”_—Ρ‹Ζo‰c‘Μ_’c‘Μo‰c_–@lo‰c","o‰c‘Μ","7"
"1207","’·–μ§_–μs_‹{μ‘Ί","1005","”_‹Ζo‰c‘Μ_v","o‰c‘Μ","90"
"1207","’·–μ§_–μs_‹{μ‘Ί","1006","”_‹Ζo‰c‘Μ_Βlo‰c","o‰c‘Μ","87"
"1207","’·–μ§_–μs_‹{μ‘Ί","1007","”_‹Ζo‰c‘Μ_’c‘Μo‰c","o‰c‘Μ","3"
"1207","’·–μ§_–μs_‹{μ‘Ί","1008","”_‹Ζo‰c‘Μ_’c‘Μo‰c_–@lo‰c","o‰c‘Μ","3"
"1207","’·–μ§_–μs_‹{μ‘Ί","1009","—Ρ‹Ζo‰c‘Μ_v","o‰c‘Μ","5"
"1207","’·–μ§_–μs_‹{μ‘Ί","1010","—Ρ‹Ζo‰c‘Μ_Βlo‰c","o‰c‘Μ","-"
"1207","’·–μ§_–μs_‹{μ‘Ί","1011","—Ρ‹Ζo‰c‘Μ_’c‘Μo‰c","o‰c‘Μ","5"
"1207","’·–μ§_–μs_‹{μ‘Ί","1012","—Ρ‹Ζo‰c‘Μ_’c‘Μo‰c_–@lo‰c","o‰c‘Μ","4"
"1208","’·–μ§_–μs_•Δ‘ς‘Ί","1001","”_—Ρ‹Ζo‰c‘Μ_v","o‰c‘Μ","85"
"1208","’·–μ§_–μs_•Δ‘ς‘Ί","1002","”_—Ρ‹Ζo‰c‘Μ_Βlo‰c","o‰c‘Μ","82"
"1208","’·–μ§_–μs_•Δ‘ς‘Ί","1003","”_—Ρ‹Ζo‰c‘Μ_’c‘Μo‰c","o‰c‘Μ","3"
"1208","’·–μ§_–μs_•Δ‘ς‘Ί","1004","”_—Ρ‹Ζo‰c‘Μ_’c‘Μo‰c_–@lo‰c","o‰c‘Μ","1"
"1208","’·–μ§_–μs_•Δ‘ς‘Ί","1005","”_‹Ζo‰c‘Μ_v","o‰c‘Μ","83"
"1208","’·–μ§_–μs_•Δ‘ς‘Ί","1006","”_‹Ζo‰c‘Μ_Βlo‰c","o‰c‘Μ","82"
"1208","’·–μ§_–μs_•Δ‘ς‘Ί","1007","”_‹Ζo‰c‘Μ_’c‘Μo‰c","o‰c‘Μ","1"
"1208","’·–μ§_–μs_•Δ‘ς‘Ί","1008","”_‹Ζo‰c‘Μ_’c‘Μo‰c_–@lo‰c","o‰c‘Μ","1"
"1208","’·–μ§_–μs_•Δ‘ς‘Ί","1009","—Ρ‹Ζo‰c‘Μ_v","o‰c‘Μ","3"
"1208","’·–μ§_–μs_•Δ‘ς‘Ί","1010","—Ρ‹Ζo‰c‘Μ_Βlo‰c","o‰c‘Μ","1"
"1208","’·–μ§_–μs_•Δ‘ς‘Ί","1011","—Ρ‹Ζo‰c‘Μ_’c‘Μo‰c","o‰c‘Μ","2"
"1208","’·–μ§_–μs_•Δ‘ς‘Ί","1012","—Ρ‹Ζo‰c‘Μ_’c‘Μo‰c_–@lo‰c","o‰c‘Μ","-"
"1209","’·–μ§_–μs_–L•½‘Ί","1001","”_—Ρ‹Ζo‰c‘Μ_v","o‰c‘Μ","134"
"1209","’·–μ§_–μs_–L•½‘Ί","1002","”_—Ρ‹Ζo‰c‘Μ_Βlo‰c","o‰c‘Μ","126"
"1209","’·–μ§_–μs_–L•½‘Ί","1003","”_—Ρ‹Ζo‰c‘Μ_’c‘Μo‰c","o‰c‘Μ","8"
"1209","’·–μ§_–μs_–L•½‘Ί","1004","”_—Ρ‹Ζo‰c‘Μ_’c‘Μo‰c_–@lo‰c","o‰c‘Μ","2"
"1209","’·–μ§_–μs_–L•½‘Ί","1005","”_‹Ζo‰c‘Μ_v","o‰c‘Μ","131"
"1209","’·–μ§_–μs_–L•½‘Ί","1006","”_‹Ζo‰c‘Μ_Βlo‰c","o‰c‘Μ","125"
"1209","’·–μ§_–μs_–L•½‘Ί","1007","”_‹Ζo‰c‘Μ_’c‘Μo‰c","o‰c‘Μ","6"
"1209","’·–μ§_–μs_–L•½‘Ί","1008","”_‹Ζo‰c‘Μ_’c‘Μo‰c_–@lo‰c","o‰c‘Μ","2"
"1209","’·–μ§_–μs_–L•½‘Ί","1009","—Ρ‹Ζo‰c‘Μ_v","o‰c‘Μ","3"
"1209","’·–μ§_–μs_–L•½‘Ί","1010","—Ρ‹Ζo‰c‘Μ_Βlo‰c","o‰c‘Μ","1"
"1209","’·–μ§_–μs_–L•½‘Ί","1011","—Ρ‹Ζo‰c‘Μ_’c‘Μo‰c","o‰c‘Μ","2"
"1209","’·–μ§_–μs_–L•½‘Ί","1012","—Ρ‹Ζo‰c‘Μ_’c‘Μo‰c_–@lo‰c","o‰c‘Μ","-"
"1210","’·–μ§_–μs_‹Κμ‘Ί","1001","”_—Ρ‹Ζo‰c‘Μ_v","o‰c‘Μ","140"
"1210","’·–μ§_–μs_‹Κμ‘Ί","1002","”_—Ρ‹Ζo‰c‘Μ_Βlo‰c","o‰c‘Μ","133"
"1210","’·–μ§_–μs_‹Κμ‘Ί","1003","”_—Ρ‹Ζo‰c‘Μ_’c‘Μo‰c","o‰c‘Μ","7"
"1210","’·–μ§_–μs_‹Κμ‘Ί","1004","”_—Ρ‹Ζo‰c‘Μ_’c‘Μo‰c_–@lo‰c","o‰c‘Μ","2"
"1210","’·–μ§_–μs_‹Κμ‘Ί","1005","”_‹Ζo‰c‘Μ_v","o‰c‘Μ","136"
"1210","’·–μ§_–μs_‹Κμ‘Ί","1006","”_‹Ζo‰c‘Μ_Βlo‰c","o‰c‘Μ","133"
"1210","’·–μ§_–μs_‹Κμ‘Ί","1007","”_‹Ζo‰c‘Μ_’c‘Μo‰c","o‰c‘Μ","3"
"1210","’·–μ§_–μs_‹Κμ‘Ί","1008","”_‹Ζo‰c‘Μ_’c‘Μo‰c_–@lo‰c","o‰c‘Μ","1"
"1210","’·–μ§_–μs_‹Κμ‘Ί","1009","—Ρ‹Ζo‰c‘Μ_v","o‰c‘Μ","4"
"1210","’·–μ§_–μs_‹Κμ‘Ί","1010","—Ρ‹Ζo‰c‘Μ_Βlo‰c","o‰c‘Μ","-"
"1210","’·–μ§_–μs_‹Κμ‘Ί","1011","—Ρ‹Ζo‰c‘Μ_’c‘Μo‰c","o‰c‘Μ","4"
"1210","’·–μ§_–μs_‹Κμ‘Ί","1012","—Ρ‹Ζo‰c‘Μ_’c‘Μo‰c_–@lo‰c","o‰c‘Μ","1"
"1211","’·–μ§_–μs_ς–μ‘Ί","1001","”_—Ρ‹Ζo‰c‘Μ_v","o‰c‘Μ","153"
"1211","’·–μ§_–μs_ς–μ‘Ί","1002","”_—Ρ‹Ζo‰c‘Μ_Βlo‰c","o‰c‘Μ","152"
"1211","’·–μ§_–μs_ς–μ‘Ί","1003","”_—Ρ‹Ζo‰c‘Μ_’c‘Μo‰c","o‰c‘Μ","1"
"1211","’·–μ§_–μs_ς–μ‘Ί","1004","”_—Ρ‹Ζo‰c‘Μ_’c‘Μo‰c_–@lo‰c","o‰c‘Μ","1"
"1211","’·–μ§_–μs_ς–μ‘Ί","1005","”_‹Ζo‰c‘Μ_v","o‰c‘Μ","153"
"1211","’·–μ§_–μs_ς–μ‘Ί","1006","”_‹Ζo‰c‘Μ_Βlo‰c","o‰c‘Μ","152"
"1211","’·–μ§_–μs_ς–μ‘Ί","1007","”_‹Ζo‰c‘Μ_’c‘Μo‰c","o‰c‘Μ","1"
"1211","’·–μ§_–μs_ς–μ‘Ί","1008","”_‹Ζo‰c‘Μ_’c‘Μo‰c_–@lo‰c","o‰c‘Μ","1"
"1211","’·–μ§_–μs_ς–μ‘Ί","1009","—Ρ‹Ζo‰c‘Μ_v","o‰c‘Μ","-"
"1211","’·–μ§_–μs_ς–μ‘Ί","1010","—Ρ‹Ζo‰c‘Μ_Βlo‰c","o‰c‘Μ","-"
"1211","’·–μ§_–μs_ς–μ‘Ί","1011","—Ρ‹Ζo‰c‘Μ_’c‘Μo‰c","o‰c‘Μ","-"
"1211","’·–μ§_–μs_ς–μ‘Ί","1012","—Ρ‹Ζo‰c‘Μ_’c‘Μo‰c_–@lo‰c","o‰c‘Μ","-"
"1212","’·–μ§_–μs_‹ΰ‘ς‘Ί","1001","”_—Ρ‹Ζo‰c‘Μ_v","o‰c‘Μ","47"
"1212","’·–μ§_–μs_‹ΰ‘ς‘Ί","1002","”_—Ρ‹Ζo‰c‘Μ_Βlo‰c","o‰c‘Μ","44"
"1212","’·–μ§_–μs_‹ΰ‘ς‘Ί","1003","”_—Ρ‹Ζo‰c‘Μ_’c‘Μo‰c","o‰c‘Μ","3"
"1212","’·–μ§_–μs_‹ΰ‘ς‘Ί","1004","”_—Ρ‹Ζo‰c‘Μ_’c‘Μo‰c_–@lo‰c","o‰c‘Μ","1"
"1212","’·–μ§_–μs_‹ΰ‘ς‘Ί","1005","”_‹Ζo‰c‘Μ_v","o‰c‘Μ","46"
"1212","’·–μ§_–μs_‹ΰ‘ς‘Ί","1006","”_‹Ζo‰c‘Μ_Βlo‰c","o‰c‘Μ","44"
"1212","’·–μ§_–μs_‹ΰ‘ς‘Ί","1007","”_‹Ζo‰c‘Μ_’c‘Μo‰c","o‰c‘Μ","2"
"1212","’·–μ§_–μs_‹ΰ‘ς‘Ί","1008","”_‹Ζo‰c‘Μ_’c‘Μo‰c_–@lo‰c","o‰c‘Μ","1"
"1212","’·–μ§_–μs_‹ΰ‘ς‘Ί","1009","—Ρ‹Ζo‰c‘Μ_v","o‰c‘Μ","2"
"1212","’·–μ§_–μs_‹ΰ‘ς‘Ί","1010","—Ρ‹Ζo‰c‘Μ_Βlo‰c","o‰c‘Μ","1"
"1212","’·–μ§_–μs_‹ΰ‘ς‘Ί","1011","—Ρ‹Ζo‰c‘Μ_’c‘Μo‰c","o‰c‘Μ","1"
"1212","’·–μ§_–μs_‹ΰ‘ς‘Ί","1012","—Ρ‹Ζo‰c‘Μ_’c‘Μo‰c_–@lo‰c","o‰c‘Μ","-"
"1213","’·–μ§_–μs_Ξ“‘Ί","1001","”_—Ρ‹Ζo‰c‘Μ_v","o‰c‘Μ","122"
"1213","’·–μ§_–μs_Ξ“‘Ί","1002","”_—Ρ‹Ζo‰c‘Μ_Βlo‰c","o‰c‘Μ","116"
"1213","’·–μ§_–μs_Ξ“‘Ί","1003","”_—Ρ‹Ζo‰c‘Μ_’c‘Μo‰c","o‰c‘Μ","6"
"1213","’·–μ§_–μs_Ξ“‘Ί","1004","”_—Ρ‹Ζo‰c‘Μ_’c‘Μo‰c_–@lo‰c","o‰c‘Μ","4"
"1213","’·–μ§_–μs_Ξ“‘Ί","1005","”_‹Ζo‰c‘Μ_v","o‰c‘Μ","120"
"1213","’·–μ§_–μs_Ξ“‘Ί","1006","”_‹Ζo‰c‘Μ_Βlo‰c","o‰c‘Μ","116"
"1213","’·–μ§_–μs_Ξ“‘Ί","1007","”_‹Ζo‰c‘Μ_’c‘Μo‰c","o‰c‘Μ","4"
"1213","’·–μ§_–μs_Ξ“‘Ί","1008","”_‹Ζo‰c‘Μ_’c‘Μo‰c_–@lo‰c","o‰c‘Μ","3"
"1213","’·–μ§_–μs_Ξ“‘Ί","1009","—Ρ‹Ζo‰c‘Μ_v","o‰c‘Μ","2"
"1213","’·–μ§_–μs_Ξ“‘Ί","1010","—Ρ‹Ζo‰c‘Μ_Βlo‰c","o‰c‘Μ","-"
"1213","’·–μ§_–μs_Ξ“‘Ί","1011","—Ρ‹Ζo‰c‘Μ_’c‘Μo‰c","o‰c‘Μ","2"
"1213","’·–μ§_–μs_Ξ“‘Ί","1012","—Ρ‹Ζo‰c‘Μ_’c‘Μo‰c_–@lo‰c","o‰c‘Μ","1"
"1214","’·–μ§_–μs_–kR‘Ί","1001","”_—Ρ‹Ζo‰c‘Μ_v","o‰c‘Μ","88"
"1214","’·–μ§_–μs_–kR‘Ί","1002","”_—Ρ‹Ζo‰c‘Μ_Βlo‰c","o‰c‘Μ","80"
"1214","’·–μ§_–μs_–kR‘Ί","1003","”_—Ρ‹Ζo‰c‘Μ_’c‘Μo‰c","o‰c‘Μ","8"
"1214","’·–μ§_–μs_–kR‘Ί","1004","”_—Ρ‹Ζo‰c‘Μ_’c‘Μo‰c_–@lo‰c","o‰c‘Μ","6"
"1214","’·–μ§_–μs_–kR‘Ί","1005","”_‹Ζo‰c‘Μ_v","o‰c‘Μ","86"
"1214","’·–μ§_–μs_–kR‘Ί","1006","”_‹Ζo‰c‘Μ_Βlo‰c","o‰c‘Μ","79"
"1214","’·–μ§_–μs_–kR‘Ί","1007","”_‹Ζo‰c‘Μ_’c‘Μo‰c","o‰c‘Μ","7"
"1214","’·–μ§_–μs_–kR‘Ί","1008","”_‹Ζo‰c‘Μ_’c‘Μo‰c_–@lo‰c","o‰c‘Μ","6"
"1214","’·–μ§_–μs_–kR‘Ί","1009","—Ρ‹Ζo‰c‘Μ_v","o‰c‘Μ","2"
"1214","’·–μ§_–μs_–kR‘Ί","1010","—Ρ‹Ζo‰c‘Μ_Βlo‰c","o‰c‘Μ","1"
"1214","’·–μ§_–μs_–kR‘Ί","1011","—Ρ‹Ζo‰c‘Μ_’c‘Μo‰c","o‰c‘Μ","1"
"1214","’·–μ§_–μs_–kR‘Ί","1012","—Ρ‹Ζo‰c‘Μ_’c‘Μo‰c_–@lo‰c","o‰c‘Μ","-"
"1215","’·–μ§_‰–Ks","1001","”_—Ρ‹Ζo‰c‘Μ_v","o‰c‘Μ","1123"
"1215","’·–μ§_‰–Ks","1002","”_—Ρ‹Ζo‰c‘Μ_Βlo‰c","o‰c‘Μ","1071"
"1215","’·–μ§_‰–Ks","1003","”_—Ρ‹Ζo‰c‘Μ_’c‘Μo‰c","o‰c‘Μ","52"
"1215","’·–μ§_‰–Ks","1004","”_—Ρ‹Ζo‰c‘Μ_’c‘Μo‰c_–@lo‰c","o‰c‘Μ","42"
"1215","’·–μ§_‰–Ks","1005","”_‹Ζo‰c‘Μ_v","o‰c‘Μ","1111"
"1215","’·–μ§_‰–Ks","1006","”_‹Ζo‰c‘Μ_Βlo‰c","o‰c‘Μ","1068"
"1215","’·–μ§_‰–Ks","1007","”_‹Ζo‰c‘Μ_’c‘Μo‰c","o‰c‘Μ","43"
"1215","’·–μ§_‰–Ks","1008","”_‹Ζo‰c‘Μ_’c‘Μo‰c_–@lo‰c","o‰c‘Μ","37"
"1215","’·–μ§_‰–Ks","1009","—Ρ‹Ζo‰c‘Μ_v","o‰c‘Μ","19"
"1215","’·–μ§_‰–Ks","1010","—Ρ‹Ζo‰c‘Μ_Βlo‰c","o‰c‘Μ","10"
"1215","’·–μ§_‰–Ks","1011","—Ρ‹Ζo‰c‘Μ_’c‘Μo‰c","o‰c‘Μ","9"
"1215","’·–μ§_‰–Ks","1012","—Ρ‹Ζo‰c‘Μ_’c‘Μo‰c_–@lo‰c","o‰c‘Μ","5"
"1216","’·–μ§_‰–Ks_‰–K’¬","1001","”_—Ρ‹Ζo‰c‘Μ_v","o‰c‘Μ","202"
"1216","’·–μ§_‰–Ks_‰–K’¬","1002","”_—Ρ‹Ζo‰c‘Μ_Βlo‰c","o‰c‘Μ","189"
"1216","’·–μ§_‰–Ks_‰–K’¬","1003","”_—Ρ‹Ζo‰c‘Μ_’c‘Μo‰c","o‰c‘Μ","13"
"1216","’·–μ§_‰–Ks_‰–K’¬","1004","”_—Ρ‹Ζo‰c‘Μ_’c‘Μo‰c_–@lo‰c","o‰c‘Μ","12"
"1216","’·–μ§_‰–Ks_‰–K’¬","1005","”_‹Ζo‰c‘Μ_v","o‰c‘Μ","199"
"1216","’·–μ§_‰–Ks_‰–K’¬","1006","”_‹Ζo‰c‘Μ_Βlo‰c","o‰c‘Μ","187"
"1216","’·–μ§_‰–Ks_‰–K’¬","1007","”_‹Ζo‰c‘Μ_’c‘Μo‰c","o‰c‘Μ","12"
"1216","’·–μ§_‰–Ks_‰–K’¬","1008","”_‹Ζo‰c‘Μ_’c‘Μo‰c_–@lo‰c","o‰c‘Μ","11"
"1216","’·–μ§_‰–Ks_‰–K’¬","1009","—Ρ‹Ζo‰c‘Μ_v","o‰c‘Μ","3"
"1216","’·–μ§_‰–Ks_‰–K’¬","1010","—Ρ‹Ζo‰c‘Μ_Βlo‰c","o‰c‘Μ","2"
"1216","’·–μ§_‰–Ks_‰–K’¬","1011","—Ρ‹Ζo‰c‘Μ_’c‘Μo‰c","o‰c‘Μ","1"
"1216","’·–μ§_‰–Ks_‰–K’¬","1012","—Ρ‹Ζo‰c‘Μ_’c‘Μo‰c_–@lo‰c","o‰c‘Μ","1"
"1217","’·–μ§_‰–Ks_’}–€’n‘Ί","1001","”_—Ρ‹Ζo‰c‘Μ_v","o‰c‘Μ","32"
"1217","’·–μ§_‰–Ks_’}–€’n‘Ί","1002","”_—Ρ‹Ζo‰c‘Μ_Βlo‰c","o‰c‘Μ","26"
"1217","’·–μ§_‰–Ks_’}–€’n‘Ί","1003","”_—Ρ‹Ζo‰c‘Μ_’c‘Μo‰c","o‰c‘Μ","6"
"1217","’·–μ§_‰–Ks_’}–€’n‘Ί","1004","”_—Ρ‹Ζo‰c‘Μ_’c‘Μo‰c_–@lo‰c","o‰c‘Μ","4"
"1217","’·–μ§_‰–Ks_’}–€’n‘Ί","1005","”_‹Ζo‰c‘Μ_v","o‰c‘Μ","30"
"1217","’·–μ§_‰–Ks_’}–€’n‘Ί","1006","”_‹Ζo‰c‘Μ_Βlo‰c","o‰c‘Μ","25"
"1217","’·–μ§_‰–Ks_’}–€’n‘Ί","1007","”_‹Ζo‰c‘Μ_’c‘Μo‰c","o‰c‘Μ","5"
"1217","’·–μ§_‰–Ks_’}–€’n‘Ί","1008","”_‹Ζo‰c‘Μ_’c‘Μo‰c_–@lo‰c","o‰c‘Μ","4"
"1217","’·–μ§_‰–Ks_’}–€’n‘Ί","1009","—Ρ‹Ζo‰c‘Μ_v","o‰c‘Μ","2"
"1217","’·–μ§_‰–Ks_’}–€’n‘Ί","1010","—Ρ‹Ζo‰c‘Μ_Βlo‰c","o‰c‘Μ","1"
"1217","’·–μ§_‰–Ks_’}–€’n‘Ί","1011","—Ρ‹Ζo‰c‘Μ_’c‘Μo‰c","o‰c‘Μ","1"
"1217","’·–μ§_‰–Ks_’}–€’n‘Ί","1012","—Ρ‹Ζo‰c‘Μ_’c‘Μo‰c_–@lo‰c","o‰c‘Μ","-"
"1218","’·–μ§_‰–Ks_L‹u‘Ί","1001","”_—Ρ‹Ζo‰c‘Μ_v","o‰c‘Μ","251"
"1218","’·–μ§_‰–Ks_L‹u‘Ί","1002","”_—Ρ‹Ζo‰c‘Μ_Βlo‰c","o‰c‘Μ","241"
"1218","’·–μ§_‰–Ks_L‹u‘Ί","1003","”_—Ρ‹Ζo‰c‘Μ_’c‘Μo‰c","o‰c‘Μ","10"
"1218","’·–μ§_‰–Ks_L‹u‘Ί","1004","”_—Ρ‹Ζo‰c‘Μ_’c‘Μo‰c_–@lo‰c","o‰c‘Μ","6"
"1218","’·–μ§_‰–Ks_L‹u‘Ί","1005","”_‹Ζo‰c‘Μ_v","o‰c‘Μ","250"
"1218","’·–μ§_‰–Ks_L‹u‘Ί","1006","”_‹Ζo‰c‘Μ_Βlo‰c","o‰c‘Μ","241"
"1218","’·–μ§_‰–Ks_L‹u‘Ί","1007","”_‹Ζo‰c‘Μ_’c‘Μo‰c","o‰c‘Μ","9"
"1218","’·–μ§_‰–Ks_L‹u‘Ί","1008","”_‹Ζo‰c‘Μ_’c‘Μo‰c_–@lo‰c","o‰c‘Μ","6"
"1218","’·–μ§_‰–Ks_L‹u‘Ί","1009","—Ρ‹Ζo‰c‘Μ_v","o‰c‘Μ","2"
"1218","’·–μ§_‰–Ks_L‹u‘Ί","1010","—Ρ‹Ζo‰c‘Μ_Βlo‰c","o‰c‘Μ","1"
"1218","’·–μ§_‰–Ks_L‹u‘Ί","1011","—Ρ‹Ζo‰c‘Μ_’c‘Μo‰c","o‰c‘Μ","1"
"1218","’·–μ§_‰–Ks_L‹u‘Ί","1012","—Ρ‹Ζo‰c‘Μ_’c‘Μo‰c_–@lo‰c","o‰c‘Μ","-"
"1219","’·–μ§_‰–Ks_•Π‹u‘Ί‚Q|‚P","1001","”_—Ρ‹Ζo‰c‘Μ_v","o‰c‘Μ","180"
"1219","’·–μ§_‰–Ks_•Π‹u‘Ί‚Q|‚P","1002","”_—Ρ‹Ζo‰c‘Μ_Βlo‰c","o‰c‘Μ","176"
"1219","’·–μ§_‰–Ks_•Π‹u‘Ί‚Q|‚P","1003","”_—Ρ‹Ζo‰c‘Μ_’c‘Μo‰c","o‰c‘Μ","4"
"1219","’·–μ§_‰–Ks_•Π‹u‘Ί‚Q|‚P","1004","”_—Ρ‹Ζo‰c‘Μ_’c‘Μo‰c_–@lo‰c","o‰c‘Μ","4"
"1219","’·–μ§_‰–Ks_•Π‹u‘Ί‚Q|‚P","1005","”_‹Ζo‰c‘Μ_v","o‰c‘Μ","179"
"1219","’·–μ§_‰–Ks_•Π‹u‘Ί‚Q|‚P","1006","”_‹Ζo‰c‘Μ_Βlo‰c","o‰c‘Μ","176"
"1219","’·–μ§_‰–Ks_•Π‹u‘Ί‚Q|‚P","1007","”_‹Ζo‰c‘Μ_’c‘Μo‰c","o‰c‘Μ","3"
"1219","’·–μ§_‰–Ks_•Π‹u‘Ί‚Q|‚P","1008","”_‹Ζo‰c‘Μ_’c‘Μo‰c_–@lo‰c","o‰c‘Μ","3"
"1219","’·–μ§_‰–Ks_•Π‹u‘Ί‚Q|‚P","1009","—Ρ‹Ζo‰c‘Μ_v","o‰c‘Μ","1"
"1219","’·–μ§_‰–Ks_•Π‹u‘Ί‚Q|‚P","1010","—Ρ‹Ζo‰c‘Μ_Βlo‰c","o‰c‘Μ","-"
"1219","’·–μ§_‰–Ks_•Π‹u‘Ί‚Q|‚P","1011","—Ρ‹Ζo‰c‘Μ_’c‘Μo‰c","o‰c‘Μ","1"
"1219","’·–μ§_‰–Ks_•Π‹u‘Ί‚Q|‚P","1012","—Ρ‹Ζo‰c‘Μ_’c‘Μo‰c_–@lo‰c","o‰c‘Μ","1"
"1220","’·–μ§_‰–Ks_@‰κ‘Ί","1001","”_—Ρ‹Ζo‰c‘Μ_v","o‰c‘Μ","143"
"1220","’·–μ§_‰–Ks_@‰κ‘Ί","1002","”_—Ρ‹Ζo‰c‘Μ_Βlo‰c","o‰c‘Μ","134"
"1220","’·–μ§_‰–Ks_@‰κ‘Ί","1003","”_—Ρ‹Ζo‰c‘Μ_’c‘Μo‰c","o‰c‘Μ","9"
"1220","’·–μ§_‰–Ks_@‰κ‘Ί","1004","”_—Ρ‹Ζo‰c‘Μ_’c‘Μo‰c_–@lo‰c","o‰c‘Μ","7"
"1220","’·–μ§_‰–Ks_@‰κ‘Ί","1005","”_‹Ζo‰c‘Μ_v","o‰c‘Μ","139"
"1220","’·–μ§_‰–Ks_@‰κ‘Ί","1006","”_‹Ζo‰c‘Μ_Βlo‰c","o‰c‘Μ","134"
"1220","’·–μ§_‰–Ks_@‰κ‘Ί","1007","”_‹Ζo‰c‘Μ_’c‘Μo‰c","o‰c‘Μ","5"
"1220","’·–μ§_‰–Ks_@‰κ‘Ί","1008","”_‹Ζo‰c‘Μ_’c‘Μo‰c_–@lo‰c","o‰c‘Μ","5"
"1220","’·–μ§_‰–Ks_@‰κ‘Ί","1009","—Ρ‹Ζo‰c‘Μ_v","o‰c‘Μ","9"
"1220","’·–μ§_‰–Ks_@‰κ‘Ί","1010","—Ρ‹Ζo‰c‘Μ_Βlo‰c","o‰c‘Μ","5"
"1220","’·–μ§_‰–Ks_@‰κ‘Ί","1011","—Ρ‹Ζo‰c‘Μ_’c‘Μo‰c","o‰c‘Μ","4"
"1220","’·–μ§_‰–Ks_@‰κ‘Ί","1012","—Ρ‹Ζo‰c‘Μ_’c‘Μo‰c_–@lo‰c","o‰c‘Μ","2"
"1221","’·–μ§_‰–Ks_τ”n‘Ί‚Q|‚P","1001","”_—Ρ‹Ζo‰c‘Μ_v","o‰c‘Μ","310"
"1221","’·–μ§_‰–Ks_τ”n‘Ί‚Q|‚P","1002","”_—Ρ‹Ζo‰c‘Μ_Βlo‰c","o‰c‘Μ","300"
"1221","’·–μ§_‰–Ks_τ”n‘Ί‚Q|‚P","1003","”_—Ρ‹Ζo‰c‘Μ_’c‘Μo‰c","o‰c‘Μ","10"
"1221","’·–μ§_‰–Ks_τ”n‘Ί‚Q|‚P","1004","”_—Ρ‹Ζo‰c‘Μ_’c‘Μo‰c_–@lo‰c","o‰c‘Μ","9"
"1221","’·–μ§_‰–Ks_τ”n‘Ί‚Q|‚P","1005","”_‹Ζo‰c‘Μ_v","o‰c‘Μ","309"
"1221","’·–μ§_‰–Ks_τ”n‘Ί‚Q|‚P","1006","”_‹Ζo‰c‘Μ_Βlo‰c","o‰c‘Μ","300"
"1221","’·–μ§_‰–Ks_τ”n‘Ί‚Q|‚P","1007","”_‹Ζo‰c‘Μ_’c‘Μo‰c","o‰c‘Μ","9"
"1221","’·–μ§_‰–Ks_τ”n‘Ί‚Q|‚P","1008","”_‹Ζo‰c‘Μ_’c‘Μo‰c_–@lo‰c","o‰c‘Μ","8"
"1221","’·–μ§_‰–Ks_τ”n‘Ί‚Q|‚P","1009","—Ρ‹Ζo‰c‘Μ_v","o‰c‘Μ","2"
"1221","’·–μ§_‰–Ks_τ”n‘Ί‚Q|‚P","1010","—Ρ‹Ζo‰c‘Μ_Βlo‰c","o‰c‘Μ","1"
"1221","’·–μ§_‰–Ks_τ”n‘Ί‚Q|‚P","1011","—Ρ‹Ζo‰c‘Μ_’c‘Μo‰c","o‰c‘Μ","1"
"1221","’·–μ§_‰–Ks_τ”n‘Ί‚Q|‚P","1012","—Ρ‹Ζo‰c‘Μ_’c‘Μo‰c_–@lo‰c","o‰c‘Μ","1"
"1222","’·–μ§_‰–Ks_“θμ‘Ί","1001","”_—Ρ‹Ζo‰c‘Μ_v","o‰c‘Μ","5"
"1222","’·–μ§_‰–Ks_“θμ‘Ί","1002","”_—Ρ‹Ζo‰c‘Μ_Βlo‰c","o‰c‘Μ","5"
"1222","’·–μ§_‰–Ks_“θμ‘Ί","1003","”_—Ρ‹Ζo‰c‘Μ_’c‘Μo‰c","o‰c‘Μ","-"
"1222","’·–μ§_‰–Ks_“θμ‘Ί","1004","”_—Ρ‹Ζo‰c‘Μ_’c‘Μo‰c_–@lo‰c","o‰c‘Μ","-"
"1222","’·–μ§_‰–Ks_“θμ‘Ί","1005","”_‹Ζo‰c‘Μ_v","o‰c‘Μ","5"
"1222","’·–μ§_‰–Ks_“θμ‘Ί","1006","”_‹Ζo‰c‘Μ_Βlo‰c","o‰c‘Μ","5"
"1222","’·–μ§_‰–Ks_“θμ‘Ί","1007","”_‹Ζo‰c‘Μ_’c‘Μo‰c","o‰c‘Μ","-"
"1222","’·–μ§_‰–Ks_“θμ‘Ί","1008","”_‹Ζo‰c‘Μ_’c‘Μo‰c_–@lo‰c","o‰c‘Μ","-"
"1222","’·–μ§_‰–Ks_“θμ‘Ί","1009","—Ρ‹Ζo‰c‘Μ_v","o‰c‘Μ","-"
"1222","’·–μ§_‰–Ks_“θμ‘Ί","1010","—Ρ‹Ζo‰c‘Μ_Βlo‰c","o‰c‘Μ","-"
"1222","’·–μ§_‰–Ks_“θμ‘Ί","1011","—Ρ‹Ζo‰c‘Μ_’c‘Μo‰c","o‰c‘Μ","-"
"1222","’·–μ§_‰–Ks_“θμ‘Ί","1012","—Ρ‹Ζo‰c‘Μ_’c‘Μo‰c_–@lo‰c","o‰c‘Μ","-"
"1223","’·–μ§_²‹vs","1001","”_—Ρ‹Ζo‰c‘Μ_v","o‰c‘Μ","2749"
"1223","’·–μ§_²‹vs","1002","”_—Ρ‹Ζo‰c‘Μ_Βlo‰c","o‰c‘Μ","2700"
"1223","’·–μ§_²‹vs","1003","”_—Ρ‹Ζo‰c‘Μ_’c‘Μo‰c","o‰c‘Μ","49"
"1223","’·–μ§_²‹vs","1004","”_—Ρ‹Ζo‰c‘Μ_’c‘Μo‰c_–@lo‰c","o‰c‘Μ","43"
"1223","’·–μ§_²‹vs","1005","”_‹Ζo‰c‘Μ_v","o‰c‘Μ","2738"
"1223","’·–μ§_²‹vs","1006","”_‹Ζo‰c‘Μ_Βlo‰c","o‰c‘Μ","2697"
"1223","’·–μ§_²‹vs","1007","”_‹Ζo‰c‘Μ_’c‘Μo‰c","o‰c‘Μ","41"
"1223","’·–μ§_²‹vs","1008","”_‹Ζo‰c‘Μ_’c‘Μo‰c_–@lo‰c","o‰c‘Μ","40"
"1223","’·–μ§_²‹vs","1009","—Ρ‹Ζo‰c‘Μ_v","o‰c‘Μ","32"
"1223","’·–μ§_²‹vs","1010","—Ρ‹Ζo‰c‘Μ_Βlo‰c","o‰c‘Μ","24"
"1223","’·–μ§_²‹vs","1011","—Ρ‹Ζo‰c‘Μ_’c‘Μo‰c","o‰c‘Μ","8"
"1223","’·–μ§_²‹vs","1012","—Ρ‹Ζo‰c‘Μ_’c‘Μo‰c_–@lo‰c","o‰c‘Μ","3"
"1224","’·–μ§_²‹vs_–μ‘ς’¬","1001","”_—Ρ‹Ζo‰c‘Μ_v","o‰c‘Μ","146"
"1224","’·–μ§_²‹vs_–μ‘ς’¬","1002","”_—Ρ‹Ζo‰c‘Μ_Βlo‰c","o‰c‘Μ","144"
"1224","’·–μ§_²‹vs_–μ‘ς’¬","1003","”_—Ρ‹Ζo‰c‘Μ_’c‘Μo‰c","o‰c‘Μ","2"
"1224","’·–μ§_²‹vs_–μ‘ς’¬","1004","”_—Ρ‹Ζo‰c‘Μ_’c‘Μo‰c_–@lo‰c","o‰c‘Μ","2"
"1224","’·–μ§_²‹vs_–μ‘ς’¬","1005","”_‹Ζo‰c‘Μ_v","o‰c‘Μ","144"
"1224","’·–μ§_²‹vs_–μ‘ς’¬","1006","”_‹Ζo‰c‘Μ_Βlo‰c","o‰c‘Μ","143"
"1224","’·–μ§_²‹vs_–μ‘ς’¬","1007","”_‹Ζo‰c‘Μ_’c‘Μo‰c","o‰c‘Μ","1"
"1224","’·–μ§_²‹vs_–μ‘ς’¬","1008","”_‹Ζo‰c‘Μ_’c‘Μo‰c_–@lo‰c","o‰c‘Μ","1"
"1224","’·–μ§_²‹vs_–μ‘ς’¬","1009","—Ρ‹Ζo‰c‘Μ_v","o‰c‘Μ","2"
"1224","’·–μ§_²‹vs_–μ‘ς’¬","1010","—Ρ‹Ζo‰c‘Μ_Βlo‰c","o‰c‘Μ","1"
"1224","’·–μ§_²‹vs_–μ‘ς’¬","1011","—Ρ‹Ζo‰c‘Μ_’c‘Μo‰c","o‰c‘Μ","1"
"1224","’·–μ§_²‹vs_–μ‘ς’¬","1012","—Ρ‹Ζo‰c‘Μ_’c‘Μo‰c_–@lo‰c","o‰c‘Μ","1"
"1225","’·–μ§_²‹vs_‘ε‘ς‘Ί","1001","”_—Ρ‹Ζo‰c‘Μ_v","o‰c‘Μ","59"
"1225","’·–μ§_²‹vs_‘ε‘ς‘Ί","1002","”_—Ρ‹Ζo‰c‘Μ_Βlo‰c","o‰c‘Μ","57"
"1225","’·–μ§_²‹vs_‘ε‘ς‘Ί","1003","”_—Ρ‹Ζo‰c‘Μ_’c‘Μo‰c","o‰c‘Μ","2"
"1225","’·–μ§_²‹vs_‘ε‘ς‘Ί","1004","”_—Ρ‹Ζo‰c‘Μ_’c‘Μo‰c_–@lo‰c","o‰c‘Μ","1"
"1225","’·–μ§_²‹vs_‘ε‘ς‘Ί","1005","”_‹Ζo‰c‘Μ_v","o‰c‘Μ","58"
"1225","’·–μ§_²‹vs_‘ε‘ς‘Ί","1006","”_‹Ζo‰c‘Μ_Βlo‰c","o‰c‘Μ","57"
"1225","’·–μ§_²‹vs_‘ε‘ς‘Ί","1007","”_‹Ζo‰c‘Μ_’c‘Μo‰c","o‰c‘Μ","1"
"1225","’·–μ§_²‹vs_‘ε‘ς‘Ί","1008","”_‹Ζo‰c‘Μ_’c‘Μo‰c_–@lo‰c","o‰c‘Μ","1"
"1225","’·–μ§_²‹vs_‘ε‘ς‘Ί","1009","—Ρ‹Ζo‰c‘Μ_v","o‰c‘Μ","1"
"1225","’·–μ§_²‹vs_‘ε‘ς‘Ί","1010","—Ρ‹Ζo‰c‘Μ_Βlo‰c","o‰c‘Μ","-"
"1225","’·–μ§_²‹vs_‘ε‘ς‘Ί","1011","—Ρ‹Ζo‰c‘Μ_’c‘Μo‰c","o‰c‘Μ","1"
"1225","’·–μ§_²‹vs_‘ε‘ς‘Ί","1012","—Ρ‹Ζo‰c‘Μ_’c‘Μo‰c_–@lo‰c","o‰c‘Μ","-"
"1226","’·–μ§_²‹vs_χδ‘Ί","1001","”_—Ρ‹Ζo‰c‘Μ_v","o‰c‘Μ","53"
"1226","’·–μ§_²‹vs_χδ‘Ί","1002","”_—Ρ‹Ζo‰c‘Μ_Βlo‰c","o‰c‘Μ","53"
"1226","’·–μ§_²‹vs_χδ‘Ί","1003","”_—Ρ‹Ζo‰c‘Μ_’c‘Μo‰c","o‰c‘Μ","-"
"1226","’·–μ§_²‹vs_χδ‘Ί","1004","”_—Ρ‹Ζo‰c‘Μ_’c‘Μo‰c_–@lo‰c","o‰c‘Μ","-"
"1226","’·–μ§_²‹vs_χδ‘Ί","1005","”_‹Ζo‰c‘Μ_v","o‰c‘Μ","53"
"1226","’·–μ§_²‹vs_χδ‘Ί","1006","”_‹Ζo‰c‘Μ_Βlo‰c","o‰c‘Μ","53"
"1226","’·–μ§_²‹vs_χδ‘Ί","1007","”_‹Ζo‰c‘Μ_’c‘Μo‰c","o‰c‘Μ","-"
"1226","’·–μ§_²‹vs_χδ‘Ί","1008","”_‹Ζo‰c‘Μ_’c‘Μo‰c_–@lo‰c","o‰c‘Μ","-"
"1226","’·–μ§_²‹vs_χδ‘Ί","1009","—Ρ‹Ζo‰c‘Μ_v","o‰c‘Μ","-"
"1226","’·–μ§_²‹vs_χδ‘Ί","1010","—Ρ‹Ζo‰c‘Μ_Βlo‰c","o‰c‘Μ","-"
"1226","’·–μ§_²‹vs_χδ‘Ί","1011","—Ρ‹Ζo‰c‘Μ_’c‘Μo‰c","o‰c‘Μ","-"
"1226","’·–μ§_²‹vs_χδ‘Ί","1012","—Ρ‹Ζo‰c‘Μ_’c‘Μo‰c_–@lo‰c","o‰c‘Μ","-"
"1227","’·–μ§_²‹vs_‘OR‘Ί","1001","”_—Ρ‹Ζo‰c‘Μ_v","o‰c‘Μ","49"
"1227","’·–μ§_²‹vs_‘OR‘Ί","1002","”_—Ρ‹Ζo‰c‘Μ_Βlo‰c","o‰c‘Μ","49"
"1227","’·–μ§_²‹vs_‘OR‘Ί","1003","”_—Ρ‹Ζo‰c‘Μ_’c‘Μo‰c","o‰c‘Μ","-"
"1227","’·–μ§_²‹vs_‘OR‘Ί","1004","”_—Ρ‹Ζo‰c‘Μ_’c‘Μo‰c_–@lo‰c","o‰c‘Μ","-"
"1227","’·–μ§_²‹vs_‘OR‘Ί","1005","”_‹Ζo‰c‘Μ_v","o‰c‘Μ","49"
"1227","’·–μ§_²‹vs_‘OR‘Ί","1006","”_‹Ζo‰c‘Μ_Βlo‰c","o‰c‘Μ","49"
"1227","’·–μ§_²‹vs_‘OR‘Ί","1007","”_‹Ζo‰c‘Μ_’c‘Μo‰c","o‰c‘Μ","-"
"1227","’·–μ§_²‹vs_‘OR‘Ί","1008","”_‹Ζo‰c‘Μ_’c‘Μo‰c_–@lo‰c","o‰c‘Μ","-"
"1227","’·–μ§_²‹vs_‘OR‘Ί","1009","—Ρ‹Ζo‰c‘Μ_v","o‰c‘Μ","-"
"1227","’·–μ§_²‹vs_‘OR‘Ί","1010","—Ρ‹Ζo‰c‘Μ_Βlo‰c","o‰c‘Μ","-"
"1227","’·–μ§_²‹vs_‘OR‘Ί","1011","—Ρ‹Ζo‰c‘Μ_’c‘Μo‰c","o‰c‘Μ","-"
"1227","’·–μ§_²‹vs_‘OR‘Ί","1012","—Ρ‹Ζo‰c‘Μ_’c‘Μo‰c_–@lo‰c","o‰c‘Μ","-"
"1228","’·–μ§_²‹vs_έ–μ‘Ί","1001","”_—Ρ‹Ζo‰c‘Μ_v","o‰c‘Μ","210"
"1228","’·–μ§_²‹vs_έ–μ‘Ί","1002","”_—Ρ‹Ζo‰c‘Μ_Βlo‰c","o‰c‘Μ","210"
"1228","’·–μ§_²‹vs_έ–μ‘Ί","1003","”_—Ρ‹Ζo‰c‘Μ_’c‘Μo‰c","o‰c‘Μ","-"
"1228","’·–μ§_²‹vs_έ–μ‘Ί","1004","”_—Ρ‹Ζo‰c‘Μ_’c‘Μo‰c_–@lo‰c","o‰c‘Μ","-"
"1228","’·–μ§_²‹vs_έ–μ‘Ί","1005","”_‹Ζo‰c‘Μ_v","o‰c‘Μ","210"
"1228","’·–μ§_²‹vs_έ–μ‘Ί","1006","”_‹Ζo‰c‘Μ_Βlo‰c","o‰c‘Μ","210"
"1228","’·–μ§_²‹vs_έ–μ‘Ί","1007","”_‹Ζo‰c‘Μ_’c‘Μo‰c","o‰c‘Μ","-"
"1228","’·–μ§_²‹vs_έ–μ‘Ί","1008","”_‹Ζo‰c‘Μ_’c‘Μo‰c_–@lo‰c","o‰c‘Μ","-"
"1228","’·–μ§_²‹vs_έ–μ‘Ί","1009","—Ρ‹Ζo‰c‘Μ_v","o‰c‘Μ","2"
"1228","’·–μ§_²‹vs_έ–μ‘Ί","1010","—Ρ‹Ζo‰c‘Μ_Βlo‰c","o‰c‘Μ","2"
"1228","’·–μ§_²‹vs_έ–μ‘Ί","1011","—Ρ‹Ζo‰c‘Μ_’c‘Μo‰c","o‰c‘Μ","-"
"1228","’·–μ§_²‹vs_έ–μ‘Ί","1012","—Ρ‹Ζo‰c‘Μ_’c‘Μo‰c_–@lo‰c","o‰c‘Μ","-"
"1229","’·–μ§_²‹vs_’†’¬","1001","”_—Ρ‹Ζo‰c‘Μ_v","o‰c‘Μ","89"
"1229","’·–μ§_²‹vs_’†’¬","1002","”_—Ρ‹Ζo‰c‘Μ_Βlo‰c","o‰c‘Μ","88"
"1229","’·–μ§_²‹vs_’†’¬","1003","”_—Ρ‹Ζo‰c‘Μ_’c‘Μo‰c","o‰c‘Μ","1"
"1229","’·–μ§_²‹vs_’†’¬","1004","”_—Ρ‹Ζo‰c‘Μ_’c‘Μo‰c_–@lo‰c","o‰c‘Μ","-"
"1229","’·–μ§_²‹vs_’†’¬","1005","”_‹Ζo‰c‘Μ_v","o‰c‘Μ","88"
"1229","’·–μ§_²‹vs_’†’¬","1006","”_‹Ζo‰c‘Μ_Βlo‰c","o‰c‘Μ","88"
"1229","’·–μ§_²‹vs_’†’¬","1007","”_‹Ζo‰c‘Μ_’c‘Μo‰c","o‰c‘Μ","-"
"1229","’·–μ§_²‹vs_’†’¬","1008","”_‹Ζo‰c‘Μ_’c‘Μo‰c_–@lo‰c","o‰c‘Μ","-"
"1229","’·–μ§_²‹vs_’†’¬","1009","—Ρ‹Ζo‰c‘Μ_v","o‰c‘Μ","1"
"1229","’·–μ§_²‹vs_’†’¬","1010","—Ρ‹Ζo‰c‘Μ_Βlo‰c","o‰c‘Μ","-"
"1229","’·–μ§_²‹vs_’†’¬","1011","—Ρ‹Ζo‰c‘Μ_’c‘Μo‰c","o‰c‘Μ","1"
"1229","’·–μ§_²‹vs_’†’¬","1012","—Ρ‹Ζo‰c‘Μ_’c‘Μo‰c_–@lo‰c","o‰c‘Μ","-"
"1230","’·–μ§_²‹vs_•½‰κ‘Ί","1001","”_—Ρ‹Ζo‰c‘Μ_v","o‰c‘Μ","160"
"1230","’·–μ§_²‹vs_•½‰κ‘Ί","1002","”_—Ρ‹Ζo‰c‘Μ_Βlo‰c","o‰c‘Μ","156"
"1230","’·–μ§_²‹vs_•½‰κ‘Ί","1003","”_—Ρ‹Ζo‰c‘Μ_’c‘Μo‰c","o‰c‘Μ","4"
"1230","’·–μ§_²‹vs_•½‰κ‘Ί","1004","”_—Ρ‹Ζo‰c‘Μ_’c‘Μo‰c_–@lo‰c","o‰c‘Μ","3"
"1230","’·–μ§_²‹vs_•½‰κ‘Ί","1005","”_‹Ζo‰c‘Μ_v","o‰c‘Μ","160"
"1230","’·–μ§_²‹vs_•½‰κ‘Ί","1006","”_‹Ζo‰c‘Μ_Βlo‰c","o‰c‘Μ","156"
"1230","’·–μ§_²‹vs_•½‰κ‘Ί","1007","”_‹Ζo‰c‘Μ_’c‘Μo‰c","o‰c‘Μ","4"
"1230","’·–μ§_²‹vs_•½‰κ‘Ί","1008","”_‹Ζo‰c‘Μ_’c‘Μo‰c_–@lo‰c","o‰c‘Μ","3"
"1230","’·–μ§_²‹vs_•½‰κ‘Ί","1009","—Ρ‹Ζo‰c‘Μ_v","o‰c‘Μ","2"
"1230","’·–μ§_²‹vs_•½‰κ‘Ί","1010","—Ρ‹Ζo‰c‘Μ_Βlo‰c","o‰c‘Μ","2"
"1230","’·–μ§_²‹vs_•½‰κ‘Ί","1011","—Ρ‹Ζo‰c‘Μ_’c‘Μo‰c","o‰c‘Μ","-"
"1230","’·–μ§_²‹vs_•½‰κ‘Ί","1012","—Ρ‹Ζo‰c‘Μ_’c‘Μo‰c_–@lo‰c","o‰c‘Μ","-"
"1231","’·–μ§_²‹vs_“ΰR‘Ί","1001","”_—Ρ‹Ζo‰c‘Μ_v","o‰c‘Μ","36"
"1231","’·–μ§_²‹vs_“ΰR‘Ί","1002","”_—Ρ‹Ζo‰c‘Μ_Βlo‰c","o‰c‘Μ","35"
"1231","’·–μ§_²‹vs_“ΰR‘Ί","1003","”_—Ρ‹Ζo‰c‘Μ_’c‘Μo‰c","o‰c‘Μ","1"
"1231","’·–μ§_²‹vs_“ΰR‘Ί","1004","”_—Ρ‹Ζo‰c‘Μ_’c‘Μo‰c_–@lo‰c","o‰c‘Μ","1"
"1231","’·–μ§_²‹vs_“ΰR‘Ί","1005","”_‹Ζo‰c‘Μ_v","o‰c‘Μ","36"
"1231","’·–μ§_²‹vs_“ΰR‘Ί","1006","”_‹Ζo‰c‘Μ_Βlo‰c","o‰c‘Μ","35"
"1231","’·–μ§_²‹vs_“ΰR‘Ί","1007","”_‹Ζo‰c‘Μ_’c‘Μo‰c","o‰c‘Μ","1"
"1231","’·–μ§_²‹vs_“ΰR‘Ί","1008","”_‹Ζo‰c‘Μ_’c‘Μo‰c_–@lo‰c","o‰c‘Μ","1"
"1231","’·–μ§_²‹vs_“ΰR‘Ί","1009","—Ρ‹Ζo‰c‘Μ_v","o‰c‘Μ","-"
"1231","’·–μ§_²‹vs_“ΰR‘Ί","1010","—Ρ‹Ζo‰c‘Μ_Βlo‰c","o‰c‘Μ","-"
"1231","’·–μ§_²‹vs_“ΰR‘Ί","1011","—Ρ‹Ζo‰c‘Μ_’c‘Μo‰c","o‰c‘Μ","-"
"1231","’·–μ§_²‹vs_“ΰR‘Ί","1012","—Ρ‹Ζo‰c‘Μ_’c‘Μo‰c_–@lo‰c","o‰c‘Μ","-"
"1232","’·–μ§_²‹vs_β‘Ί“c’¬","1001","”_—Ρ‹Ζo‰c‘Μ_v","o‰c‘Μ","115"
"1232","’·–μ§_²‹vs_β‘Ί“c’¬","1002","”_—Ρ‹Ζo‰c‘Μ_Βlo‰c","o‰c‘Μ","109"
"1232","’·–μ§_²‹vs_β‘Ί“c’¬","1003","”_—Ρ‹Ζo‰c‘Μ_’c‘Μo‰c","o‰c‘Μ","6"
"1232","’·–μ§_²‹vs_β‘Ί“c’¬","1004","”_—Ρ‹Ζo‰c‘Μ_’c‘Μo‰c_–@lo‰c","o‰c‘Μ","6"
"1232","’·–μ§_²‹vs_β‘Ί“c’¬","1005","”_‹Ζo‰c‘Μ_v","o‰c‘Μ","114"
"1232","’·–μ§_²‹vs_β‘Ί“c’¬","1006","”_‹Ζo‰c‘Μ_Βlo‰c","o‰c‘Μ","109"
"1232","’·–μ§_²‹vs_β‘Ί“c’¬","1007","”_‹Ζo‰c‘Μ_’c‘Μo‰c","o‰c‘Μ","5"
"1232","’·–μ§_²‹vs_β‘Ί“c’¬","1008","”_‹Ζo‰c‘Μ_’c‘Μo‰c_–@lo‰c","o‰c‘Μ","5"
"1232","’·–μ§_²‹vs_β‘Ί“c’¬","1009","—Ρ‹Ζo‰c‘Μ_v","o‰c‘Μ","1"
"1232","’·–μ§_²‹vs_β‘Ί“c’¬","1010","—Ρ‹Ζo‰c‘Μ_Βlo‰c","o‰c‘Μ","-"
"1232","’·–μ§_²‹vs_β‘Ί“c’¬","1011","—Ρ‹Ζo‰c‘Μ_’c‘Μo‰c","o‰c‘Μ","1"
"1232","’·–μ§_²‹vs_β‘Ί“c’¬","1012","—Ρ‹Ζo‰c‘Μ_’c‘Μo‰c_–@lo‰c","o‰c‘Μ","1"
"1233","’·–μ§_²‹vs_•½ª‘Ί","1001","”_—Ρ‹Ζo‰c‘Μ_v","o‰c‘Μ","117"
"1233","’·–μ§_²‹vs_•½ª‘Ί","1002","”_—Ρ‹Ζo‰c‘Μ_Βlo‰c","o‰c‘Μ","116"
"1233","’·–μ§_²‹vs_•½ª‘Ί","1003","”_—Ρ‹Ζo‰c‘Μ_’c‘Μo‰c","o‰c‘Μ","1"
"1233","’·–μ§_²‹vs_•½ª‘Ί","1004","”_—Ρ‹Ζo‰c‘Μ_’c‘Μo‰c_–@lo‰c","o‰c‘Μ","1"
"1233","’·–μ§_²‹vs_•½ª‘Ί","1005","”_‹Ζo‰c‘Μ_v","o‰c‘Μ","117"
"1233","’·–μ§_²‹vs_•½ª‘Ί","1006","”_‹Ζo‰c‘Μ_Βlo‰c","o‰c‘Μ","116"
"1233","’·–μ§_²‹vs_•½ª‘Ί","1007","”_‹Ζo‰c‘Μ_’c‘Μo‰c","o‰c‘Μ","1"
"1233","’·–μ§_²‹vs_•½ª‘Ί","1008","”_‹Ζo‰c‘Μ_’c‘Μo‰c_–@lo‰c","o‰c‘Μ","1"
"1233","’·–μ§_²‹vs_•½ª‘Ί","1009","—Ρ‹Ζo‰c‘Μ_v","o‰c‘Μ","-"
"1233","’·–μ§_²‹vs_•½ª‘Ί","1010","—Ρ‹Ζo‰c‘Μ_Βlo‰c","o‰c‘Μ","-"
"1233","’·–μ§_²‹vs_•½ª‘Ί","1011","—Ρ‹Ζo‰c‘Μ_’c‘Μo‰c","o‰c‘Μ","-"
"1233","’·–μ§_²‹vs_•½ª‘Ί","1012","—Ρ‹Ζo‰c‘Μ_’c‘Μo‰c_–@lo‰c","o‰c‘Μ","-"
"1234","’·–μ§_²‹vs_‚£‘Ί","1001","”_—Ρ‹Ζo‰c‘Μ_v","o‰c‘Μ","149"
"1234","’·–μ§_²‹vs_‚£‘Ί","1002","”_—Ρ‹Ζo‰c‘Μ_Βlo‰c","o‰c‘Μ","148"
"1234","’·–μ§_²‹vs_‚£‘Ί","1003","”_—Ρ‹Ζo‰c‘Μ_’c‘Μo‰c","o‰c‘Μ","1"
"1234","’·–μ§_²‹vs_‚£‘Ί","1004","”_—Ρ‹Ζo‰c‘Μ_’c‘Μo‰c_–@lo‰c","o‰c‘Μ","1"
"1234","’·–μ§_²‹vs_‚£‘Ί","1005","”_‹Ζo‰c‘Μ_v","o‰c‘Μ","149"
"1234","’·–μ§_²‹vs_‚£‘Ί","1006","”_‹Ζo‰c‘Μ_Βlo‰c","o‰c‘Μ","148"
"1234","’·–μ§_²‹vs_‚£‘Ί","1007","”_‹Ζo‰c‘Μ_’c‘Μo‰c","o‰c‘Μ","1"
"1234","’·–μ§_²‹vs_‚£‘Ί","1008","”_‹Ζo‰c‘Μ_’c‘Μo‰c_–@lo‰c","o‰c‘Μ","1"
"1234","’·–μ§_²‹vs_‚£‘Ί","1009","—Ρ‹Ζo‰c‘Μ_v","o‰c‘Μ","-"
"1234","’·–μ§_²‹vs_‚£‘Ί","1010","—Ρ‹Ζo‰c‘Μ_Βlo‰c","o‰c‘Μ","-"
"1234","’·–μ§_²‹vs_‚£‘Ί","1011","—Ρ‹Ζo‰c‘Μ_’c‘Μo‰c","o‰c‘Μ","-"
"1234","’·–μ§_²‹vs_‚£‘Ί","1012","—Ρ‹Ζo‰c‘Μ_’c‘Μo‰c_–@lo‰c","o‰c‘Μ","-"
"1235","’·–μ§_²‹vs_’†²“s‘Ί","1001","”_—Ρ‹Ζo‰c‘Μ_v","o‰c‘Μ","216"
"1235","’·–μ§_²‹vs_’†²“s‘Ί","1002","”_—Ρ‹Ζo‰c‘Μ_Βlo‰c","o‰c‘Μ","216"
"1235","’·–μ§_²‹vs_’†²“s‘Ί","1003","”_—Ρ‹Ζo‰c‘Μ_’c‘Μo‰c","o‰c‘Μ","-"
"1235","’·–μ§_²‹vs_’†²“s‘Ί","1004","”_—Ρ‹Ζo‰c‘Μ_’c‘Μo‰c_–@lo‰c","o‰c‘Μ","-"
"1235","’·–μ§_²‹vs_’†²“s‘Ί","1005","”_‹Ζo‰c‘Μ_v","o‰c‘Μ","216"
"1235","’·–μ§_²‹vs_’†²“s‘Ί","1006","”_‹Ζo‰c‘Μ_Βlo‰c","o‰c‘Μ","216"
"1235","’·–μ§_²‹vs_’†²“s‘Ί","1007","”_‹Ζo‰c‘Μ_’c‘Μo‰c","o‰c‘Μ","-"
"1235","’·–μ§_²‹vs_’†²“s‘Ί","1008","”_‹Ζo‰c‘Μ_’c‘Μo‰c_–@lo‰c","o‰c‘Μ","-"
"1235","’·–μ§_²‹vs_’†²“s‘Ί","1009","—Ρ‹Ζo‰c‘Μ_v","o‰c‘Μ","-"
"1235","’·–μ§_²‹vs_’†²“s‘Ί","1010","—Ρ‹Ζo‰c‘Μ_Βlo‰c","o‰c‘Μ","-"
"1235","’·–μ§_²‹vs_’†²“s‘Ί","1011","—Ρ‹Ζo‰c‘Μ_’c‘Μo‰c","o‰c‘Μ","-"
"1235","’·–μ§_²‹vs_’†²“s‘Ί","1012","—Ρ‹Ζo‰c‘Μ_’c‘Μo‰c_–@lo‰c","o‰c‘Μ","-"
"1236","’·–μ§_²‹vs_δ‘γ“c‘Ί‚Q|‚Q","1001","”_—Ρ‹Ζo‰c‘Μ_v","o‰c‘Μ","39"
"1236","’·–μ§_²‹vs_δ‘γ“c‘Ί‚Q|‚Q","1002","”_—Ρ‹Ζo‰c‘Μ_Βlo‰c","o‰c‘Μ","38"
"1236","’·–μ§_²‹vs_δ‘γ“c‘Ί‚Q|‚Q","1003","”_—Ρ‹Ζo‰c‘Μ_’c‘Μo‰c","o‰c‘Μ","1"
"1236","’·–μ§_²‹vs_δ‘γ“c‘Ί‚Q|‚Q","1004","”_—Ρ‹Ζo‰c‘Μ_’c‘Μo‰c_–@lo‰c","o‰c‘Μ","1"
"1236","’·–μ§_²‹vs_δ‘γ“c‘Ί‚Q|‚Q","1005","”_‹Ζo‰c‘Μ_v","o‰c‘Μ","39"
"1236","’·–μ§_²‹vs_δ‘γ“c‘Ί‚Q|‚Q","1006","”_‹Ζo‰c‘Μ_Βlo‰c","o‰c‘Μ","38"
"1236","’·–μ§_²‹vs_δ‘γ“c‘Ί‚Q|‚Q","1007","”_‹Ζo‰c‘Μ_’c‘Μo‰c","o‰c‘Μ","1"
"1236","’·–μ§_²‹vs_δ‘γ“c‘Ί‚Q|‚Q","1008","”_‹Ζo‰c‘Μ_’c‘Μo‰c_–@lo‰c","o‰c‘Μ","1"
"1236","’·–μ§_²‹vs_δ‘γ“c‘Ί‚Q|‚Q","1009","—Ρ‹Ζo‰c‘Μ_v","o‰c‘Μ","-"
"1236","’·–μ§_²‹vs_δ‘γ“c‘Ί‚Q|‚Q","1010","—Ρ‹Ζo‰c‘Μ_Βlo‰c","o‰c‘Μ","-"
"1236","’·–μ§_²‹vs_δ‘γ“c‘Ί‚Q|‚Q","1011","—Ρ‹Ζo‰c‘Μ_’c‘Μo‰c","o‰c‘Μ","-"
"1236","’·–μ§_²‹vs_δ‘γ“c‘Ί‚Q|‚Q","1012","—Ρ‹Ζo‰c‘Μ_’c‘Μo‰c_–@lo‰c","o‰c‘Μ","-"
"1237","’·–μ§_²‹vs_Oδ‘Ί","1001","”_—Ρ‹Ζo‰c‘Μ_v","o‰c‘Μ","95"
"1237","’·–μ§_²‹vs_Oδ‘Ί","1002","”_—Ρ‹Ζo‰c‘Μ_Βlo‰c","o‰c‘Μ","90"
"1237","’·–μ§_²‹vs_Oδ‘Ί","1003","”_—Ρ‹Ζo‰c‘Μ_’c‘Μo‰c","o‰c‘Μ","5"
"1237","’·–μ§_²‹vs_Oδ‘Ί","1004","”_—Ρ‹Ζo‰c‘Μ_’c‘Μo‰c_–@lo‰c","o‰c‘Μ","5"
"1237","’·–μ§_²‹vs_Oδ‘Ί","1005","”_‹Ζo‰c‘Μ_v","o‰c‘Μ","93"
"1237","’·–μ§_²‹vs_Oδ‘Ί","1006","”_‹Ζo‰c‘Μ_Βlo‰c","o‰c‘Μ","89"
"1237","’·–μ§_²‹vs_Oδ‘Ί","1007","”_‹Ζo‰c‘Μ_’c‘Μo‰c","o‰c‘Μ","4"
"1237","’·–μ§_²‹vs_Oδ‘Ί","1008","”_‹Ζo‰c‘Μ_’c‘Μo‰c_–@lo‰c","o‰c‘Μ","4"
"1237","’·–μ§_²‹vs_Oδ‘Ί","1009","—Ρ‹Ζo‰c‘Μ_v","o‰c‘Μ","3"
"1237","’·–μ§_²‹vs_Oδ‘Ί","1010","—Ρ‹Ζo‰c‘Μ_Βlo‰c","o‰c‘Μ","2"
"1237","’·–μ§_²‹vs_Oδ‘Ί","1011","—Ρ‹Ζo‰c‘Μ_’c‘Μo‰c","o‰c‘Μ","1"
"1237","’·–μ§_²‹vs_Oδ‘Ί","1012","—Ρ‹Ζo‰c‘Μ_’c‘Μo‰c_–@lo‰c","o‰c‘Μ","1"
"1238","’·–μ§_²‹vs_u‰κ‘Ί","1001","”_—Ρ‹Ζo‰c‘Μ_v","o‰c‘Μ","62"
"1238","’·–μ§_²‹vs_u‰κ‘Ί","1002","”_—Ρ‹Ζo‰c‘Μ_Βlo‰c","o‰c‘Μ","60"
"1238","’·–μ§_²‹vs_u‰κ‘Ί","1003","”_—Ρ‹Ζo‰c‘Μ_’c‘Μo‰c","o‰c‘Μ","2"
"1238","’·–μ§_²‹vs_u‰κ‘Ί","1004","”_—Ρ‹Ζo‰c‘Μ_’c‘Μo‰c_–@lo‰c","o‰c‘Μ","1"
"1238","’·–μ§_²‹vs_u‰κ‘Ί","1005","”_‹Ζo‰c‘Μ_v","o‰c‘Μ","61"
"1238","’·–μ§_²‹vs_u‰κ‘Ί","1006","”_‹Ζo‰c‘Μ_Βlo‰c","o‰c‘Μ","60"
"1238","’·–μ§_²‹vs_u‰κ‘Ί","1007","”_‹Ζo‰c‘Μ_’c‘Μo‰c","o‰c‘Μ","1"
"1238","’·–μ§_²‹vs_u‰κ‘Ί","1008","”_‹Ζo‰c‘Μ_’c‘Μo‰c_–@lo‰c","o‰c‘Μ","1"
"1238","’·–μ§_²‹vs_u‰κ‘Ί","1009","—Ρ‹Ζo‰c‘Μ_v","o‰c‘Μ","2"
"1238","’·–μ§_²‹vs_u‰κ‘Ί","1010","—Ρ‹Ζo‰c‘Μ_Βlo‰c","o‰c‘Μ","1"
"1238","’·–μ§_²‹vs_u‰κ‘Ί","1011","—Ρ‹Ζo‰c‘Μ_’c‘Μo‰c","o‰c‘Μ","1"
"1238","’·–μ§_²‹vs_u‰κ‘Ί","1012","—Ρ‹Ζo‰c‘Μ_’c‘Μo‰c_–@lo‰c","o‰c‘Μ","-"
"1239","’·–μ§_²‹vs_‰P“c’¬","1001","”_—Ρ‹Ζo‰c‘Μ_v","o‰c‘Μ","46"
"1239","’·–μ§_²‹vs_‰P“c’¬","1002","”_—Ρ‹Ζo‰c‘Μ_Βlo‰c","o‰c‘Μ","46"
"1239","’·–μ§_²‹vs_‰P“c’¬","1003","”_—Ρ‹Ζo‰c‘Μ_’c‘Μo‰c","o‰c‘Μ","-"
"1239","’·–μ§_²‹vs_‰P“c’¬","1004","”_—Ρ‹Ζo‰c‘Μ_’c‘Μo‰c_–@lo‰c","o‰c‘Μ","-"
"1239","’·–μ§_²‹vs_‰P“c’¬","1005","”_‹Ζo‰c‘Μ_v","o‰c‘Μ","46"
"1239","’·–μ§_²‹vs_‰P“c’¬","1006","”_‹Ζo‰c‘Μ_Βlo‰c","o‰c‘Μ","46"
"1239","’·–μ§_²‹vs_‰P“c’¬","1007","”_‹Ζo‰c‘Μ_’c‘Μo‰c","o‰c‘Μ","-"
"1239","’·–μ§_²‹vs_‰P“c’¬","1008","”_‹Ζo‰c‘Μ_’c‘Μo‰c_–@lo‰c","o‰c‘Μ","-"
"1239","’·–μ§_²‹vs_‰P“c’¬","1009","—Ρ‹Ζo‰c‘Μ_v","o‰c‘Μ","-"
"1239","’·–μ§_²‹vs_‰P“c’¬","1010","—Ρ‹Ζo‰c‘Μ_Βlo‰c","o‰c‘Μ","-"
"1239","’·–μ§_²‹vs_‰P“c’¬","1011","—Ρ‹Ζo‰c‘Μ_’c‘Μo‰c","o‰c‘Μ","-"
"1239","’·–μ§_²‹vs_‰P“c’¬","1012","—Ρ‹Ζo‰c‘Μ_’c‘Μo‰c_–@lo‰c","o‰c‘Μ","-"
"1240","’·–μ§_²‹vs_Ψ΄‘Ί","1001","”_—Ρ‹Ζo‰c‘Μ_v","o‰c‘Μ","101"
"1240","’·–μ§_²‹vs_Ψ΄‘Ί","1002","”_—Ρ‹Ζo‰c‘Μ_Βlo‰c","o‰c‘Μ","101"
"1240","’·–μ§_²‹vs_Ψ΄‘Ί","1003","”_—Ρ‹Ζo‰c‘Μ_’c‘Μo‰c","o‰c‘Μ","-"
"1240","’·–μ§_²‹vs_Ψ΄‘Ί","1004","”_—Ρ‹Ζo‰c‘Μ_’c‘Μo‰c_–@lo‰c","o‰c‘Μ","-"
"1240","’·–μ§_²‹vs_Ψ΄‘Ί","1005","”_‹Ζo‰c‘Μ_v","o‰c‘Μ","101"
"1240","’·–μ§_²‹vs_Ψ΄‘Ί","1006","”_‹Ζo‰c‘Μ_Βlo‰c","o‰c‘Μ","101"
"1240","’·–μ§_²‹vs_Ψ΄‘Ί","1007","”_‹Ζo‰c‘Μ_’c‘Μo‰c","o‰c‘Μ","-"
"1240","’·–μ§_²‹vs_Ψ΄‘Ί","1008","”_‹Ζo‰c‘Μ_’c‘Μo‰c_–@lo‰c","o‰c‘Μ","-"
"1240","’·–μ§_²‹vs_Ψ΄‘Ί","1009","—Ρ‹Ζo‰c‘Μ_v","o‰c‘Μ","5"
"1240","’·–μ§_²‹vs_Ψ΄‘Ί","1010","—Ρ‹Ζo‰c‘Μ_Βlo‰c","o‰c‘Μ","5"
"1240","’·–μ§_²‹vs_Ψ΄‘Ί","1011","—Ρ‹Ζo‰c‘Μ_’c‘Μo‰c","o‰c‘Μ","-"
"1240","’·–μ§_²‹vs_Ψ΄‘Ί","1012","—Ρ‹Ζo‰c‘Μ_’c‘Μo‰c_–@lo‰c","o‰c‘Μ","-"
"1241","’·–μ§_²‹vs_“cϋ‘Ί","1001","”_—Ρ‹Ζo‰c‘Μ_v","o‰c‘Μ","157"
"1241","’·–μ§_²‹vs_“cϋ‘Ί","1002","”_—Ρ‹Ζo‰c‘Μ_Βlo‰c","o‰c‘Μ","153"
"1241","’·–μ§_²‹vs_“cϋ‘Ί","1003","”_—Ρ‹Ζo‰c‘Μ_’c‘Μo‰c","o‰c‘Μ","4"
"1241","’·–μ§_²‹vs_“cϋ‘Ί","1004","”_—Ρ‹Ζo‰c‘Μ_’c‘Μo‰c_–@lo‰c","o‰c‘Μ","4"
"1241","’·–μ§_²‹vs_“cϋ‘Ί","1005","”_‹Ζo‰c‘Μ_v","o‰c‘Μ","156"
"1241","’·–μ§_²‹vs_“cϋ‘Ί","1006","”_‹Ζo‰c‘Μ_Βlo‰c","o‰c‘Μ","152"
"1241","’·–μ§_²‹vs_“cϋ‘Ί","1007","”_‹Ζo‰c‘Μ_’c‘Μo‰c","o‰c‘Μ","4"
"1241","’·–μ§_²‹vs_“cϋ‘Ί","1008","”_‹Ζo‰c‘Μ_’c‘Μo‰c_–@lo‰c","o‰c‘Μ","4"
"1241","’·–μ§_²‹vs_“cϋ‘Ί","1009","—Ρ‹Ζo‰c‘Μ_v","o‰c‘Μ","1"
"1241","’·–μ§_²‹vs_“cϋ‘Ί","1010","—Ρ‹Ζo‰c‘Μ_Βlo‰c","o‰c‘Μ","1"
"1241","’·–μ§_²‹vs_“cϋ‘Ί","1011","—Ρ‹Ζo‰c‘Μ_’c‘Μo‰c","o‰c‘Μ","-"
"1241","’·–μ§_²‹vs_“cϋ‘Ί","1012","—Ρ‹Ζo‰c‘Μ_’c‘Μo‰c_–@lo‰c","o‰c‘Μ","-"
"1242","’·–μ§_²‹vs_Βΐ‘Ί‚Q|‚P","1001","”_—Ρ‹Ζo‰c‘Μ_v","o‰c‘Μ","47"
"1242","’·–μ§_²‹vs_Βΐ‘Ί‚Q|‚P","1002","”_—Ρ‹Ζo‰c‘Μ_Βlo‰c","o‰c‘Μ","45"
"1242","’·–μ§_²‹vs_Βΐ‘Ί‚Q|‚P","1003","”_—Ρ‹Ζo‰c‘Μ_’c‘Μo‰c","o‰c‘Μ","2"
"1242","’·–μ§_²‹vs_Βΐ‘Ί‚Q|‚P","1004","”_—Ρ‹Ζo‰c‘Μ_’c‘Μo‰c_–@lo‰c","o‰c‘Μ","2"
"1242","’·–μ§_²‹vs_Βΐ‘Ί‚Q|‚P","1005","”_‹Ζo‰c‘Μ_v","o‰c‘Μ","47"
"1242","’·–μ§_²‹vs_Βΐ‘Ί‚Q|‚P","1006","”_‹Ζo‰c‘Μ_Βlo‰c","o‰c‘Μ","45"
"1242","’·–μ§_²‹vs_Βΐ‘Ί‚Q|‚P","1007","”_‹Ζo‰c‘Μ_’c‘Μo‰c","o‰c‘Μ","2"
"1242","’·–μ§_²‹vs_Βΐ‘Ί‚Q|‚P","1008","”_‹Ζo‰c‘Μ_’c‘Μo‰c_–@lo‰c","o‰c‘Μ","2"
"1242","’·–μ§_²‹vs_Βΐ‘Ί‚Q|‚P","1009","—Ρ‹Ζo‰c‘Μ_v","o‰c‘Μ","-"
"1242","’·–μ§_²‹vs_Βΐ‘Ί‚Q|‚P","1010","—Ρ‹Ζo‰c‘Μ_Βlo‰c","o‰c‘Μ","-"
"1242","’·–μ§_²‹vs_Βΐ‘Ί‚Q|‚P","1011","—Ρ‹Ζo‰c‘Μ_’c‘Μo‰c","o‰c‘Μ","-"
"1242","’·–μ§_²‹vs_Βΐ‘Ί‚Q|‚P","1012","—Ρ‹Ζo‰c‘Μ_’c‘Μo‰c_–@lo‰c","o‰c‘Μ","-"
"1243","’·–μ§_²‹vs_–{–q‘Ί‚Q|‚P","1001","”_—Ρ‹Ζo‰c‘Μ_v","o‰c‘Μ","87"
"1243","’·–μ§_²‹vs_–{–q‘Ί‚Q|‚P","1002","”_—Ρ‹Ζo‰c‘Μ_Βlo‰c","o‰c‘Μ","84"
"1243","’·–μ§_²‹vs_–{–q‘Ί‚Q|‚P","1003","”_—Ρ‹Ζo‰c‘Μ_’c‘Μo‰c","o‰c‘Μ","3"
"1243","’·–μ§_²‹vs_–{–q‘Ί‚Q|‚P","1004","”_—Ρ‹Ζo‰c‘Μ_’c‘Μo‰c_–@lo‰c","o‰c‘Μ","3"
"1243","’·–μ§_²‹vs_–{–q‘Ί‚Q|‚P","1005","”_‹Ζo‰c‘Μ_v","o‰c‘Μ","87"
"1243","’·–μ§_²‹vs_–{–q‘Ί‚Q|‚P","1006","”_‹Ζo‰c‘Μ_Βlo‰c","o‰c‘Μ","84"
"1243","’·–μ§_²‹vs_–{–q‘Ί‚Q|‚P","1007","”_‹Ζo‰c‘Μ_’c‘Μo‰c","o‰c‘Μ","3"
"1243","’·–μ§_²‹vs_–{–q‘Ί‚Q|‚P","1008","”_‹Ζo‰c‘Μ_’c‘Μo‰c_–@lo‰c","o‰c‘Μ","3"
"1243","’·–μ§_²‹vs_–{–q‘Ί‚Q|‚P","1009","—Ρ‹Ζo‰c‘Μ_v","o‰c‘Μ","1"
"1243","’·–μ§_²‹vs_–{–q‘Ί‚Q|‚P","1010","—Ρ‹Ζo‰c‘Μ_Βlo‰c","o‰c‘Μ","1"
"1243","’·–μ§_²‹vs_–{–q‘Ί‚Q|‚P","1011","—Ρ‹Ζo‰c‘Μ_’c‘Μo‰c","o‰c‘Μ","-"
"1243","’·–μ§_²‹vs_–{–q‘Ί‚Q|‚P","1012","—Ρ‹Ζo‰c‘Μ_’c‘Μo‰c_–@lo‰c","o‰c‘Μ","-"
"1244","’·–μ§_²‹vs_•z{‘Ί","1001","”_—Ρ‹Ζo‰c‘Μ_v","o‰c‘Μ","128"
"1244","’·–μ§_²‹vs_•z{‘Ί","1002","”_—Ρ‹Ζo‰c‘Μ_Βlo‰c","o‰c‘Μ","125"
"1244","’·–μ§_²‹vs_•z{‘Ί","1003","”_—Ρ‹Ζo‰c‘Μ_’c‘Μo‰c","o‰c‘Μ","3"
"1244","’·–μ§_²‹vs_•z{‘Ί","1004","”_—Ρ‹Ζo‰c‘Μ_’c‘Μo‰c_–@lo‰c","o‰c‘Μ","3"
"1244","’·–μ§_²‹vs_•z{‘Ί","1005","”_‹Ζo‰c‘Μ_v","o‰c‘Μ","128"
"1244","’·–μ§_²‹vs_•z{‘Ί","1006","”_‹Ζo‰c‘Μ_Βlo‰c","o‰c‘Μ","125"
"1244","’·–μ§_²‹vs_•z{‘Ί","1007","”_‹Ζo‰c‘Μ_’c‘Μo‰c","o‰c‘Μ","3"
"1244","’·–μ§_²‹vs_•z{‘Ί","1008","”_‹Ζo‰c‘Μ_’c‘Μo‰c_–@lo‰c","o‰c‘Μ","3"
"1244","’·–μ§_²‹vs_•z{‘Ί","1009","—Ρ‹Ζo‰c‘Μ_v","o‰c‘Μ","5"
"1244","’·–μ§_²‹vs_•z{‘Ί","1010","—Ρ‹Ζo‰c‘Μ_Βlo‰c","o‰c‘Μ","5"
"1244","’·–μ§_²‹vs_•z{‘Ί","1011","—Ρ‹Ζo‰c‘Μ_’c‘Μo‰c","o‰c‘Μ","-"
"1244","’·–μ§_²‹vs_•z{‘Ί","1012","—Ρ‹Ζo‰c‘Μ_’c‘Μo‰c_–@lo‰c","o‰c‘Μ","-"
"1245","’·–μ§_²‹vs_t“ϊ‘Ί","1001","”_—Ρ‹Ζo‰c‘Μ_v","o‰c‘Μ","131"
"1245","’·–μ§_²‹vs_t“ϊ‘Ί","1002","”_—Ρ‹Ζo‰c‘Μ_Βlo‰c","o‰c‘Μ","129"
"1245","’·–μ§_²‹vs_t“ϊ‘Ί","1003","”_—Ρ‹Ζo‰c‘Μ_’c‘Μo‰c","o‰c‘Μ","2"
"1245","’·–μ§_²‹vs_t“ϊ‘Ί","1004","”_—Ρ‹Ζo‰c‘Μ_’c‘Μo‰c_–@lo‰c","o‰c‘Μ","1"
"1245","’·–μ§_²‹vs_t“ϊ‘Ί","1005","”_‹Ζo‰c‘Μ_v","o‰c‘Μ","130"
"1245","’·–μ§_²‹vs_t“ϊ‘Ί","1006","”_‹Ζo‰c‘Μ_Βlo‰c","o‰c‘Μ","129"
"1245","’·–μ§_²‹vs_t“ϊ‘Ί","1007","”_‹Ζo‰c‘Μ_’c‘Μo‰c","o‰c‘Μ","1"
"1245","’·–μ§_²‹vs_t“ϊ‘Ί","1008","”_‹Ζo‰c‘Μ_’c‘Μo‰c_–@lo‰c","o‰c‘Μ","1"
"1245","’·–μ§_²‹vs_t“ϊ‘Ί","1009","—Ρ‹Ζo‰c‘Μ_v","o‰c‘Μ","2"
"1245","’·–μ§_²‹vs_t“ϊ‘Ί","1010","—Ρ‹Ζo‰c‘Μ_Βlo‰c","o‰c‘Μ","1"
"1245","’·–μ§_²‹vs_t“ϊ‘Ί","1011","—Ρ‹Ζo‰c‘Μ_’c‘Μo‰c","o‰c‘Μ","1"
"1245","’·–μ§_²‹vs_t“ϊ‘Ί","1012","—Ρ‹Ζo‰c‘Μ_’c‘Μo‰c_–@lo‰c","o‰c‘Μ","-"
"1246","’·–μ§_²‹vs_‹¦a‘Ί","1001","”_—Ρ‹Ζo‰c‘Μ_v","o‰c‘Μ","157"
"1246","’·–μ§_²‹vs_‹¦a‘Ί","1002","”_—Ρ‹Ζo‰c‘Μ_Βlo‰c","o‰c‘Μ","155"
"1246","’·–μ§_²‹vs_‹¦a‘Ί","1003","”_—Ρ‹Ζo‰c‘Μ_’c‘Μo‰c","o‰c‘Μ","2"
"1246","’·–μ§_²‹vs_‹¦a‘Ί","1004","”_—Ρ‹Ζo‰c‘Μ_’c‘Μo‰c_–@lo‰c","o‰c‘Μ","1"
"1246","’·–μ§_²‹vs_‹¦a‘Ί","1005","”_‹Ζo‰c‘Μ_v","o‰c‘Μ","156"
"1246","’·–μ§_²‹vs_‹¦a‘Ί","1006","”_‹Ζo‰c‘Μ_Βlo‰c","o‰c‘Μ","155"
"1246","’·–μ§_²‹vs_‹¦a‘Ί","1007","”_‹Ζo‰c‘Μ_’c‘Μo‰c","o‰c‘Μ","1"
"1246","’·–μ§_²‹vs_‹¦a‘Ί","1008","”_‹Ζo‰c‘Μ_’c‘Μo‰c_–@lo‰c","o‰c‘Μ","1"
"1246","’·–μ§_²‹vs_‹¦a‘Ί","1009","—Ρ‹Ζo‰c‘Μ_v","o‰c‘Μ","2"
"1246","’·–μ§_²‹vs_‹¦a‘Ί","1010","—Ρ‹Ζo‰c‘Μ_Βlo‰c","o‰c‘Μ","1"
"1246","’·–μ§_²‹vs_‹¦a‘Ί","1011","—Ρ‹Ζo‰c‘Μ_’c‘Μo‰c","o‰c‘Μ","1"
"1246","’·–μ§_²‹vs_‹¦a‘Ί","1012","—Ρ‹Ζo‰c‘Μ_’c‘Μo‰c_–@lo‰c","o‰c‘Μ","-"
"1247","’·–μ§_²‹vs_“μδ–q‘Ί","1001","”_—Ρ‹Ζo‰c‘Μ_v","o‰c‘Μ","109"
"1247","’·–μ§_²‹vs_“μδ–q‘Ί","1002","”_—Ρ‹Ζo‰c‘Μ_Βlo‰c","o‰c‘Μ","106"
"1247","’·–μ§_²‹vs_“μδ–q‘Ί","1003","”_—Ρ‹Ζo‰c‘Μ_’c‘Μo‰c","o‰c‘Μ","3"
"1247","’·–μ§_²‹vs_“μδ–q‘Ί","1004","”_—Ρ‹Ζo‰c‘Μ_’c‘Μo‰c_–@lo‰c","o‰c‘Μ","3"
"1247","’·–μ§_²‹vs_“μδ–q‘Ί","1005","”_‹Ζo‰c‘Μ_v","o‰c‘Μ","109"
"1247","’·–μ§_²‹vs_“μδ–q‘Ί","1006","”_‹Ζo‰c‘Μ_Βlo‰c","o‰c‘Μ","106"
"1247","’·–μ§_²‹vs_“μδ–q‘Ί","1007","”_‹Ζo‰c‘Μ_’c‘Μo‰c","o‰c‘Μ","3"
"1247","’·–μ§_²‹vs_“μδ–q‘Ί","1008","”_‹Ζo‰c‘Μ_’c‘Μo‰c_–@lo‰c","o‰c‘Μ","3"
"1247","’·–μ§_²‹vs_“μδ–q‘Ί","1009","—Ρ‹Ζo‰c‘Μ_v","o‰c‘Μ","2"
"1247","’·–μ§_²‹vs_“μδ–q‘Ί","1010","—Ρ‹Ζo‰c‘Μ_Βlo‰c","o‰c‘Μ","2"
"1247","’·–μ§_²‹vs_“μδ–q‘Ί","1011","—Ρ‹Ζo‰c‘Μ_’c‘Μo‰c","o‰c‘Μ","-"
"1247","’·–μ§_²‹vs_“μδ–q‘Ί","1012","—Ρ‹Ζo‰c‘Μ_’c‘Μo‰c_–@lo‰c","o‰c‘Μ","-"
"1248","’·–μ§_²‹vs_’†’Γ‘Ί","1001","”_—Ρ‹Ζo‰c‘Μ_v","o‰c‘Μ","88"
"1248","’·–μ§_²‹vs_’†’Γ‘Ί","1002","”_—Ρ‹Ζo‰c‘Μ_Βlo‰c","o‰c‘Μ","87"
"1248","’·–μ§_²‹vs_’†’Γ‘Ί","1003","”_—Ρ‹Ζo‰c‘Μ_’c‘Μo‰c","o‰c‘Μ","1"
"1248","’·–μ§_²‹vs_’†’Γ‘Ί","1004","”_—Ρ‹Ζo‰c‘Μ_’c‘Μo‰c_–@lo‰c","o‰c‘Μ","1"
"1248","’·–μ§_²‹vs_’†’Γ‘Ί","1005","”_‹Ζo‰c‘Μ_v","o‰c‘Μ","88"
"1248","’·–μ§_²‹vs_’†’Γ‘Ί","1006","”_‹Ζo‰c‘Μ_Βlo‰c","o‰c‘Μ","87"
"1248","’·–μ§_²‹vs_’†’Γ‘Ί","1007","”_‹Ζo‰c‘Μ_’c‘Μo‰c","o‰c‘Μ","1"
"1248","’·–μ§_²‹vs_’†’Γ‘Ί","1008","”_‹Ζo‰c‘Μ_’c‘Μo‰c_–@lo‰c","o‰c‘Μ","1"
"1248","’·–μ§_²‹vs_’†’Γ‘Ί","1009","—Ρ‹Ζo‰c‘Μ_v","o‰c‘Μ","-"
"1248","’·–μ§_²‹vs_’†’Γ‘Ί","1010","—Ρ‹Ζo‰c‘Μ_Βlo‰c","o‰c‘Μ","-"
"1248","’·–μ§_²‹vs_’†’Γ‘Ί","1011","—Ρ‹Ζo‰c‘Μ_’c‘Μo‰c","o‰c‘Μ","-"
"1248","’·–μ§_²‹vs_’†’Γ‘Ί","1012","—Ρ‹Ζo‰c‘Μ_’c‘Μo‰c_–@lo‰c","o‰c‘Μ","-"
"1249","’·–μ§_²‹vs_άY•Ί‰qV“c‘Ί","1001","”_—Ρ‹Ζo‰c‘Μ_v","o‰c‘Μ","103"
"1249","’·–μ§_²‹vs_άY•Ί‰qV“c‘Ί","1002","”_—Ρ‹Ζo‰c‘Μ_Βlo‰c","o‰c‘Μ","100"
"1249","’·–μ§_²‹vs_άY•Ί‰qV“c‘Ί","1003","”_—Ρ‹Ζo‰c‘Μ_’c‘Μo‰c","o‰c‘Μ","3"
"1249","’·–μ§_²‹vs_άY•Ί‰qV“c‘Ί","1004","”_—Ρ‹Ζo‰c‘Μ_’c‘Μo‰c_–@lo‰c","o‰c‘Μ","3"
"1249","’·–μ§_²‹vs_άY•Ί‰qV“c‘Ί","1005","”_‹Ζo‰c‘Μ_v","o‰c‘Μ","103"
"1249","’·–μ§_²‹vs_άY•Ί‰qV“c‘Ί","1006","”_‹Ζo‰c‘Μ_Βlo‰c","o‰c‘Μ","100"
"1249","’·–μ§_²‹vs_άY•Ί‰qV“c‘Ί","1007","”_‹Ζo‰c‘Μ_’c‘Μo‰c","o‰c‘Μ","3"
"1249","’·–μ§_²‹vs_άY•Ί‰qV“c‘Ί","1008","”_‹Ζo‰c‘Μ_’c‘Μo‰c_–@lo‰c","o‰c‘Μ","3"
"1249","’·–μ§_²‹vs_άY•Ί‰qV“c‘Ί","1009","—Ρ‹Ζo‰c‘Μ_v","o‰c‘Μ","-"
"1249","’·–μ§_²‹vs_άY•Ί‰qV“c‘Ί","1010","—Ρ‹Ζo‰c‘Μ_Βlo‰c","o‰c‘Μ","-"
"1249","’·–μ§_²‹vs_άY•Ί‰qV“c‘Ί","1011","—Ρ‹Ζo‰c‘Μ_’c‘Μo‰c","o‰c‘Μ","-"
"1249","’·–μ§_²‹vs_άY•Ί‰qV“c‘Ί","1012","—Ρ‹Ζo‰c‘Μ_’c‘Μo‰c_–@lo‰c","o‰c‘Μ","-"
"1250","’·–μ§_η‹Θs","1001","”_—Ρ‹Ζo‰c‘Μ_v","o‰c‘Μ","983"
"1250","’·–μ§_η‹Θs","1002","”_—Ρ‹Ζo‰c‘Μ_Βlo‰c","o‰c‘Μ","941"
"1250","’·–μ§_η‹Θs","1003","”_—Ρ‹Ζo‰c‘Μ_’c‘Μo‰c","o‰c‘Μ","42"
"1250","’·–μ§_η‹Θs","1004","”_—Ρ‹Ζo‰c‘Μ_’c‘Μo‰c_–@lo‰c","o‰c‘Μ","37"
"1250","’·–μ§_η‹Θs","1005","”_‹Ζo‰c‘Μ_v","o‰c‘Μ","979"
"1250","’·–μ§_η‹Θs","1006","”_‹Ζo‰c‘Μ_Βlo‰c","o‰c‘Μ","941"
"1250","’·–μ§_η‹Θs","1007","”_‹Ζo‰c‘Μ_’c‘Μo‰c","o‰c‘Μ","38"
"1250","’·–μ§_η‹Θs","1008","”_‹Ζo‰c‘Μ_’c‘Μo‰c_–@lo‰c","o‰c‘Μ","35"
"1250","’·–μ§_η‹Θs","1009","—Ρ‹Ζo‰c‘Μ_v","o‰c‘Μ","10"
"1250","’·–μ§_η‹Θs","1010","—Ρ‹Ζo‰c‘Μ_Βlo‰c","o‰c‘Μ","6"
"1250","’·–μ§_η‹Θs","1011","—Ρ‹Ζo‰c‘Μ_’c‘Μo‰c","o‰c‘Μ","4"
"1250","’·–μ§_η‹Θs","1012","—Ρ‹Ζo‰c‘Μ_’c‘Μo‰c_–@lo‰c","o‰c‘Μ","2"
"1251","’·–μ§_η‹Θs_‰®‘γ’¬","1001","”_—Ρ‹Ζo‰c‘Μ_v","o‰c‘Μ","45"
"1251","’·–μ§_η‹Θs_‰®‘γ’¬","1002","”_—Ρ‹Ζo‰c‘Μ_Βlo‰c","o‰c‘Μ","40"
"1251","’·–μ§_η‹Θs_‰®‘γ’¬","1003","”_—Ρ‹Ζo‰c‘Μ_’c‘Μo‰c","o‰c‘Μ","5"
"1251","’·–μ§_η‹Θs_‰®‘γ’¬","1004","”_—Ρ‹Ζo‰c‘Μ_’c‘Μo‰c_–@lo‰c","o‰c‘Μ","5"
"1251","’·–μ§_η‹Θs_‰®‘γ’¬","1005","”_‹Ζo‰c‘Μ_v","o‰c‘Μ","45"
"1251","’·–μ§_η‹Θs_‰®‘γ’¬","1006","”_‹Ζo‰c‘Μ_Βlo‰c","o‰c‘Μ","40"
"1251","’·–μ§_η‹Θs_‰®‘γ’¬","1007","”_‹Ζo‰c‘Μ_’c‘Μo‰c","o‰c‘Μ","5"
"1251","’·–μ§_η‹Θs_‰®‘γ’¬","1008","”_‹Ζo‰c‘Μ_’c‘Μo‰c_–@lo‰c","o‰c‘Μ","5"
"1251","’·–μ§_η‹Θs_‰®‘γ’¬","1009","—Ρ‹Ζo‰c‘Μ_v","o‰c‘Μ","-"
"1251","’·–μ§_η‹Θs_‰®‘γ’¬","1010","—Ρ‹Ζo‰c‘Μ_Βlo‰c","o‰c‘Μ","-"
"1251","’·–μ§_η‹Θs_‰®‘γ’¬","1011","—Ρ‹Ζo‰c‘Μ_’c‘Μo‰c","o‰c‘Μ","-"
"1251","’·–μ§_η‹Θs_‰®‘γ’¬","1012","—Ρ‹Ζo‰c‘Μ_’c‘Μo‰c_–@lo‰c","o‰c‘Μ","-"
"1252","’·–μ§_η‹Θs_X‘Ί","1001","”_—Ρ‹Ζo‰c‘Μ_v","o‰c‘Μ","103"
"1252","’·–μ§_η‹Θs_X‘Ί","1002","”_—Ρ‹Ζo‰c‘Μ_Βlo‰c","o‰c‘Μ","100"
"1252","’·–μ§_η‹Θs_X‘Ί","1003","”_—Ρ‹Ζo‰c‘Μ_’c‘Μo‰c","o‰c‘Μ","3"
"1252","’·–μ§_η‹Θs_X‘Ί","1004","”_—Ρ‹Ζo‰c‘Μ_’c‘Μo‰c_–@lo‰c","o‰c‘Μ","3"
"1252","’·–μ§_η‹Θs_X‘Ί","1005","”_‹Ζo‰c‘Μ_v","o‰c‘Μ","103"
"1252","’·–μ§_η‹Θs_X‘Ί","1006","”_‹Ζo‰c‘Μ_Βlo‰c","o‰c‘Μ","100"
"1252","’·–μ§_η‹Θs_X‘Ί","1007","”_‹Ζo‰c‘Μ_’c‘Μo‰c","o‰c‘Μ","3"
"1252","’·–μ§_η‹Θs_X‘Ί","1008","”_‹Ζo‰c‘Μ_’c‘Μo‰c_–@lo‰c","o‰c‘Μ","3"
"1252","’·–μ§_η‹Θs_X‘Ί","1009","—Ρ‹Ζo‰c‘Μ_v","o‰c‘Μ","1"
"1252","’·–μ§_η‹Θs_X‘Ί","1010","—Ρ‹Ζo‰c‘Μ_Βlo‰c","o‰c‘Μ","1"
"1252","’·–μ§_η‹Θs_X‘Ί","1011","—Ρ‹Ζo‰c‘Μ_’c‘Μo‰c","o‰c‘Μ","-"
"1252","’·–μ§_η‹Θs_X‘Ί","1012","—Ρ‹Ζo‰c‘Μ_’c‘Μo‰c_–@lo‰c","o‰c‘Μ","-"
"1253","’·–μ§_η‹Θs_‘q‰Θ‘Ί","1001","”_—Ρ‹Ζo‰c‘Μ_v","o‰c‘Μ","48"
"1253","’·–μ§_η‹Θs_‘q‰Θ‘Ί","1002","”_—Ρ‹Ζo‰c‘Μ_Βlo‰c","o‰c‘Μ","47"
"1253","’·–μ§_η‹Θs_‘q‰Θ‘Ί","1003","”_—Ρ‹Ζo‰c‘Μ_’c‘Μo‰c","o‰c‘Μ","1"
"1253","’·–μ§_η‹Θs_‘q‰Θ‘Ί","1004","”_—Ρ‹Ζo‰c‘Μ_’c‘Μo‰c_–@lo‰c","o‰c‘Μ","1"
"1253","’·–μ§_η‹Θs_‘q‰Θ‘Ί","1005","”_‹Ζo‰c‘Μ_v","o‰c‘Μ","48"
"1253","’·–μ§_η‹Θs_‘q‰Θ‘Ί","1006","”_‹Ζo‰c‘Μ_Βlo‰c","o‰c‘Μ","47"
"1253","’·–μ§_η‹Θs_‘q‰Θ‘Ί","1007","”_‹Ζo‰c‘Μ_’c‘Μo‰c","o‰c‘Μ","1"
"1253","’·–μ§_η‹Θs_‘q‰Θ‘Ί","1008","”_‹Ζo‰c‘Μ_’c‘Μo‰c_–@lo‰c","o‰c‘Μ","1"
"1253","’·–μ§_η‹Θs_‘q‰Θ‘Ί","1009","—Ρ‹Ζo‰c‘Μ_v","o‰c‘Μ","-"
"1253","’·–μ§_η‹Θs_‘q‰Θ‘Ί","1010","—Ρ‹Ζo‰c‘Μ_Βlo‰c","o‰c‘Μ","-"
"1253","’·–μ§_η‹Θs_‘q‰Θ‘Ί","1011","—Ρ‹Ζo‰c‘Μ_’c‘Μo‰c","o‰c‘Μ","-"
"1253","’·–μ§_η‹Θs_‘q‰Θ‘Ί","1012","—Ρ‹Ζo‰c‘Μ_’c‘Μo‰c_–@lo‰c","o‰c‘Μ","-"
"1254","’·–μ§_η‹Θs_‰J‹{§‘Ί","1001","”_—Ρ‹Ζo‰c‘Μ_v","o‰c‘Μ","77"
"1254","’·–μ§_η‹Θs_‰J‹{§‘Ί","1002","”_—Ρ‹Ζo‰c‘Μ_Βlo‰c","o‰c‘Μ","74"
"1254","’·–μ§_η‹Θs_‰J‹{§‘Ί","1003","”_—Ρ‹Ζo‰c‘Μ_’c‘Μo‰c","o‰c‘Μ","3"
"1254","’·–μ§_η‹Θs_‰J‹{§‘Ί","1004","”_—Ρ‹Ζo‰c‘Μ_’c‘Μo‰c_–@lo‰c","o‰c‘Μ","3"
"1254","’·–μ§_η‹Θs_‰J‹{§‘Ί","1005","”_‹Ζo‰c‘Μ_v","o‰c‘Μ","77"
"1254","’·–μ§_η‹Θs_‰J‹{§‘Ί","1006","”_‹Ζo‰c‘Μ_Βlo‰c","o‰c‘Μ","74"
"1254","’·–μ§_η‹Θs_‰J‹{§‘Ί","1007","”_‹Ζo‰c‘Μ_’c‘Μo‰c","o‰c‘Μ","3"
"1254","’·–μ§_η‹Θs_‰J‹{§‘Ί","1008","”_‹Ζo‰c‘Μ_’c‘Μo‰c_–@lo‰c","o‰c‘Μ","3"
"1254","’·–μ§_η‹Θs_‰J‹{§‘Ί","1009","—Ρ‹Ζo‰c‘Μ_v","o‰c‘Μ","1"
"1254","’·–μ§_η‹Θs_‰J‹{§‘Ί","1010","—Ρ‹Ζo‰c‘Μ_Βlo‰c","o‰c‘Μ","1"
"1254","’·–μ§_η‹Θs_‰J‹{§‘Ί","1011","—Ρ‹Ζo‰c‘Μ_’c‘Μo‰c","o‰c‘Μ","-"
"1254","’·–μ§_η‹Θs_‰J‹{§‘Ί","1012","—Ρ‹Ζo‰c‘Μ_’c‘Μo‰c_–@lo‰c","o‰c‘Μ","-"
"1255","’·–μ§_η‹Θs_ϋ¶’¬","1001","”_—Ρ‹Ζo‰c‘Μ_v","o‰c‘Μ","18"
"1255","’·–μ§_η‹Θs_ϋ¶’¬","1002","”_—Ρ‹Ζo‰c‘Μ_Βlo‰c","o‰c‘Μ","16"
"1255","’·–μ§_η‹Θs_ϋ¶’¬","1003","”_—Ρ‹Ζo‰c‘Μ_’c‘Μo‰c","o‰c‘Μ","2"
"1255","’·–μ§_η‹Θs_ϋ¶’¬","1004","”_—Ρ‹Ζo‰c‘Μ_’c‘Μo‰c_–@lo‰c","o‰c‘Μ","2"
"1255","’·–μ§_η‹Θs_ϋ¶’¬","1005","”_‹Ζo‰c‘Μ_v","o‰c‘Μ","17"
"1255","’·–μ§_η‹Θs_ϋ¶’¬","1006","”_‹Ζo‰c‘Μ_Βlo‰c","o‰c‘Μ","16"
"1255","’·–μ§_η‹Θs_ϋ¶’¬","1007","”_‹Ζo‰c‘Μ_’c‘Μo‰c","o‰c‘Μ","1"
"1255","’·–μ§_η‹Θs_ϋ¶’¬","1008","”_‹Ζo‰c‘Μ_’c‘Μo‰c_–@lo‰c","o‰c‘Μ","1"
"1255","’·–μ§_η‹Θs_ϋ¶’¬","1009","—Ρ‹Ζo‰c‘Μ_v","o‰c‘Μ","1"
"1255","’·–μ§_η‹Θs_ϋ¶’¬","1010","—Ρ‹Ζo‰c‘Μ_Βlo‰c","o‰c‘Μ","-"
"1255","’·–μ§_η‹Θs_ϋ¶’¬","1011","—Ρ‹Ζo‰c‘Μ_’c‘Μo‰c","o‰c‘Μ","1"
"1255","’·–μ§_η‹Θs_ϋ¶’¬","1012","—Ρ‹Ζo‰c‘Μ_’c‘Μo‰c_–@lo‰c","o‰c‘Μ","1"
"1256","’·–μ§_η‹Θs_Y£‰Ί‘Ί","1001","”_—Ρ‹Ζo‰c‘Μ_v","o‰c‘Μ","8"
"1256","’·–μ§_η‹Θs_Y£‰Ί‘Ί","1002","”_—Ρ‹Ζo‰c‘Μ_Βlo‰c","o‰c‘Μ","8"
"1256","’·–μ§_η‹Θs_Y£‰Ί‘Ί","1003","”_—Ρ‹Ζo‰c‘Μ_’c‘Μo‰c","o‰c‘Μ","-"
"1256","’·–μ§_η‹Θs_Y£‰Ί‘Ί","1004","”_—Ρ‹Ζo‰c‘Μ_’c‘Μo‰c_–@lo‰c","o‰c‘Μ","-"
"1256","’·–μ§_η‹Θs_Y£‰Ί‘Ί","1005","”_‹Ζo‰c‘Μ_v","o‰c‘Μ","8"
"1256","’·–μ§_η‹Θs_Y£‰Ί‘Ί","1006","”_‹Ζo‰c‘Μ_Βlo‰c","o‰c‘Μ","8"
"1256","’·–μ§_η‹Θs_Y£‰Ί‘Ί","1007","”_‹Ζo‰c‘Μ_’c‘Μo‰c","o‰c‘Μ","-"
"1256","’·–μ§_η‹Θs_Y£‰Ί‘Ί","1008","”_‹Ζo‰c‘Μ_’c‘Μo‰c_–@lo‰c","o‰c‘Μ","-"
"1256","’·–μ§_η‹Θs_Y£‰Ί‘Ί","1009","—Ρ‹Ζo‰c‘Μ_v","o‰c‘Μ","-"
"1256","’·–μ§_η‹Θs_Y£‰Ί‘Ί","1010","—Ρ‹Ζo‰c‘Μ_Βlo‰c","o‰c‘Μ","-"
"1256","’·–μ§_η‹Θs_Y£‰Ί‘Ί","1011","—Ρ‹Ζo‰c‘Μ_’c‘Μo‰c","o‰c‘Μ","-"
"1256","’·–μ§_η‹Θs_Y£‰Ί‘Ί","1012","—Ρ‹Ζo‰c‘Μ_’c‘Μo‰c_–@lo‰c","o‰c‘Μ","-"
"1257","’·–μ§_η‹Θs_ξ‰ΧR’¬","1001","”_—Ρ‹Ζo‰c‘Μ_v","o‰c‘Μ","5"
"1257","’·–μ§_η‹Θs_ξ‰ΧR’¬","1002","”_—Ρ‹Ζo‰c‘Μ_Βlo‰c","o‰c‘Μ","5"
"1257","’·–μ§_η‹Θs_ξ‰ΧR’¬","1003","”_—Ρ‹Ζo‰c‘Μ_’c‘Μo‰c","o‰c‘Μ","-"
"1257","’·–μ§_η‹Θs_ξ‰ΧR’¬","1004","”_—Ρ‹Ζo‰c‘Μ_’c‘Μo‰c_–@lo‰c","o‰c‘Μ","-"
"1257","’·–μ§_η‹Θs_ξ‰ΧR’¬","1005","”_‹Ζo‰c‘Μ_v","o‰c‘Μ","5"
"1257","’·–μ§_η‹Θs_ξ‰ΧR’¬","1006","”_‹Ζo‰c‘Μ_Βlo‰c","o‰c‘Μ","5"
"1257","’·–μ§_η‹Θs_ξ‰ΧR’¬","1007","”_‹Ζo‰c‘Μ_’c‘Μo‰c","o‰c‘Μ","-"
"1257","’·–μ§_η‹Θs_ξ‰ΧR’¬","1008","”_‹Ζo‰c‘Μ_’c‘Μo‰c_–@lo‰c","o‰c‘Μ","-"
"1257","’·–μ§_η‹Θs_ξ‰ΧR’¬","1009","—Ρ‹Ζo‰c‘Μ_v","o‰c‘Μ","-"
"1257","’·–μ§_η‹Θs_ξ‰ΧR’¬","1010","—Ρ‹Ζo‰c‘Μ_Βlo‰c","o‰c‘Μ","-"
"1257","’·–μ§_η‹Θs_ξ‰ΧR’¬","1011","—Ρ‹Ζo‰c‘Μ_’c‘Μo‰c","o‰c‘Μ","-"
"1257","’·–μ§_η‹Θs_ξ‰ΧR’¬","1012","—Ρ‹Ζo‰c‘Μ_’c‘Μo‰c_–@lo‰c","o‰c‘Μ","-"
"1258","’·–μ§_η‹Θs_K΄‘Ί","1001","”_—Ρ‹Ζo‰c‘Μ_v","o‰c‘Μ","98"
"1258","’·–μ§_η‹Θs_K΄‘Ί","1002","”_—Ρ‹Ζo‰c‘Μ_Βlo‰c","o‰c‘Μ","91"
"1258","’·–μ§_η‹Θs_K΄‘Ί","1003","”_—Ρ‹Ζo‰c‘Μ_’c‘Μo‰c","o‰c‘Μ","7"
"1258","’·–μ§_η‹Θs_K΄‘Ί","1004","”_—Ρ‹Ζo‰c‘Μ_’c‘Μo‰c_–@lo‰c","o‰c‘Μ","6"
"1258","’·–μ§_η‹Θs_K΄‘Ί","1005","”_‹Ζo‰c‘Μ_v","o‰c‘Μ","97"
"1258","’·–μ§_η‹Θs_K΄‘Ί","1006","”_‹Ζo‰c‘Μ_Βlo‰c","o‰c‘Μ","91"
"1258","’·–μ§_η‹Θs_K΄‘Ί","1007","”_‹Ζo‰c‘Μ_’c‘Μo‰c","o‰c‘Μ","6"
"1258","’·–μ§_η‹Θs_K΄‘Ί","1008","”_‹Ζo‰c‘Μ_’c‘Μo‰c_–@lo‰c","o‰c‘Μ","6"
"1258","’·–μ§_η‹Θs_K΄‘Ί","1009","—Ρ‹Ζo‰c‘Μ_v","o‰c‘Μ","4"
"1258","’·–μ§_η‹Θs_K΄‘Ί","1010","—Ρ‹Ζo‰c‘Μ_Βlo‰c","o‰c‘Μ","3"
"1258","’·–μ§_η‹Θs_K΄‘Ί","1011","—Ρ‹Ζo‰c‘Μ_’c‘Μo‰c","o‰c‘Μ","1"
"1258","’·–μ§_η‹Θs_K΄‘Ί","1012","—Ρ‹Ζo‰c‘Μ_’c‘Μo‰c_–@lo‰c","o‰c‘Μ","-"
"1259","’·–μ§_η‹Θs_”ª”¦‘Ί","1001","”_—Ρ‹Ζo‰c‘Μ_v","o‰c‘Μ","181"
"1259","’·–μ§_η‹Θs_”ª”¦‘Ί","1002","”_—Ρ‹Ζo‰c‘Μ_Βlo‰c","o‰c‘Μ","176"
"1259","’·–μ§_η‹Θs_”ª”¦‘Ί","1003","”_—Ρ‹Ζo‰c‘Μ_’c‘Μo‰c","o‰c‘Μ","5"
"1259","’·–μ§_η‹Θs_”ª”¦‘Ί","1004","”_—Ρ‹Ζo‰c‘Μ_’c‘Μo‰c_–@lo‰c","o‰c‘Μ","3"
"1259","’·–μ§_η‹Θs_”ª”¦‘Ί","1005","”_‹Ζo‰c‘Μ_v","o‰c‘Μ","179"
"1259","’·–μ§_η‹Θs_”ª”¦‘Ί","1006","”_‹Ζo‰c‘Μ_Βlo‰c","o‰c‘Μ","176"
"1259","’·–μ§_η‹Θs_”ª”¦‘Ί","1007","”_‹Ζo‰c‘Μ_’c‘Μo‰c","o‰c‘Μ","3"
"1259","’·–μ§_η‹Θs_”ª”¦‘Ί","1008","”_‹Ζo‰c‘Μ_’c‘Μo‰c_–@lo‰c","o‰c‘Μ","2"
"1259","’·–μ§_η‹Θs_”ª”¦‘Ί","1009","—Ρ‹Ζo‰c‘Μ_v","o‰c‘Μ","3"
"1259","’·–μ§_η‹Θs_”ª”¦‘Ί","1010","—Ρ‹Ζo‰c‘Μ_Βlo‰c","o‰c‘Μ","1"
"1259","’·–μ§_η‹Θs_”ª”¦‘Ί","1011","—Ρ‹Ζo‰c‘Μ_’c‘Μo‰c","o‰c‘Μ","2"
"1259","’·–μ§_η‹Θs_”ª”¦‘Ί","1012","—Ρ‹Ζo‰c‘Μ_’c‘Μo‰c_–@lo‰c","o‰c‘Μ","1"
"1260","’·–μ§_η‹Θs_ά‰Α‘Ί‚Q|‚Q","1001","”_—Ρ‹Ζo‰c‘Μ_v","o‰c‘Μ","14"
"1260","’·–μ§_η‹Θs_ά‰Α‘Ί‚Q|‚Q","1002","”_—Ρ‹Ζo‰c‘Μ_Βlo‰c","o‰c‘Μ","14"
"1260","’·–μ§_η‹Θs_ά‰Α‘Ί‚Q|‚Q","1003","”_—Ρ‹Ζo‰c‘Μ_’c‘Μo‰c","o‰c‘Μ","-"
"1260","’·–μ§_η‹Θs_ά‰Α‘Ί‚Q|‚Q","1004","”_—Ρ‹Ζo‰c‘Μ_’c‘Μo‰c_–@lo‰c","o‰c‘Μ","-"
"1260","’·–μ§_η‹Θs_ά‰Α‘Ί‚Q|‚Q","1005","”_‹Ζo‰c‘Μ_v","o‰c‘Μ","14"
"1260","’·–μ§_η‹Θs_ά‰Α‘Ί‚Q|‚Q","1006","”_‹Ζo‰c‘Μ_Βlo‰c","o‰c‘Μ","14"
"1260","’·–μ§_η‹Θs_ά‰Α‘Ί‚Q|‚Q","1007","”_‹Ζo‰c‘Μ_’c‘Μo‰c","o‰c‘Μ","-"
"1260","’·–μ§_η‹Θs_ά‰Α‘Ί‚Q|‚Q","1008","”_‹Ζo‰c‘Μ_’c‘Μo‰c_–@lo‰c","o‰c‘Μ","-"
"1260","’·–μ§_η‹Θs_ά‰Α‘Ί‚Q|‚Q","1009","—Ρ‹Ζo‰c‘Μ_v","o‰c‘Μ","-"
"1260","’·–μ§_η‹Θs_ά‰Α‘Ί‚Q|‚Q","1010","—Ρ‹Ζo‰c‘Μ_Βlo‰c","o‰c‘Μ","-"
"1260","’·–μ§_η‹Θs_ά‰Α‘Ί‚Q|‚Q","1011","—Ρ‹Ζo‰c‘Μ_’c‘Μo‰c","o‰c‘Μ","-"
"1260","’·–μ§_η‹Θs_ά‰Α‘Ί‚Q|‚Q","1012","—Ρ‹Ζo‰c‘Μ_’c‘Μo‰c_–@lo‰c","o‰c‘Μ","-"
"1261","’·–μ§_η‹Θs_Λ‘q’¬","1001","”_—Ρ‹Ζo‰c‘Μ_v","o‰c‘Μ","18"
"1261","’·–μ§_η‹Θs_Λ‘q’¬","1002","”_—Ρ‹Ζo‰c‘Μ_Βlo‰c","o‰c‘Μ","17"
"1261","’·–μ§_η‹Θs_Λ‘q’¬","1003","”_—Ρ‹Ζo‰c‘Μ_’c‘Μo‰c","o‰c‘Μ","1"
"1261","’·–μ§_η‹Θs_Λ‘q’¬","1004","”_—Ρ‹Ζo‰c‘Μ_’c‘Μo‰c_–@lo‰c","o‰c‘Μ","1"
"1261","’·–μ§_η‹Θs_Λ‘q’¬","1005","”_‹Ζo‰c‘Μ_v","o‰c‘Μ","18"
"1261","’·–μ§_η‹Θs_Λ‘q’¬","1006","”_‹Ζo‰c‘Μ_Βlo‰c","o‰c‘Μ","17"
"1261","’·–μ§_η‹Θs_Λ‘q’¬","1007","”_‹Ζo‰c‘Μ_’c‘Μo‰c","o‰c‘Μ","1"
"1261","’·–μ§_η‹Θs_Λ‘q’¬","1008","”_‹Ζo‰c‘Μ_’c‘Μo‰c_–@lo‰c","o‰c‘Μ","1"
"1261","’·–μ§_η‹Θs_Λ‘q’¬","1009","—Ρ‹Ζo‰c‘Μ_v","o‰c‘Μ","-"
"1261","’·–μ§_η‹Θs_Λ‘q’¬","1010","—Ρ‹Ζo‰c‘Μ_Βlo‰c","o‰c‘Μ","-"
"1261","’·–μ§_η‹Θs_Λ‘q’¬","1011","—Ρ‹Ζo‰c‘Μ_’c‘Μo‰c","o‰c‘Μ","-"
"1261","’·–μ§_η‹Θs_Λ‘q’¬","1012","—Ρ‹Ζo‰c‘Μ_’c‘Μo‰c_–@lo‰c","o‰c‘Μ","-"
"1262","’·–μ§_η‹Θs_ά‰Α‘Ί‚Q|‚P","1001","”_—Ρ‹Ζo‰c‘Μ_v","o‰c‘Μ","69"
"1262","’·–μ§_η‹Θs_ά‰Α‘Ί‚Q|‚P","1002","”_—Ρ‹Ζo‰c‘Μ_Βlo‰c","o‰c‘Μ","68"
"1262","’·–μ§_η‹Θs_ά‰Α‘Ί‚Q|‚P","1003","”_—Ρ‹Ζo‰c‘Μ_’c‘Μo‰c","o‰c‘Μ","1"
"1262","’·–μ§_η‹Θs_ά‰Α‘Ί‚Q|‚P","1004","”_—Ρ‹Ζo‰c‘Μ_’c‘Μo‰c_–@lo‰c","o‰c‘Μ","1"
"1262","’·–μ§_η‹Θs_ά‰Α‘Ί‚Q|‚P","1005","”_‹Ζo‰c‘Μ_v","o‰c‘Μ","69"
"1262","’·–μ§_η‹Θs_ά‰Α‘Ί‚Q|‚P","1006","”_‹Ζo‰c‘Μ_Βlo‰c","o‰c‘Μ","68"
"1262","’·–μ§_η‹Θs_ά‰Α‘Ί‚Q|‚P","1007","”_‹Ζo‰c‘Μ_’c‘Μo‰c","o‰c‘Μ","1"
"1262","’·–μ§_η‹Θs_ά‰Α‘Ί‚Q|‚P","1008","”_‹Ζo‰c‘Μ_’c‘Μo‰c_–@lo‰c","o‰c‘Μ","1"
"1262","’·–μ§_η‹Θs_ά‰Α‘Ί‚Q|‚P","1009","—Ρ‹Ζo‰c‘Μ_v","o‰c‘Μ","-"
"1262","’·–μ§_η‹Θs_ά‰Α‘Ί‚Q|‚P","1010","—Ρ‹Ζo‰c‘Μ_Βlo‰c","o‰c‘Μ","-"
"1262","’·–μ§_η‹Θs_ά‰Α‘Ί‚Q|‚P","1011","—Ρ‹Ζo‰c‘Μ_’c‘Μo‰c","o‰c‘Μ","-"
"1262","’·–μ§_η‹Θs_ά‰Α‘Ί‚Q|‚P","1012","—Ρ‹Ζo‰c‘Μ_’c‘Μo‰c_–@lo‰c","o‰c‘Μ","-"
"1263","’·–μ§_η‹Θs_X‹‰‘Ί","1001","”_—Ρ‹Ζo‰c‘Μ_v","o‰c‘Μ","158"
"1263","’·–μ§_η‹Θs_X‹‰‘Ί","1002","”_—Ρ‹Ζo‰c‘Μ_Βlo‰c","o‰c‘Μ","149"
"1263","’·–μ§_η‹Θs_X‹‰‘Ί","1003","”_—Ρ‹Ζo‰c‘Μ_’c‘Μo‰c","o‰c‘Μ","9"
"1263","’·–μ§_η‹Θs_X‹‰‘Ί","1004","”_—Ρ‹Ζo‰c‘Μ_’c‘Μo‰c_–@lo‰c","o‰c‘Μ","9"
"1263","’·–μ§_η‹Θs_X‹‰‘Ί","1005","”_‹Ζo‰c‘Μ_v","o‰c‘Μ","158"
"1263","’·–μ§_η‹Θs_X‹‰‘Ί","1006","”_‹Ζo‰c‘Μ_Βlo‰c","o‰c‘Μ","149"
"1263","’·–μ§_η‹Θs_X‹‰‘Ί","1007","”_‹Ζo‰c‘Μ_’c‘Μo‰c","o‰c‘Μ","9"
"1263","’·–μ§_η‹Θs_X‹‰‘Ί","1008","”_‹Ζo‰c‘Μ_’c‘Μo‰c_–@lo‰c","o‰c‘Μ","9"
"1263","’·–μ§_η‹Θs_X‹‰‘Ί","1009","—Ρ‹Ζo‰c‘Μ_v","o‰c‘Μ","-"
"1263","’·–μ§_η‹Θs_X‹‰‘Ί","1010","—Ρ‹Ζo‰c‘Μ_Βlo‰c","o‰c‘Μ","-"
"1263","’·–μ§_η‹Θs_X‹‰‘Ί","1011","—Ρ‹Ζo‰c‘Μ_’c‘Μo‰c","o‰c‘Μ","-"
"1263","’·–μ§_η‹Θs_X‹‰‘Ί","1012","—Ρ‹Ζo‰c‘Μ_’c‘Μo‰c_–@lo‰c","o‰c‘Μ","-"
"1264","’·–μ§_η‹Θs_γR“c’¬","1001","”_—Ρ‹Ζo‰c‘Μ_v","o‰c‘Μ","111"
"1264","’·–μ§_η‹Θs_γR“c’¬","1002","”_—Ρ‹Ζo‰c‘Μ_Βlo‰c","o‰c‘Μ","108"
"1264","’·–μ§_η‹Θs_γR“c’¬","1003","”_—Ρ‹Ζo‰c‘Μ_’c‘Μo‰c","o‰c‘Μ","3"
"1264","’·–μ§_η‹Θs_γR“c’¬","1004","”_—Ρ‹Ζo‰c‘Μ_’c‘Μo‰c_–@lo‰c","o‰c‘Μ","1"
"1264","’·–μ§_η‹Θs_γR“c’¬","1005","”_‹Ζo‰c‘Μ_v","o‰c‘Μ","111"
"1264","’·–μ§_η‹Θs_γR“c’¬","1006","”_‹Ζo‰c‘Μ_Βlo‰c","o‰c‘Μ","108"
"1264","’·–μ§_η‹Θs_γR“c’¬","1007","”_‹Ζo‰c‘Μ_’c‘Μo‰c","o‰c‘Μ","3"
"1264","’·–μ§_η‹Θs_γR“c’¬","1008","”_‹Ζo‰c‘Μ_’c‘Μo‰c_–@lo‰c","o‰c‘Μ","1"
"1264","’·–μ§_η‹Θs_γR“c’¬","1009","—Ρ‹Ζo‰c‘Μ_v","o‰c‘Μ","-"
"1264","’·–μ§_η‹Θs_γR“c’¬","1010","—Ρ‹Ζo‰c‘Μ_Βlo‰c","o‰c‘Μ","-"
"1264","’·–μ§_η‹Θs_γR“c’¬","1011","—Ρ‹Ζo‰c‘Μ_’c‘Μo‰c","o‰c‘Μ","-"
"1264","’·–μ§_η‹Θs_γR“c’¬","1012","—Ρ‹Ζo‰c‘Μ_’c‘Μo‰c_–@lo‰c","o‰c‘Μ","-"
"1265","’·–μ§_η‹Θs_—ΝΞ‘Ί","1001","”_—Ρ‹Ζo‰c‘Μ_v","o‰c‘Μ","30"
"1265","’·–μ§_η‹Θs_—ΝΞ‘Ί","1002","”_—Ρ‹Ζo‰c‘Μ_Βlo‰c","o‰c‘Μ","28"
"1265","’·–μ§_η‹Θs_—ΝΞ‘Ί","1003","”_—Ρ‹Ζo‰c‘Μ_’c‘Μo‰c","o‰c‘Μ","2"
"1265","’·–μ§_η‹Θs_—ΝΞ‘Ί","1004","”_—Ρ‹Ζo‰c‘Μ_’c‘Μo‰c_–@lo‰c","o‰c‘Μ","2"
"1265","’·–μ§_η‹Θs_—ΝΞ‘Ί","1005","”_‹Ζo‰c‘Μ_v","o‰c‘Μ","30"
"1265","’·–μ§_η‹Θs_—ΝΞ‘Ί","1006","”_‹Ζo‰c‘Μ_Βlo‰c","o‰c‘Μ","28"
"1265","’·–μ§_η‹Θs_—ΝΞ‘Ί","1007","”_‹Ζo‰c‘Μ_’c‘Μo‰c","o‰c‘Μ","2"
"1265","’·–μ§_η‹Θs_—ΝΞ‘Ί","1008","”_‹Ζo‰c‘Μ_’c‘Μo‰c_–@lo‰c","o‰c‘Μ","2"
"1265","’·–μ§_η‹Θs_—ΝΞ‘Ί","1009","—Ρ‹Ζo‰c‘Μ_v","o‰c‘Μ","-"
"1265","’·–μ§_η‹Θs_—ΝΞ‘Ί","1010","—Ρ‹Ζo‰c‘Μ_Βlo‰c","o‰c‘Μ","-"
"1265","’·–μ§_η‹Θs_—ΝΞ‘Ί","1011","—Ρ‹Ζo‰c‘Μ_’c‘Μo‰c","o‰c‘Μ","-"
"1265","’·–μ§_η‹Θs_—ΝΞ‘Ί","1012","—Ρ‹Ζo‰c‘Μ_’c‘Μo‰c_–@lo‰c","o‰c‘Μ","-"
"1266","’·–μ§_“δs","1001","”_—Ρ‹Ζo‰c‘Μ_v","o‰c‘Μ","1070"
"1266","’·–μ§_“δs","1002","”_—Ρ‹Ζo‰c‘Μ_Βlo‰c","o‰c‘Μ","1024"
"1266","’·–μ§_“δs","1003","”_—Ρ‹Ζo‰c‘Μ_’c‘Μo‰c","o‰c‘Μ","46"
"1266","’·–μ§_“δs","1004","”_—Ρ‹Ζo‰c‘Μ_’c‘Μo‰c_–@lo‰c","o‰c‘Μ","42"
"1266","’·–μ§_“δs","1005","”_‹Ζo‰c‘Μ_v","o‰c‘Μ","1058"
"1266","’·–μ§_“δs","1006","”_‹Ζo‰c‘Μ_Βlo‰c","o‰c‘Μ","1024"
"1266","’·–μ§_“δs","1007","”_‹Ζo‰c‘Μ_’c‘Μo‰c","o‰c‘Μ","34"
"1266","’·–μ§_“δs","1008","”_‹Ζo‰c‘Μ_’c‘Μo‰c_–@lo‰c","o‰c‘Μ","33"
"1266","’·–μ§_“δs","1009","—Ρ‹Ζo‰c‘Μ_v","o‰c‘Μ","14"
"1266","’·–μ§_“δs","1010","—Ρ‹Ζo‰c‘Μ_Βlo‰c","o‰c‘Μ","2"
"1266","’·–μ§_“δs","1011","—Ρ‹Ζo‰c‘Μ_’c‘Μo‰c","o‰c‘Μ","12"
"1266","’·–μ§_“δs","1012","—Ρ‹Ζo‰c‘Μ_’c‘Μo‰c_–@lo‰c","o‰c‘Μ","9"
"1267","’·–μ§_“δs_§‘Ί","1001","”_—Ρ‹Ζo‰c‘Μ_v","o‰c‘Μ","61"
"1267","’·–μ§_“δs_§‘Ί","1002","”_—Ρ‹Ζo‰c‘Μ_Βlo‰c","o‰c‘Μ","57"
"1267","’·–μ§_“δs_§‘Ί","1003","”_—Ρ‹Ζo‰c‘Μ_’c‘Μo‰c","o‰c‘Μ","4"
"1267","’·–μ§_“δs_§‘Ί","1004","”_—Ρ‹Ζo‰c‘Μ_’c‘Μo‰c_–@lo‰c","o‰c‘Μ","2"
"1267","’·–μ§_“δs_§‘Ί","1005","”_‹Ζo‰c‘Μ_v","o‰c‘Μ","59"
"1267","’·–μ§_“δs_§‘Ί","1006","”_‹Ζo‰c‘Μ_Βlo‰c","o‰c‘Μ","57"
"1267","’·–μ§_“δs_§‘Ί","1007","”_‹Ζo‰c‘Μ_’c‘Μo‰c","o‰c‘Μ","2"
"1267","’·–μ§_“δs_§‘Ί","1008","”_‹Ζo‰c‘Μ_’c‘Μo‰c_–@lo‰c","o‰c‘Μ","2"
"1267","’·–μ§_“δs_§‘Ί","1009","—Ρ‹Ζo‰c‘Μ_v","o‰c‘Μ","2"
"1267","’·–μ§_“δs_§‘Ί","1010","—Ρ‹Ζo‰c‘Μ_Βlo‰c","o‰c‘Μ","-"
"1267","’·–μ§_“δs_§‘Ί","1011","—Ρ‹Ζo‰c‘Μ_’c‘Μo‰c","o‰c‘Μ","2"
"1267","’·–μ§_“δs_§‘Ί","1012","—Ρ‹Ζo‰c‘Μ_’c‘Μo‰c_–@lo‰c","o‰c‘Μ","-"
"1268","’·–μ§_“δs_”I’Γ‘Ί","1001","”_—Ρ‹Ζo‰c‘Μ_v","o‰c‘Μ","136"
"1268","’·–μ§_“δs_”I’Γ‘Ί","1002","”_—Ρ‹Ζo‰c‘Μ_Βlo‰c","o‰c‘Μ","121"
"1268","’·–μ§_“δs_”I’Γ‘Ί","1003","”_—Ρ‹Ζo‰c‘Μ_’c‘Μo‰c","o‰c‘Μ","15"
"1268","’·–μ§_“δs_”I’Γ‘Ί","1004","”_—Ρ‹Ζo‰c‘Μ_’c‘Μo‰c_–@lo‰c","o‰c‘Μ","15"
"1268","’·–μ§_“δs_”I’Γ‘Ί","1005","”_‹Ζo‰c‘Μ_v","o‰c‘Μ","130"
"1268","’·–μ§_“δs_”I’Γ‘Ί","1006","”_‹Ζo‰c‘Μ_Βlo‰c","o‰c‘Μ","121"
"1268","’·–μ§_“δs_”I’Γ‘Ί","1007","”_‹Ζo‰c‘Μ_’c‘Μo‰c","o‰c‘Μ","9"
"1268","’·–μ§_“δs_”I’Γ‘Ί","1008","”_‹Ζo‰c‘Μ_’c‘Μo‰c_–@lo‰c","o‰c‘Μ","9"
"1268","’·–μ§_“δs_”I’Γ‘Ί","1009","—Ρ‹Ζo‰c‘Μ_v","o‰c‘Μ","6"
"1268","’·–μ§_“δs_”I’Γ‘Ί","1010","—Ρ‹Ζo‰c‘Μ_Βlo‰c","o‰c‘Μ","-"
"1268","’·–μ§_“δs_”I’Γ‘Ί","1011","—Ρ‹Ζo‰c‘Μ_’c‘Μo‰c","o‰c‘Μ","6"
"1268","’·–μ§_“δs_”I’Γ‘Ί","1012","—Ρ‹Ζo‰c‘Μ_’c‘Μo‰c_–@lo‰c","o‰c‘Μ","6"
"1269","’·–μ§_“δs_a‘Ί","1001","”_—Ρ‹Ζo‰c‘Μ_v","o‰c‘Μ","280"
"1269","’·–μ§_“δs_a‘Ί","1002","”_—Ρ‹Ζo‰c‘Μ_Βlo‰c","o‰c‘Μ","269"
"1269","’·–μ§_“δs_a‘Ί","1003","”_—Ρ‹Ζo‰c‘Μ_’c‘Μo‰c","o‰c‘Μ","11"
"1269","’·–μ§_“δs_a‘Ί","1004","”_—Ρ‹Ζo‰c‘Μ_’c‘Μo‰c_–@lo‰c","o‰c‘Μ","11"
"1269","’·–μ§_“δs_a‘Ί","1005","”_‹Ζo‰c‘Μ_v","o‰c‘Μ","278"
"1269","’·–μ§_“δs_a‘Ί","1006","”_‹Ζo‰c‘Μ_Βlo‰c","o‰c‘Μ","269"
"1269","’·–μ§_“δs_a‘Ί","1007","”_‹Ζo‰c‘Μ_’c‘Μo‰c","o‰c‘Μ","9"
"1269","’·–μ§_“δs_a‘Ί","1008","”_‹Ζo‰c‘Μ_’c‘Μo‰c_–@lo‰c","o‰c‘Μ","9"
"1269","’·–μ§_“δs_a‘Ί","1009","—Ρ‹Ζo‰c‘Μ_v","o‰c‘Μ","2"
"1269","’·–μ§_“δs_a‘Ί","1010","—Ρ‹Ζo‰c‘Μ_Βlo‰c","o‰c‘Μ","-"
"1269","’·–μ§_“δs_a‘Ί","1011","—Ρ‹Ζo‰c‘Μ_’c‘Μo‰c","o‰c‘Μ","2"
"1269","’·–μ§_“δs_a‘Ί","1012","—Ρ‹Ζo‰c‘Μ_’c‘Μo‰c_–@lo‰c","o‰c‘Μ","2"
"1270","’·–μ§_“δs_ –μ‘Ί‚Q|‚P","1001","”_—Ρ‹Ζo‰c‘Μ_v","o‰c‘Μ","179"
"1270","’·–μ§_“δs_ –μ‘Ί‚Q|‚P","1002","”_—Ρ‹Ζo‰c‘Μ_Βlo‰c","o‰c‘Μ","173"
"1270","’·–μ§_“δs_ –μ‘Ί‚Q|‚P","1003","”_—Ρ‹Ζo‰c‘Μ_’c‘Μo‰c","o‰c‘Μ","6"
"1270","’·–μ§_“δs_ –μ‘Ί‚Q|‚P","1004","”_—Ρ‹Ζo‰c‘Μ_’c‘Μo‰c_–@lo‰c","o‰c‘Μ","5"
"1270","’·–μ§_“δs_ –μ‘Ί‚Q|‚P","1005","”_‹Ζo‰c‘Μ_v","o‰c‘Μ","177"
"1270","’·–μ§_“δs_ –μ‘Ί‚Q|‚P","1006","”_‹Ζo‰c‘Μ_Βlo‰c","o‰c‘Μ","173"
"1270","’·–μ§_“δs_ –μ‘Ί‚Q|‚P","1007","”_‹Ζo‰c‘Μ_’c‘Μo‰c","o‰c‘Μ","4"
"1270","’·–μ§_“δs_ –μ‘Ί‚Q|‚P","1008","”_‹Ζo‰c‘Μ_’c‘Μo‰c_–@lo‰c","o‰c‘Μ","4"
"1270","’·–μ§_“δs_ –μ‘Ί‚Q|‚P","1009","—Ρ‹Ζo‰c‘Μ_v","o‰c‘Μ","2"
"1270","’·–μ§_“δs_ –μ‘Ί‚Q|‚P","1010","—Ρ‹Ζo‰c‘Μ_Βlo‰c","o‰c‘Μ","-"
"1270","’·–μ§_“δs_ –μ‘Ί‚Q|‚P","1011","—Ρ‹Ζo‰c‘Μ_’c‘Μo‰c","o‰c‘Μ","2"
"1270","’·–μ§_“δs_ –μ‘Ί‚Q|‚P","1012","—Ρ‹Ζo‰c‘Μ_’c‘Μo‰c_–@lo‰c","o‰c‘Μ","1"
"1271","’·–μ§_“δs_–kδ–q‘Ί","1001","”_—Ρ‹Ζo‰c‘Μ_v","o‰c‘Μ","414"
"1271","’·–μ§_“δs_–kδ–q‘Ί","1002","”_—Ρ‹Ζo‰c‘Μ_Βlo‰c","o‰c‘Μ","404"
"1271","’·–μ§_“δs_–kδ–q‘Ί","1003","”_—Ρ‹Ζo‰c‘Μ_’c‘Μo‰c","o‰c‘Μ","10"
"1271","’·–μ§_“δs_–kδ–q‘Ί","1004","”_—Ρ‹Ζo‰c‘Μ_’c‘Μo‰c_–@lo‰c","o‰c‘Μ","9"
"1271","’·–μ§_“δs_–kδ–q‘Ί","1005","”_‹Ζo‰c‘Μ_v","o‰c‘Μ","414"
"1271","’·–μ§_“δs_–kδ–q‘Ί","1006","”_‹Ζo‰c‘Μ_Βlo‰c","o‰c‘Μ","404"
"1271","’·–μ§_“δs_–kδ–q‘Ί","1007","”_‹Ζo‰c‘Μ_’c‘Μo‰c","o‰c‘Μ","10"
"1271","’·–μ§_“δs_–kδ–q‘Ί","1008","”_‹Ζo‰c‘Μ_’c‘Μo‰c_–@lo‰c","o‰c‘Μ","9"
"1271","’·–μ§_“δs_–kδ–q‘Ί","1009","—Ρ‹Ζo‰c‘Μ_v","o‰c‘Μ","2"
"1271","’·–μ§_“δs_–kδ–q‘Ί","1010","—Ρ‹Ζo‰c‘Μ_Βlo‰c","o‰c‘Μ","2"
"1271","’·–μ§_“δs_–kδ–q‘Ί","1011","—Ρ‹Ζo‰c‘Μ_’c‘Μo‰c","o‰c‘Μ","-"
"1271","’·–μ§_“δs_–kδ–q‘Ί","1012","—Ρ‹Ζo‰c‘Μ_’c‘Μo‰c_–@lo‰c","o‰c‘Μ","-"
"1272","’·–μ§_ΐ“ά–μs","1001","”_—Ρ‹Ζo‰c‘Μ_v","o‰c‘Μ","2587"
"1272","’·–μ§_ΐ“ά–μs","1002","”_—Ρ‹Ζo‰c‘Μ_Βlo‰c","o‰c‘Μ","2507"
"1272","’·–μ§_ΐ“ά–μs","1003","”_—Ρ‹Ζo‰c‘Μ_’c‘Μo‰c","o‰c‘Μ","80"
"1272","’·–μ§_ΐ“ά–μs","1004","”_—Ρ‹Ζo‰c‘Μ_’c‘Μo‰c_–@lo‰c","o‰c‘Μ","60"
"1272","’·–μ§_ΐ“ά–μs","1005","”_‹Ζo‰c‘Μ_v","o‰c‘Μ","2573"
"1272","’·–μ§_ΐ“ά–μs","1006","”_‹Ζo‰c‘Μ_Βlo‰c","o‰c‘Μ","2505"
"1272","’·–μ§_ΐ“ά–μs","1007","”_‹Ζo‰c‘Μ_’c‘Μo‰c","o‰c‘Μ","68"
"1272","’·–μ§_ΐ“ά–μs","1008","”_‹Ζo‰c‘Μ_’c‘Μo‰c_–@lo‰c","o‰c‘Μ","51"
"1272","’·–μ§_ΐ“ά–μs","1009","—Ρ‹Ζo‰c‘Μ_v","o‰c‘Μ","28"
"1272","’·–μ§_ΐ“ά–μs","1010","—Ρ‹Ζo‰c‘Μ_Βlo‰c","o‰c‘Μ","16"
"1272","’·–μ§_ΐ“ά–μs","1011","—Ρ‹Ζo‰c‘Μ_’c‘Μo‰c","o‰c‘Μ","12"
"1272","’·–μ§_ΐ“ά–μs","1012","—Ρ‹Ζo‰c‘Μ_’c‘Μo‰c_–@lo‰c","o‰c‘Μ","9"
"1273","’·–μ§_ΐ“ά–μs_–L‰Θ’¬","1001","”_—Ρ‹Ζo‰c‘Μ_v","o‰c‘Μ","131"
"1273","’·–μ§_ΐ“ά–μs_–L‰Θ’¬","1002","”_—Ρ‹Ζo‰c‘Μ_Βlo‰c","o‰c‘Μ","125"
"1273","’·–μ§_ΐ“ά–μs_–L‰Θ’¬","1003","”_—Ρ‹Ζo‰c‘Μ_’c‘Μo‰c","o‰c‘Μ","6"
"1273","’·–μ§_ΐ“ά–μs_–L‰Θ’¬","1004","”_—Ρ‹Ζo‰c‘Μ_’c‘Μo‰c_–@lo‰c","o‰c‘Μ","5"
"1273","’·–μ§_ΐ“ά–μs_–L‰Θ’¬","1005","”_‹Ζo‰c‘Μ_v","o‰c‘Μ","131"
"1273","’·–μ§_ΐ“ά–μs_–L‰Θ’¬","1006","”_‹Ζo‰c‘Μ_Βlo‰c","o‰c‘Μ","125"
"1273","’·–μ§_ΐ“ά–μs_–L‰Θ’¬","1007","”_‹Ζo‰c‘Μ_’c‘Μo‰c","o‰c‘Μ","6"
"1273","’·–μ§_ΐ“ά–μs_–L‰Θ’¬","1008","”_‹Ζo‰c‘Μ_’c‘Μo‰c_–@lo‰c","o‰c‘Μ","5"
"1273","’·–μ§_ΐ“ά–μs_–L‰Θ’¬","1009","—Ρ‹Ζo‰c‘Μ_v","o‰c‘Μ","-"
"1273","’·–μ§_ΐ“ά–μs_–L‰Θ’¬","1010","—Ρ‹Ζo‰c‘Μ_Βlo‰c","o‰c‘Μ","-"
"1273","’·–μ§_ΐ“ά–μs_–L‰Θ’¬","1011","—Ρ‹Ζo‰c‘Μ_’c‘Μo‰c","o‰c‘Μ","-"
"1273","’·–μ§_ΐ“ά–μs_–L‰Θ’¬","1012","—Ρ‹Ζo‰c‘Μ_’c‘Μo‰c_–@lo‰c","o‰c‘Μ","-"
"1274","’·–μ§_ΐ“ά–μs_‚‰Ζ‘Ί","1001","”_—Ρ‹Ζo‰c‘Μ_v","o‰c‘Μ","198"
"1274","’·–μ§_ΐ“ά–μs_‚‰Ζ‘Ί","1002","”_—Ρ‹Ζo‰c‘Μ_Βlo‰c","o‰c‘Μ","195"
"1274","’·–μ§_ΐ“ά–μs_‚‰Ζ‘Ί","1003","”_—Ρ‹Ζo‰c‘Μ_’c‘Μo‰c","o‰c‘Μ","3"
"1274","’·–μ§_ΐ“ά–μs_‚‰Ζ‘Ί","1004","”_—Ρ‹Ζo‰c‘Μ_’c‘Μo‰c_–@lo‰c","o‰c‘Μ","1"
"1274","’·–μ§_ΐ“ά–μs_‚‰Ζ‘Ί","1005","”_‹Ζo‰c‘Μ_v","o‰c‘Μ","198"
"1274","’·–μ§_ΐ“ά–μs_‚‰Ζ‘Ί","1006","”_‹Ζo‰c‘Μ_Βlo‰c","o‰c‘Μ","195"
"1274","’·–μ§_ΐ“ά–μs_‚‰Ζ‘Ί","1007","”_‹Ζo‰c‘Μ_’c‘Μo‰c","o‰c‘Μ","3"
"1274","’·–μ§_ΐ“ά–μs_‚‰Ζ‘Ί","1008","”_‹Ζo‰c‘Μ_’c‘Μo‰c_–@lo‰c","o‰c‘Μ","1"
"1274","’·–μ§_ΐ“ά–μs_‚‰Ζ‘Ί","1009","—Ρ‹Ζo‰c‘Μ_v","o‰c‘Μ","-"
"1274","’·–μ§_ΐ“ά–μs_‚‰Ζ‘Ί","1010","—Ρ‹Ζo‰c‘Μ_Βlo‰c","o‰c‘Μ","-"
"1274","’·–μ§_ΐ“ά–μs_‚‰Ζ‘Ί","1011","—Ρ‹Ζo‰c‘Μ_’c‘Μo‰c","o‰c‘Μ","-"
"1274","’·–μ§_ΐ“ά–μs_‚‰Ζ‘Ί","1012","—Ρ‹Ζo‰c‘Μ_’c‘Μo‰c_–@lo‰c","o‰c‘Μ","-"
"1275","’·–μ§_ΐ“ά–μs_“μ•δ‚‘Ί","1001","”_—Ρ‹Ζo‰c‘Μ_v","o‰c‘Μ","163"
"1275","’·–μ§_ΐ“ά–μs_“μ•δ‚‘Ί","1002","”_—Ρ‹Ζo‰c‘Μ_Βlo‰c","o‰c‘Μ","159"
"1275","’·–μ§_ΐ“ά–μs_“μ•δ‚‘Ί","1003","”_—Ρ‹Ζo‰c‘Μ_’c‘Μo‰c","o‰c‘Μ","4"
"1275","’·–μ§_ΐ“ά–μs_“μ•δ‚‘Ί","1004","”_—Ρ‹Ζo‰c‘Μ_’c‘Μo‰c_–@lo‰c","o‰c‘Μ","4"
"1275","’·–μ§_ΐ“ά–μs_“μ•δ‚‘Ί","1005","”_‹Ζo‰c‘Μ_v","o‰c‘Μ","163"
"1275","’·–μ§_ΐ“ά–μs_“μ•δ‚‘Ί","1006","”_‹Ζo‰c‘Μ_Βlo‰c","o‰c‘Μ","159"
"1275","’·–μ§_ΐ“ά–μs_“μ•δ‚‘Ί","1007","”_‹Ζo‰c‘Μ_’c‘Μo‰c","o‰c‘Μ","4"
"1275","’·–μ§_ΐ“ά–μs_“μ•δ‚‘Ί","1008","”_‹Ζo‰c‘Μ_’c‘Μo‰c_–@lo‰c","o‰c‘Μ","4"
"1275","’·–μ§_ΐ“ά–μs_“μ•δ‚‘Ί","1009","—Ρ‹Ζo‰c‘Μ_v","o‰c‘Μ","-"
"1275","’·–μ§_ΐ“ά–μs_“μ•δ‚‘Ί","1010","—Ρ‹Ζo‰c‘Μ_Βlo‰c","o‰c‘Μ","-"
"1275","’·–μ§_ΐ“ά–μs_“μ•δ‚‘Ί","1011","—Ρ‹Ζo‰c‘Μ_’c‘Μo‰c","o‰c‘Μ","-"
"1275","’·–μ§_ΐ“ά–μs_“μ•δ‚‘Ί","1012","—Ρ‹Ζo‰c‘Μ_’c‘Μo‰c_–@lo‰c","o‰c‘Μ","-"
"1276","’·–μ§_ΐ“ά–μs_γμθ‘Ί‚Q|‚P","1001","”_—Ρ‹Ζo‰c‘Μ_v","o‰c‘Μ","108"
"1276","’·–μ§_ΐ“ά–μs_γμθ‘Ί‚Q|‚P","1002","”_—Ρ‹Ζo‰c‘Μ_Βlo‰c","o‰c‘Μ","105"
"1276","’·–μ§_ΐ“ά–μs_γμθ‘Ί‚Q|‚P","1003","”_—Ρ‹Ζo‰c‘Μ_’c‘Μo‰c","o‰c‘Μ","3"
"1276","’·–μ§_ΐ“ά–μs_γμθ‘Ί‚Q|‚P","1004","”_—Ρ‹Ζo‰c‘Μ_’c‘Μo‰c_–@lo‰c","o‰c‘Μ","1"
"1276","’·–μ§_ΐ“ά–μs_γμθ‘Ί‚Q|‚P","1005","”_‹Ζo‰c‘Μ_v","o‰c‘Μ","108"
"1276","’·–μ§_ΐ“ά–μs_γμθ‘Ί‚Q|‚P","1006","”_‹Ζo‰c‘Μ_Βlo‰c","o‰c‘Μ","105"
"1276","’·–μ§_ΐ“ά–μs_γμθ‘Ί‚Q|‚P","1007","”_‹Ζo‰c‘Μ_’c‘Μo‰c","o‰c‘Μ","3"
"1276","’·–μ§_ΐ“ά–μs_γμθ‘Ί‚Q|‚P","1008","”_‹Ζo‰c‘Μ_’c‘Μo‰c_–@lo‰c","o‰c‘Μ","1"
"1276","’·–μ§_ΐ“ά–μs_γμθ‘Ί‚Q|‚P","1009","—Ρ‹Ζo‰c‘Μ_v","o‰c‘Μ","2"
"1276","’·–μ§_ΐ“ά–μs_γμθ‘Ί‚Q|‚P","1010","—Ρ‹Ζo‰c‘Μ_Βlo‰c","o‰c‘Μ","2"
"1276","’·–μ§_ΐ“ά–μs_γμθ‘Ί‚Q|‚P","1011","—Ρ‹Ζo‰c‘Μ_’c‘Μo‰c","o‰c‘Μ","-"
"1276","’·–μ§_ΐ“ά–μs_γμθ‘Ί‚Q|‚P","1012","—Ρ‹Ζo‰c‘Μ_’c‘Μo‰c_–@lo‰c","o‰c‘Μ","-"
"1277","’·–μ§_ΐ“ά–μs_•δ‚’¬","1001","”_—Ρ‹Ζo‰c‘Μ_v","o‰c‘Μ","186"
"1277","’·–μ§_ΐ“ά–μs_•δ‚’¬","1002","”_—Ρ‹Ζo‰c‘Μ_Βlo‰c","o‰c‘Μ","182"
"1277","’·–μ§_ΐ“ά–μs_•δ‚’¬","1003","”_—Ρ‹Ζo‰c‘Μ_’c‘Μo‰c","o‰c‘Μ","4"
"1277","’·–μ§_ΐ“ά–μs_•δ‚’¬","1004","”_—Ρ‹Ζo‰c‘Μ_’c‘Μo‰c_–@lo‰c","o‰c‘Μ","1"
"1277","’·–μ§_ΐ“ά–μs_•δ‚’¬","1005","”_‹Ζo‰c‘Μ_v","o‰c‘Μ","186"
"1277","’·–μ§_ΐ“ά–μs_•δ‚’¬","1006","”_‹Ζo‰c‘Μ_Βlo‰c","o‰c‘Μ","182"
"1277","’·–μ§_ΐ“ά–μs_•δ‚’¬","1007","”_‹Ζo‰c‘Μ_’c‘Μo‰c","o‰c‘Μ","4"
"1277","’·–μ§_ΐ“ά–μs_•δ‚’¬","1008","”_‹Ζo‰c‘Μ_’c‘Μo‰c_–@lo‰c","o‰c‘Μ","1"
"1277","’·–μ§_ΐ“ά–μs_•δ‚’¬","1009","—Ρ‹Ζo‰c‘Μ_v","o‰c‘Μ","-"
"1277","’·–μ§_ΐ“ά–μs_•δ‚’¬","1010","—Ρ‹Ζo‰c‘Μ_Βlo‰c","o‰c‘Μ","-"
"1277","’·–μ§_ΐ“ά–μs_•δ‚’¬","1011","—Ρ‹Ζo‰c‘Μ_’c‘Μo‰c","o‰c‘Μ","-"
"1277","’·–μ§_ΐ“ά–μs_•δ‚’¬","1012","—Ρ‹Ζo‰c‘Μ_’c‘Μo‰c_–@lo‰c","o‰c‘Μ","-"
"1278","’·–μ§_ΐ“ά–μs_Ό•δ‚‘Ί","1001","”_—Ρ‹Ζo‰c‘Μ_v","o‰c‘Μ","157"
"1278","’·–μ§_ΐ“ά–μs_Ό•δ‚‘Ί","1002","”_—Ρ‹Ζo‰c‘Μ_Βlo‰c","o‰c‘Μ","153"
"1278","’·–μ§_ΐ“ά–μs_Ό•δ‚‘Ί","1003","”_—Ρ‹Ζo‰c‘Μ_’c‘Μo‰c","o‰c‘Μ","4"
"1278","’·–μ§_ΐ“ά–μs_Ό•δ‚‘Ί","1004","”_—Ρ‹Ζo‰c‘Μ_’c‘Μo‰c_–@lo‰c","o‰c‘Μ","2"
"1278","’·–μ§_ΐ“ά–μs_Ό•δ‚‘Ί","1005","”_‹Ζo‰c‘Μ_v","o‰c‘Μ","157"
"1278","’·–μ§_ΐ“ά–μs_Ό•δ‚‘Ί","1006","”_‹Ζo‰c‘Μ_Βlo‰c","o‰c‘Μ","153"
"1278","’·–μ§_ΐ“ά–μs_Ό•δ‚‘Ί","1007","”_‹Ζo‰c‘Μ_’c‘Μo‰c","o‰c‘Μ","4"
"1278","’·–μ§_ΐ“ά–μs_Ό•δ‚‘Ί","1008","”_‹Ζo‰c‘Μ_’c‘Μo‰c_–@lo‰c","o‰c‘Μ","2"
"1278","’·–μ§_ΐ“ά–μs_Ό•δ‚‘Ί","1009","—Ρ‹Ζo‰c‘Μ_v","o‰c‘Μ","-"
"1278","’·–μ§_ΐ“ά–μs_Ό•δ‚‘Ί","1010","—Ρ‹Ζo‰c‘Μ_Βlo‰c","o‰c‘Μ","-"
"1278","’·–μ§_ΐ“ά–μs_Ό•δ‚‘Ί","1011","—Ρ‹Ζo‰c‘Μ_’c‘Μo‰c","o‰c‘Μ","-"
"1278","’·–μ§_ΐ“ά–μs_Ό•δ‚‘Ί","1012","—Ρ‹Ζo‰c‘Μ_’c‘Μo‰c_–@lo‰c","o‰c‘Μ","-"
"1279","’·–μ§_ΐ“ά–μs_–k•δ‚‘Ί","1001","”_—Ρ‹Ζo‰c‘Μ_v","o‰c‘Μ","54"
"1279","’·–μ§_ΐ“ά–μs_–k•δ‚‘Ί","1002","”_—Ρ‹Ζo‰c‘Μ_Βlo‰c","o‰c‘Μ","52"
"1279","’·–μ§_ΐ“ά–μs_–k•δ‚‘Ί","1003","”_—Ρ‹Ζo‰c‘Μ_’c‘Μo‰c","o‰c‘Μ","2"
"1279","’·–μ§_ΐ“ά–μs_–k•δ‚‘Ί","1004","”_—Ρ‹Ζo‰c‘Μ_’c‘Μo‰c_–@lo‰c","o‰c‘Μ","2"
"1279","’·–μ§_ΐ“ά–μs_–k•δ‚‘Ί","1005","”_‹Ζo‰c‘Μ_v","o‰c‘Μ","53"
"1279","’·–μ§_ΐ“ά–μs_–k•δ‚‘Ί","1006","”_‹Ζo‰c‘Μ_Βlo‰c","o‰c‘Μ","52"
"1279","’·–μ§_ΐ“ά–μs_–k•δ‚‘Ί","1007","”_‹Ζo‰c‘Μ_’c‘Μo‰c","o‰c‘Μ","1"
"1279","’·–μ§_ΐ“ά–μs_–k•δ‚‘Ί","1008","”_‹Ζo‰c‘Μ_’c‘Μo‰c_–@lo‰c","o‰c‘Μ","1"
"1279","’·–μ§_ΐ“ά–μs_–k•δ‚‘Ί","1009","—Ρ‹Ζo‰c‘Μ_v","o‰c‘Μ","1"
"1279","’·–μ§_ΐ“ά–μs_–k•δ‚‘Ί","1010","—Ρ‹Ζo‰c‘Μ_Βlo‰c","o‰c‘Μ","-"
"1279","’·–μ§_ΐ“ά–μs_–k•δ‚‘Ί","1011","—Ρ‹Ζo‰c‘Μ_’c‘Μo‰c","o‰c‘Μ","1"
"1279","’·–μ§_ΐ“ά–μs_–k•δ‚‘Ί","1012","—Ρ‹Ζo‰c‘Μ_’c‘Μo‰c_–@lo‰c","o‰c‘Μ","1"
"1280","’·–μ§_ΐ“ά–μs_—L–Ύ‘Ί","1001","”_—Ρ‹Ζo‰c‘Μ_v","o‰c‘Μ","313"
"1280","’·–μ§_ΐ“ά–μs_—L–Ύ‘Ί","1002","”_—Ρ‹Ζo‰c‘Μ_Βlo‰c","o‰c‘Μ","307"
"1280","’·–μ§_ΐ“ά–μs_—L–Ύ‘Ί","1003","”_—Ρ‹Ζo‰c‘Μ_’c‘Μo‰c","o‰c‘Μ","6"
"1280","’·–μ§_ΐ“ά–μs_—L–Ύ‘Ί","1004","”_—Ρ‹Ζo‰c‘Μ_’c‘Μo‰c_–@lo‰c","o‰c‘Μ","6"
"1280","’·–μ§_ΐ“ά–μs_—L–Ύ‘Ί","1005","”_‹Ζo‰c‘Μ_v","o‰c‘Μ","312"
"1280","’·–μ§_ΐ“ά–μs_—L–Ύ‘Ί","1006","”_‹Ζo‰c‘Μ_Βlo‰c","o‰c‘Μ","307"
"1280","’·–μ§_ΐ“ά–μs_—L–Ύ‘Ί","1007","”_‹Ζo‰c‘Μ_’c‘Μo‰c","o‰c‘Μ","5"
"1280","’·–μ§_ΐ“ά–μs_—L–Ύ‘Ί","1008","”_‹Ζo‰c‘Μ_’c‘Μo‰c_–@lo‰c","o‰c‘Μ","5"
"1280","’·–μ§_ΐ“ά–μs_—L–Ύ‘Ί","1009","—Ρ‹Ζo‰c‘Μ_v","o‰c‘Μ","4"
"1280","’·–μ§_ΐ“ά–μs_—L–Ύ‘Ί","1010","—Ρ‹Ζo‰c‘Μ_Βlo‰c","o‰c‘Μ","3"
"1280","’·–μ§_ΐ“ά–μs_—L–Ύ‘Ί","1011","—Ρ‹Ζo‰c‘Μ_’c‘Μo‰c","o‰c‘Μ","1"
"1280","’·–μ§_ΐ“ά–μs_—L–Ύ‘Ί","1012","—Ρ‹Ζo‰c‘Μ_’c‘Μo‰c_–@lo‰c","o‰c‘Μ","1"
"1281","’·–μ§_ΐ“ά–μs_–Ύ·‘Ί","1001","”_—Ρ‹Ζo‰c‘Μ_v","o‰c‘Μ","201"
"1281","’·–μ§_ΐ“ά–μs_–Ύ·‘Ί","1002","”_—Ρ‹Ζo‰c‘Μ_Βlo‰c","o‰c‘Μ","189"
"1281","’·–μ§_ΐ“ά–μs_–Ύ·‘Ί","1003","”_—Ρ‹Ζo‰c‘Μ_’c‘Μo‰c","o‰c‘Μ","12"
"1281","’·–μ§_ΐ“ά–μs_–Ύ·‘Ί","1004","”_—Ρ‹Ζo‰c‘Μ_’c‘Μo‰c_–@lo‰c","o‰c‘Μ","9"
"1281","’·–μ§_ΐ“ά–μs_–Ύ·‘Ί","1005","”_‹Ζo‰c‘Μ_v","o‰c‘Μ","197"
"1281","’·–μ§_ΐ“ά–μs_–Ύ·‘Ί","1006","”_‹Ζo‰c‘Μ_Βlo‰c","o‰c‘Μ","189"
"1281","’·–μ§_ΐ“ά–μs_–Ύ·‘Ί","1007","”_‹Ζo‰c‘Μ_’c‘Μo‰c","o‰c‘Μ","8"
"1281","’·–μ§_ΐ“ά–μs_–Ύ·‘Ί","1008","”_‹Ζo‰c‘Μ_’c‘Μo‰c_–@lo‰c","o‰c‘Μ","7"
"1281","’·–μ§_ΐ“ά–μs_–Ύ·‘Ί","1009","—Ρ‹Ζo‰c‘Μ_v","o‰c‘Μ","4"
"1281","’·–μ§_ΐ“ά–μs_–Ύ·‘Ί","1010","—Ρ‹Ζo‰c‘Μ_Βlo‰c","o‰c‘Μ","-"
"1281","’·–μ§_ΐ“ά–μs_–Ύ·‘Ί","1011","—Ρ‹Ζo‰c‘Μ_’c‘Μo‰c","o‰c‘Μ","4"
"1281","’·–μ§_ΐ“ά–μs_–Ύ·‘Ί","1012","—Ρ‹Ζo‰c‘Μ_’c‘Μo‰c_–@lo‰c","o‰c‘Μ","2"
"1282","’·–μ§_ΐ“ά–μs_¬‘q‘Ί","1001","”_—Ρ‹Ζo‰c‘Μ_v","o‰c‘Μ","205"
"1282","’·–μ§_ΐ“ά–μs_¬‘q‘Ί","1002","”_—Ρ‹Ζo‰c‘Μ_Βlo‰c","o‰c‘Μ","200"
"1282","’·–μ§_ΐ“ά–μs_¬‘q‘Ί","1003","”_—Ρ‹Ζo‰c‘Μ_’c‘Μo‰c","o‰c‘Μ","5"
"1282","’·–μ§_ΐ“ά–μs_¬‘q‘Ί","1004","”_—Ρ‹Ζo‰c‘Μ_’c‘Μo‰c_–@lo‰c","o‰c‘Μ","5"
"1282","’·–μ§_ΐ“ά–μs_¬‘q‘Ί","1005","”_‹Ζo‰c‘Μ_v","o‰c‘Μ","204"
"1282","’·–μ§_ΐ“ά–μs_¬‘q‘Ί","1006","”_‹Ζo‰c‘Μ_Βlo‰c","o‰c‘Μ","200"
"1282","’·–μ§_ΐ“ά–μs_¬‘q‘Ί","1007","”_‹Ζo‰c‘Μ_’c‘Μo‰c","o‰c‘Μ","4"
"1282","’·–μ§_ΐ“ά–μs_¬‘q‘Ί","1008","”_‹Ζo‰c‘Μ_’c‘Μo‰c_–@lo‰c","o‰c‘Μ","4"
"1282","’·–μ§_ΐ“ά–μs_¬‘q‘Ί","1009","—Ρ‹Ζo‰c‘Μ_v","o‰c‘Μ","1"
"1282","’·–μ§_ΐ“ά–μs_¬‘q‘Ί","1010","—Ρ‹Ζo‰c‘Μ_Βlo‰c","o‰c‘Μ","-"
"1282","’·–μ§_ΐ“ά–μs_¬‘q‘Ί","1011","—Ρ‹Ζo‰c‘Μ_’c‘Μo‰c","o‰c‘Μ","1"
"1282","’·–μ§_ΐ“ά–μs_¬‘q‘Ί","1012","—Ρ‹Ζo‰c‘Μ_’c‘Μo‰c_–@lo‰c","o‰c‘Μ","1"
"1283","’·–μ§_ΐ“ά–μs_‰·‘Ί","1001","”_—Ρ‹Ζo‰c‘Μ_v","o‰c‘Μ","269"
"1283","’·–μ§_ΐ“ά–μs_‰·‘Ί","1002","”_—Ρ‹Ζo‰c‘Μ_Βlo‰c","o‰c‘Μ","259"
"1283","’·–μ§_ΐ“ά–μs_‰·‘Ί","1003","”_—Ρ‹Ζo‰c‘Μ_’c‘Μo‰c","o‰c‘Μ","10"
"1283","’·–μ§_ΐ“ά–μs_‰·‘Ί","1004","”_—Ρ‹Ζo‰c‘Μ_’c‘Μo‰c_–@lo‰c","o‰c‘Μ","9"
"1283","’·–μ§_ΐ“ά–μs_‰·‘Ί","1005","”_‹Ζo‰c‘Μ_v","o‰c‘Μ","268"
"1283","’·–μ§_ΐ“ά–μs_‰·‘Ί","1006","”_‹Ζo‰c‘Μ_Βlo‰c","o‰c‘Μ","259"
"1283","’·–μ§_ΐ“ά–μs_‰·‘Ί","1007","”_‹Ζo‰c‘Μ_’c‘Μo‰c","o‰c‘Μ","9"
"1283","’·–μ§_ΐ“ά–μs_‰·‘Ί","1008","”_‹Ζo‰c‘Μ_’c‘Μo‰c_–@lo‰c","o‰c‘Μ","8"
"1283","’·–μ§_ΐ“ά–μs_‰·‘Ί","1009","—Ρ‹Ζo‰c‘Μ_v","o‰c‘Μ","3"
"1283","’·–μ§_ΐ“ά–μs_‰·‘Ί","1010","—Ρ‹Ζo‰c‘Μ_Βlo‰c","o‰c‘Μ","2"
"1283","’·–μ§_ΐ“ά–μs_‰·‘Ί","1011","—Ρ‹Ζo‰c‘Μ_’c‘Μo‰c","o‰c‘Μ","1"
"1283","’·–μ§_ΐ“ά–μs_‰·‘Ί","1012","—Ρ‹Ζo‰c‘Μ_’c‘Μo‰c_–@lo‰c","o‰c‘Μ","1"
"1284","’·–μ§_ΐ“ά–μs_‰Gμ‘Ί","1001","”_—Ρ‹Ζo‰c‘Μ_v","o‰c‘Μ","248"
"1284","’·–μ§_ΐ“ά–μs_‰Gμ‘Ί","1002","”_—Ρ‹Ζo‰c‘Μ_Βlo‰c","o‰c‘Μ","236"
"1284","’·–μ§_ΐ“ά–μs_‰Gμ‘Ί","1003","”_—Ρ‹Ζo‰c‘Μ_’c‘Μo‰c","o‰c‘Μ","12"
"1284","’·–μ§_ΐ“ά–μs_‰Gμ‘Ί","1004","”_—Ρ‹Ζo‰c‘Μ_’c‘Μo‰c_–@lo‰c","o‰c‘Μ","9"
"1284","’·–μ§_ΐ“ά–μs_‰Gμ‘Ί","1005","”_‹Ζo‰c‘Μ_v","o‰c‘Μ","243"
"1284","’·–μ§_ΐ“ά–μs_‰Gμ‘Ί","1006","”_‹Ζo‰c‘Μ_Βlo‰c","o‰c‘Μ","235"
"1284","’·–μ§_ΐ“ά–μs_‰Gμ‘Ί","1007","”_‹Ζo‰c‘Μ_’c‘Μo‰c","o‰c‘Μ","8"
"1284","’·–μ§_ΐ“ά–μs_‰Gμ‘Ί","1008","”_‹Ζo‰c‘Μ_’c‘Μo‰c_–@lo‰c","o‰c‘Μ","6"
"1284","’·–μ§_ΐ“ά–μs_‰Gμ‘Ί","1009","—Ρ‹Ζo‰c‘Μ_v","o‰c‘Μ","6"
"1284","’·–μ§_ΐ“ά–μs_‰Gμ‘Ί","1010","—Ρ‹Ζo‰c‘Μ_Βlo‰c","o‰c‘Μ","2"
"1284","’·–μ§_ΐ“ά–μs_‰Gμ‘Ί","1011","—Ρ‹Ζo‰c‘Μ_’c‘Μo‰c","o‰c‘Μ","4"
"1284","’·–μ§_ΐ“ά–μs_‰Gμ‘Ί","1012","—Ρ‹Ζo‰c‘Μ_’c‘Μo‰c_–@lo‰c","o‰c‘Μ","3"
"1285","’·–μ§_ΐ“ά–μs_O“c‘Ί","1001","”_—Ρ‹Ζo‰c‘Μ_v","o‰c‘Μ","158"
"1285","’·–μ§_ΐ“ά–μs_O“c‘Ί","1002","”_—Ρ‹Ζo‰c‘Μ_Βlo‰c","o‰c‘Μ","153"
"1285","’·–μ§_ΐ“ά–μs_O“c‘Ί","1003","”_—Ρ‹Ζo‰c‘Μ_’c‘Μo‰c","o‰c‘Μ","5"
"1285","’·–μ§_ΐ“ά–μs_O“c‘Ί","1004","”_—Ρ‹Ζo‰c‘Μ_’c‘Μo‰c_–@lo‰c","o‰c‘Μ","3"
"1285","’·–μ§_ΐ“ά–μs_O“c‘Ί","1005","”_‹Ζo‰c‘Μ_v","o‰c‘Μ","158"
"1285","’·–μ§_ΐ“ά–μs_O“c‘Ί","1006","”_‹Ζo‰c‘Μ_Βlo‰c","o‰c‘Μ","153"
"1285","’·–μ§_ΐ“ά–μs_O“c‘Ί","1007","”_‹Ζo‰c‘Μ_’c‘Μo‰c","o‰c‘Μ","5"
"1285","’·–μ§_ΐ“ά–μs_O“c‘Ί","1008","”_‹Ζo‰c‘Μ_’c‘Μo‰c_–@lo‰c","o‰c‘Μ","3"
"1285","’·–μ§_ΐ“ά–μs_O“c‘Ί","1009","—Ρ‹Ζo‰c‘Μ_v","o‰c‘Μ","2"
"1285","’·–μ§_ΐ“ά–μs_O“c‘Ί","1010","—Ρ‹Ζo‰c‘Μ_Βlo‰c","o‰c‘Μ","2"
"1285","’·–μ§_ΐ“ά–μs_O“c‘Ί","1011","—Ρ‹Ζo‰c‘Μ_’c‘Μo‰c","o‰c‘Μ","-"
"1285","’·–μ§_ΐ“ά–μs_O“c‘Ί","1012","—Ρ‹Ζo‰c‘Μ_’c‘Μo‰c_–@lo‰c","o‰c‘Μ","-"
"1286","’·–μ§_ΐ“ά–μs_’†μθ‘Ί","1001","”_—Ρ‹Ζo‰c‘Μ_v","o‰c‘Μ","46"
"1286","’·–μ§_ΐ“ά–μs_’†μθ‘Ί","1002","”_—Ρ‹Ζo‰c‘Μ_Βlo‰c","o‰c‘Μ","44"
"1286","’·–μ§_ΐ“ά–μs_’†μθ‘Ί","1003","”_—Ρ‹Ζo‰c‘Μ_’c‘Μo‰c","o‰c‘Μ","2"
"1286","’·–μ§_ΐ“ά–μs_’†μθ‘Ί","1004","”_—Ρ‹Ζo‰c‘Μ_’c‘Μo‰c_–@lo‰c","o‰c‘Μ","1"
"1286","’·–μ§_ΐ“ά–μs_’†μθ‘Ί","1005","”_‹Ζo‰c‘Μ_v","o‰c‘Μ","46"
"1286","’·–μ§_ΐ“ά–μs_’†μθ‘Ί","1006","”_‹Ζo‰c‘Μ_Βlo‰c","o‰c‘Μ","44"
"1286","’·–μ§_ΐ“ά–μs_’†μθ‘Ί","1007","”_‹Ζo‰c‘Μ_’c‘Μo‰c","o‰c‘Μ","2"
"1286","’·–μ§_ΐ“ά–μs_’†μθ‘Ί","1008","”_‹Ζo‰c‘Μ_’c‘Μo‰c_–@lo‰c","o‰c‘Μ","1"
"1286","’·–μ§_ΐ“ά–μs_’†μθ‘Ί","1009","—Ρ‹Ζo‰c‘Μ_v","o‰c‘Μ","-"
"1286","’·–μ§_ΐ“ά–μs_’†μθ‘Ί","1010","—Ρ‹Ζo‰c‘Μ_Βlo‰c","o‰c‘Μ","-"
"1286","’·–μ§_ΐ“ά–μs_’†μθ‘Ί","1011","—Ρ‹Ζo‰c‘Μ_’c‘Μo‰c","o‰c‘Μ","-"
"1286","’·–μ§_ΐ“ά–μs_’†μθ‘Ί","1012","—Ρ‹Ζo‰c‘Μ_’c‘Μo‰c_–@lo‰c","o‰c‘Μ","-"
"1287","’·–μ§_ΐ“ά–μs_“μθ‘Ί","1001","”_—Ρ‹Ζo‰c‘Μ_v","o‰c‘Μ","11"
"1287","’·–μ§_ΐ“ά–μs_“μθ‘Ί","1002","”_—Ρ‹Ζo‰c‘Μ_Βlo‰c","o‰c‘Μ","11"
"1287","’·–μ§_ΐ“ά–μs_“μθ‘Ί","1003","”_—Ρ‹Ζo‰c‘Μ_’c‘Μo‰c","o‰c‘Μ","-"
"1287","’·–μ§_ΐ“ά–μs_“μθ‘Ί","1004","”_—Ρ‹Ζo‰c‘Μ_’c‘Μo‰c_–@lo‰c","o‰c‘Μ","-"
"1287","’·–μ§_ΐ“ά–μs_“μθ‘Ί","1005","”_‹Ζo‰c‘Μ_v","o‰c‘Μ","11"
"1287","’·–μ§_ΐ“ά–μs_“μθ‘Ί","1006","”_‹Ζo‰c‘Μ_Βlo‰c","o‰c‘Μ","11"
"1287","’·–μ§_ΐ“ά–μs_“μθ‘Ί","1007","”_‹Ζo‰c‘Μ_’c‘Μo‰c","o‰c‘Μ","-"
"1287","’·–μ§_ΐ“ά–μs_“μθ‘Ί","1008","”_‹Ζo‰c‘Μ_’c‘Μo‰c_–@lo‰c","o‰c‘Μ","-"
"1287","’·–μ§_ΐ“ά–μs_“μθ‘Ί","1009","—Ρ‹Ζo‰c‘Μ_v","o‰c‘Μ","1"
"1287","’·–μ§_ΐ“ά–μs_“μθ‘Ί","1010","—Ρ‹Ζo‰c‘Μ_Βlo‰c","o‰c‘Μ","1"
"1287","’·–μ§_ΐ“ά–μs_“μθ‘Ί","1011","—Ρ‹Ζo‰c‘Μ_’c‘Μo‰c","o‰c‘Μ","-"
"1287","’·–μ§_ΐ“ά–μs_“μθ‘Ί","1012","—Ρ‹Ζo‰c‘Μ_’c‘Μo‰c_–@lo‰c","o‰c‘Μ","-"
"1288","’·–μ§_ΐ“ά–μs_γμθ‘Ί‚Q|‚Q","1001","”_—Ρ‹Ζo‰c‘Μ_v","o‰c‘Μ","18"
"1288","’·–μ§_ΐ“ά–μs_γμθ‘Ί‚Q|‚Q","1002","”_—Ρ‹Ζo‰c‘Μ_Βlo‰c","o‰c‘Μ","18"
"1288","’·–μ§_ΐ“ά–μs_γμθ‘Ί‚Q|‚Q","1003","”_—Ρ‹Ζo‰c‘Μ_’c‘Μo‰c","o‰c‘Μ","-"
"1288","’·–μ§_ΐ“ά–μs_γμθ‘Ί‚Q|‚Q","1004","”_—Ρ‹Ζo‰c‘Μ_’c‘Μo‰c_–@lo‰c","o‰c‘Μ","-"
"1288","’·–μ§_ΐ“ά–μs_γμθ‘Ί‚Q|‚Q","1005","”_‹Ζo‰c‘Μ_v","o‰c‘Μ","18"
"1288","’·–μ§_ΐ“ά–μs_γμθ‘Ί‚Q|‚Q","1006","”_‹Ζo‰c‘Μ_Βlo‰c","o‰c‘Μ","18"
"1288","’·–μ§_ΐ“ά–μs_γμθ‘Ί‚Q|‚Q","1007","”_‹Ζo‰c‘Μ_’c‘Μo‰c","o‰c‘Μ","-"
"1288","’·–μ§_ΐ“ά–μs_γμθ‘Ί‚Q|‚Q","1008","”_‹Ζo‰c‘Μ_’c‘Μo‰c_–@lo‰c","o‰c‘Μ","-"
"1288","’·–μ§_ΐ“ά–μs_γμθ‘Ί‚Q|‚Q","1009","—Ρ‹Ζo‰c‘Μ_v","o‰c‘Μ","-"
"1288","’·–μ§_ΐ“ά–μs_γμθ‘Ί‚Q|‚Q","1010","—Ρ‹Ζo‰c‘Μ_Βlo‰c","o‰c‘Μ","-"
"1288","’·–μ§_ΐ“ά–μs_γμθ‘Ί‚Q|‚Q","1011","—Ρ‹Ζo‰c‘Μ_’c‘Μo‰c","o‰c‘Μ","-"
"1288","’·–μ§_ΐ“ά–μs_γμθ‘Ί‚Q|‚Q","1012","—Ρ‹Ζo‰c‘Μ_’c‘Μo‰c_–@lo‰c","o‰c‘Μ","-"
"1289","’·–μ§_ΐ“ά–μs_µ‹M‘Ί‚Q|‚P","1001","”_—Ρ‹Ζo‰c‘Μ_v","o‰c‘Μ","99"
"1289","’·–μ§_ΐ“ά–μs_µ‹M‘Ί‚Q|‚P","1002","”_—Ρ‹Ζo‰c‘Μ_Βlo‰c","o‰c‘Μ","98"
"1289","’·–μ§_ΐ“ά–μs_µ‹M‘Ί‚Q|‚P","1003","”_—Ρ‹Ζo‰c‘Μ_’c‘Μo‰c","o‰c‘Μ","1"
"1289","’·–μ§_ΐ“ά–μs_µ‹M‘Ί‚Q|‚P","1004","”_—Ρ‹Ζo‰c‘Μ_’c‘Μo‰c_–@lo‰c","o‰c‘Μ","1"
"1289","’·–μ§_ΐ“ά–μs_µ‹M‘Ί‚Q|‚P","1005","”_‹Ζo‰c‘Μ_v","o‰c‘Μ","98"
"1289","’·–μ§_ΐ“ά–μs_µ‹M‘Ί‚Q|‚P","1006","”_‹Ζo‰c‘Μ_Βlo‰c","o‰c‘Μ","97"
"1289","’·–μ§_ΐ“ά–μs_µ‹M‘Ί‚Q|‚P","1007","”_‹Ζo‰c‘Μ_’c‘Μo‰c","o‰c‘Μ","1"
"1289","’·–μ§_ΐ“ά–μs_µ‹M‘Ί‚Q|‚P","1008","”_‹Ζo‰c‘Μ_’c‘Μo‰c_–@lo‰c","o‰c‘Μ","1"
"1289","’·–μ§_ΐ“ά–μs_µ‹M‘Ί‚Q|‚P","1009","—Ρ‹Ζo‰c‘Μ_v","o‰c‘Μ","3"
"1289","’·–μ§_ΐ“ά–μs_µ‹M‘Ί‚Q|‚P","1010","—Ρ‹Ζo‰c‘Μ_Βlo‰c","o‰c‘Μ","3"
"1289","’·–μ§_ΐ“ά–μs_µ‹M‘Ί‚Q|‚P","1011","—Ρ‹Ζo‰c‘Μ_’c‘Μo‰c","o‰c‘Μ","-"
"1289","’·–μ§_ΐ“ά–μs_µ‹M‘Ί‚Q|‚P","1012","—Ρ‹Ζo‰c‘Μ_’c‘Μo‰c_–@lo‰c","o‰c‘Μ","-"
"1290","’·–μ§_ΐ“ά–μs_—¤‹½‘Ί‚R|‚P","1001","”_—Ρ‹Ζo‰c‘Μ_v","o‰c‘Μ","22"
"1290","’·–μ§_ΐ“ά–μs_—¤‹½‘Ί‚R|‚P","1002","”_—Ρ‹Ζo‰c‘Μ_Βlo‰c","o‰c‘Μ","21"
"1290","’·–μ§_ΐ“ά–μs_—¤‹½‘Ί‚R|‚P","1003","”_—Ρ‹Ζo‰c‘Μ_’c‘Μo‰c","o‰c‘Μ","1"
"1290","’·–μ§_ΐ“ά–μs_—¤‹½‘Ί‚R|‚P","1004","”_—Ρ‹Ζo‰c‘Μ_’c‘Μo‰c_–@lo‰c","o‰c‘Μ","1"
"1290","’·–μ§_ΐ“ά–μs_—¤‹½‘Ί‚R|‚P","1005","”_‹Ζo‰c‘Μ_v","o‰c‘Μ","22"
"1290","’·–μ§_ΐ“ά–μs_—¤‹½‘Ί‚R|‚P","1006","”_‹Ζo‰c‘Μ_Βlo‰c","o‰c‘Μ","21"
"1290","’·–μ§_ΐ“ά–μs_—¤‹½‘Ί‚R|‚P","1007","”_‹Ζo‰c‘Μ_’c‘Μo‰c","o‰c‘Μ","1"
"1290","’·–μ§_ΐ“ά–μs_—¤‹½‘Ί‚R|‚P","1008","”_‹Ζo‰c‘Μ_’c‘Μo‰c_–@lo‰c","o‰c‘Μ","1"
"1290","’·–μ§_ΐ“ά–μs_—¤‹½‘Ί‚R|‚P","1009","—Ρ‹Ζo‰c‘Μ_v","o‰c‘Μ","1"
"1290","’·–μ§_ΐ“ά–μs_—¤‹½‘Ί‚R|‚P","1010","—Ρ‹Ζo‰c‘Μ_Βlo‰c","o‰c‘Μ","1"
"1290","’·–μ§_ΐ“ά–μs_—¤‹½‘Ί‚R|‚P","1011","—Ρ‹Ζo‰c‘Μ_’c‘Μo‰c","o‰c‘Μ","-"
"1290","’·–μ§_ΐ“ά–μs_—¤‹½‘Ί‚R|‚P","1012","—Ρ‹Ζo‰c‘Μ_’c‘Μo‰c_–@lo‰c","o‰c‘Μ","-"
"1291","’·–μ§_¬C’¬","1001","”_—Ρ‹Ζo‰c‘Μ_v","o‰c‘Μ","150"
"1291","’·–μ§_¬C’¬","1002","”_—Ρ‹Ζo‰c‘Μ_Βlo‰c","o‰c‘Μ","141"
"1291","’·–μ§_¬C’¬","1003","”_—Ρ‹Ζo‰c‘Μ_’c‘Μo‰c","o‰c‘Μ","9"
"1291","’·–μ§_¬C’¬","1004","”_—Ρ‹Ζo‰c‘Μ_’c‘Μo‰c_–@lo‰c","o‰c‘Μ","8"
"1291","’·–μ§_¬C’¬","1005","”_‹Ζo‰c‘Μ_v","o‰c‘Μ","143"
"1291","’·–μ§_¬C’¬","1006","”_‹Ζo‰c‘Μ_Βlo‰c","o‰c‘Μ","139"
"1291","’·–μ§_¬C’¬","1007","”_‹Ζo‰c‘Μ_’c‘Μo‰c","o‰c‘Μ","4"
"1291","’·–μ§_¬C’¬","1008","”_‹Ζo‰c‘Μ_’c‘Μo‰c_–@lo‰c","o‰c‘Μ","4"
"1291","’·–μ§_¬C’¬","1009","—Ρ‹Ζo‰c‘Μ_v","o‰c‘Μ","12"
"1291","’·–μ§_¬C’¬","1010","—Ρ‹Ζo‰c‘Μ_Βlo‰c","o‰c‘Μ","7"
"1291","’·–μ§_¬C’¬","1011","—Ρ‹Ζo‰c‘Μ_’c‘Μo‰c","o‰c‘Μ","5"
"1291","’·–μ§_¬C’¬","1012","—Ρ‹Ζo‰c‘Μ_’c‘Μo‰c_–@lo‰c","o‰c‘Μ","4"
"1292","’·–μ§_¬C’¬_¬C‘Ί","1001","”_—Ρ‹Ζo‰c‘Μ_v","o‰c‘Μ","60"
"1292","’·–μ§_¬C’¬_¬C‘Ί","1002","”_—Ρ‹Ζo‰c‘Μ_Βlo‰c","o‰c‘Μ","57"
"1292","’·–μ§_¬C’¬_¬C‘Ί","1003","”_—Ρ‹Ζo‰c‘Μ_’c‘Μo‰c","o‰c‘Μ","3"
"1292","’·–μ§_¬C’¬_¬C‘Ί","1004","”_—Ρ‹Ζo‰c‘Μ_’c‘Μo‰c_–@lo‰c","o‰c‘Μ","3"
"1292","’·–μ§_¬C’¬_¬C‘Ί","1005","”_‹Ζo‰c‘Μ_v","o‰c‘Μ","58"
"1292","’·–μ§_¬C’¬_¬C‘Ί","1006","”_‹Ζo‰c‘Μ_Βlo‰c","o‰c‘Μ","56"
"1292","’·–μ§_¬C’¬_¬C‘Ί","1007","”_‹Ζo‰c‘Μ_’c‘Μo‰c","o‰c‘Μ","2"
"1292","’·–μ§_¬C’¬_¬C‘Ί","1008","”_‹Ζo‰c‘Μ_’c‘Μo‰c_–@lo‰c","o‰c‘Μ","2"
"1292","’·–μ§_¬C’¬_¬C‘Ί","1009","—Ρ‹Ζo‰c‘Μ_v","o‰c‘Μ","6"
"1292","’·–μ§_¬C’¬_¬C‘Ί","1010","—Ρ‹Ζo‰c‘Μ_Βlo‰c","o‰c‘Μ","5"
"1292","’·–μ§_¬C’¬_¬C‘Ί","1011","—Ρ‹Ζo‰c‘Μ_’c‘Μo‰c","o‰c‘Μ","1"
"1292","’·–μ§_¬C’¬_¬C‘Ί","1012","—Ρ‹Ζo‰c‘Μ_’c‘Μo‰c_–@lo‰c","o‰c‘Μ","1"
"1293","’·–μ§_¬C’¬_•δΟ‘Ί‚Q|‚Q","1001","”_—Ρ‹Ζo‰c‘Μ_v","o‰c‘Μ","7"
"1293","’·–μ§_¬C’¬_•δΟ‘Ί‚Q|‚Q","1002","”_—Ρ‹Ζo‰c‘Μ_Βlo‰c","o‰c‘Μ","7"
"1293","’·–μ§_¬C’¬_•δΟ‘Ί‚Q|‚Q","1003","”_—Ρ‹Ζo‰c‘Μ_’c‘Μo‰c","o‰c‘Μ","-"
"1293","’·–μ§_¬C’¬_•δΟ‘Ί‚Q|‚Q","1004","”_—Ρ‹Ζo‰c‘Μ_’c‘Μo‰c_–@lo‰c","o‰c‘Μ","-"
"1293","’·–μ§_¬C’¬_•δΟ‘Ί‚Q|‚Q","1005","”_‹Ζo‰c‘Μ_v","o‰c‘Μ","7"
"1293","’·–μ§_¬C’¬_•δΟ‘Ί‚Q|‚Q","1006","”_‹Ζo‰c‘Μ_Βlo‰c","o‰c‘Μ","7"
"1293","’·–μ§_¬C’¬_•δΟ‘Ί‚Q|‚Q","1007","”_‹Ζo‰c‘Μ_’c‘Μo‰c","o‰c‘Μ","-"
"1293","’·–μ§_¬C’¬_•δΟ‘Ί‚Q|‚Q","1008","”_‹Ζo‰c‘Μ_’c‘Μo‰c_–@lo‰c","o‰c‘Μ","-"
"1293","’·–μ§_¬C’¬_•δΟ‘Ί‚Q|‚Q","1009","—Ρ‹Ζo‰c‘Μ_v","o‰c‘Μ","-"
"1293","’·–μ§_¬C’¬_•δΟ‘Ί‚Q|‚Q","1010","—Ρ‹Ζo‰c‘Μ_Βlo‰c","o‰c‘Μ","-"
"1293","’·–μ§_¬C’¬_•δΟ‘Ί‚Q|‚Q","1011","—Ρ‹Ζo‰c‘Μ_’c‘Μo‰c","o‰c‘Μ","-"
"1293","’·–μ§_¬C’¬_•δΟ‘Ί‚Q|‚Q","1012","—Ρ‹Ζo‰c‘Μ_’c‘Μo‰c_–@lo‰c","o‰c‘Μ","-"
"1294","’·–μ§_¬C’¬_–k–q‘Ί‚Q|‚P","1001","”_—Ρ‹Ζo‰c‘Μ_v","o‰c‘Μ","83"
"1294","’·–μ§_¬C’¬_–k–q‘Ί‚Q|‚P","1002","”_—Ρ‹Ζo‰c‘Μ_Βlo‰c","o‰c‘Μ","77"
"1294","’·–μ§_¬C’¬_–k–q‘Ί‚Q|‚P","1003","”_—Ρ‹Ζo‰c‘Μ_’c‘Μo‰c","o‰c‘Μ","6"
"1294","’·–μ§_¬C’¬_–k–q‘Ί‚Q|‚P","1004","”_—Ρ‹Ζo‰c‘Μ_’c‘Μo‰c_–@lo‰c","o‰c‘Μ","5"
"1294","’·–μ§_¬C’¬_–k–q‘Ί‚Q|‚P","1005","”_‹Ζo‰c‘Μ_v","o‰c‘Μ","78"
"1294","’·–μ§_¬C’¬_–k–q‘Ί‚Q|‚P","1006","”_‹Ζo‰c‘Μ_Βlo‰c","o‰c‘Μ","76"
"1294","’·–μ§_¬C’¬_–k–q‘Ί‚Q|‚P","1007","”_‹Ζo‰c‘Μ_’c‘Μo‰c","o‰c‘Μ","2"
"1294","’·–μ§_¬C’¬_–k–q‘Ί‚Q|‚P","1008","”_‹Ζo‰c‘Μ_’c‘Μo‰c_–@lo‰c","o‰c‘Μ","2"
"1294","’·–μ§_¬C’¬_–k–q‘Ί‚Q|‚P","1009","—Ρ‹Ζo‰c‘Μ_v","o‰c‘Μ","6"
"1294","’·–μ§_¬C’¬_–k–q‘Ί‚Q|‚P","1010","—Ρ‹Ζo‰c‘Μ_Βlo‰c","o‰c‘Μ","2"
"1294","’·–μ§_¬C’¬_–k–q‘Ί‚Q|‚P","1011","—Ρ‹Ζo‰c‘Μ_’c‘Μo‰c","o‰c‘Μ","4"
"1294","’·–μ§_¬C’¬_–k–q‘Ί‚Q|‚P","1012","—Ρ‹Ζo‰c‘Μ_’c‘Μo‰c_–@lo‰c","o‰c‘Μ","3"
"1295","’·–μ§_μγ‘Ί","1001","”_—Ρ‹Ζo‰c‘Μ_v","o‰c‘Μ","506"
"1295","’·–μ§_μγ‘Ί","1002","”_—Ρ‹Ζo‰c‘Μ_Βlo‰c","o‰c‘Μ","495"
"1295","’·–μ§_μγ‘Ί","1003","”_—Ρ‹Ζo‰c‘Μ_’c‘Μo‰c","o‰c‘Μ","11"
"1295","’·–μ§_μγ‘Ί","1004","”_—Ρ‹Ζo‰c‘Μ_’c‘Μo‰c_–@lo‰c","o‰c‘Μ","6"
"1295","’·–μ§_μγ‘Ί","1005","”_‹Ζo‰c‘Μ_v","o‰c‘Μ","500"
"1295","’·–μ§_μγ‘Ί","1006","”_‹Ζo‰c‘Μ_Βlo‰c","o‰c‘Μ","495"
"1295","’·–μ§_μγ‘Ί","1007","”_‹Ζo‰c‘Μ_’c‘Μo‰c","o‰c‘Μ","5"
"1295","’·–μ§_μγ‘Ί","1008","”_‹Ζo‰c‘Μ_’c‘Μo‰c_–@lo‰c","o‰c‘Μ","5"
"1295","’·–μ§_μγ‘Ί","1009","—Ρ‹Ζo‰c‘Μ_v","o‰c‘Μ","10"
"1295","’·–μ§_μγ‘Ί","1010","—Ρ‹Ζo‰c‘Μ_Βlo‰c","o‰c‘Μ","4"
"1295","’·–μ§_μγ‘Ί","1011","—Ρ‹Ζo‰c‘Μ_’c‘Μo‰c","o‰c‘Μ","6"
"1295","’·–μ§_μγ‘Ί","1012","—Ρ‹Ζo‰c‘Μ_’c‘Μo‰c_–@lo‰c","o‰c‘Μ","1"
"1296","’·–μ§_“μ–q‘Ί","1001","”_—Ρ‹Ζo‰c‘Μ_v","o‰c‘Μ","331"
"1296","’·–μ§_“μ–q‘Ί","1002","”_—Ρ‹Ζo‰c‘Μ_Βlo‰c","o‰c‘Μ","319"
"1296","’·–μ§_“μ–q‘Ί","1003","”_—Ρ‹Ζo‰c‘Μ_’c‘Μo‰c","o‰c‘Μ","12"
"1296","’·–μ§_“μ–q‘Ί","1004","”_—Ρ‹Ζo‰c‘Μ_’c‘Μo‰c_–@lo‰c","o‰c‘Μ","12"
"1296","’·–μ§_“μ–q‘Ί","1005","”_‹Ζo‰c‘Μ_v","o‰c‘Μ","330"
"1296","’·–μ§_“μ–q‘Ί","1006","”_‹Ζo‰c‘Μ_Βlo‰c","o‰c‘Μ","319"
"1296","’·–μ§_“μ–q‘Ί","1007","”_‹Ζo‰c‘Μ_’c‘Μo‰c","o‰c‘Μ","11"
"1296","’·–μ§_“μ–q‘Ί","1008","”_‹Ζo‰c‘Μ_’c‘Μo‰c_–@lo‰c","o‰c‘Μ","11"
"1296","’·–μ§_“μ–q‘Ί","1009","—Ρ‹Ζo‰c‘Μ_v","o‰c‘Μ","12"
"1296","’·–μ§_“μ–q‘Ί","1010","—Ρ‹Ζo‰c‘Μ_Βlo‰c","o‰c‘Μ","11"
"1296","’·–μ§_“μ–q‘Ί","1011","—Ρ‹Ζo‰c‘Μ_’c‘Μo‰c","o‰c‘Μ","1"
"1296","’·–μ§_“μ–q‘Ί","1012","—Ρ‹Ζo‰c‘Μ_’c‘Μo‰c_–@lo‰c","o‰c‘Μ","1"
"1297","’·–μ§_“μ‘–Ψ‘Ί","1001","”_—Ρ‹Ζo‰c‘Μ_v","o‰c‘Μ","52"
"1297","’·–μ§_“μ‘–Ψ‘Ί","1002","”_—Ρ‹Ζo‰c‘Μ_Βlo‰c","o‰c‘Μ","52"
"1297","’·–μ§_“μ‘–Ψ‘Ί","1003","”_—Ρ‹Ζo‰c‘Μ_’c‘Μo‰c","o‰c‘Μ","-"
"1297","’·–μ§_“μ‘–Ψ‘Ί","1004","”_—Ρ‹Ζo‰c‘Μ_’c‘Μo‰c_–@lo‰c","o‰c‘Μ","-"
"1297","’·–μ§_“μ‘–Ψ‘Ί","1005","”_‹Ζo‰c‘Μ_v","o‰c‘Μ","51"
"1297","’·–μ§_“μ‘–Ψ‘Ί","1006","”_‹Ζo‰c‘Μ_Βlo‰c","o‰c‘Μ","51"
"1297","’·–μ§_“μ‘–Ψ‘Ί","1007","”_‹Ζo‰c‘Μ_’c‘Μo‰c","o‰c‘Μ","-"
"1297","’·–μ§_“μ‘–Ψ‘Ί","1008","”_‹Ζo‰c‘Μ_’c‘Μo‰c_–@lo‰c","o‰c‘Μ","-"
"1297","’·–μ§_“μ‘–Ψ‘Ί","1009","—Ρ‹Ζo‰c‘Μ_v","o‰c‘Μ","3"
"1297","’·–μ§_“μ‘–Ψ‘Ί","1010","—Ρ‹Ζo‰c‘Μ_Βlo‰c","o‰c‘Μ","3"
"1297","’·–μ§_“μ‘–Ψ‘Ί","1011","—Ρ‹Ζo‰c‘Μ_’c‘Μo‰c","o‰c‘Μ","-"
"1297","’·–μ§_“μ‘–Ψ‘Ί","1012","—Ρ‹Ζo‰c‘Μ_’c‘Μo‰c_–@lo‰c","o‰c‘Μ","-"
"1298","’·–μ§_–k‘–Ψ‘Ί","1001","”_—Ρ‹Ζo‰c‘Μ_v","o‰c‘Μ","45"
"1298","’·–μ§_–k‘–Ψ‘Ί","1002","”_—Ρ‹Ζo‰c‘Μ_Βlo‰c","o‰c‘Μ","44"
"1298","’·–μ§_–k‘–Ψ‘Ί","1003","”_—Ρ‹Ζo‰c‘Μ_’c‘Μo‰c","o‰c‘Μ","1"
"1298","’·–μ§_–k‘–Ψ‘Ί","1004","”_—Ρ‹Ζo‰c‘Μ_’c‘Μo‰c_–@lo‰c","o‰c‘Μ","1"
"1298","’·–μ§_–k‘–Ψ‘Ί","1005","”_‹Ζo‰c‘Μ_v","o‰c‘Μ","41"
"1298","’·–μ§_–k‘–Ψ‘Ί","1006","”_‹Ζo‰c‘Μ_Βlo‰c","o‰c‘Μ","40"
"1298","’·–μ§_–k‘–Ψ‘Ί","1007","”_‹Ζo‰c‘Μ_’c‘Μo‰c","o‰c‘Μ","1"
"1298","’·–μ§_–k‘–Ψ‘Ί","1008","”_‹Ζo‰c‘Μ_’c‘Μo‰c_–@lo‰c","o‰c‘Μ","1"
"1298","’·–μ§_–k‘–Ψ‘Ί","1009","—Ρ‹Ζo‰c‘Μ_v","o‰c‘Μ","4"
"1298","’·–μ§_–k‘–Ψ‘Ί","1010","—Ρ‹Ζo‰c‘Μ_Βlo‰c","o‰c‘Μ","4"
"1298","’·–μ§_–k‘–Ψ‘Ί","1011","—Ρ‹Ζo‰c‘Μ_’c‘Μo‰c","o‰c‘Μ","-"
"1298","’·–μ§_–k‘–Ψ‘Ί","1012","—Ρ‹Ζo‰c‘Μ_’c‘Μo‰c_–@lo‰c","o‰c‘Μ","-"
"1299","’·–μ§_²‹v•δ’¬","1001","”_—Ρ‹Ζo‰c‘Μ_v","o‰c‘Μ","403"
"1299","’·–μ§_²‹v•δ’¬","1002","”_—Ρ‹Ζo‰c‘Μ_Βlo‰c","o‰c‘Μ","396"
"1299","’·–μ§_²‹v•δ’¬","1003","”_—Ρ‹Ζo‰c‘Μ_’c‘Μo‰c","o‰c‘Μ","7"
"1299","’·–μ§_²‹v•δ’¬","1004","”_—Ρ‹Ζo‰c‘Μ_’c‘Μo‰c_–@lo‰c","o‰c‘Μ","7"
"1299","’·–μ§_²‹v•δ’¬","1005","”_‹Ζo‰c‘Μ_v","o‰c‘Μ","400"
"1299","’·–μ§_²‹v•δ’¬","1006","”_‹Ζo‰c‘Μ_Βlo‰c","o‰c‘Μ","396"
"1299","’·–μ§_²‹v•δ’¬","1007","”_‹Ζo‰c‘Μ_’c‘Μo‰c","o‰c‘Μ","4"
"1299","’·–μ§_²‹v•δ’¬","1008","”_‹Ζo‰c‘Μ_’c‘Μo‰c_–@lo‰c","o‰c‘Μ","4"
"1299","’·–μ§_²‹v•δ’¬","1009","—Ρ‹Ζo‰c‘Μ_v","o‰c‘Μ","10"
"1299","’·–μ§_²‹v•δ’¬","1010","—Ρ‹Ζo‰c‘Μ_Βlo‰c","o‰c‘Μ","7"
"1299","’·–μ§_²‹v•δ’¬","1011","—Ρ‹Ζo‰c‘Μ_’c‘Μo‰c","o‰c‘Μ","3"
"1299","’·–μ§_²‹v•δ’¬","1012","—Ρ‹Ζo‰c‘Μ_’c‘Μo‰c_–@lo‰c","o‰c‘Μ","3"
"1300","’·–μ§_²‹v•δ’¬_C£‘Ί","1001","”_—Ρ‹Ζo‰c‘Μ_v","o‰c‘Μ","118"
"1300","’·–μ§_²‹v•δ’¬_C£‘Ί","1002","”_—Ρ‹Ζo‰c‘Μ_Βlo‰c","o‰c‘Μ","116"
"1300","’·–μ§_²‹v•δ’¬_C£‘Ί","1003","”_—Ρ‹Ζo‰c‘Μ_’c‘Μo‰c","o‰c‘Μ","2"
"1300","’·–μ§_²‹v•δ’¬_C£‘Ί","1004","”_—Ρ‹Ζo‰c‘Μ_’c‘Μo‰c_–@lo‰c","o‰c‘Μ","2"
"1300","’·–μ§_²‹v•δ’¬_C£‘Ί","1005","”_‹Ζo‰c‘Μ_v","o‰c‘Μ","117"
"1300","’·–μ§_²‹v•δ’¬_C£‘Ί","1006","”_‹Ζo‰c‘Μ_Βlo‰c","o‰c‘Μ","116"
"1300","’·–μ§_²‹v•δ’¬_C£‘Ί","1007","”_‹Ζo‰c‘Μ_’c‘Μo‰c","o‰c‘Μ","1"
"1300","’·–μ§_²‹v•δ’¬_C£‘Ί","1008","”_‹Ζo‰c‘Μ_’c‘Μo‰c_–@lo‰c","o‰c‘Μ","1"
"1300","’·–μ§_²‹v•δ’¬_C£‘Ί","1009","—Ρ‹Ζo‰c‘Μ_v","o‰c‘Μ","3"
"1300","’·–μ§_²‹v•δ’¬_C£‘Ί","1010","—Ρ‹Ζo‰c‘Μ_Βlo‰c","o‰c‘Μ","2"
"1300","’·–μ§_²‹v•δ’¬_C£‘Ί","1011","—Ρ‹Ζo‰c‘Μ_’c‘Μo‰c","o‰c‘Μ","1"
"1300","’·–μ§_²‹v•δ’¬_C£‘Ί","1012","—Ρ‹Ζo‰c‘Μ_’c‘Μo‰c_–@lo‰c","o‰c‘Μ","1"
"1301","’·–μ§_²‹v•δ’¬_‰h‘Ί","1001","”_—Ρ‹Ζo‰c‘Μ_v","o‰c‘Μ","84"
"1301","’·–μ§_²‹v•δ’¬_‰h‘Ί","1002","”_—Ρ‹Ζo‰c‘Μ_Βlo‰c","o‰c‘Μ","84"
"1301","’·–μ§_²‹v•δ’¬_‰h‘Ί","1003","”_—Ρ‹Ζo‰c‘Μ_’c‘Μo‰c","o‰c‘Μ","-"
"1301","’·–μ§_²‹v•δ’¬_‰h‘Ί","1004","”_—Ρ‹Ζo‰c‘Μ_’c‘Μo‰c_–@lo‰c","o‰c‘Μ","-"
"1301","’·–μ§_²‹v•δ’¬_‰h‘Ί","1005","”_‹Ζo‰c‘Μ_v","o‰c‘Μ","84"
"1301","’·–μ§_²‹v•δ’¬_‰h‘Ί","1006","”_‹Ζo‰c‘Μ_Βlo‰c","o‰c‘Μ","84"
"1301","’·–μ§_²‹v•δ’¬_‰h‘Ί","1007","”_‹Ζo‰c‘Μ_’c‘Μo‰c","o‰c‘Μ","-"
"1301","’·–μ§_²‹v•δ’¬_‰h‘Ί","1008","”_‹Ζo‰c‘Μ_’c‘Μo‰c_–@lo‰c","o‰c‘Μ","-"
"1301","’·–μ§_²‹v•δ’¬_‰h‘Ί","1009","—Ρ‹Ζo‰c‘Μ_v","o‰c‘Μ","1"
"1301","’·–μ§_²‹v•δ’¬_‰h‘Ί","1010","—Ρ‹Ζo‰c‘Μ_Βlo‰c","o‰c‘Μ","1"
"1301","’·–μ§_²‹v•δ’¬_‰h‘Ί","1011","—Ρ‹Ζo‰c‘Μ_’c‘Μo‰c","o‰c‘Μ","-"
"1301","’·–μ§_²‹v•δ’¬_‰h‘Ί","1012","—Ρ‹Ζo‰c‘Μ_’c‘Μo‰c_–@lo‰c","o‰c‘Μ","-"
"1302","’·–μ§_²‹v•δ’¬_‘ε“ϊό‘Ί","1001","”_—Ρ‹Ζo‰c‘Μ_v","o‰c‘Μ","23"
"1302","’·–μ§_²‹v•δ’¬_‘ε“ϊό‘Ί","1002","”_—Ρ‹Ζo‰c‘Μ_Βlo‰c","o‰c‘Μ","23"
"1302","’·–μ§_²‹v•δ’¬_‘ε“ϊό‘Ί","1003","”_—Ρ‹Ζo‰c‘Μ_’c‘Μo‰c","o‰c‘Μ","-"
"1302","’·–μ§_²‹v•δ’¬_‘ε“ϊό‘Ί","1004","”_—Ρ‹Ζo‰c‘Μ_’c‘Μo‰c_–@lo‰c","o‰c‘Μ","-"
"1302","’·–μ§_²‹v•δ’¬_‘ε“ϊό‘Ί","1005","”_‹Ζo‰c‘Μ_v","o‰c‘Μ","23"
"1302","’·–μ§_²‹v•δ’¬_‘ε“ϊό‘Ί","1006","”_‹Ζo‰c‘Μ_Βlo‰c","o‰c‘Μ","23"
"1302","’·–μ§_²‹v•δ’¬_‘ε“ϊό‘Ί","1007","”_‹Ζo‰c‘Μ_’c‘Μo‰c","o‰c‘Μ","-"
"1302","’·–μ§_²‹v•δ’¬_‘ε“ϊό‘Ί","1008","”_‹Ζo‰c‘Μ_’c‘Μo‰c_–@lo‰c","o‰c‘Μ","-"
"1302","’·–μ§_²‹v•δ’¬_‘ε“ϊό‘Ί","1009","—Ρ‹Ζo‰c‘Μ_v","o‰c‘Μ","4"
"1302","’·–μ§_²‹v•δ’¬_‘ε“ϊό‘Ί","1010","—Ρ‹Ζo‰c‘Μ_Βlo‰c","o‰c‘Μ","4"
"1302","’·–μ§_²‹v•δ’¬_‘ε“ϊό‘Ί","1011","—Ρ‹Ζo‰c‘Μ_’c‘Μo‰c","o‰c‘Μ","-"
"1302","’·–μ§_²‹v•δ’¬_‘ε“ϊό‘Ί","1012","—Ρ‹Ζo‰c‘Μ_’c‘Μo‰c_–@lo‰c","o‰c‘Μ","-"
"1303","’·–μ§_²‹v•δ’¬_Βΐ‘Ί‚Q|‚Q","1001","”_—Ρ‹Ζo‰c‘Μ_v","o‰c‘Μ","7"
"1303","’·–μ§_²‹v•δ’¬_Βΐ‘Ί‚Q|‚Q","1002","”_—Ρ‹Ζo‰c‘Μ_Βlo‰c","o‰c‘Μ","6"
"1303","’·–μ§_²‹v•δ’¬_Βΐ‘Ί‚Q|‚Q","1003","”_—Ρ‹Ζo‰c‘Μ_’c‘Μo‰c","o‰c‘Μ","1"
"1303","’·–μ§_²‹v•δ’¬_Βΐ‘Ί‚Q|‚Q","1004","”_—Ρ‹Ζo‰c‘Μ_’c‘Μo‰c_–@lo‰c","o‰c‘Μ","1"
"1303","’·–μ§_²‹v•δ’¬_Βΐ‘Ί‚Q|‚Q","1005","”_‹Ζo‰c‘Μ_v","o‰c‘Μ","6"
"1303","’·–μ§_²‹v•δ’¬_Βΐ‘Ί‚Q|‚Q","1006","”_‹Ζo‰c‘Μ_Βlo‰c","o‰c‘Μ","6"
"1303","’·–μ§_²‹v•δ’¬_Βΐ‘Ί‚Q|‚Q","1007","”_‹Ζo‰c‘Μ_’c‘Μo‰c","o‰c‘Μ","-"
"1303","’·–μ§_²‹v•δ’¬_Βΐ‘Ί‚Q|‚Q","1008","”_‹Ζo‰c‘Μ_’c‘Μo‰c_–@lo‰c","o‰c‘Μ","-"
"1303","’·–μ§_²‹v•δ’¬_Βΐ‘Ί‚Q|‚Q","1009","—Ρ‹Ζo‰c‘Μ_v","o‰c‘Μ","1"
"1303","’·–μ§_²‹v•δ’¬_Βΐ‘Ί‚Q|‚Q","1010","—Ρ‹Ζo‰c‘Μ_Βlo‰c","o‰c‘Μ","-"
"1303","’·–μ§_²‹v•δ’¬_Βΐ‘Ί‚Q|‚Q","1011","—Ρ‹Ζo‰c‘Μ_’c‘Μo‰c","o‰c‘Μ","1"
"1303","’·–μ§_²‹v•δ’¬_Βΐ‘Ί‚Q|‚Q","1012","—Ρ‹Ζo‰c‘Μ_’c‘Μo‰c_–@lo‰c","o‰c‘Μ","1"
"1304","’·–μ§_²‹v•δ’¬_”¨”ª‘Ί","1001","”_—Ρ‹Ζo‰c‘Μ_v","o‰c‘Μ","133"
"1304","’·–μ§_²‹v•δ’¬_”¨”ª‘Ί","1002","”_—Ρ‹Ζo‰c‘Μ_Βlo‰c","o‰c‘Μ","129"
"1304","’·–μ§_²‹v•δ’¬_”¨”ª‘Ί","1003","”_—Ρ‹Ζo‰c‘Μ_’c‘Μo‰c","o‰c‘Μ","4"
"1304","’·–μ§_²‹v•δ’¬_”¨”ª‘Ί","1004","”_—Ρ‹Ζo‰c‘Μ_’c‘Μo‰c_–@lo‰c","o‰c‘Μ","4"
"1304","’·–μ§_²‹v•δ’¬_”¨”ª‘Ί","1005","”_‹Ζo‰c‘Μ_v","o‰c‘Μ","132"
"1304","’·–μ§_²‹v•δ’¬_”¨”ª‘Ί","1006","”_‹Ζo‰c‘Μ_Βlo‰c","o‰c‘Μ","129"
"1304","’·–μ§_²‹v•δ’¬_”¨”ª‘Ί","1007","”_‹Ζo‰c‘Μ_’c‘Μo‰c","o‰c‘Μ","3"
"1304","’·–μ§_²‹v•δ’¬_”¨”ª‘Ί","1008","”_‹Ζo‰c‘Μ_’c‘Μo‰c_–@lo‰c","o‰c‘Μ","3"
"1304","’·–μ§_²‹v•δ’¬_”¨”ª‘Ί","1009","—Ρ‹Ζo‰c‘Μ_v","o‰c‘Μ","1"
"1304","’·–μ§_²‹v•δ’¬_”¨”ª‘Ί","1010","—Ρ‹Ζo‰c‘Μ_Βlo‰c","o‰c‘Μ","-"
"1304","’·–μ§_²‹v•δ’¬_”¨”ª‘Ί","1011","—Ρ‹Ζo‰c‘Μ_’c‘Μo‰c","o‰c‘Μ","1"
"1304","’·–μ§_²‹v•δ’¬_”¨”ª‘Ί","1012","—Ρ‹Ζo‰c‘Μ_’c‘Μo‰c_–@lo‰c","o‰c‘Μ","1"
"1305","’·–μ§_²‹v•δ’¬_•δΟ‘Ί‚Q|‚P","1001","”_—Ρ‹Ζo‰c‘Μ_v","o‰c‘Μ","24"
"1305","’·–μ§_²‹v•δ’¬_•δΟ‘Ί‚Q|‚P","1002","”_—Ρ‹Ζo‰c‘Μ_Βlo‰c","o‰c‘Μ","24"
"1305","’·–μ§_²‹v•δ’¬_•δΟ‘Ί‚Q|‚P","1003","”_—Ρ‹Ζo‰c‘Μ_’c‘Μo‰c","o‰c‘Μ","-"
"1305","’·–μ§_²‹v•δ’¬_•δΟ‘Ί‚Q|‚P","1004","”_—Ρ‹Ζo‰c‘Μ_’c‘Μo‰c_–@lo‰c","o‰c‘Μ","-"
"1305","’·–μ§_²‹v•δ’¬_•δΟ‘Ί‚Q|‚P","1005","”_‹Ζo‰c‘Μ_v","o‰c‘Μ","24"
"1305","’·–μ§_²‹v•δ’¬_•δΟ‘Ί‚Q|‚P","1006","”_‹Ζo‰c‘Μ_Βlo‰c","o‰c‘Μ","24"
"1305","’·–μ§_²‹v•δ’¬_•δΟ‘Ί‚Q|‚P","1007","”_‹Ζo‰c‘Μ_’c‘Μo‰c","o‰c‘Μ","-"
"1305","’·–μ§_²‹v•δ’¬_•δΟ‘Ί‚Q|‚P","1008","”_‹Ζo‰c‘Μ_’c‘Μo‰c_–@lo‰c","o‰c‘Μ","-"
"1305","’·–μ§_²‹v•δ’¬_•δΟ‘Ί‚Q|‚P","1009","—Ρ‹Ζo‰c‘Μ_v","o‰c‘Μ","-"
"1305","’·–μ§_²‹v•δ’¬_•δΟ‘Ί‚Q|‚P","1010","—Ρ‹Ζo‰c‘Μ_Βlo‰c","o‰c‘Μ","-"
"1305","’·–μ§_²‹v•δ’¬_•δΟ‘Ί‚Q|‚P","1011","—Ρ‹Ζo‰c‘Μ_’c‘Μo‰c","o‰c‘Μ","-"
"1305","’·–μ§_²‹v•δ’¬_•δΟ‘Ί‚Q|‚P","1012","—Ρ‹Ζo‰c‘Μ_’c‘Μo‰c_–@lo‰c","o‰c‘Μ","-"
"1306","’·–μ§_²‹v•δ’¬_–k–q‘Ί‚Q|‚Q","1001","”_—Ρ‹Ζo‰c‘Μ_v","o‰c‘Μ","14"
"1306","’·–μ§_²‹v•δ’¬_–k–q‘Ί‚Q|‚Q","1002","”_—Ρ‹Ζo‰c‘Μ_Βlo‰c","o‰c‘Μ","14"
"1306","’·–μ§_²‹v•δ’¬_–k–q‘Ί‚Q|‚Q","1003","”_—Ρ‹Ζo‰c‘Μ_’c‘Μo‰c","o‰c‘Μ","-"
"1306","’·–μ§_²‹v•δ’¬_–k–q‘Ί‚Q|‚Q","1004","”_—Ρ‹Ζo‰c‘Μ_’c‘Μo‰c_–@lo‰c","o‰c‘Μ","-"
"1306","’·–μ§_²‹v•δ’¬_–k–q‘Ί‚Q|‚Q","1005","”_‹Ζo‰c‘Μ_v","o‰c‘Μ","14"
"1306","’·–μ§_²‹v•δ’¬_–k–q‘Ί‚Q|‚Q","1006","”_‹Ζo‰c‘Μ_Βlo‰c","o‰c‘Μ","14"
"1306","’·–μ§_²‹v•δ’¬_–k–q‘Ί‚Q|‚Q","1007","”_‹Ζo‰c‘Μ_’c‘Μo‰c","o‰c‘Μ","-"
"1306","’·–μ§_²‹v•δ’¬_–k–q‘Ί‚Q|‚Q","1008","”_‹Ζo‰c‘Μ_’c‘Μo‰c_–@lo‰c","o‰c‘Μ","-"
"1306","’·–μ§_²‹v•δ’¬_–k–q‘Ί‚Q|‚Q","1009","—Ρ‹Ζo‰c‘Μ_v","o‰c‘Μ","-"
"1306","’·–μ§_²‹v•δ’¬_–k–q‘Ί‚Q|‚Q","1010","—Ρ‹Ζo‰c‘Μ_Βlo‰c","o‰c‘Μ","-"
"1306","’·–μ§_²‹v•δ’¬_–k–q‘Ί‚Q|‚Q","1011","—Ρ‹Ζo‰c‘Μ_’c‘Μo‰c","o‰c‘Μ","-"
"1306","’·–μ§_²‹v•δ’¬_–k–q‘Ί‚Q|‚Q","1012","—Ρ‹Ζo‰c‘Μ_’c‘Μo‰c_–@lo‰c","o‰c‘Μ","-"
"1307","’·–μ§_yδ‘ς’¬","1001","”_—Ρ‹Ζo‰c‘Μ_v","o‰c‘Μ","85"
"1307","’·–μ§_yδ‘ς’¬","1002","”_—Ρ‹Ζo‰c‘Μ_Βlo‰c","o‰c‘Μ","75"
"1307","’·–μ§_yδ‘ς’¬","1003","”_—Ρ‹Ζo‰c‘Μ_’c‘Μo‰c","o‰c‘Μ","10"
"1307","’·–μ§_yδ‘ς’¬","1004","”_—Ρ‹Ζo‰c‘Μ_’c‘Μo‰c_–@lo‰c","o‰c‘Μ","10"
"1307","’·–μ§_yδ‘ς’¬","1005","”_‹Ζo‰c‘Μ_v","o‰c‘Μ","84"
"1307","’·–μ§_yδ‘ς’¬","1006","”_‹Ζo‰c‘Μ_Βlo‰c","o‰c‘Μ","75"
"1307","’·–μ§_yδ‘ς’¬","1007","”_‹Ζo‰c‘Μ_’c‘Μo‰c","o‰c‘Μ","9"
"1307","’·–μ§_yδ‘ς’¬","1008","”_‹Ζo‰c‘Μ_’c‘Μo‰c_–@lo‰c","o‰c‘Μ","9"
"1307","’·–μ§_yδ‘ς’¬","1009","—Ρ‹Ζo‰c‘Μ_v","o‰c‘Μ","1"
"1307","’·–μ§_yδ‘ς’¬","1010","—Ρ‹Ζo‰c‘Μ_Βlo‰c","o‰c‘Μ","-"
"1307","’·–μ§_yδ‘ς’¬","1011","—Ρ‹Ζo‰c‘Μ_’c‘Μo‰c","o‰c‘Μ","1"
"1307","’·–μ§_yδ‘ς’¬","1012","—Ρ‹Ζo‰c‘Μ_’c‘Μo‰c_–@lo‰c","o‰c‘Μ","1"
"1308","’·–μ§_yδ‘ς’¬_yδ‘ς’¬","1001","”_—Ρ‹Ζo‰c‘Μ_v","o‰c‘Μ","74"
"1308","’·–μ§_yδ‘ς’¬_yδ‘ς’¬","1002","”_—Ρ‹Ζo‰c‘Μ_Βlo‰c","o‰c‘Μ","64"
"1308","’·–μ§_yδ‘ς’¬_yδ‘ς’¬","1003","”_—Ρ‹Ζo‰c‘Μ_’c‘Μo‰c","o‰c‘Μ","10"
"1308","’·–μ§_yδ‘ς’¬_yδ‘ς’¬","1004","”_—Ρ‹Ζo‰c‘Μ_’c‘Μo‰c_–@lo‰c","o‰c‘Μ","10"
"1308","’·–μ§_yδ‘ς’¬_yδ‘ς’¬","1005","”_‹Ζo‰c‘Μ_v","o‰c‘Μ","73"
"1308","’·–μ§_yδ‘ς’¬_yδ‘ς’¬","1006","”_‹Ζo‰c‘Μ_Βlo‰c","o‰c‘Μ","64"
"1308","’·–μ§_yδ‘ς’¬_yδ‘ς’¬","1007","”_‹Ζo‰c‘Μ_’c‘Μo‰c","o‰c‘Μ","9"
"1308","’·–μ§_yδ‘ς’¬_yδ‘ς’¬","1008","”_‹Ζo‰c‘Μ_’c‘Μo‰c_–@lo‰c","o‰c‘Μ","9"
"1308","’·–μ§_yδ‘ς’¬_yδ‘ς’¬","1009","—Ρ‹Ζo‰c‘Μ_v","o‰c‘Μ","1"
"1308","’·–μ§_yδ‘ς’¬_yδ‘ς’¬","1010","—Ρ‹Ζo‰c‘Μ_Βlo‰c","o‰c‘Μ","-"
"1308","’·–μ§_yδ‘ς’¬_yδ‘ς’¬","1011","—Ρ‹Ζo‰c‘Μ_’c‘Μo‰c","o‰c‘Μ","1"
"1308","’·–μ§_yδ‘ς’¬_yδ‘ς’¬","1012","—Ρ‹Ζo‰c‘Μ_’c‘Μo‰c_–@lo‰c","o‰c‘Μ","1"
"1309","’·–μ§_yδ‘ς’¬_ή‰κ‘Ί‚Q|‚Q","1001","”_—Ρ‹Ζo‰c‘Μ_v","o‰c‘Μ","11"
"1309","’·–μ§_yδ‘ς’¬_ή‰κ‘Ί‚Q|‚Q","1002","”_—Ρ‹Ζo‰c‘Μ_Βlo‰c","o‰c‘Μ","11"
"1309","’·–μ§_yδ‘ς’¬_ή‰κ‘Ί‚Q|‚Q","1003","”_—Ρ‹Ζo‰c‘Μ_’c‘Μo‰c","o‰c‘Μ","-"
"1309","’·–μ§_yδ‘ς’¬_ή‰κ‘Ί‚Q|‚Q","1004","”_—Ρ‹Ζo‰c‘Μ_’c‘Μo‰c_–@lo‰c","o‰c‘Μ","-"
"1309","’·–μ§_yδ‘ς’¬_ή‰κ‘Ί‚Q|‚Q","1005","”_‹Ζo‰c‘Μ_v","o‰c‘Μ","11"
"1309","’·–μ§_yδ‘ς’¬_ή‰κ‘Ί‚Q|‚Q","1006","”_‹Ζo‰c‘Μ_Βlo‰c","o‰c‘Μ","11"
"1309","’·–μ§_yδ‘ς’¬_ή‰κ‘Ί‚Q|‚Q","1007","”_‹Ζo‰c‘Μ_’c‘Μo‰c","o‰c‘Μ","-"
"1309","’·–μ§_yδ‘ς’¬_ή‰κ‘Ί‚Q|‚Q","1008","”_‹Ζo‰c‘Μ_’c‘Μo‰c_–@lo‰c","o‰c‘Μ","-"
"1309","’·–μ§_yδ‘ς’¬_ή‰κ‘Ί‚Q|‚Q","1009","—Ρ‹Ζo‰c‘Μ_v","o‰c‘Μ","-"
"1309","’·–μ§_yδ‘ς’¬_ή‰κ‘Ί‚Q|‚Q","1010","—Ρ‹Ζo‰c‘Μ_Βlo‰c","o‰c‘Μ","-"
"1309","’·–μ§_yδ‘ς’¬_ή‰κ‘Ί‚Q|‚Q","1011","—Ρ‹Ζo‰c‘Μ_’c‘Μo‰c","o‰c‘Μ","-"
"1309","’·–μ§_yδ‘ς’¬_ή‰κ‘Ί‚Q|‚Q","1012","—Ρ‹Ζo‰c‘Μ_’c‘Μo‰c_–@lo‰c","o‰c‘Μ","-"
"1310","’·–μ§_δ‘γ“c’¬","1001","”_—Ρ‹Ζo‰c‘Μ_v","o‰c‘Μ","264"
"1310","’·–μ§_δ‘γ“c’¬","1002","”_—Ρ‹Ζo‰c‘Μ_Βlo‰c","o‰c‘Μ","251"
"1310","’·–μ§_δ‘γ“c’¬","1003","”_—Ρ‹Ζo‰c‘Μ_’c‘Μo‰c","o‰c‘Μ","13"
"1310","’·–μ§_δ‘γ“c’¬","1004","”_—Ρ‹Ζo‰c‘Μ_’c‘Μo‰c_–@lo‰c","o‰c‘Μ","9"
"1310","’·–μ§_δ‘γ“c’¬","1005","”_‹Ζo‰c‘Μ_v","o‰c‘Μ","262"
"1310","’·–μ§_δ‘γ“c’¬","1006","”_‹Ζo‰c‘Μ_Βlo‰c","o‰c‘Μ","251"
"1310","’·–μ§_δ‘γ“c’¬","1007","”_‹Ζo‰c‘Μ_’c‘Μo‰c","o‰c‘Μ","11"
"1310","’·–μ§_δ‘γ“c’¬","1008","”_‹Ζo‰c‘Μ_’c‘Μo‰c_–@lo‰c","o‰c‘Μ","8"
"1310","’·–μ§_δ‘γ“c’¬","1009","—Ρ‹Ζo‰c‘Μ_v","o‰c‘Μ","6"
"1310","’·–μ§_δ‘γ“c’¬","1010","—Ρ‹Ζo‰c‘Μ_Βlo‰c","o‰c‘Μ","4"
"1310","’·–μ§_δ‘γ“c’¬","1011","—Ρ‹Ζo‰c‘Μ_’c‘Μo‰c","o‰c‘Μ","2"
"1310","’·–μ§_δ‘γ“c’¬","1012","—Ρ‹Ζo‰c‘Μ_’c‘Μo‰c_–@lo‰c","o‰c‘Μ","1"
"1311","’·–μ§_δ‘γ“c’¬_ή‰κ‘Ί‚Q|‚P","1001","”_—Ρ‹Ζo‰c‘Μ_v","o‰c‘Μ","86"
"1311","’·–μ§_δ‘γ“c’¬_ή‰κ‘Ί‚Q|‚P","1002","”_—Ρ‹Ζo‰c‘Μ_Βlo‰c","o‰c‘Μ","83"
"1311","’·–μ§_δ‘γ“c’¬_ή‰κ‘Ί‚Q|‚P","1003","”_—Ρ‹Ζo‰c‘Μ_’c‘Μo‰c","o‰c‘Μ","3"
"1311","’·–μ§_δ‘γ“c’¬_ή‰κ‘Ί‚Q|‚P","1004","”_—Ρ‹Ζo‰c‘Μ_’c‘Μo‰c_–@lo‰c","o‰c‘Μ","2"
"1311","’·–μ§_δ‘γ“c’¬_ή‰κ‘Ί‚Q|‚P","1005","”_‹Ζo‰c‘Μ_v","o‰c‘Μ","85"
"1311","’·–μ§_δ‘γ“c’¬_ή‰κ‘Ί‚Q|‚P","1006","”_‹Ζo‰c‘Μ_Βlo‰c","o‰c‘Μ","83"
"1311","’·–μ§_δ‘γ“c’¬_ή‰κ‘Ί‚Q|‚P","1007","”_‹Ζo‰c‘Μ_’c‘Μo‰c","o‰c‘Μ","2"
"1311","’·–μ§_δ‘γ“c’¬_ή‰κ‘Ί‚Q|‚P","1008","”_‹Ζo‰c‘Μ_’c‘Μo‰c_–@lo‰c","o‰c‘Μ","2"
"1311","’·–μ§_δ‘γ“c’¬_ή‰κ‘Ί‚Q|‚P","1009","—Ρ‹Ζo‰c‘Μ_v","o‰c‘Μ","5"
"1311","’·–μ§_δ‘γ“c’¬_ή‰κ‘Ί‚Q|‚P","1010","—Ρ‹Ζo‰c‘Μ_Βlo‰c","o‰c‘Μ","4"
"1311","’·–μ§_δ‘γ“c’¬_ή‰κ‘Ί‚Q|‚P","1011","—Ρ‹Ζo‰c‘Μ_’c‘Μo‰c","o‰c‘Μ","1"
"1311","’·–μ§_δ‘γ“c’¬_ή‰κ‘Ί‚Q|‚P","1012","—Ρ‹Ζo‰c‘Μ_’c‘Μo‰c_–@lo‰c","o‰c‘Μ","-"
"1312","’·–μ§_δ‘γ“c’¬_δ‘γ“c‘Ί‚Q|‚P","1001","”_—Ρ‹Ζo‰c‘Μ_v","o‰c‘Μ","60"
"1312","’·–μ§_δ‘γ“c’¬_δ‘γ“c‘Ί‚Q|‚P","1002","”_—Ρ‹Ζo‰c‘Μ_Βlo‰c","o‰c‘Μ","55"
"1312","’·–μ§_δ‘γ“c’¬_δ‘γ“c‘Ί‚Q|‚P","1003","”_—Ρ‹Ζo‰c‘Μ_’c‘Μo‰c","o‰c‘Μ","5"
"1312","’·–μ§_δ‘γ“c’¬_δ‘γ“c‘Ί‚Q|‚P","1004","”_—Ρ‹Ζo‰c‘Μ_’c‘Μo‰c_–@lo‰c","o‰c‘Μ","4"
"1312","’·–μ§_δ‘γ“c’¬_δ‘γ“c‘Ί‚Q|‚P","1005","”_‹Ζo‰c‘Μ_v","o‰c‘Μ","60"
"1312","’·–μ§_δ‘γ“c’¬_δ‘γ“c‘Ί‚Q|‚P","1006","”_‹Ζo‰c‘Μ_Βlo‰c","o‰c‘Μ","55"
"1312","’·–μ§_δ‘γ“c’¬_δ‘γ“c‘Ί‚Q|‚P","1007","”_‹Ζo‰c‘Μ_’c‘Μo‰c","o‰c‘Μ","5"
"1312","’·–μ§_δ‘γ“c’¬_δ‘γ“c‘Ί‚Q|‚P","1008","”_‹Ζo‰c‘Μ_’c‘Μo‰c_–@lo‰c","o‰c‘Μ","4"
"1312","’·–μ§_δ‘γ“c’¬_δ‘γ“c‘Ί‚Q|‚P","1009","—Ρ‹Ζo‰c‘Μ_v","o‰c‘Μ","-"
"1312","’·–μ§_δ‘γ“c’¬_δ‘γ“c‘Ί‚Q|‚P","1010","—Ρ‹Ζo‰c‘Μ_Βlo‰c","o‰c‘Μ","-"
"1312","’·–μ§_δ‘γ“c’¬_δ‘γ“c‘Ί‚Q|‚P","1011","—Ρ‹Ζo‰c‘Μ_’c‘Μo‰c","o‰c‘Μ","-"
"1312","’·–μ§_δ‘γ“c’¬_δ‘γ“c‘Ί‚Q|‚P","1012","—Ρ‹Ζo‰c‘Μ_’c‘Μo‰c_–@lo‰c","o‰c‘Μ","-"
"1313","’·–μ§_δ‘γ“c’¬_¬ΐ‘Ί‚Q|‚P|‚P","1001","”_—Ρ‹Ζo‰c‘Μ_v","o‰c‘Μ","118"
"1313","’·–μ§_δ‘γ“c’¬_¬ΐ‘Ί‚Q|‚P|‚P","1002","”_—Ρ‹Ζo‰c‘Μ_Βlo‰c","o‰c‘Μ","113"
"1313","’·–μ§_δ‘γ“c’¬_¬ΐ‘Ί‚Q|‚P|‚P","1003","”_—Ρ‹Ζo‰c‘Μ_’c‘Μo‰c","o‰c‘Μ","5"
"1313","’·–μ§_δ‘γ“c’¬_¬ΐ‘Ί‚Q|‚P|‚P","1004","”_—Ρ‹Ζo‰c‘Μ_’c‘Μo‰c_–@lo‰c","o‰c‘Μ","3"
"1313","’·–μ§_δ‘γ“c’¬_¬ΐ‘Ί‚Q|‚P|‚P","1005","”_‹Ζo‰c‘Μ_v","o‰c‘Μ","117"
"1313","’·–μ§_δ‘γ“c’¬_¬ΐ‘Ί‚Q|‚P|‚P","1006","”_‹Ζo‰c‘Μ_Βlo‰c","o‰c‘Μ","113"
"1313","’·–μ§_δ‘γ“c’¬_¬ΐ‘Ί‚Q|‚P|‚P","1007","”_‹Ζo‰c‘Μ_’c‘Μo‰c","o‰c‘Μ","4"
"1313","’·–μ§_δ‘γ“c’¬_¬ΐ‘Ί‚Q|‚P|‚P","1008","”_‹Ζo‰c‘Μ_’c‘Μo‰c_–@lo‰c","o‰c‘Μ","2"
"1313","’·–μ§_δ‘γ“c’¬_¬ΐ‘Ί‚Q|‚P|‚P","1009","—Ρ‹Ζo‰c‘Μ_v","o‰c‘Μ","1"
"1313","’·–μ§_δ‘γ“c’¬_¬ΐ‘Ί‚Q|‚P|‚P","1010","—Ρ‹Ζo‰c‘Μ_Βlo‰c","o‰c‘Μ","-"
"1313","’·–μ§_δ‘γ“c’¬_¬ΐ‘Ί‚Q|‚P|‚P","1011","—Ρ‹Ζo‰c‘Μ_’c‘Μo‰c","o‰c‘Μ","1"
"1313","’·–μ§_δ‘γ“c’¬_¬ΐ‘Ί‚Q|‚P|‚P","1012","—Ρ‹Ζo‰c‘Μ_’c‘Μo‰c_–@lo‰c","o‰c‘Μ","1"
"1314","’·–μ§_—§‰Θ’¬","1001","”_—Ρ‹Ζo‰c‘Μ_v","o‰c‘Μ","507"
"1314","’·–μ§_—§‰Θ’¬","1002","”_—Ρ‹Ζo‰c‘Μ_Βlo‰c","o‰c‘Μ","489"
"1314","’·–μ§_—§‰Θ’¬","1003","”_—Ρ‹Ζo‰c‘Μ_’c‘Μo‰c","o‰c‘Μ","18"
"1314","’·–μ§_—§‰Θ’¬","1004","”_—Ρ‹Ζo‰c‘Μ_’c‘Μo‰c_–@lo‰c","o‰c‘Μ","13"
"1314","’·–μ§_—§‰Θ’¬","1005","”_‹Ζo‰c‘Μ_v","o‰c‘Μ","504"
"1314","’·–μ§_—§‰Θ’¬","1006","”_‹Ζo‰c‘Μ_Βlo‰c","o‰c‘Μ","489"
"1314","’·–μ§_—§‰Θ’¬","1007","”_‹Ζo‰c‘Μ_’c‘Μo‰c","o‰c‘Μ","15"
"1314","’·–μ§_—§‰Θ’¬","1008","”_‹Ζo‰c‘Μ_’c‘Μo‰c_–@lo‰c","o‰c‘Μ","12"
"1314","’·–μ§_—§‰Θ’¬","1009","—Ρ‹Ζo‰c‘Μ_v","o‰c‘Μ","5"
"1314","’·–μ§_—§‰Θ’¬","1010","—Ρ‹Ζo‰c‘Μ_Βlo‰c","o‰c‘Μ","2"
"1314","’·–μ§_—§‰Θ’¬","1011","—Ρ‹Ζo‰c‘Μ_’c‘Μo‰c","o‰c‘Μ","3"
"1314","’·–μ§_—§‰Θ’¬","1012","—Ρ‹Ζo‰c‘Μ_’c‘Μo‰c_–@lo‰c","o‰c‘Μ","1"
"1315","’·–μ§_—§‰Θ’¬_°“c‘Ί","1001","”_—Ρ‹Ζo‰c‘Μ_v","o‰c‘Μ","112"
"1315","’·–μ§_—§‰Θ’¬_°“c‘Ί","1002","”_—Ρ‹Ζo‰c‘Μ_Βlo‰c","o‰c‘Μ","105"
"1315","’·–μ§_—§‰Θ’¬_°“c‘Ί","1003","”_—Ρ‹Ζo‰c‘Μ_’c‘Μo‰c","o‰c‘Μ","7"
"1315","’·–μ§_—§‰Θ’¬_°“c‘Ί","1004","”_—Ρ‹Ζo‰c‘Μ_’c‘Μo‰c_–@lo‰c","o‰c‘Μ","5"
"1315","’·–μ§_—§‰Θ’¬_°“c‘Ί","1005","”_‹Ζo‰c‘Μ_v","o‰c‘Μ","110"
"1315","’·–μ§_—§‰Θ’¬_°“c‘Ί","1006","”_‹Ζo‰c‘Μ_Βlo‰c","o‰c‘Μ","105"
"1315","’·–μ§_—§‰Θ’¬_°“c‘Ί","1007","”_‹Ζo‰c‘Μ_’c‘Μo‰c","o‰c‘Μ","5"
"1315","’·–μ§_—§‰Θ’¬_°“c‘Ί","1008","”_‹Ζo‰c‘Μ_’c‘Μo‰c_–@lo‰c","o‰c‘Μ","4"
"1315","’·–μ§_—§‰Θ’¬_°“c‘Ί","1009","—Ρ‹Ζo‰c‘Μ_v","o‰c‘Μ","4"
"1315","’·–μ§_—§‰Θ’¬_°“c‘Ί","1010","—Ρ‹Ζo‰c‘Μ_Βlo‰c","o‰c‘Μ","2"
"1315","’·–μ§_—§‰Θ’¬_°“c‘Ί","1011","—Ρ‹Ζo‰c‘Μ_’c‘Μo‰c","o‰c‘Μ","2"
"1315","’·–μ§_—§‰Θ’¬_°“c‘Ί","1012","—Ρ‹Ζo‰c‘Μ_’c‘Μo‰c_–@lo‰c","o‰c‘Μ","1"
"1316","’·–μ§_—§‰Θ’¬_O“sa‘Ί","1001","”_—Ρ‹Ζo‰c‘Μ_v","o‰c‘Μ","146"
"1316","’·–μ§_—§‰Θ’¬_O“sa‘Ί","1002","”_—Ρ‹Ζo‰c‘Μ_Βlo‰c","o‰c‘Μ","139"
"1316","’·–μ§_—§‰Θ’¬_O“sa‘Ί","1003","”_—Ρ‹Ζo‰c‘Μ_’c‘Μo‰c","o‰c‘Μ","7"
"1316","’·–μ§_—§‰Θ’¬_O“sa‘Ί","1004","”_—Ρ‹Ζo‰c‘Μ_’c‘Μo‰c_–@lo‰c","o‰c‘Μ","5"
"1316","’·–μ§_—§‰Θ’¬_O“sa‘Ί","1005","”_‹Ζo‰c‘Μ_v","o‰c‘Μ","146"
"1316","’·–μ§_—§‰Θ’¬_O“sa‘Ί","1006","”_‹Ζo‰c‘Μ_Βlo‰c","o‰c‘Μ","139"
"1316","’·–μ§_—§‰Θ’¬_O“sa‘Ί","1007","”_‹Ζo‰c‘Μ_’c‘Μo‰c","o‰c‘Μ","7"
"1316","’·–μ§_—§‰Θ’¬_O“sa‘Ί","1008","”_‹Ζo‰c‘Μ_’c‘Μo‰c_–@lo‰c","o‰c‘Μ","5"
"1316","’·–μ§_—§‰Θ’¬_O“sa‘Ί","1009","—Ρ‹Ζo‰c‘Μ_v","o‰c‘Μ","-"
"1316","’·–μ§_—§‰Θ’¬_O“sa‘Ί","1010","—Ρ‹Ζo‰c‘Μ_Βlo‰c","o‰c‘Μ","-"
"1316","’·–μ§_—§‰Θ’¬_O“sa‘Ί","1011","—Ρ‹Ζo‰c‘Μ_’c‘Μo‰c","o‰c‘Μ","-"
"1316","’·–μ§_—§‰Θ’¬_O“sa‘Ί","1012","—Ρ‹Ζo‰c‘Μ_’c‘Μo‰c_–@lo‰c","o‰c‘Μ","-"
"1317","’·–μ§_—§‰Θ’¬_‰΅’Ή‘Ί","1001","”_—Ρ‹Ζo‰c‘Μ_v","o‰c‘Μ","195"
"1317","’·–μ§_—§‰Θ’¬_‰΅’Ή‘Ί","1002","”_—Ρ‹Ζo‰c‘Μ_Βlo‰c","o‰c‘Μ","193"
"1317","’·–μ§_—§‰Θ’¬_‰΅’Ή‘Ί","1003","”_—Ρ‹Ζo‰c‘Μ_’c‘Μo‰c","o‰c‘Μ","2"
"1317","’·–μ§_—§‰Θ’¬_‰΅’Ή‘Ί","1004","”_—Ρ‹Ζo‰c‘Μ_’c‘Μo‰c_–@lo‰c","o‰c‘Μ","2"
"1317","’·–μ§_—§‰Θ’¬_‰΅’Ή‘Ί","1005","”_‹Ζo‰c‘Μ_v","o‰c‘Μ","195"
"1317","’·–μ§_—§‰Θ’¬_‰΅’Ή‘Ί","1006","”_‹Ζo‰c‘Μ_Βlo‰c","o‰c‘Μ","193"
"1317","’·–μ§_—§‰Θ’¬_‰΅’Ή‘Ί","1007","”_‹Ζo‰c‘Μ_’c‘Μo‰c","o‰c‘Μ","2"
"1317","’·–μ§_—§‰Θ’¬_‰΅’Ή‘Ί","1008","”_‹Ζo‰c‘Μ_’c‘Μo‰c_–@lo‰c","o‰c‘Μ","2"
"1317","’·–μ§_—§‰Θ’¬_‰΅’Ή‘Ί","1009","—Ρ‹Ζo‰c‘Μ_v","o‰c‘Μ","-"
"1317","’·–μ§_—§‰Θ’¬_‰΅’Ή‘Ί","1010","—Ρ‹Ζo‰c‘Μ_Βlo‰c","o‰c‘Μ","-"
"1317","’·–μ§_—§‰Θ’¬_‰΅’Ή‘Ί","1011","—Ρ‹Ζo‰c‘Μ_’c‘Μo‰c","o‰c‘Μ","-"
"1317","’·–μ§_—§‰Θ’¬_‰΅’Ή‘Ί","1012","—Ρ‹Ζo‰c‘Μ_’c‘Μo‰c_–@lo‰c","o‰c‘Μ","-"
"1318","’·–μ§_—§‰Θ’¬_–{–q‘Ί‚Q|‚Q","1001","”_—Ρ‹Ζo‰c‘Μ_v","o‰c‘Μ","54"
"1318","’·–μ§_—§‰Θ’¬_–{–q‘Ί‚Q|‚Q","1002","”_—Ρ‹Ζo‰c‘Μ_Βlo‰c","o‰c‘Μ","52"
"1318","’·–μ§_—§‰Θ’¬_–{–q‘Ί‚Q|‚Q","1003","”_—Ρ‹Ζo‰c‘Μ_’c‘Μo‰c","o‰c‘Μ","2"
"1318","’·–μ§_—§‰Θ’¬_–{–q‘Ί‚Q|‚Q","1004","”_—Ρ‹Ζo‰c‘Μ_’c‘Μo‰c_–@lo‰c","o‰c‘Μ","1"
"1318","’·–μ§_—§‰Θ’¬_–{–q‘Ί‚Q|‚Q","1005","”_‹Ζo‰c‘Μ_v","o‰c‘Μ","53"
"1318","’·–μ§_—§‰Θ’¬_–{–q‘Ί‚Q|‚Q","1006","”_‹Ζo‰c‘Μ_Βlo‰c","o‰c‘Μ","52"
"1318","’·–μ§_—§‰Θ’¬_–{–q‘Ί‚Q|‚Q","1007","”_‹Ζo‰c‘Μ_’c‘Μo‰c","o‰c‘Μ","1"
"1318","’·–μ§_—§‰Θ’¬_–{–q‘Ί‚Q|‚Q","1008","”_‹Ζo‰c‘Μ_’c‘Μo‰c_–@lo‰c","o‰c‘Μ","1"
"1318","’·–μ§_—§‰Θ’¬_–{–q‘Ί‚Q|‚Q","1009","—Ρ‹Ζo‰c‘Μ_v","o‰c‘Μ","1"
"1318","’·–μ§_—§‰Θ’¬_–{–q‘Ί‚Q|‚Q","1010","—Ρ‹Ζo‰c‘Μ_Βlo‰c","o‰c‘Μ","-"
"1318","’·–μ§_—§‰Θ’¬_–{–q‘Ί‚Q|‚Q","1011","—Ρ‹Ζo‰c‘Μ_’c‘Μo‰c","o‰c‘Μ","1"
"1318","’·–μ§_—§‰Θ’¬_–{–q‘Ί‚Q|‚Q","1012","—Ρ‹Ζo‰c‘Μ_’c‘Μo‰c_–@lo‰c","o‰c‘Μ","-"
"1319","’·–μ§_Β–Ψ‘Ί","1001","”_—Ρ‹Ζo‰c‘Μ_v","o‰c‘Μ","145"
"1319","’·–μ§_Β–Ψ‘Ί","1002","”_—Ρ‹Ζo‰c‘Μ_Βlo‰c","o‰c‘Μ","132"
"1319","’·–μ§_Β–Ψ‘Ί","1003","”_—Ρ‹Ζo‰c‘Μ_’c‘Μo‰c","o‰c‘Μ","13"
"1319","’·–μ§_Β–Ψ‘Ί","1004","”_—Ρ‹Ζo‰c‘Μ_’c‘Μo‰c_–@lo‰c","o‰c‘Μ","4"
"1319","’·–μ§_Β–Ψ‘Ί","1005","”_‹Ζo‰c‘Μ_v","o‰c‘Μ","135"
"1319","’·–μ§_Β–Ψ‘Ί","1006","”_‹Ζo‰c‘Μ_Βlo‰c","o‰c‘Μ","130"
"1319","’·–μ§_Β–Ψ‘Ί","1007","”_‹Ζo‰c‘Μ_’c‘Μo‰c","o‰c‘Μ","5"
"1319","’·–μ§_Β–Ψ‘Ί","1008","”_‹Ζo‰c‘Μ_’c‘Μo‰c_–@lo‰c","o‰c‘Μ","2"
"1319","’·–μ§_Β–Ψ‘Ί","1009","—Ρ‹Ζo‰c‘Μ_v","o‰c‘Μ","16"
"1319","’·–μ§_Β–Ψ‘Ί","1010","—Ρ‹Ζo‰c‘Μ_Βlo‰c","o‰c‘Μ","8"
"1319","’·–μ§_Β–Ψ‘Ί","1011","—Ρ‹Ζo‰c‘Μ_’c‘Μo‰c","o‰c‘Μ","8"
"1319","’·–μ§_Β–Ψ‘Ί","1012","—Ρ‹Ζo‰c‘Μ_’c‘Μo‰c_–@lo‰c","o‰c‘Μ","2"
"1320","’·–μ§_Β–Ψ‘Ί_Β–Ψ‘Ί","1001","”_—Ρ‹Ζo‰c‘Μ_v","o‰c‘Μ","114"
"1320","’·–μ§_Β–Ψ‘Ί_Β–Ψ‘Ί","1002","”_—Ρ‹Ζo‰c‘Μ_Βlo‰c","o‰c‘Μ","103"
"1320","’·–μ§_Β–Ψ‘Ί_Β–Ψ‘Ί","1003","”_—Ρ‹Ζo‰c‘Μ_’c‘Μo‰c","o‰c‘Μ","11"
"1320","’·–μ§_Β–Ψ‘Ί_Β–Ψ‘Ί","1004","”_—Ρ‹Ζo‰c‘Μ_’c‘Μo‰c_–@lo‰c","o‰c‘Μ","4"
"1320","’·–μ§_Β–Ψ‘Ί_Β–Ψ‘Ί","1005","”_‹Ζo‰c‘Μ_v","o‰c‘Μ","104"
"1320","’·–μ§_Β–Ψ‘Ί_Β–Ψ‘Ί","1006","”_‹Ζo‰c‘Μ_Βlo‰c","o‰c‘Μ","101"
"1320","’·–μ§_Β–Ψ‘Ί_Β–Ψ‘Ί","1007","”_‹Ζo‰c‘Μ_’c‘Μo‰c","o‰c‘Μ","3"
"1320","’·–μ§_Β–Ψ‘Ί_Β–Ψ‘Ί","1008","”_‹Ζo‰c‘Μ_’c‘Μo‰c_–@lo‰c","o‰c‘Μ","2"
"1320","’·–μ§_Β–Ψ‘Ί_Β–Ψ‘Ί","1009","—Ρ‹Ζo‰c‘Μ_v","o‰c‘Μ","16"
"1320","’·–μ§_Β–Ψ‘Ί_Β–Ψ‘Ί","1010","—Ρ‹Ζo‰c‘Μ_Βlo‰c","o‰c‘Μ","8"
"1320","’·–μ§_Β–Ψ‘Ί_Β–Ψ‘Ί","1011","—Ρ‹Ζo‰c‘Μ_’c‘Μo‰c","o‰c‘Μ","8"
"1320","’·–μ§_Β–Ψ‘Ί_Β–Ψ‘Ί","1012","—Ρ‹Ζo‰c‘Μ_’c‘Μo‰c_–@lo‰c","o‰c‘Μ","2"
"1321","’·–μ§_Β–Ψ‘Ί_‰Y—Ά‘Ί‚Q|‚Q","1001","”_—Ρ‹Ζo‰c‘Μ_v","o‰c‘Μ","31"
"1321","’·–μ§_Β–Ψ‘Ί_‰Y—Ά‘Ί‚Q|‚Q","1002","”_—Ρ‹Ζo‰c‘Μ_Βlo‰c","o‰c‘Μ","29"
"1321","’·–μ§_Β–Ψ‘Ί_‰Y—Ά‘Ί‚Q|‚Q","1003","”_—Ρ‹Ζo‰c‘Μ_’c‘Μo‰c","o‰c‘Μ","2"
"1321","’·–μ§_Β–Ψ‘Ί_‰Y—Ά‘Ί‚Q|‚Q","1004","”_—Ρ‹Ζo‰c‘Μ_’c‘Μo‰c_–@lo‰c","o‰c‘Μ","-"
"1321","’·–μ§_Β–Ψ‘Ί_‰Y—Ά‘Ί‚Q|‚Q","1005","”_‹Ζo‰c‘Μ_v","o‰c‘Μ","31"
"1321","’·–μ§_Β–Ψ‘Ί_‰Y—Ά‘Ί‚Q|‚Q","1006","”_‹Ζo‰c‘Μ_Βlo‰c","o‰c‘Μ","29"
"1321","’·–μ§_Β–Ψ‘Ί_‰Y—Ά‘Ί‚Q|‚Q","1007","”_‹Ζo‰c‘Μ_’c‘Μo‰c","o‰c‘Μ","2"
"1321","’·–μ§_Β–Ψ‘Ί_‰Y—Ά‘Ί‚Q|‚Q","1008","”_‹Ζo‰c‘Μ_’c‘Μo‰c_–@lo‰c","o‰c‘Μ","-"
"1321","’·–μ§_Β–Ψ‘Ί_‰Y—Ά‘Ί‚Q|‚Q","1009","—Ρ‹Ζo‰c‘Μ_v","o‰c‘Μ","-"
"1321","’·–μ§_Β–Ψ‘Ί_‰Y—Ά‘Ί‚Q|‚Q","1010","—Ρ‹Ζo‰c‘Μ_Βlo‰c","o‰c‘Μ","-"
"1321","’·–μ§_Β–Ψ‘Ί_‰Y—Ά‘Ί‚Q|‚Q","1011","—Ρ‹Ζo‰c‘Μ_’c‘Μo‰c","o‰c‘Μ","-"
"1321","’·–μ§_Β–Ψ‘Ί_‰Y—Ά‘Ί‚Q|‚Q","1012","—Ρ‹Ζo‰c‘Μ_’c‘Μo‰c_–@lo‰c","o‰c‘Μ","-"
"1322","’·–μ§_’·a’¬","1001","”_—Ρ‹Ζo‰c‘Μ_v","o‰c‘Μ","164"
"1322","’·–μ§_’·a’¬","1002","”_—Ρ‹Ζo‰c‘Μ_Βlo‰c","o‰c‘Μ","143"
"1322","’·–μ§_’·a’¬","1003","”_—Ρ‹Ζo‰c‘Μ_’c‘Μo‰c","o‰c‘Μ","21"
"1322","’·–μ§_’·a’¬","1004","”_—Ρ‹Ζo‰c‘Μ_’c‘Μo‰c_–@lo‰c","o‰c‘Μ","13"
"1322","’·–μ§_’·a’¬","1005","”_‹Ζo‰c‘Μ_v","o‰c‘Μ","153"
"1322","’·–μ§_’·a’¬","1006","”_‹Ζo‰c‘Μ_Βlo‰c","o‰c‘Μ","140"
"1322","’·–μ§_’·a’¬","1007","”_‹Ζo‰c‘Μ_’c‘Μo‰c","o‰c‘Μ","13"
"1322","’·–μ§_’·a’¬","1008","”_‹Ζo‰c‘Μ_’c‘Μo‰c_–@lo‰c","o‰c‘Μ","12"
"1322","’·–μ§_’·a’¬","1009","—Ρ‹Ζo‰c‘Μ_v","o‰c‘Μ","16"
"1322","’·–μ§_’·a’¬","1010","—Ρ‹Ζo‰c‘Μ_Βlo‰c","o‰c‘Μ","8"
"1322","’·–μ§_’·a’¬","1011","—Ρ‹Ζo‰c‘Μ_’c‘Μo‰c","o‰c‘Μ","8"
"1322","’·–μ§_’·a’¬","1012","—Ρ‹Ζo‰c‘Μ_’c‘Μo‰c_–@lo‰c","o‰c‘Μ","1"
"1323","’·–μ§_’·a’¬_‘ε–ε‘Ί","1001","”_—Ρ‹Ζo‰c‘Μ_v","o‰c‘Μ","39"
"1323","’·–μ§_’·a’¬_‘ε–ε‘Ί","1002","”_—Ρ‹Ζo‰c‘Μ_Βlo‰c","o‰c‘Μ","31"
"1323","’·–μ§_’·a’¬_‘ε–ε‘Ί","1003","”_—Ρ‹Ζo‰c‘Μ_’c‘Μo‰c","o‰c‘Μ","8"
"1323","’·–μ§_’·a’¬_‘ε–ε‘Ί","1004","”_—Ρ‹Ζo‰c‘Μ_’c‘Μo‰c_–@lo‰c","o‰c‘Μ","4"
"1323","’·–μ§_’·a’¬_‘ε–ε‘Ί","1005","”_‹Ζo‰c‘Μ_v","o‰c‘Μ","35"
"1323","’·–μ§_’·a’¬_‘ε–ε‘Ί","1006","”_‹Ζo‰c‘Μ_Βlo‰c","o‰c‘Μ","31"
"1323","’·–μ§_’·a’¬_‘ε–ε‘Ί","1007","”_‹Ζo‰c‘Μ_’c‘Μo‰c","o‰c‘Μ","4"
"1323","’·–μ§_’·a’¬_‘ε–ε‘Ί","1008","”_‹Ζo‰c‘Μ_’c‘Μo‰c_–@lo‰c","o‰c‘Μ","4"
"1323","’·–μ§_’·a’¬_‘ε–ε‘Ί","1009","—Ρ‹Ζo‰c‘Μ_v","o‰c‘Μ","9"
"1323","’·–μ§_’·a’¬_‘ε–ε‘Ί","1010","—Ρ‹Ζo‰c‘Μ_Βlo‰c","o‰c‘Μ","5"
"1323","’·–μ§_’·a’¬_‘ε–ε‘Ί","1011","—Ρ‹Ζo‰c‘Μ_’c‘Μo‰c","o‰c‘Μ","4"
"1323","’·–μ§_’·a’¬_‘ε–ε‘Ί","1012","—Ρ‹Ζo‰c‘Μ_’c‘Μo‰c_–@lo‰c","o‰c‘Μ","-"
"1324","’·–μ§_’·a’¬_’·‹v•ΫV’¬","1001","”_—Ρ‹Ζo‰c‘Μ_v","o‰c‘Μ","26"
"1324","’·–μ§_’·a’¬_’·‹v•ΫV’¬","1002","”_—Ρ‹Ζo‰c‘Μ_Βlo‰c","o‰c‘Μ","24"
"1324","’·–μ§_’·a’¬_’·‹v•ΫV’¬","1003","”_—Ρ‹Ζo‰c‘Μ_’c‘Μo‰c","o‰c‘Μ","2"
"1324","’·–μ§_’·a’¬_’·‹v•ΫV’¬","1004","”_—Ρ‹Ζo‰c‘Μ_’c‘Μo‰c_–@lo‰c","o‰c‘Μ","1"
"1324","’·–μ§_’·a’¬_’·‹v•ΫV’¬","1005","”_‹Ζo‰c‘Μ_v","o‰c‘Μ","24"
"1324","’·–μ§_’·a’¬_’·‹v•ΫV’¬","1006","”_‹Ζo‰c‘Μ_Βlo‰c","o‰c‘Μ","23"
"1324","’·–μ§_’·a’¬_’·‹v•ΫV’¬","1007","”_‹Ζo‰c‘Μ_’c‘Μo‰c","o‰c‘Μ","1"
"1324","’·–μ§_’·a’¬_’·‹v•ΫV’¬","1008","”_‹Ζo‰c‘Μ_’c‘Μo‰c_–@lo‰c","o‰c‘Μ","1"
"1324","’·–μ§_’·a’¬_’·‹v•ΫV’¬","1009","—Ρ‹Ζo‰c‘Μ_v","o‰c‘Μ","2"
"1324","’·–μ§_’·a’¬_’·‹v•ΫV’¬","1010","—Ρ‹Ζo‰c‘Μ_Βlo‰c","o‰c‘Μ","1"
"1324","’·–μ§_’·a’¬_’·‹v•ΫV’¬","1011","—Ρ‹Ζo‰c‘Μ_’c‘Μo‰c","o‰c‘Μ","1"
"1324","’·–μ§_’·a’¬_’·‹v•ΫV’¬","1012","—Ρ‹Ζo‰c‘Μ_’c‘Μo‰c_–@lo‰c","o‰c‘Μ","-"
"1325","’·–μ§_’·a’¬_’·EΓ’¬","1001","”_—Ρ‹Ζo‰c‘Μ_v","o‰c‘Μ","40"
"1325","’·–μ§_’·a’¬_’·EΓ’¬","1002","”_—Ρ‹Ζo‰c‘Μ_Βlo‰c","o‰c‘Μ","34"
"1325","’·–μ§_’·a’¬_’·EΓ’¬","1003","”_—Ρ‹Ζo‰c‘Μ_’c‘Μo‰c","o‰c‘Μ","6"
"1325","’·–μ§_’·a’¬_’·EΓ’¬","1004","”_—Ρ‹Ζo‰c‘Μ_’c‘Μo‰c_–@lo‰c","o‰c‘Μ","5"
"1325","’·–μ§_’·a’¬_’·EΓ’¬","1005","”_‹Ζo‰c‘Μ_v","o‰c‘Μ","38"
"1325","’·–μ§_’·a’¬_’·EΓ’¬","1006","”_‹Ζo‰c‘Μ_Βlo‰c","o‰c‘Μ","34"
"1325","’·–μ§_’·a’¬_’·EΓ’¬","1007","”_‹Ζo‰c‘Μ_’c‘Μo‰c","o‰c‘Μ","4"
"1325","’·–μ§_’·a’¬_’·EΓ’¬","1008","”_‹Ζo‰c‘Μ_’c‘Μo‰c_–@lo‰c","o‰c‘Μ","4"
"1325","’·–μ§_’·a’¬_’·EΓ’¬","1009","—Ρ‹Ζo‰c‘Μ_v","o‰c‘Μ","2"
"1325","’·–μ§_’·a’¬_’·EΓ’¬","1010","—Ρ‹Ζo‰c‘Μ_Βlo‰c","o‰c‘Μ","-"
"1325","’·–μ§_’·a’¬_’·EΓ’¬","1011","—Ρ‹Ζo‰c‘Μ_’c‘Μo‰c","o‰c‘Μ","2"
"1325","’·–μ§_’·a’¬_’·EΓ’¬","1012","—Ρ‹Ζo‰c‘Μ_’c‘Μo‰c_–@lo‰c","o‰c‘Μ","1"
"1326","’·–μ§_’·a’¬_a“c‘Ί","1001","”_—Ρ‹Ζo‰c‘Μ_v","o‰c‘Μ","59"
"1326","’·–μ§_’·a’¬_a“c‘Ί","1002","”_—Ρ‹Ζo‰c‘Μ_Βlo‰c","o‰c‘Μ","54"
"1326","’·–μ§_’·a’¬_a“c‘Ί","1003","”_—Ρ‹Ζo‰c‘Μ_’c‘Μo‰c","o‰c‘Μ","5"
"1326","’·–μ§_’·a’¬_a“c‘Ί","1004","”_—Ρ‹Ζo‰c‘Μ_’c‘Μo‰c_–@lo‰c","o‰c‘Μ","3"
"1326","’·–μ§_’·a’¬_a“c‘Ί","1005","”_‹Ζo‰c‘Μ_v","o‰c‘Μ","56"
"1326","’·–μ§_’·a’¬_a“c‘Ί","1006","”_‹Ζo‰c‘Μ_Βlo‰c","o‰c‘Μ","52"
"1326","’·–μ§_’·a’¬_a“c‘Ί","1007","”_‹Ζo‰c‘Μ_’c‘Μo‰c","o‰c‘Μ","4"
"1326","’·–μ§_’·a’¬_a“c‘Ί","1008","”_‹Ζo‰c‘Μ_’c‘Μo‰c_–@lo‰c","o‰c‘Μ","3"
"1326","’·–μ§_’·a’¬_a“c‘Ί","1009","—Ρ‹Ζo‰c‘Μ_v","o‰c‘Μ","3"
"1326","’·–μ§_’·a’¬_a“c‘Ί","1010","—Ρ‹Ζo‰c‘Μ_Βlo‰c","o‰c‘Μ","2"
"1326","’·–μ§_’·a’¬_a“c‘Ί","1011","—Ρ‹Ζo‰c‘Μ_’c‘Μo‰c","o‰c‘Μ","1"
"1326","’·–μ§_’·a’¬_a“c‘Ί","1012","—Ρ‹Ζo‰c‘Μ_’c‘Μo‰c_–@lo‰c","o‰c‘Μ","-"
"1327","’·–μ§_‰Ίz–K’¬","1001","”_—Ρ‹Ζo‰c‘Μ_v","o‰c‘Μ","17"
"1327","’·–μ§_‰Ίz–K’¬","1002","”_—Ρ‹Ζo‰c‘Μ_Βlo‰c","o‰c‘Μ","17"
"1327","’·–μ§_‰Ίz–K’¬","1003","”_—Ρ‹Ζo‰c‘Μ_’c‘Μo‰c","o‰c‘Μ","-"
"1327","’·–μ§_‰Ίz–K’¬","1004","”_—Ρ‹Ζo‰c‘Μ_’c‘Μo‰c_–@lo‰c","o‰c‘Μ","-"
"1327","’·–μ§_‰Ίz–K’¬","1005","”_‹Ζo‰c‘Μ_v","o‰c‘Μ","17"
"1327","’·–μ§_‰Ίz–K’¬","1006","”_‹Ζo‰c‘Μ_Βlo‰c","o‰c‘Μ","17"
"1327","’·–μ§_‰Ίz–K’¬","1007","”_‹Ζo‰c‘Μ_’c‘Μo‰c","o‰c‘Μ","-"
"1327","’·–μ§_‰Ίz–K’¬","1008","”_‹Ζo‰c‘Μ_’c‘Μo‰c_–@lo‰c","o‰c‘Μ","-"
"1327","’·–μ§_‰Ίz–K’¬","1009","—Ρ‹Ζo‰c‘Μ_v","o‰c‘Μ","-"
"1327","’·–μ§_‰Ίz–K’¬","1010","—Ρ‹Ζo‰c‘Μ_Βlo‰c","o‰c‘Μ","-"
"1327","’·–μ§_‰Ίz–K’¬","1011","—Ρ‹Ζo‰c‘Μ_’c‘Μo‰c","o‰c‘Μ","-"
"1327","’·–μ§_‰Ίz–K’¬","1012","—Ρ‹Ζo‰c‘Μ_’c‘Μo‰c_–@lo‰c","o‰c‘Μ","-"
"1328","’·–μ§_‰Ίz–K’¬_‰Ίz–K’¬","1001","”_—Ρ‹Ζo‰c‘Μ_v","o‰c‘Μ","16"
"1328","’·–μ§_‰Ίz–K’¬_‰Ίz–K’¬","1002","”_—Ρ‹Ζo‰c‘Μ_Βlo‰c","o‰c‘Μ","16"
"1328","’·–μ§_‰Ίz–K’¬_‰Ίz–K’¬","1003","”_—Ρ‹Ζo‰c‘Μ_’c‘Μo‰c","o‰c‘Μ","-"
"1328","’·–μ§_‰Ίz–K’¬_‰Ίz–K’¬","1004","”_—Ρ‹Ζo‰c‘Μ_’c‘Μo‰c_–@lo‰c","o‰c‘Μ","-"
"1328","’·–μ§_‰Ίz–K’¬_‰Ίz–K’¬","1005","”_‹Ζo‰c‘Μ_v","o‰c‘Μ","16"
"1328","’·–μ§_‰Ίz–K’¬_‰Ίz–K’¬","1006","”_‹Ζo‰c‘Μ_Βlo‰c","o‰c‘Μ","16"
"1328","’·–μ§_‰Ίz–K’¬_‰Ίz–K’¬","1007","”_‹Ζo‰c‘Μ_’c‘Μo‰c","o‰c‘Μ","-"
"1328","’·–μ§_‰Ίz–K’¬_‰Ίz–K’¬","1008","”_‹Ζo‰c‘Μ_’c‘Μo‰c_–@lo‰c","o‰c‘Μ","-"
"1328","’·–μ§_‰Ίz–K’¬_‰Ίz–K’¬","1009","—Ρ‹Ζo‰c‘Μ_v","o‰c‘Μ","-"
"1328","’·–μ§_‰Ίz–K’¬_‰Ίz–K’¬","1010","—Ρ‹Ζo‰c‘Μ_Βlo‰c","o‰c‘Μ","-"
"1328","’·–μ§_‰Ίz–K’¬_‰Ίz–K’¬","1011","—Ρ‹Ζo‰c‘Μ_’c‘Μo‰c","o‰c‘Μ","-"
"1328","’·–μ§_‰Ίz–K’¬_‰Ίz–K’¬","1012","—Ρ‹Ζo‰c‘Μ_’c‘Μo‰c_–@lo‰c","o‰c‘Μ","-"
"1329","’·–μ§_‰Ίz–K’¬_’·’n‘Ί‚Q|‚Q","1001","”_—Ρ‹Ζo‰c‘Μ_v","o‰c‘Μ","1"
"1329","’·–μ§_‰Ίz–K’¬_’·’n‘Ί‚Q|‚Q","1002","”_—Ρ‹Ζo‰c‘Μ_Βlo‰c","o‰c‘Μ","1"
"1329","’·–μ§_‰Ίz–K’¬_’·’n‘Ί‚Q|‚Q","1003","”_—Ρ‹Ζo‰c‘Μ_’c‘Μo‰c","o‰c‘Μ","-"
"1329","’·–μ§_‰Ίz–K’¬_’·’n‘Ί‚Q|‚Q","1004","”_—Ρ‹Ζo‰c‘Μ_’c‘Μo‰c_–@lo‰c","o‰c‘Μ","-"
"1329","’·–μ§_‰Ίz–K’¬_’·’n‘Ί‚Q|‚Q","1005","”_‹Ζo‰c‘Μ_v","o‰c‘Μ","1"
"1329","’·–μ§_‰Ίz–K’¬_’·’n‘Ί‚Q|‚Q","1006","”_‹Ζo‰c‘Μ_Βlo‰c","o‰c‘Μ","1"
"1329","’·–μ§_‰Ίz–K’¬_’·’n‘Ί‚Q|‚Q","1007","”_‹Ζo‰c‘Μ_’c‘Μo‰c","o‰c‘Μ","-"
"1329","’·–μ§_‰Ίz–K’¬_’·’n‘Ί‚Q|‚Q","1008","”_‹Ζo‰c‘Μ_’c‘Μo‰c_–@lo‰c","o‰c‘Μ","-"
"1329","’·–μ§_‰Ίz–K’¬_’·’n‘Ί‚Q|‚Q","1009","—Ρ‹Ζo‰c‘Μ_v","o‰c‘Μ","-"
"1329","’·–μ§_‰Ίz–K’¬_’·’n‘Ί‚Q|‚Q","1010","—Ρ‹Ζo‰c‘Μ_Βlo‰c","o‰c‘Μ","-"
"1329","’·–μ§_‰Ίz–K’¬_’·’n‘Ί‚Q|‚Q","1011","—Ρ‹Ζo‰c‘Μ_’c‘Μo‰c","o‰c‘Μ","-"
"1329","’·–μ§_‰Ίz–K’¬_’·’n‘Ί‚Q|‚Q","1012","—Ρ‹Ζo‰c‘Μ_’c‘Μo‰c_–@lo‰c","o‰c‘Μ","-"
"1330","’·–μ§_•xm©’¬","1001","”_—Ρ‹Ζo‰c‘Μ_v","o‰c‘Μ","478"
"1330","’·–μ§_•xm©’¬","1002","”_—Ρ‹Ζo‰c‘Μ_Βlo‰c","o‰c‘Μ","452"
"1330","’·–μ§_•xm©’¬","1003","”_—Ρ‹Ζo‰c‘Μ_’c‘Μo‰c","o‰c‘Μ","26"
"1330","’·–μ§_•xm©’¬","1004","”_—Ρ‹Ζo‰c‘Μ_’c‘Μo‰c_–@lo‰c","o‰c‘Μ","23"
"1330","’·–μ§_•xm©’¬","1005","”_‹Ζo‰c‘Μ_v","o‰c‘Μ","469"
"1330","’·–μ§_•xm©’¬","1006","”_‹Ζo‰c‘Μ_Βlo‰c","o‰c‘Μ","451"
"1330","’·–μ§_•xm©’¬","1007","”_‹Ζo‰c‘Μ_’c‘Μo‰c","o‰c‘Μ","18"
"1330","’·–μ§_•xm©’¬","1008","”_‹Ζo‰c‘Μ_’c‘Μo‰c_–@lo‰c","o‰c‘Μ","18"
"1330","’·–μ§_•xm©’¬","1009","—Ρ‹Ζo‰c‘Μ_v","o‰c‘Μ","15"
"1330","’·–μ§_•xm©’¬","1010","—Ρ‹Ζo‰c‘Μ_Βlo‰c","o‰c‘Μ","7"
"1330","’·–μ§_•xm©’¬","1011","—Ρ‹Ζo‰c‘Μ_’c‘Μo‰c","o‰c‘Μ","8"
"1330","’·–μ§_•xm©’¬","1012","—Ρ‹Ζo‰c‘Μ_’c‘Μo‰c_–@lo‰c","o‰c‘Μ","5"
"1331","’·–μ§_•xm©’¬_•xm©‘Ί","1001","”_—Ρ‹Ζo‰c‘Μ_v","o‰c‘Μ","85"
"1331","’·–μ§_•xm©’¬_•xm©‘Ί","1002","”_—Ρ‹Ζo‰c‘Μ_Βlo‰c","o‰c‘Μ","76"
"1331","’·–μ§_•xm©’¬_•xm©‘Ί","1003","”_—Ρ‹Ζo‰c‘Μ_’c‘Μo‰c","o‰c‘Μ","9"
"1331","’·–μ§_•xm©’¬_•xm©‘Ί","1004","”_—Ρ‹Ζo‰c‘Μ_’c‘Μo‰c_–@lo‰c","o‰c‘Μ","8"
"1331","’·–μ§_•xm©’¬_•xm©‘Ί","1005","”_‹Ζo‰c‘Μ_v","o‰c‘Μ","82"
"1331","’·–μ§_•xm©’¬_•xm©‘Ί","1006","”_‹Ζo‰c‘Μ_Βlo‰c","o‰c‘Μ","76"
"1331","’·–μ§_•xm©’¬_•xm©‘Ί","1007","”_‹Ζo‰c‘Μ_’c‘Μo‰c","o‰c‘Μ","6"
"1331","’·–μ§_•xm©’¬_•xm©‘Ί","1008","”_‹Ζo‰c‘Μ_’c‘Μo‰c_–@lo‰c","o‰c‘Μ","6"
"1331","’·–μ§_•xm©’¬_•xm©‘Ί","1009","—Ρ‹Ζo‰c‘Μ_v","o‰c‘Μ","5"
"1331","’·–μ§_•xm©’¬_•xm©‘Ί","1010","—Ρ‹Ζo‰c‘Μ_Βlo‰c","o‰c‘Μ","2"
"1331","’·–μ§_•xm©’¬_•xm©‘Ί","1011","—Ρ‹Ζo‰c‘Μ_’c‘Μo‰c","o‰c‘Μ","3"
"1331","’·–μ§_•xm©’¬_•xm©‘Ί","1012","—Ρ‹Ζo‰c‘Μ_’c‘Μo‰c_–@lo‰c","o‰c‘Μ","2"
"1332","’·–μ§_•xm©’¬_–{‹½‘Ί","1001","”_—Ρ‹Ζo‰c‘Μ_v","o‰c‘Μ","188"
"1332","’·–μ§_•xm©’¬_–{‹½‘Ί","1002","”_—Ρ‹Ζo‰c‘Μ_Βlo‰c","o‰c‘Μ","178"
"1332","’·–μ§_•xm©’¬_–{‹½‘Ί","1003","”_—Ρ‹Ζo‰c‘Μ_’c‘Μo‰c","o‰c‘Μ","10"
"1332","’·–μ§_•xm©’¬_–{‹½‘Ί","1004","”_—Ρ‹Ζo‰c‘Μ_’c‘Μo‰c_–@lo‰c","o‰c‘Μ","9"
"1332","’·–μ§_•xm©’¬_–{‹½‘Ί","1005","”_‹Ζo‰c‘Μ_v","o‰c‘Μ","186"
"1332","’·–μ§_•xm©’¬_–{‹½‘Ί","1006","”_‹Ζo‰c‘Μ_Βlo‰c","o‰c‘Μ","177"
"1332","’·–μ§_•xm©’¬_–{‹½‘Ί","1007","”_‹Ζo‰c‘Μ_’c‘Μo‰c","o‰c‘Μ","9"
"1332","’·–μ§_•xm©’¬_–{‹½‘Ί","1008","”_‹Ζo‰c‘Μ_’c‘Μo‰c_–@lo‰c","o‰c‘Μ","9"
"1332","’·–μ§_•xm©’¬_–{‹½‘Ί","1009","—Ρ‹Ζo‰c‘Μ_v","o‰c‘Μ","4"
"1332","’·–μ§_•xm©’¬_–{‹½‘Ί","1010","—Ρ‹Ζo‰c‘Μ_Βlo‰c","o‰c‘Μ","3"
"1332","’·–μ§_•xm©’¬_–{‹½‘Ί","1011","—Ρ‹Ζo‰c‘Μ_’c‘Μo‰c","o‰c‘Μ","1"
"1332","’·–μ§_•xm©’¬_–{‹½‘Ί","1012","—Ρ‹Ζo‰c‘Μ_’c‘Μo‰c_–@lo‰c","o‰c‘Μ","-"
"1333","’·–μ§_•xm©’¬_—‡‘Ί","1001","”_—Ρ‹Ζo‰c‘Μ_v","o‰c‘Μ","126"
"1333","’·–μ§_•xm©’¬_—‡‘Ί","1002","”_—Ρ‹Ζo‰c‘Μ_Βlo‰c","o‰c‘Μ","122"
"1333","’·–μ§_•xm©’¬_—‡‘Ί","1003","”_—Ρ‹Ζo‰c‘Μ_’c‘Μo‰c","o‰c‘Μ","4"
"1333","’·–μ§_•xm©’¬_—‡‘Ί","1004","”_—Ρ‹Ζo‰c‘Μ_’c‘Μo‰c_–@lo‰c","o‰c‘Μ","4"
"1333","’·–μ§_•xm©’¬_—‡‘Ί","1005","”_‹Ζo‰c‘Μ_v","o‰c‘Μ","123"
"1333","’·–μ§_•xm©’¬_—‡‘Ί","1006","”_‹Ζo‰c‘Μ_Βlo‰c","o‰c‘Μ","122"
"1333","’·–μ§_•xm©’¬_—‡‘Ί","1007","”_‹Ζo‰c‘Μ_’c‘Μo‰c","o‰c‘Μ","1"
"1333","’·–μ§_•xm©’¬_—‡‘Ί","1008","”_‹Ζo‰c‘Μ_’c‘Μo‰c_–@lo‰c","o‰c‘Μ","1"
"1333","’·–μ§_•xm©’¬_—‡‘Ί","1009","—Ρ‹Ζo‰c‘Μ_v","o‰c‘Μ","4"
"1333","’·–μ§_•xm©’¬_—‡‘Ί","1010","—Ρ‹Ζo‰c‘Μ_Βlo‰c","o‰c‘Μ","1"
"1333","’·–μ§_•xm©’¬_—‡‘Ί","1011","—Ρ‹Ζo‰c‘Μ_’c‘Μo‰c","o‰c‘Μ","3"
"1333","’·–μ§_•xm©’¬_—‡‘Ί","1012","—Ρ‹Ζo‰c‘Μ_’c‘Μo‰c_–@lo‰c","o‰c‘Μ","3"
"1334","’·–μ§_•xm©’¬_‹«‘Ί","1001","”_—Ρ‹Ζo‰c‘Μ_v","o‰c‘Μ","79"
"1334","’·–μ§_•xm©’¬_‹«‘Ί","1002","”_—Ρ‹Ζo‰c‘Μ_Βlo‰c","o‰c‘Μ","76"
"1334","’·–μ§_•xm©’¬_‹«‘Ί","1003","”_—Ρ‹Ζo‰c‘Μ_’c‘Μo‰c","o‰c‘Μ","3"
"1334","’·–μ§_•xm©’¬_‹«‘Ί","1004","”_—Ρ‹Ζo‰c‘Μ_’c‘Μo‰c_–@lo‰c","o‰c‘Μ","2"
"1334","’·–μ§_•xm©’¬_‹«‘Ί","1005","”_‹Ζo‰c‘Μ_v","o‰c‘Μ","78"
"1334","’·–μ§_•xm©’¬_‹«‘Ί","1006","”_‹Ζo‰c‘Μ_Βlo‰c","o‰c‘Μ","76"
"1334","’·–μ§_•xm©’¬_‹«‘Ί","1007","”_‹Ζo‰c‘Μ_’c‘Μo‰c","o‰c‘Μ","2"
"1334","’·–μ§_•xm©’¬_‹«‘Ί","1008","”_‹Ζo‰c‘Μ_’c‘Μo‰c_–@lo‰c","o‰c‘Μ","2"
"1334","’·–μ§_•xm©’¬_‹«‘Ί","1009","—Ρ‹Ζo‰c‘Μ_v","o‰c‘Μ","2"
"1334","’·–μ§_•xm©’¬_‹«‘Ί","1010","—Ρ‹Ζo‰c‘Μ_Βlo‰c","o‰c‘Μ","1"
"1334","’·–μ§_•xm©’¬_‹«‘Ί","1011","—Ρ‹Ζo‰c‘Μ_’c‘Μo‰c","o‰c‘Μ","1"
"1334","’·–μ§_•xm©’¬_‹«‘Ί","1012","—Ρ‹Ζo‰c‘Μ_’c‘Μo‰c_–@lo‰c","o‰c‘Μ","-"
"1335","’·–μ§_΄‘Ί","1001","”_—Ρ‹Ζo‰c‘Μ_v","o‰c‘Μ","415"
"1335","’·–μ§_΄‘Ί","1002","”_—Ρ‹Ζo‰c‘Μ_Βlo‰c","o‰c‘Μ","402"
"1335","’·–μ§_΄‘Ί","1003","”_—Ρ‹Ζo‰c‘Μ_’c‘Μo‰c","o‰c‘Μ","13"
"1335","’·–μ§_΄‘Ί","1004","”_—Ρ‹Ζo‰c‘Μ_’c‘Μo‰c_–@lo‰c","o‰c‘Μ","13"
"1335","’·–μ§_΄‘Ί","1005","”_‹Ζo‰c‘Μ_v","o‰c‘Μ","414"
"1335","’·–μ§_΄‘Ί","1006","”_‹Ζo‰c‘Μ_Βlo‰c","o‰c‘Μ","402"
"1335","’·–μ§_΄‘Ί","1007","”_‹Ζo‰c‘Μ_’c‘Μo‰c","o‰c‘Μ","12"
"1335","’·–μ§_΄‘Ί","1008","”_‹Ζo‰c‘Μ_’c‘Μo‰c_–@lo‰c","o‰c‘Μ","12"
"1335","’·–μ§_΄‘Ί","1009","—Ρ‹Ζo‰c‘Μ_v","o‰c‘Μ","1"
"1335","’·–μ§_΄‘Ί","1010","—Ρ‹Ζo‰c‘Μ_Βlo‰c","o‰c‘Μ","-"
"1335","’·–μ§_΄‘Ί","1011","—Ρ‹Ζo‰c‘Μ_’c‘Μo‰c","o‰c‘Μ","1"
"1335","’·–μ§_΄‘Ί","1012","—Ρ‹Ζo‰c‘Μ_’c‘Μo‰c_–@lo‰c","o‰c‘Μ","1"
"1336","’·–μ§_’C–μ’¬","1001","”_—Ρ‹Ζo‰c‘Μ_v","o‰c‘Μ","287"
"1336","’·–μ§_’C–μ’¬","1002","”_—Ρ‹Ζo‰c‘Μ_Βlo‰c","o‰c‘Μ","258"
"1336","’·–μ§_’C–μ’¬","1003","”_—Ρ‹Ζo‰c‘Μ_’c‘Μo‰c","o‰c‘Μ","29"
"1336","’·–μ§_’C–μ’¬","1004","”_—Ρ‹Ζo‰c‘Μ_’c‘Μo‰c_–@lo‰c","o‰c‘Μ","13"
"1336","’·–μ§_’C–μ’¬","1005","”_‹Ζo‰c‘Μ_v","o‰c‘Μ","262"
"1336","’·–μ§_’C–μ’¬","1006","”_‹Ζo‰c‘Μ_Βlo‰c","o‰c‘Μ","257"
"1336","’·–μ§_’C–μ’¬","1007","”_‹Ζo‰c‘Μ_’c‘Μo‰c","o‰c‘Μ","5"
"1336","’·–μ§_’C–μ’¬","1008","”_‹Ζo‰c‘Μ_’c‘Μo‰c_–@lo‰c","o‰c‘Μ","4"
"1336","’·–μ§_’C–μ’¬","1009","—Ρ‹Ζo‰c‘Μ_v","o‰c‘Μ","27"
"1336","’·–μ§_’C–μ’¬","1010","—Ρ‹Ζo‰c‘Μ_Βlo‰c","o‰c‘Μ","3"
"1336","’·–μ§_’C–μ’¬","1011","—Ρ‹Ζo‰c‘Μ_’c‘Μo‰c","o‰c‘Μ","24"
"1336","’·–μ§_’C–μ’¬","1012","—Ρ‹Ζo‰c‘Μ_’c‘Μo‰c_–@lo‰c","o‰c‘Μ","9"
"1337","’·–μ§_’C–μ’¬_’C–μ’¬","1001","”_—Ρ‹Ζo‰c‘Μ_v","o‰c‘Μ","127"
"1337","’·–μ§_’C–μ’¬_’C–μ’¬","1002","”_—Ρ‹Ζo‰c‘Μ_Βlo‰c","o‰c‘Μ","115"
"1337","’·–μ§_’C–μ’¬_’C–μ’¬","1003","”_—Ρ‹Ζo‰c‘Μ_’c‘Μo‰c","o‰c‘Μ","12"
"1337","’·–μ§_’C–μ’¬_’C–μ’¬","1004","”_—Ρ‹Ζo‰c‘Μ_’c‘Μo‰c_–@lo‰c","o‰c‘Μ","7"
"1337","’·–μ§_’C–μ’¬_’C–μ’¬","1005","”_‹Ζo‰c‘Μ_v","o‰c‘Μ","115"
"1337","’·–μ§_’C–μ’¬_’C–μ’¬","1006","”_‹Ζo‰c‘Μ_Βlo‰c","o‰c‘Μ","114"
"1337","’·–μ§_’C–μ’¬_’C–μ’¬","1007","”_‹Ζo‰c‘Μ_’c‘Μo‰c","o‰c‘Μ","1"
"1337","’·–μ§_’C–μ’¬_’C–μ’¬","1008","”_‹Ζo‰c‘Μ_’c‘Μo‰c_–@lo‰c","o‰c‘Μ","1"
"1337","’·–μ§_’C–μ’¬_’C–μ’¬","1009","—Ρ‹Ζo‰c‘Μ_v","o‰c‘Μ","12"
"1337","’·–μ§_’C–μ’¬_’C–μ’¬","1010","—Ρ‹Ζo‰c‘Μ_Βlo‰c","o‰c‘Μ","1"
"1337","’·–μ§_’C–μ’¬_’C–μ’¬","1011","—Ρ‹Ζo‰c‘Μ_’c‘Μo‰c","o‰c‘Μ","11"
"1337","’·–μ§_’C–μ’¬_’C–μ’¬","1012","—Ρ‹Ζo‰c‘Μ_’c‘Μo‰c_–@lo‰c","o‰c‘Μ","6"
"1338","’·–μ§_’C–μ’¬_’©“ϊ‘Ί","1001","”_—Ρ‹Ζo‰c‘Μ_v","o‰c‘Μ","90"
"1338","’·–μ§_’C–μ’¬_’©“ϊ‘Ί","1002","”_—Ρ‹Ζo‰c‘Μ_Βlo‰c","o‰c‘Μ","84"
"1338","’·–μ§_’C–μ’¬_’©“ϊ‘Ί","1003","”_—Ρ‹Ζo‰c‘Μ_’c‘Μo‰c","o‰c‘Μ","6"
"1338","’·–μ§_’C–μ’¬_’©“ϊ‘Ί","1004","”_—Ρ‹Ζo‰c‘Μ_’c‘Μo‰c_–@lo‰c","o‰c‘Μ","6"
"1338","’·–μ§_’C–μ’¬_’©“ϊ‘Ί","1005","”_‹Ζo‰c‘Μ_v","o‰c‘Μ","87"
"1338","’·–μ§_’C–μ’¬_’©“ϊ‘Ί","1006","”_‹Ζo‰c‘Μ_Βlo‰c","o‰c‘Μ","84"
"1338","’·–μ§_’C–μ’¬_’©“ϊ‘Ί","1007","”_‹Ζo‰c‘Μ_’c‘Μo‰c","o‰c‘Μ","3"
"1338","’·–μ§_’C–μ’¬_’©“ϊ‘Ί","1008","”_‹Ζo‰c‘Μ_’c‘Μo‰c_–@lo‰c","o‰c‘Μ","3"
"1338","’·–μ§_’C–μ’¬_’©“ϊ‘Ί","1009","—Ρ‹Ζo‰c‘Μ_v","o‰c‘Μ","5"
"1338","’·–μ§_’C–μ’¬_’©“ϊ‘Ί","1010","—Ρ‹Ζo‰c‘Μ_Βlo‰c","o‰c‘Μ","2"
"1338","’·–μ§_’C–μ’¬_’©“ϊ‘Ί","1011","—Ρ‹Ζo‰c‘Μ_’c‘Μo‰c","o‰c‘Μ","3"
"1338","’·–μ§_’C–μ’¬_’©“ϊ‘Ί","1012","—Ρ‹Ζo‰c‘Μ_’c‘Μo‰c_–@lo‰c","o‰c‘Μ","3"
"1339","’·–μ§_’C–μ’¬_μ“‡‘Ί","1001","”_—Ρ‹Ζo‰c‘Μ_v","o‰c‘Μ","43"
"1339","’·–μ§_’C–μ’¬_μ“‡‘Ί","1002","”_—Ρ‹Ζo‰c‘Μ_Βlo‰c","o‰c‘Μ","37"
"1339","’·–μ§_’C–μ’¬_μ“‡‘Ί","1003","”_—Ρ‹Ζo‰c‘Μ_’c‘Μo‰c","o‰c‘Μ","6"
"1339","’·–μ§_’C–μ’¬_μ“‡‘Ί","1004","”_—Ρ‹Ζo‰c‘Μ_’c‘Μo‰c_–@lo‰c","o‰c‘Μ","-"
"1339","’·–μ§_’C–μ’¬_μ“‡‘Ί","1005","”_‹Ζo‰c‘Μ_v","o‰c‘Μ","38"
"1339","’·–μ§_’C–μ’¬_μ“‡‘Ί","1006","”_‹Ζo‰c‘Μ_Βlo‰c","o‰c‘Μ","37"
"1339","’·–μ§_’C–μ’¬_μ“‡‘Ί","1007","”_‹Ζo‰c‘Μ_’c‘Μo‰c","o‰c‘Μ","1"
"1339","’·–μ§_’C–μ’¬_μ“‡‘Ί","1008","”_‹Ζo‰c‘Μ_’c‘Μo‰c_–@lo‰c","o‰c‘Μ","-"
"1339","’·–μ§_’C–μ’¬_μ“‡‘Ί","1009","—Ρ‹Ζo‰c‘Μ_v","o‰c‘Μ","5"
"1339","’·–μ§_’C–μ’¬_μ“‡‘Ί","1010","—Ρ‹Ζo‰c‘Μ_Βlo‰c","o‰c‘Μ","-"
"1339","’·–μ§_’C–μ’¬_μ“‡‘Ί","1011","—Ρ‹Ζo‰c‘Μ_’c‘Μo‰c","o‰c‘Μ","5"
"1339","’·–μ§_’C–μ’¬_μ“‡‘Ί","1012","—Ρ‹Ζo‰c‘Μ_’c‘Μo‰c_–@lo‰c","o‰c‘Μ","-"
"1340","’·–μ§_’C–μ’¬_¬–μ‘Ί","1001","”_—Ρ‹Ζo‰c‘Μ_v","o‰c‘Μ","27"
"1340","’·–μ§_’C–μ’¬_¬–μ‘Ί","1002","”_—Ρ‹Ζo‰c‘Μ_Βlo‰c","o‰c‘Μ","22"
"1340","’·–μ§_’C–μ’¬_¬–μ‘Ί","1003","”_—Ρ‹Ζo‰c‘Μ_’c‘Μo‰c","o‰c‘Μ","5"
"1340","’·–μ§_’C–μ’¬_¬–μ‘Ί","1004","”_—Ρ‹Ζo‰c‘Μ_’c‘Μo‰c_–@lo‰c","o‰c‘Μ","-"
"1340","’·–μ§_’C–μ’¬_¬–μ‘Ί","1005","”_‹Ζo‰c‘Μ_v","o‰c‘Μ","22"
"1340","’·–μ§_’C–μ’¬_¬–μ‘Ί","1006","”_‹Ζo‰c‘Μ_Βlo‰c","o‰c‘Μ","22"
"1340","’·–μ§_’C–μ’¬_¬–μ‘Ί","1007","”_‹Ζo‰c‘Μ_’c‘Μo‰c","o‰c‘Μ","-"
"1340","’·–μ§_’C–μ’¬_¬–μ‘Ί","1008","”_‹Ζo‰c‘Μ_’c‘Μo‰c_–@lo‰c","o‰c‘Μ","-"
"1340","’·–μ§_’C–μ’¬_¬–μ‘Ί","1009","—Ρ‹Ζo‰c‘Μ_v","o‰c‘Μ","5"
"1340","’·–μ§_’C–μ’¬_¬–μ‘Ί","1010","—Ρ‹Ζo‰c‘Μ_Βlo‰c","o‰c‘Μ","-"
"1340","’·–μ§_’C–μ’¬_¬–μ‘Ί","1011","—Ρ‹Ζo‰c‘Μ_’c‘Μo‰c","o‰c‘Μ","5"
"1340","’·–μ§_’C–μ’¬_¬–μ‘Ί","1012","—Ρ‹Ζo‰c‘Μ_’c‘Μo‰c_–@lo‰c","o‰c‘Μ","-"
"1341","’·–μ§_–¥—Φ’¬","1001","”_—Ρ‹Ζo‰c‘Μ_v","o‰c‘Μ","607"
"1341","’·–μ§_–¥—Φ’¬","1002","”_—Ρ‹Ζo‰c‘Μ_Βlo‰c","o‰c‘Μ","587"
"1341","’·–μ§_–¥—Φ’¬","1003","”_—Ρ‹Ζo‰c‘Μ_’c‘Μo‰c","o‰c‘Μ","20"
"1341","’·–μ§_–¥—Φ’¬","1004","”_—Ρ‹Ζo‰c‘Μ_’c‘Μo‰c_–@lo‰c","o‰c‘Μ","12"
"1341","’·–μ§_–¥—Φ’¬","1005","”_‹Ζo‰c‘Μ_v","o‰c‘Μ","596"
"1341","’·–μ§_–¥—Φ’¬","1006","”_‹Ζo‰c‘Μ_Βlo‰c","o‰c‘Μ","585"
"1341","’·–μ§_–¥—Φ’¬","1007","”_‹Ζo‰c‘Μ_’c‘Μo‰c","o‰c‘Μ","11"
"1341","’·–μ§_–¥—Φ’¬","1008","”_‹Ζo‰c‘Μ_’c‘Μo‰c_–@lo‰c","o‰c‘Μ","11"
"1341","’·–μ§_–¥—Φ’¬","1009","—Ρ‹Ζo‰c‘Μ_v","o‰c‘Μ","11"
"1341","’·–μ§_–¥—Φ’¬","1010","—Ρ‹Ζo‰c‘Μ_Βlo‰c","o‰c‘Μ","2"
"1341","’·–μ§_–¥—Φ’¬","1011","—Ρ‹Ζo‰c‘Μ_’c‘Μo‰c","o‰c‘Μ","9"
"1341","’·–μ§_–¥—Φ’¬","1012","—Ρ‹Ζo‰c‘Μ_’c‘Μo‰c_–@lo‰c","o‰c‘Μ","1"
"1342","’·–μ§_–¥—Φ’¬_’†–¥—Φ’¬","1001","”_—Ρ‹Ζo‰c‘Μ_v","o‰c‘Μ","392"
"1342","’·–μ§_–¥—Φ’¬_’†–¥—Φ’¬","1002","”_—Ρ‹Ζo‰c‘Μ_Βlo‰c","o‰c‘Μ","375"
"1342","’·–μ§_–¥—Φ’¬_’†–¥—Φ’¬","1003","”_—Ρ‹Ζo‰c‘Μ_’c‘Μo‰c","o‰c‘Μ","17"
"1342","’·–μ§_–¥—Φ’¬_’†–¥—Φ’¬","1004","”_—Ρ‹Ζo‰c‘Μ_’c‘Μo‰c_–@lo‰c","o‰c‘Μ","11"
"1342","’·–μ§_–¥—Φ’¬_’†–¥—Φ’¬","1005","”_‹Ζo‰c‘Μ_v","o‰c‘Μ","385"
"1342","’·–μ§_–¥—Φ’¬_’†–¥—Φ’¬","1006","”_‹Ζo‰c‘Μ_Βlo‰c","o‰c‘Μ","374"
"1342","’·–μ§_–¥—Φ’¬_’†–¥—Φ’¬","1007","”_‹Ζo‰c‘Μ_’c‘Μo‰c","o‰c‘Μ","11"
"1342","’·–μ§_–¥—Φ’¬_’†–¥—Φ’¬","1008","”_‹Ζo‰c‘Μ_’c‘Μo‰c_–@lo‰c","o‰c‘Μ","11"
"1342","’·–μ§_–¥—Φ’¬_’†–¥—Φ’¬","1009","—Ρ‹Ζo‰c‘Μ_v","o‰c‘Μ","7"
"1342","’·–μ§_–¥—Φ’¬_’†–¥—Φ’¬","1010","—Ρ‹Ζo‰c‘Μ_Βlo‰c","o‰c‘Μ","1"
"1342","’·–μ§_–¥—Φ’¬_’†–¥—Φ’¬","1011","—Ρ‹Ζo‰c‘Μ_’c‘Μo‰c","o‰c‘Μ","6"
"1342","’·–μ§_–¥—Φ’¬_’†–¥—Φ’¬","1012","—Ρ‹Ζo‰c‘Μ_’c‘Μo‰c_–@lo‰c","o‰c‘Μ","-"
"1343","’·–μ§_–¥—Φ’¬_“–¥—Φ‘Ί","1001","”_—Ρ‹Ζo‰c‘Μ_v","o‰c‘Μ","94"
"1343","’·–μ§_–¥—Φ’¬_“–¥—Φ‘Ί","1002","”_—Ρ‹Ζo‰c‘Μ_Βlo‰c","o‰c‘Μ","93"
"1343","’·–μ§_–¥—Φ’¬_“–¥—Φ‘Ί","1003","”_—Ρ‹Ζo‰c‘Μ_’c‘Μo‰c","o‰c‘Μ","1"
"1343","’·–μ§_–¥—Φ’¬_“–¥—Φ‘Ί","1004","”_—Ρ‹Ζo‰c‘Μ_’c‘Μo‰c_–@lo‰c","o‰c‘Μ","-"
"1343","’·–μ§_–¥—Φ’¬_“–¥—Φ‘Ί","1005","”_‹Ζo‰c‘Μ_v","o‰c‘Μ","92"
"1343","’·–μ§_–¥—Φ’¬_“–¥—Φ‘Ί","1006","”_‹Ζo‰c‘Μ_Βlo‰c","o‰c‘Μ","92"
"1343","’·–μ§_–¥—Φ’¬_“–¥—Φ‘Ί","1007","”_‹Ζo‰c‘Μ_’c‘Μo‰c","o‰c‘Μ","-"
"1343","’·–μ§_–¥—Φ’¬_“–¥—Φ‘Ί","1008","”_‹Ζo‰c‘Μ_’c‘Μo‰c_–@lo‰c","o‰c‘Μ","-"
"1343","’·–μ§_–¥—Φ’¬_“–¥—Φ‘Ί","1009","—Ρ‹Ζo‰c‘Μ_v","o‰c‘Μ","2"
"1343","’·–μ§_–¥—Φ’¬_“–¥—Φ‘Ί","1010","—Ρ‹Ζo‰c‘Μ_Βlo‰c","o‰c‘Μ","1"
"1343","’·–μ§_–¥—Φ’¬_“–¥—Φ‘Ί","1011","—Ρ‹Ζo‰c‘Μ_’c‘Μo‰c","o‰c‘Μ","1"
"1343","’·–μ§_–¥—Φ’¬_“–¥—Φ‘Ί","1012","—Ρ‹Ζo‰c‘Μ_’c‘Μo‰c_–@lo‰c","o‰c‘Μ","-"
"1344","’·–μ§_–¥—Φ’¬_–¥—Φ‘Ί","1001","”_—Ρ‹Ζo‰c‘Μ_v","o‰c‘Μ","90"
"1344","’·–μ§_–¥—Φ’¬_–¥—Φ‘Ί","1002","”_—Ρ‹Ζo‰c‘Μ_Βlo‰c","o‰c‘Μ","89"
"1344","’·–μ§_–¥—Φ’¬_–¥—Φ‘Ί","1003","”_—Ρ‹Ζo‰c‘Μ_’c‘Μo‰c","o‰c‘Μ","1"
"1344","’·–μ§_–¥—Φ’¬_–¥—Φ‘Ί","1004","”_—Ρ‹Ζo‰c‘Μ_’c‘Μo‰c_–@lo‰c","o‰c‘Μ","1"
"1344","’·–μ§_–¥—Φ’¬_–¥—Φ‘Ί","1005","”_‹Ζo‰c‘Μ_v","o‰c‘Μ","89"
"1344","’·–μ§_–¥—Φ’¬_–¥—Φ‘Ί","1006","”_‹Ζo‰c‘Μ_Βlo‰c","o‰c‘Μ","89"
"1344","’·–μ§_–¥—Φ’¬_–¥—Φ‘Ί","1007","”_‹Ζo‰c‘Μ_’c‘Μo‰c","o‰c‘Μ","-"
"1344","’·–μ§_–¥—Φ’¬_–¥—Φ‘Ί","1008","”_‹Ζo‰c‘Μ_’c‘Μo‰c_–@lo‰c","o‰c‘Μ","-"
"1344","’·–μ§_–¥—Φ’¬_–¥—Φ‘Ί","1009","—Ρ‹Ζo‰c‘Μ_v","o‰c‘Μ","1"
"1344","’·–μ§_–¥—Φ’¬_–¥—Φ‘Ί","1010","—Ρ‹Ζo‰c‘Μ_Βlo‰c","o‰c‘Μ","-"
"1344","’·–μ§_–¥—Φ’¬_–¥—Φ‘Ί","1011","—Ρ‹Ζo‰c‘Μ_’c‘Μo‰c","o‰c‘Μ","1"
"1344","’·–μ§_–¥—Φ’¬_–¥—Φ‘Ί","1012","—Ρ‹Ζo‰c‘Μ_’c‘Μo‰c_–@lo‰c","o‰c‘Μ","1"
"1345","’·–μ§_–¥—Φ’¬_Ό–¥—Φ‘Ί‚Q|‚Q","1001","”_—Ρ‹Ζo‰c‘Μ_v","o‰c‘Μ","31"
"1345","’·–μ§_–¥—Φ’¬_Ό–¥—Φ‘Ί‚Q|‚Q","1002","”_—Ρ‹Ζo‰c‘Μ_Βlo‰c","o‰c‘Μ","30"
"1345","’·–μ§_–¥—Φ’¬_Ό–¥—Φ‘Ί‚Q|‚Q","1003","”_—Ρ‹Ζo‰c‘Μ_’c‘Μo‰c","o‰c‘Μ","1"
"1345","’·–μ§_–¥—Φ’¬_Ό–¥—Φ‘Ί‚Q|‚Q","1004","”_—Ρ‹Ζo‰c‘Μ_’c‘Μo‰c_–@lo‰c","o‰c‘Μ","-"
"1345","’·–μ§_–¥—Φ’¬_Ό–¥—Φ‘Ί‚Q|‚Q","1005","”_‹Ζo‰c‘Μ_v","o‰c‘Μ","30"
"1345","’·–μ§_–¥—Φ’¬_Ό–¥—Φ‘Ί‚Q|‚Q","1006","”_‹Ζo‰c‘Μ_Βlo‰c","o‰c‘Μ","30"
"1345","’·–μ§_–¥—Φ’¬_Ό–¥—Φ‘Ί‚Q|‚Q","1007","”_‹Ζo‰c‘Μ_’c‘Μo‰c","o‰c‘Μ","-"
"1345","’·–μ§_–¥—Φ’¬_Ό–¥—Φ‘Ί‚Q|‚Q","1008","”_‹Ζo‰c‘Μ_’c‘Μo‰c_–@lo‰c","o‰c‘Μ","-"
"1345","’·–μ§_–¥—Φ’¬_Ό–¥—Φ‘Ί‚Q|‚Q","1009","—Ρ‹Ζo‰c‘Μ_v","o‰c‘Μ","1"
"1345","’·–μ§_–¥—Φ’¬_Ό–¥—Φ‘Ί‚Q|‚Q","1010","—Ρ‹Ζo‰c‘Μ_Βlo‰c","o‰c‘Μ","-"
"1345","’·–μ§_–¥—Φ’¬_Ό–¥—Φ‘Ί‚Q|‚Q","1011","—Ρ‹Ζo‰c‘Μ_’c‘Μo‰c","o‰c‘Μ","1"
"1345","’·–μ§_–¥—Φ’¬_Ό–¥—Φ‘Ί‚Q|‚Q","1012","—Ρ‹Ζo‰c‘Μ_’c‘Μo‰c_–@lo‰c","o‰c‘Μ","-"
"1346","’·–μ§_”Ρ“‡’¬","1001","”_—Ρ‹Ζo‰c‘Μ_v","o‰c‘Μ","477"
"1346","’·–μ§_”Ρ“‡’¬","1002","”_—Ρ‹Ζo‰c‘Μ_Βlo‰c","o‰c‘Μ","456"
"1346","’·–μ§_”Ρ“‡’¬","1003","”_—Ρ‹Ζo‰c‘Μ_’c‘Μo‰c","o‰c‘Μ","21"
"1346","’·–μ§_”Ρ“‡’¬","1004","”_—Ρ‹Ζo‰c‘Μ_’c‘Μo‰c_–@lo‰c","o‰c‘Μ","14"
"1346","’·–μ§_”Ρ“‡’¬","1005","”_‹Ζo‰c‘Μ_v","o‰c‘Μ","467"
"1346","’·–μ§_”Ρ“‡’¬","1006","”_‹Ζo‰c‘Μ_Βlo‰c","o‰c‘Μ","453"
"1346","’·–μ§_”Ρ“‡’¬","1007","”_‹Ζo‰c‘Μ_’c‘Μo‰c","o‰c‘Μ","14"
"1346","’·–μ§_”Ρ“‡’¬","1008","”_‹Ζo‰c‘Μ_’c‘Μo‰c_–@lo‰c","o‰c‘Μ","14"
"1346","’·–μ§_”Ρ“‡’¬","1009","—Ρ‹Ζo‰c‘Μ_v","o‰c‘Μ","15"
"1346","’·–μ§_”Ρ“‡’¬","1010","—Ρ‹Ζo‰c‘Μ_Βlo‰c","o‰c‘Μ","8"
"1346","’·–μ§_”Ρ“‡’¬","1011","—Ρ‹Ζo‰c‘Μ_’c‘Μo‰c","o‰c‘Μ","7"
"1346","’·–μ§_”Ρ“‡’¬","1012","—Ρ‹Ζo‰c‘Μ_’c‘Μo‰c_–@lo‰c","o‰c‘Μ","-"
"1347","’·–μ§_”Ρ“‡’¬_”Ρ“‡‘Ί","1001","”_—Ρ‹Ζo‰c‘Μ_v","o‰c‘Μ","343"
"1347","’·–μ§_”Ρ“‡’¬_”Ρ“‡‘Ί","1002","”_—Ρ‹Ζo‰c‘Μ_Βlo‰c","o‰c‘Μ","327"
"1347","’·–μ§_”Ρ“‡’¬_”Ρ“‡‘Ί","1003","”_—Ρ‹Ζo‰c‘Μ_’c‘Μo‰c","o‰c‘Μ","16"
"1347","’·–μ§_”Ρ“‡’¬_”Ρ“‡‘Ί","1004","”_—Ρ‹Ζo‰c‘Μ_’c‘Μo‰c_–@lo‰c","o‰c‘Μ","10"
"1347","’·–μ§_”Ρ“‡’¬_”Ρ“‡‘Ί","1005","”_‹Ζo‰c‘Μ_v","o‰c‘Μ","334"
"1347","’·–μ§_”Ρ“‡’¬_”Ρ“‡‘Ί","1006","”_‹Ζo‰c‘Μ_Βlo‰c","o‰c‘Μ","324"
"1347","’·–μ§_”Ρ“‡’¬_”Ρ“‡‘Ί","1007","”_‹Ζo‰c‘Μ_’c‘Μo‰c","o‰c‘Μ","10"
"1347","’·–μ§_”Ρ“‡’¬_”Ρ“‡‘Ί","1008","”_‹Ζo‰c‘Μ_’c‘Μo‰c_–@lo‰c","o‰c‘Μ","10"
"1347","’·–μ§_”Ρ“‡’¬_”Ρ“‡‘Ί","1009","—Ρ‹Ζo‰c‘Μ_v","o‰c‘Μ","14"
"1347","’·–μ§_”Ρ“‡’¬_”Ρ“‡‘Ί","1010","—Ρ‹Ζo‰c‘Μ_Βlo‰c","o‰c‘Μ","8"
"1347","’·–μ§_”Ρ“‡’¬_”Ρ“‡‘Ί","1011","—Ρ‹Ζo‰c‘Μ_’c‘Μo‰c","o‰c‘Μ","6"
"1347","’·–μ§_”Ρ“‡’¬_”Ρ“‡‘Ί","1012","—Ρ‹Ζo‰c‘Μ_’c‘Μo‰c_–@lo‰c","o‰c‘Μ","-"
"1348","’·–μ§_”Ρ“‡’¬_µ‹v•Ϋ‘Ί","1001","”_—Ρ‹Ζo‰c‘Μ_v","o‰c‘Μ","134"
"1348","’·–μ§_”Ρ“‡’¬_µ‹v•Ϋ‘Ί","1002","”_—Ρ‹Ζo‰c‘Μ_Βlo‰c","o‰c‘Μ","129"
"1348","’·–μ§_”Ρ“‡’¬_µ‹v•Ϋ‘Ί","1003","”_—Ρ‹Ζo‰c‘Μ_’c‘Μo‰c","o‰c‘Μ","5"
"1348","’·–μ§_”Ρ“‡’¬_µ‹v•Ϋ‘Ί","1004","”_—Ρ‹Ζo‰c‘Μ_’c‘Μo‰c_–@lo‰c","o‰c‘Μ","4"
"1348","’·–μ§_”Ρ“‡’¬_µ‹v•Ϋ‘Ί","1005","”_‹Ζo‰c‘Μ_v","o‰c‘Μ","133"
"1348","’·–μ§_”Ρ“‡’¬_µ‹v•Ϋ‘Ί","1006","”_‹Ζo‰c‘Μ_Βlo‰c","o‰c‘Μ","129"
"1348","’·–μ§_”Ρ“‡’¬_µ‹v•Ϋ‘Ί","1007","”_‹Ζo‰c‘Μ_’c‘Μo‰c","o‰c‘Μ","4"
"1348","’·–μ§_”Ρ“‡’¬_µ‹v•Ϋ‘Ί","1008","”_‹Ζo‰c‘Μ_’c‘Μo‰c_–@lo‰c","o‰c‘Μ","4"
"1348","’·–μ§_”Ρ“‡’¬_µ‹v•Ϋ‘Ί","1009","—Ρ‹Ζo‰c‘Μ_v","o‰c‘Μ","1"
"1348","’·–μ§_”Ρ“‡’¬_µ‹v•Ϋ‘Ί","1010","—Ρ‹Ζo‰c‘Μ_Βlo‰c","o‰c‘Μ","-"
"1348","’·–μ§_”Ρ“‡’¬_µ‹v•Ϋ‘Ί","1011","—Ρ‹Ζo‰c‘Μ_’c‘Μo‰c","o‰c‘Μ","1"
"1348","’·–μ§_”Ρ“‡’¬_µ‹v•Ϋ‘Ί","1012","—Ρ‹Ζo‰c‘Μ_’c‘Μo‰c_–@lo‰c","o‰c‘Μ","-"
"1349","’·–μ§_“μ–¥—Φ‘Ί","1001","”_—Ρ‹Ζo‰c‘Μ_v","o‰c‘Μ","247"
"1349","’·–μ§_“μ–¥—Φ‘Ί","1002","”_—Ρ‹Ζo‰c‘Μ_Βlo‰c","o‰c‘Μ","236"
"1349","’·–μ§_“μ–¥—Φ‘Ί","1003","”_—Ρ‹Ζo‰c‘Μ_’c‘Μo‰c","o‰c‘Μ","11"
"1349","’·–μ§_“μ–¥—Φ‘Ί","1004","”_—Ρ‹Ζo‰c‘Μ_’c‘Μo‰c_–@lo‰c","o‰c‘Μ","9"
"1349","’·–μ§_“μ–¥—Φ‘Ί","1005","”_‹Ζo‰c‘Μ_v","o‰c‘Μ","245"
"1349","’·–μ§_“μ–¥—Φ‘Ί","1006","”_‹Ζo‰c‘Μ_Βlo‰c","o‰c‘Μ","236"
"1349","’·–μ§_“μ–¥—Φ‘Ί","1007","”_‹Ζo‰c‘Μ_’c‘Μo‰c","o‰c‘Μ","9"
"1349","’·–μ§_“μ–¥—Φ‘Ί","1008","”_‹Ζo‰c‘Μ_’c‘Μo‰c_–@lo‰c","o‰c‘Μ","9"
"1349","’·–μ§_“μ–¥—Φ‘Ί","1009","—Ρ‹Ζo‰c‘Μ_v","o‰c‘Μ","2"
"1349","’·–μ§_“μ–¥—Φ‘Ί","1010","—Ρ‹Ζo‰c‘Μ_Βlo‰c","o‰c‘Μ","-"
"1349","’·–μ§_“μ–¥—Φ‘Ί","1011","—Ρ‹Ζo‰c‘Μ_’c‘Μo‰c","o‰c‘Μ","2"
"1349","’·–μ§_“μ–¥—Φ‘Ί","1012","—Ρ‹Ζo‰c‘Μ_’c‘Μo‰c_–@lo‰c","o‰c‘Μ","-"
"1350","’·–μ§_’†μ‘Ί","1001","”_—Ρ‹Ζo‰c‘Μ_v","o‰c‘Μ","394"
"1350","’·–μ§_’†μ‘Ί","1002","”_—Ρ‹Ζo‰c‘Μ_Βlo‰c","o‰c‘Μ","374"
"1350","’·–μ§_’†μ‘Ί","1003","”_—Ρ‹Ζo‰c‘Μ_’c‘Μo‰c","o‰c‘Μ","20"
"1350","’·–μ§_’†μ‘Ί","1004","”_—Ρ‹Ζo‰c‘Μ_’c‘Μo‰c_–@lo‰c","o‰c‘Μ","15"
"1350","’·–μ§_’†μ‘Ί","1005","”_‹Ζo‰c‘Μ_v","o‰c‘Μ","393"
"1350","’·–μ§_’†μ‘Ί","1006","”_‹Ζo‰c‘Μ_Βlo‰c","o‰c‘Μ","374"
"1350","’·–μ§_’†μ‘Ί","1007","”_‹Ζo‰c‘Μ_’c‘Μo‰c","o‰c‘Μ","19"
"1350","’·–μ§_’†μ‘Ί","1008","”_‹Ζo‰c‘Μ_’c‘Μo‰c_–@lo‰c","o‰c‘Μ","15"
"1350","’·–μ§_’†μ‘Ί","1009","—Ρ‹Ζo‰c‘Μ_v","o‰c‘Μ","6"
"1350","’·–μ§_’†μ‘Ί","1010","—Ρ‹Ζo‰c‘Μ_Βlo‰c","o‰c‘Μ","5"
"1350","’·–μ§_’†μ‘Ί","1011","—Ρ‹Ζo‰c‘Μ_’c‘Μo‰c","o‰c‘Μ","1"
"1350","’·–μ§_’†μ‘Ί","1012","—Ρ‹Ζo‰c‘Μ_’c‘Μo‰c_–@lo‰c","o‰c‘Μ","-"
"1351","’·–μ§_’†μ‘Ί_“μό‘Ί","1001","”_—Ρ‹Ζo‰c‘Μ_v","o‰c‘Μ","201"
"1351","’·–μ§_’†μ‘Ί_“μό‘Ί","1002","”_—Ρ‹Ζo‰c‘Μ_Βlo‰c","o‰c‘Μ","194"
"1351","’·–μ§_’†μ‘Ί_“μό‘Ί","1003","”_—Ρ‹Ζo‰c‘Μ_’c‘Μo‰c","o‰c‘Μ","7"
"1351","’·–μ§_’†μ‘Ί_“μό‘Ί","1004","”_—Ρ‹Ζo‰c‘Μ_’c‘Μo‰c_–@lo‰c","o‰c‘Μ","5"
"1351","’·–μ§_’†μ‘Ί_“μό‘Ί","1005","”_‹Ζo‰c‘Μ_v","o‰c‘Μ","201"
"1351","’·–μ§_’†μ‘Ί_“μό‘Ί","1006","”_‹Ζo‰c‘Μ_Βlo‰c","o‰c‘Μ","194"
"1351","’·–μ§_’†μ‘Ί_“μό‘Ί","1007","”_‹Ζo‰c‘Μ_’c‘Μo‰c","o‰c‘Μ","7"
"1351","’·–μ§_’†μ‘Ί_“μό‘Ί","1008","”_‹Ζo‰c‘Μ_’c‘Μo‰c_–@lo‰c","o‰c‘Μ","5"
"1351","’·–μ§_’†μ‘Ί_“μό‘Ί","1009","—Ρ‹Ζo‰c‘Μ_v","o‰c‘Μ","4"
"1351","’·–μ§_’†μ‘Ί_“μό‘Ί","1010","—Ρ‹Ζo‰c‘Μ_Βlo‰c","o‰c‘Μ","4"
"1351","’·–μ§_’†μ‘Ί_“μό‘Ί","1011","—Ρ‹Ζo‰c‘Μ_’c‘Μo‰c","o‰c‘Μ","-"
"1351","’·–μ§_’†μ‘Ί_“μό‘Ί","1012","—Ρ‹Ζo‰c‘Μ_’c‘Μo‰c_–@lo‰c","o‰c‘Μ","-"
"1352","’·–μ§_’†μ‘Ί_•Π‹Λ‘Ί","1001","”_—Ρ‹Ζo‰c‘Μ_v","o‰c‘Μ","193"
"1352","’·–μ§_’†μ‘Ί_•Π‹Λ‘Ί","1002","”_—Ρ‹Ζo‰c‘Μ_Βlo‰c","o‰c‘Μ","180"
"1352","’·–μ§_’†μ‘Ί_•Π‹Λ‘Ί","1003","”_—Ρ‹Ζo‰c‘Μ_’c‘Μo‰c","o‰c‘Μ","13"
"1352","’·–μ§_’†μ‘Ί_•Π‹Λ‘Ί","1004","”_—Ρ‹Ζo‰c‘Μ_’c‘Μo‰c_–@lo‰c","o‰c‘Μ","10"
"1352","’·–μ§_’†μ‘Ί_•Π‹Λ‘Ί","1005","”_‹Ζo‰c‘Μ_v","o‰c‘Μ","192"
"1352","’·–μ§_’†μ‘Ί_•Π‹Λ‘Ί","1006","”_‹Ζo‰c‘Μ_Βlo‰c","o‰c‘Μ","180"
"1352","’·–μ§_’†μ‘Ί_•Π‹Λ‘Ί","1007","”_‹Ζo‰c‘Μ_’c‘Μo‰c","o‰c‘Μ","12"
"1352","’·–μ§_’†μ‘Ί_•Π‹Λ‘Ί","1008","”_‹Ζo‰c‘Μ_’c‘Μo‰c_–@lo‰c","o‰c‘Μ","10"
"1352","’·–μ§_’†μ‘Ί_•Π‹Λ‘Ί","1009","—Ρ‹Ζo‰c‘Μ_v","o‰c‘Μ","2"
"1352","’·–μ§_’†μ‘Ί_•Π‹Λ‘Ί","1010","—Ρ‹Ζo‰c‘Μ_Βlo‰c","o‰c‘Μ","1"
"1352","’·–μ§_’†μ‘Ί_•Π‹Λ‘Ί","1011","—Ρ‹Ζo‰c‘Μ_’c‘Μo‰c","o‰c‘Μ","1"
"1352","’·–μ§_’†μ‘Ί_•Π‹Λ‘Ί","1012","—Ρ‹Ζo‰c‘Μ_’c‘Μo‰c_–@lo‰c","o‰c‘Μ","-"
"1353","’·–μ§_‹{“c‘Ί","1001","”_—Ρ‹Ζo‰c‘Μ_v","o‰c‘Μ","85"
"1353","’·–μ§_‹{“c‘Ί","1002","”_—Ρ‹Ζo‰c‘Μ_Βlo‰c","o‰c‘Μ","71"
"1353","’·–μ§_‹{“c‘Ί","1003","”_—Ρ‹Ζo‰c‘Μ_’c‘Μo‰c","o‰c‘Μ","14"
"1353","’·–μ§_‹{“c‘Ί","1004","”_—Ρ‹Ζo‰c‘Μ_’c‘Μo‰c_–@lo‰c","o‰c‘Μ","5"
"1353","’·–μ§_‹{“c‘Ί","1005","”_‹Ζo‰c‘Μ_v","o‰c‘Μ","83"
"1353","’·–μ§_‹{“c‘Ί","1006","”_‹Ζo‰c‘Μ_Βlo‰c","o‰c‘Μ","71"
"1353","’·–μ§_‹{“c‘Ί","1007","”_‹Ζo‰c‘Μ_’c‘Μo‰c","o‰c‘Μ","12"
"1353","’·–μ§_‹{“c‘Ί","1008","”_‹Ζo‰c‘Μ_’c‘Μo‰c_–@lo‰c","o‰c‘Μ","5"
"1353","’·–μ§_‹{“c‘Ί","1009","—Ρ‹Ζo‰c‘Μ_v","o‰c‘Μ","2"
"1353","’·–μ§_‹{“c‘Ί","1010","—Ρ‹Ζo‰c‘Μ_Βlo‰c","o‰c‘Μ","-"
"1353","’·–μ§_‹{“c‘Ί","1011","—Ρ‹Ζo‰c‘Μ_’c‘Μo‰c","o‰c‘Μ","2"
"1353","’·–μ§_‹{“c‘Ί","1012","—Ρ‹Ζo‰c‘Μ_’c‘Μo‰c_–@lo‰c","o‰c‘Μ","-"
"1354","’·–μ§_Όμ’¬","1001","”_—Ρ‹Ζo‰c‘Μ_v","o‰c‘Μ","670"
"1354","’·–μ§_Όμ’¬","1002","”_—Ρ‹Ζo‰c‘Μ_Βlo‰c","o‰c‘Μ","660"
"1354","’·–μ§_Όμ’¬","1003","”_—Ρ‹Ζo‰c‘Μ_’c‘Μo‰c","o‰c‘Μ","10"
"1354","’·–μ§_Όμ’¬","1004","”_—Ρ‹Ζo‰c‘Μ_’c‘Μo‰c_–@lo‰c","o‰c‘Μ","10"
"1354","’·–μ§_Όμ’¬","1005","”_‹Ζo‰c‘Μ_v","o‰c‘Μ","668"
"1354","’·–μ§_Όμ’¬","1006","”_‹Ζo‰c‘Μ_Βlo‰c","o‰c‘Μ","659"
"1354","’·–μ§_Όμ’¬","1007","”_‹Ζo‰c‘Μ_’c‘Μo‰c","o‰c‘Μ","9"
"1354","’·–μ§_Όμ’¬","1008","”_‹Ζo‰c‘Μ_’c‘Μo‰c_–@lo‰c","o‰c‘Μ","9"
"1354","’·–μ§_Όμ’¬","1009","—Ρ‹Ζo‰c‘Μ_v","o‰c‘Μ","2"
"1354","’·–μ§_Όμ’¬","1010","—Ρ‹Ζo‰c‘Μ_Βlo‰c","o‰c‘Μ","1"
"1354","’·–μ§_Όμ’¬","1011","—Ρ‹Ζo‰c‘Μ_’c‘Μo‰c","o‰c‘Μ","1"
"1354","’·–μ§_Όμ’¬","1012","—Ρ‹Ζo‰c‘Μ_’c‘Μo‰c_–@lo‰c","o‰c‘Μ","1"
"1355","’·–μ§_Όμ’¬_‘ε“‡‘Ί","1001","”_—Ρ‹Ζo‰c‘Μ_v","o‰c‘Μ","361"
"1355","’·–μ§_Όμ’¬_‘ε“‡‘Ί","1002","”_—Ρ‹Ζo‰c‘Μ_Βlo‰c","o‰c‘Μ","357"
"1355","’·–μ§_Όμ’¬_‘ε“‡‘Ί","1003","”_—Ρ‹Ζo‰c‘Μ_’c‘Μo‰c","o‰c‘Μ","4"
"1355","’·–μ§_Όμ’¬_‘ε“‡‘Ί","1004","”_—Ρ‹Ζo‰c‘Μ_’c‘Μo‰c_–@lo‰c","o‰c‘Μ","4"
"1355","’·–μ§_Όμ’¬_‘ε“‡‘Ί","1005","”_‹Ζo‰c‘Μ_v","o‰c‘Μ","361"
"1355","’·–μ§_Όμ’¬_‘ε“‡‘Ί","1006","”_‹Ζo‰c‘Μ_Βlo‰c","o‰c‘Μ","357"
"1355","’·–μ§_Όμ’¬_‘ε“‡‘Ί","1007","”_‹Ζo‰c‘Μ_’c‘Μo‰c","o‰c‘Μ","4"
"1355","’·–μ§_Όμ’¬_‘ε“‡‘Ί","1008","”_‹Ζo‰c‘Μ_’c‘Μo‰c_–@lo‰c","o‰c‘Μ","4"
"1355","’·–μ§_Όμ’¬_‘ε“‡‘Ί","1009","—Ρ‹Ζo‰c‘Μ_v","o‰c‘Μ","-"
"1355","’·–μ§_Όμ’¬_‘ε“‡‘Ί","1010","—Ρ‹Ζo‰c‘Μ_Βlo‰c","o‰c‘Μ","-"
"1355","’·–μ§_Όμ’¬_‘ε“‡‘Ί","1011","—Ρ‹Ζo‰c‘Μ_’c‘Μo‰c","o‰c‘Μ","-"
"1355","’·–μ§_Όμ’¬_‘ε“‡‘Ί","1012","—Ρ‹Ζo‰c‘Μ_’c‘Μo‰c_–@lo‰c","o‰c‘Μ","-"
"1356","’·–μ§_Όμ’¬_γ•Π‹Λ‘Ί","1001","”_—Ρ‹Ζo‰c‘Μ_v","o‰c‘Μ","176"
"1356","’·–μ§_Όμ’¬_γ•Π‹Λ‘Ί","1002","”_—Ρ‹Ζo‰c‘Μ_Βlo‰c","o‰c‘Μ","174"
"1356","’·–μ§_Όμ’¬_γ•Π‹Λ‘Ί","1003","”_—Ρ‹Ζo‰c‘Μ_’c‘Μo‰c","o‰c‘Μ","2"
"1356","’·–μ§_Όμ’¬_γ•Π‹Λ‘Ί","1004","”_—Ρ‹Ζo‰c‘Μ_’c‘Μo‰c_–@lo‰c","o‰c‘Μ","2"
"1356","’·–μ§_Όμ’¬_γ•Π‹Λ‘Ί","1005","”_‹Ζo‰c‘Μ_v","o‰c‘Μ","175"
"1356","’·–μ§_Όμ’¬_γ•Π‹Λ‘Ί","1006","”_‹Ζo‰c‘Μ_Βlo‰c","o‰c‘Μ","173"
"1356","’·–μ§_Όμ’¬_γ•Π‹Λ‘Ί","1007","”_‹Ζo‰c‘Μ_’c‘Μo‰c","o‰c‘Μ","2"
"1356","’·–μ§_Όμ’¬_γ•Π‹Λ‘Ί","1008","”_‹Ζo‰c‘Μ_’c‘Μo‰c_–@lo‰c","o‰c‘Μ","2"
"1356","’·–μ§_Όμ’¬_γ•Π‹Λ‘Ί","1009","—Ρ‹Ζo‰c‘Μ_v","o‰c‘Μ","1"
"1356","’·–μ§_Όμ’¬_γ•Π‹Λ‘Ί","1010","—Ρ‹Ζo‰c‘Μ_Βlo‰c","o‰c‘Μ","1"
"1356","’·–μ§_Όμ’¬_γ•Π‹Λ‘Ί","1011","—Ρ‹Ζo‰c‘Μ_’c‘Μo‰c","o‰c‘Μ","-"
"1356","’·–μ§_Όμ’¬_γ•Π‹Λ‘Ί","1012","—Ρ‹Ζo‰c‘Μ_’c‘Μo‰c_–@lo‰c","o‰c‘Μ","-"
"1357","’·–μ§_Όμ’¬_¶“c‘Ί","1001","”_—Ρ‹Ζo‰c‘Μ_v","o‰c‘Μ","88"
"1357","’·–μ§_Όμ’¬_¶“c‘Ί","1002","”_—Ρ‹Ζo‰c‘Μ_Βlo‰c","o‰c‘Μ","86"
"1357","’·–μ§_Όμ’¬_¶“c‘Ί","1003","”_—Ρ‹Ζo‰c‘Μ_’c‘Μo‰c","o‰c‘Μ","2"
"1357","’·–μ§_Όμ’¬_¶“c‘Ί","1004","”_—Ρ‹Ζo‰c‘Μ_’c‘Μo‰c_–@lo‰c","o‰c‘Μ","2"
"1357","’·–μ§_Όμ’¬_¶“c‘Ί","1005","”_‹Ζo‰c‘Μ_v","o‰c‘Μ","87"
"1357","’·–μ§_Όμ’¬_¶“c‘Ί","1006","”_‹Ζo‰c‘Μ_Βlo‰c","o‰c‘Μ","86"
"1357","’·–μ§_Όμ’¬_¶“c‘Ί","1007","”_‹Ζo‰c‘Μ_’c‘Μo‰c","o‰c‘Μ","1"
"1357","’·–μ§_Όμ’¬_¶“c‘Ί","1008","”_‹Ζo‰c‘Μ_’c‘Μo‰c_–@lo‰c","o‰c‘Μ","1"
"1357","’·–μ§_Όμ’¬_¶“c‘Ί","1009","—Ρ‹Ζo‰c‘Μ_v","o‰c‘Μ","1"
"1357","’·–μ§_Όμ’¬_¶“c‘Ί","1010","—Ρ‹Ζo‰c‘Μ_Βlo‰c","o‰c‘Μ","-"
"1357","’·–μ§_Όμ’¬_¶“c‘Ί","1011","—Ρ‹Ζo‰c‘Μ_’c‘Μo‰c","o‰c‘Μ","1"
"1357","’·–μ§_Όμ’¬_¶“c‘Ί","1012","—Ρ‹Ζo‰c‘Μ_’c‘Μo‰c_–@lo‰c","o‰c‘Μ","1"
"1358","’·–μ§_Όμ’¬_R‘Ί‚Q|‚Q","1001","”_—Ρ‹Ζo‰c‘Μ_v","o‰c‘Μ","45"
"1358","’·–μ§_Όμ’¬_R‘Ί‚Q|‚Q","1002","”_—Ρ‹Ζo‰c‘Μ_Βlo‰c","o‰c‘Μ","43"
"1358","’·–μ§_Όμ’¬_R‘Ί‚Q|‚Q","1003","”_—Ρ‹Ζo‰c‘Μ_’c‘Μo‰c","o‰c‘Μ","2"
"1358","’·–μ§_Όμ’¬_R‘Ί‚Q|‚Q","1004","”_—Ρ‹Ζo‰c‘Μ_’c‘Μo‰c_–@lo‰c","o‰c‘Μ","2"
"1358","’·–μ§_Όμ’¬_R‘Ί‚Q|‚Q","1005","”_‹Ζo‰c‘Μ_v","o‰c‘Μ","45"
"1358","’·–μ§_Όμ’¬_R‘Ί‚Q|‚Q","1006","”_‹Ζo‰c‘Μ_Βlo‰c","o‰c‘Μ","43"
"1358","’·–μ§_Όμ’¬_R‘Ί‚Q|‚Q","1007","”_‹Ζo‰c‘Μ_’c‘Μo‰c","o‰c‘Μ","2"
"1358","’·–μ§_Όμ’¬_R‘Ί‚Q|‚Q","1008","”_‹Ζo‰c‘Μ_’c‘Μo‰c_–@lo‰c","o‰c‘Μ","2"
"1358","’·–μ§_Όμ’¬_R‘Ί‚Q|‚Q","1009","—Ρ‹Ζo‰c‘Μ_v","o‰c‘Μ","-"
"1358","’·–μ§_Όμ’¬_R‘Ί‚Q|‚Q","1010","—Ρ‹Ζo‰c‘Μ_Βlo‰c","o‰c‘Μ","-"
"1358","’·–μ§_Όμ’¬_R‘Ί‚Q|‚Q","1011","—Ρ‹Ζo‰c‘Μ_’c‘Μo‰c","o‰c‘Μ","-"
"1358","’·–μ§_Όμ’¬_R‘Ί‚Q|‚Q","1012","—Ρ‹Ζo‰c‘Μ_’c‘Μo‰c_–@lo‰c","o‰c‘Μ","-"
"1359","’·–μ§_‚X’¬","1001","”_—Ρ‹Ζo‰c‘Μ_v","o‰c‘Μ","665"
"1359","’·–μ§_‚X’¬","1002","”_—Ρ‹Ζo‰c‘Μ_Βlo‰c","o‰c‘Μ","634"
"1359","’·–μ§_‚X’¬","1003","”_—Ρ‹Ζo‰c‘Μ_’c‘Μo‰c","o‰c‘Μ","31"
"1359","’·–μ§_‚X’¬","1004","”_—Ρ‹Ζo‰c‘Μ_’c‘Μo‰c_–@lo‰c","o‰c‘Μ","19"
"1359","’·–μ§_‚X’¬","1005","”_‹Ζo‰c‘Μ_v","o‰c‘Μ","654"
"1359","’·–μ§_‚X’¬","1006","”_‹Ζo‰c‘Μ_Βlo‰c","o‰c‘Μ","633"
"1359","’·–μ§_‚X’¬","1007","”_‹Ζo‰c‘Μ_’c‘Μo‰c","o‰c‘Μ","21"
"1359","’·–μ§_‚X’¬","1008","”_‹Ζo‰c‘Μ_’c‘Μo‰c_–@lo‰c","o‰c‘Μ","15"
"1359","’·–μ§_‚X’¬","1009","—Ρ‹Ζo‰c‘Μ_v","o‰c‘Μ","12"
"1359","’·–μ§_‚X’¬","1010","—Ρ‹Ζo‰c‘Μ_Βlo‰c","o‰c‘Μ","2"
"1359","’·–μ§_‚X’¬","1011","—Ρ‹Ζo‰c‘Μ_’c‘Μo‰c","o‰c‘Μ","10"
"1359","’·–μ§_‚X’¬","1012","—Ρ‹Ζo‰c‘Μ_’c‘Μo‰c_–@lo‰c","o‰c‘Μ","4"
"1360","’·–μ§_‚X’¬_s“c‘Ί","1001","”_—Ρ‹Ζo‰c‘Μ_v","o‰c‘Μ","416"
"1360","’·–μ§_‚X’¬_s“c‘Ί","1002","”_—Ρ‹Ζo‰c‘Μ_Βlo‰c","o‰c‘Μ","394"
"1360","’·–μ§_‚X’¬_s“c‘Ί","1003","”_—Ρ‹Ζo‰c‘Μ_’c‘Μo‰c","o‰c‘Μ","22"
"1360","’·–μ§_‚X’¬_s“c‘Ί","1004","”_—Ρ‹Ζo‰c‘Μ_’c‘Μo‰c_–@lo‰c","o‰c‘Μ","14"
"1360","’·–μ§_‚X’¬_s“c‘Ί","1005","”_‹Ζo‰c‘Μ_v","o‰c‘Μ","409"
"1360","’·–μ§_‚X’¬_s“c‘Ί","1006","”_‹Ζo‰c‘Μ_Βlo‰c","o‰c‘Μ","394"
"1360","’·–μ§_‚X’¬_s“c‘Ί","1007","”_‹Ζo‰c‘Μ_’c‘Μo‰c","o‰c‘Μ","15"
"1360","’·–μ§_‚X’¬_s“c‘Ί","1008","”_‹Ζo‰c‘Μ_’c‘Μo‰c_–@lo‰c","o‰c‘Μ","12"
"1360","’·–μ§_‚X’¬_s“c‘Ί","1009","—Ρ‹Ζo‰c‘Μ_v","o‰c‘Μ","8"
"1360","’·–μ§_‚X’¬_s“c‘Ί","1010","—Ρ‹Ζo‰c‘Μ_Βlo‰c","o‰c‘Μ","1"
"1360","’·–μ§_‚X’¬_s“c‘Ί","1011","—Ρ‹Ζo‰c‘Μ_’c‘Μo‰c","o‰c‘Μ","7"
"1360","’·–μ§_‚X’¬_s“c‘Ί","1012","—Ρ‹Ζo‰c‘Μ_’c‘Μo‰c_–@lo‰c","o‰c‘Μ","2"
"1361","’·–μ§_‚X’¬_R‘Ί‚Q|‚P","1001","”_—Ρ‹Ζo‰c‘Μ_v","o‰c‘Μ","249"
"1361","’·–μ§_‚X’¬_R‘Ί‚Q|‚P","1002","”_—Ρ‹Ζo‰c‘Μ_Βlo‰c","o‰c‘Μ","240"
"1361","’·–μ§_‚X’¬_R‘Ί‚Q|‚P","1003","”_—Ρ‹Ζo‰c‘Μ_’c‘Μo‰c","o‰c‘Μ","9"
"1361","’·–μ§_‚X’¬_R‘Ί‚Q|‚P","1004","”_—Ρ‹Ζo‰c‘Μ_’c‘Μo‰c_–@lo‰c","o‰c‘Μ","5"
"1361","’·–μ§_‚X’¬_R‘Ί‚Q|‚P","1005","”_‹Ζo‰c‘Μ_v","o‰c‘Μ","245"
"1361","’·–μ§_‚X’¬_R‘Ί‚Q|‚P","1006","”_‹Ζo‰c‘Μ_Βlo‰c","o‰c‘Μ","239"
"1361","’·–μ§_‚X’¬_R‘Ί‚Q|‚P","1007","”_‹Ζo‰c‘Μ_’c‘Μo‰c","o‰c‘Μ","6"
"1361","’·–μ§_‚X’¬_R‘Ί‚Q|‚P","1008","”_‹Ζo‰c‘Μ_’c‘Μo‰c_–@lo‰c","o‰c‘Μ","3"
"1361","’·–μ§_‚X’¬_R‘Ί‚Q|‚P","1009","—Ρ‹Ζo‰c‘Μ_v","o‰c‘Μ","4"
"1361","’·–μ§_‚X’¬_R‘Ί‚Q|‚P","1010","—Ρ‹Ζo‰c‘Μ_Βlo‰c","o‰c‘Μ","1"
"1361","’·–μ§_‚X’¬_R‘Ί‚Q|‚P","1011","—Ρ‹Ζo‰c‘Μ_’c‘Μo‰c","o‰c‘Μ","3"
"1361","’·–μ§_‚X’¬_R‘Ί‚Q|‚P","1012","—Ρ‹Ζo‰c‘Μ_’c‘Μo‰c_–@lo‰c","o‰c‘Μ","2"
"1362","’·–μ§_Ά“μ’¬","1001","”_—Ρ‹Ζo‰c‘Μ_v","o‰c‘Μ","95"
"1362","’·–μ§_Ά“μ’¬","1002","”_—Ρ‹Ζo‰c‘Μ_Βlo‰c","o‰c‘Μ","89"
"1362","’·–μ§_Ά“μ’¬","1003","”_—Ρ‹Ζo‰c‘Μ_’c‘Μo‰c","o‰c‘Μ","6"
"1362","’·–μ§_Ά“μ’¬","1004","”_—Ρ‹Ζo‰c‘Μ_’c‘Μo‰c_–@lo‰c","o‰c‘Μ","5"
"1362","’·–μ§_Ά“μ’¬","1005","”_‹Ζo‰c‘Μ_v","o‰c‘Μ","91"
"1362","’·–μ§_Ά“μ’¬","1006","”_‹Ζo‰c‘Μ_Βlo‰c","o‰c‘Μ","87"
"1362","’·–μ§_Ά“μ’¬","1007","”_‹Ζo‰c‘Μ_’c‘Μo‰c","o‰c‘Μ","4"
"1362","’·–μ§_Ά“μ’¬","1008","”_‹Ζo‰c‘Μ_’c‘Μo‰c_–@lo‰c","o‰c‘Μ","4"
"1362","’·–μ§_Ά“μ’¬","1009","—Ρ‹Ζo‰c‘Μ_v","o‰c‘Μ","7"
"1362","’·–μ§_Ά“μ’¬","1010","—Ρ‹Ζo‰c‘Μ_Βlo‰c","o‰c‘Μ","5"
"1362","’·–μ§_Ά“μ’¬","1011","—Ρ‹Ζo‰c‘Μ_’c‘Μo‰c","o‰c‘Μ","2"
"1362","’·–μ§_Ά“μ’¬","1012","—Ρ‹Ζo‰c‘Μ_’c‘Μo‰c_–@lo‰c","o‰c‘Μ","1"
"1363","’·–μ§_Ά“μ’¬_‘ε‰Ίπ‘Ί","1001","”_—Ρ‹Ζo‰c‘Μ_v","o‰c‘Μ","19"
"1363","’·–μ§_Ά“μ’¬_‘ε‰Ίπ‘Ί","1002","”_—Ρ‹Ζo‰c‘Μ_Βlo‰c","o‰c‘Μ","15"
"1363","’·–μ§_Ά“μ’¬_‘ε‰Ίπ‘Ί","1003","”_—Ρ‹Ζo‰c‘Μ_’c‘Μo‰c","o‰c‘Μ","4"
"1363","’·–μ§_Ά“μ’¬_‘ε‰Ίπ‘Ί","1004","”_—Ρ‹Ζo‰c‘Μ_’c‘Μo‰c_–@lo‰c","o‰c‘Μ","3"
"1363","’·–μ§_Ά“μ’¬_‘ε‰Ίπ‘Ί","1005","”_‹Ζo‰c‘Μ_v","o‰c‘Μ","17"
"1363","’·–μ§_Ά“μ’¬_‘ε‰Ίπ‘Ί","1006","”_‹Ζo‰c‘Μ_Βlo‰c","o‰c‘Μ","15"
"1363","’·–μ§_Ά“μ’¬_‘ε‰Ίπ‘Ί","1007","”_‹Ζo‰c‘Μ_’c‘Μo‰c","o‰c‘Μ","2"
"1363","’·–μ§_Ά“μ’¬_‘ε‰Ίπ‘Ί","1008","”_‹Ζo‰c‘Μ_’c‘Μo‰c_–@lo‰c","o‰c‘Μ","2"
"1363","’·–μ§_Ά“μ’¬_‘ε‰Ίπ‘Ί","1009","—Ρ‹Ζo‰c‘Μ_v","o‰c‘Μ","2"
"1363","’·–μ§_Ά“μ’¬_‘ε‰Ίπ‘Ί","1010","—Ρ‹Ζo‰c‘Μ_Βlo‰c","o‰c‘Μ","-"
"1363","’·–μ§_Ά“μ’¬_‘ε‰Ίπ‘Ί","1011","—Ρ‹Ζo‰c‘Μ_’c‘Μo‰c","o‰c‘Μ","2"
"1363","’·–μ§_Ά“μ’¬_‘ε‰Ίπ‘Ί","1012","—Ρ‹Ζo‰c‘Μ_’c‘Μo‰c_–@lo‰c","o‰c‘Μ","1"
"1364","’·–μ§_Ά“μ’¬_’UJ‘Ί","1001","”_—Ρ‹Ζo‰c‘Μ_v","o‰c‘Μ","29"
"1364","’·–μ§_Ά“μ’¬_’UJ‘Ί","1002","”_—Ρ‹Ζo‰c‘Μ_Βlo‰c","o‰c‘Μ","29"
"1364","’·–μ§_Ά“μ’¬_’UJ‘Ί","1003","”_—Ρ‹Ζo‰c‘Μ_’c‘Μo‰c","o‰c‘Μ","-"
"1364","’·–μ§_Ά“μ’¬_’UJ‘Ί","1004","”_—Ρ‹Ζo‰c‘Μ_’c‘Μo‰c_–@lo‰c","o‰c‘Μ","-"
"1364","’·–μ§_Ά“μ’¬_’UJ‘Ί","1005","”_‹Ζo‰c‘Μ_v","o‰c‘Μ","29"
"1364","’·–μ§_Ά“μ’¬_’UJ‘Ί","1006","”_‹Ζo‰c‘Μ_Βlo‰c","o‰c‘Μ","29"
"1364","’·–μ§_Ά“μ’¬_’UJ‘Ί","1007","”_‹Ζo‰c‘Μ_’c‘Μo‰c","o‰c‘Μ","-"
"1364","’·–μ§_Ά“μ’¬_’UJ‘Ί","1008","”_‹Ζo‰c‘Μ_’c‘Μo‰c_–@lo‰c","o‰c‘Μ","-"
"1364","’·–μ§_Ά“μ’¬_’UJ‘Ί","1009","—Ρ‹Ζo‰c‘Μ_v","o‰c‘Μ","2"
"1364","’·–μ§_Ά“μ’¬_’UJ‘Ί","1010","—Ρ‹Ζo‰c‘Μ_Βlo‰c","o‰c‘Μ","2"
"1364","’·–μ§_Ά“μ’¬_’UJ‘Ί","1011","—Ρ‹Ζo‰c‘Μ_’c‘Μo‰c","o‰c‘Μ","-"
"1364","’·–μ§_Ά“μ’¬_’UJ‘Ί","1012","—Ρ‹Ζo‰c‘Μ_’c‘Μo‰c_–@lo‰c","o‰c‘Μ","-"
"1365","’·–μ§_Ά“μ’¬_a‡‘Ί","1001","”_—Ρ‹Ζo‰c‘Μ_v","o‰c‘Μ","14"
"1365","’·–μ§_Ά“μ’¬_a‡‘Ί","1002","”_—Ρ‹Ζo‰c‘Μ_Βlo‰c","o‰c‘Μ","14"
"1365","’·–μ§_Ά“μ’¬_a‡‘Ί","1003","”_—Ρ‹Ζo‰c‘Μ_’c‘Μo‰c","o‰c‘Μ","-"
"1365","’·–μ§_Ά“μ’¬_a‡‘Ί","1004","”_—Ρ‹Ζo‰c‘Μ_’c‘Μo‰c_–@lo‰c","o‰c‘Μ","-"
"1365","’·–μ§_Ά“μ’¬_a‡‘Ί","1005","”_‹Ζo‰c‘Μ_v","o‰c‘Μ","12"
"1365","’·–μ§_Ά“μ’¬_a‡‘Ί","1006","”_‹Ζo‰c‘Μ_Βlo‰c","o‰c‘Μ","12"
"1365","’·–μ§_Ά“μ’¬_a‡‘Ί","1007","”_‹Ζo‰c‘Μ_’c‘Μo‰c","o‰c‘Μ","-"
"1365","’·–μ§_Ά“μ’¬_a‡‘Ί","1008","”_‹Ζo‰c‘Μ_’c‘Μo‰c_–@lo‰c","o‰c‘Μ","-"
"1365","’·–μ§_Ά“μ’¬_a‡‘Ί","1009","—Ρ‹Ζo‰c‘Μ_v","o‰c‘Μ","2"
"1365","’·–μ§_Ά“μ’¬_a‡‘Ί","1010","—Ρ‹Ζo‰c‘Μ_Βlo‰c","o‰c‘Μ","2"
"1365","’·–μ§_Ά“μ’¬_a‡‘Ί","1011","—Ρ‹Ζo‰c‘Μ_’c‘Μo‰c","o‰c‘Μ","-"
"1365","’·–μ§_Ά“μ’¬_a‡‘Ί","1012","—Ρ‹Ζo‰c‘Μ_’c‘Μo‰c_–@lo‰c","o‰c‘Μ","-"
"1366","’·–μ§_Ά“μ’¬_•x‘‘Ί","1001","”_—Ρ‹Ζo‰c‘Μ_v","o‰c‘Μ","33"
"1366","’·–μ§_Ά“μ’¬_•x‘‘Ί","1002","”_—Ρ‹Ζo‰c‘Μ_Βlo‰c","o‰c‘Μ","31"
"1366","’·–μ§_Ά“μ’¬_•x‘‘Ί","1003","”_—Ρ‹Ζo‰c‘Μ_’c‘Μo‰c","o‰c‘Μ","2"
"1366","’·–μ§_Ά“μ’¬_•x‘‘Ί","1004","”_—Ρ‹Ζo‰c‘Μ_’c‘Μo‰c_–@lo‰c","o‰c‘Μ","2"
"1366","’·–μ§_Ά“μ’¬_•x‘‘Ί","1005","”_‹Ζo‰c‘Μ_v","o‰c‘Μ","33"
"1366","’·–μ§_Ά“μ’¬_•x‘‘Ί","1006","”_‹Ζo‰c‘Μ_Βlo‰c","o‰c‘Μ","31"
"1366","’·–μ§_Ά“μ’¬_•x‘‘Ί","1007","”_‹Ζo‰c‘Μ_’c‘Μo‰c","o‰c‘Μ","2"
"1366","’·–μ§_Ά“μ’¬_•x‘‘Ί","1008","”_‹Ζo‰c‘Μ_’c‘Μo‰c_–@lo‰c","o‰c‘Μ","2"
"1366","’·–μ§_Ά“μ’¬_•x‘‘Ί","1009","—Ρ‹Ζo‰c‘Μ_v","o‰c‘Μ","1"
"1366","’·–μ§_Ά“μ’¬_•x‘‘Ί","1010","—Ρ‹Ζo‰c‘Μ_Βlo‰c","o‰c‘Μ","1"
"1366","’·–μ§_Ά“μ’¬_•x‘‘Ί","1011","—Ρ‹Ζo‰c‘Μ_’c‘Μo‰c","o‰c‘Μ","-"
"1366","’·–μ§_Ά“μ’¬_•x‘‘Ί","1012","—Ρ‹Ζo‰c‘Μ_’c‘Μo‰c_–@lo‰c","o‰c‘Μ","-"
"1367","’·–μ§_Ά’q‘Ί","1001","”_—Ρ‹Ζo‰c‘Μ_v","o‰c‘Μ","298"
"1367","’·–μ§_Ά’q‘Ί","1002","”_—Ρ‹Ζo‰c‘Μ_Βlo‰c","o‰c‘Μ","279"
"1367","’·–μ§_Ά’q‘Ί","1003","”_—Ρ‹Ζo‰c‘Μ_’c‘Μo‰c","o‰c‘Μ","19"
"1367","’·–μ§_Ά’q‘Ί","1004","”_—Ρ‹Ζo‰c‘Μ_’c‘Μo‰c_–@lo‰c","o‰c‘Μ","10"
"1367","’·–μ§_Ά’q‘Ί","1005","”_‹Ζo‰c‘Μ_v","o‰c‘Μ","278"
"1367","’·–μ§_Ά’q‘Ί","1006","”_‹Ζo‰c‘Μ_Βlo‰c","o‰c‘Μ","270"
"1367","’·–μ§_Ά’q‘Ί","1007","”_‹Ζo‰c‘Μ_’c‘Μo‰c","o‰c‘Μ","8"
"1367","’·–μ§_Ά’q‘Ί","1008","”_‹Ζo‰c‘Μ_’c‘Μo‰c_–@lo‰c","o‰c‘Μ","7"
"1367","’·–μ§_Ά’q‘Ί","1009","—Ρ‹Ζo‰c‘Μ_v","o‰c‘Μ","23"
"1367","’·–μ§_Ά’q‘Ί","1010","—Ρ‹Ζo‰c‘Μ_Βlo‰c","o‰c‘Μ","12"
"1367","’·–μ§_Ά’q‘Ί","1011","—Ρ‹Ζo‰c‘Μ_’c‘Μo‰c","o‰c‘Μ","11"
"1367","’·–μ§_Ά’q‘Ί","1012","—Ρ‹Ζo‰c‘Μ_’c‘Μo‰c_–@lo‰c","o‰c‘Μ","3"
"1368","’·–μ§_Ά’q‘Ί_‰ο’n‘Ί","1001","”_—Ρ‹Ζo‰c‘Μ_v","o‰c‘Μ","74"
"1368","’·–μ§_Ά’q‘Ί_‰ο’n‘Ί","1002","”_—Ρ‹Ζo‰c‘Μ_Βlo‰c","o‰c‘Μ","67"
"1368","’·–μ§_Ά’q‘Ί_‰ο’n‘Ί","1003","”_—Ρ‹Ζo‰c‘Μ_’c‘Μo‰c","o‰c‘Μ","7"
"1368","’·–μ§_Ά’q‘Ί_‰ο’n‘Ί","1004","”_—Ρ‹Ζo‰c‘Μ_’c‘Μo‰c_–@lo‰c","o‰c‘Μ","6"
"1368","’·–μ§_Ά’q‘Ί_‰ο’n‘Ί","1005","”_‹Ζo‰c‘Μ_v","o‰c‘Μ","69"
"1368","’·–μ§_Ά’q‘Ί_‰ο’n‘Ί","1006","”_‹Ζo‰c‘Μ_Βlo‰c","o‰c‘Μ","66"
"1368","’·–μ§_Ά’q‘Ί_‰ο’n‘Ί","1007","”_‹Ζo‰c‘Μ_’c‘Μo‰c","o‰c‘Μ","3"
"1368","’·–μ§_Ά’q‘Ί_‰ο’n‘Ί","1008","”_‹Ζo‰c‘Μ_’c‘Μo‰c_–@lo‰c","o‰c‘Μ","3"
"1368","’·–μ§_Ά’q‘Ί_‰ο’n‘Ί","1009","—Ρ‹Ζo‰c‘Μ_v","o‰c‘Μ","6"
"1368","’·–μ§_Ά’q‘Ί_‰ο’n‘Ί","1010","—Ρ‹Ζo‰c‘Μ_Βlo‰c","o‰c‘Μ","2"
"1368","’·–μ§_Ά’q‘Ί_‰ο’n‘Ί","1011","—Ρ‹Ζo‰c‘Μ_’c‘Μo‰c","o‰c‘Μ","4"
"1368","’·–μ§_Ά’q‘Ί_‰ο’n‘Ί","1012","—Ρ‹Ζo‰c‘Μ_’c‘Μo‰c_–@lo‰c","o‰c‘Μ","3"
"1369","’·–μ§_Ά’q‘Ί_ήa‘Ί","1001","”_—Ρ‹Ζo‰c‘Μ_v","o‰c‘Μ","156"
"1369","’·–μ§_Ά’q‘Ί_ήa‘Ί","1002","”_—Ρ‹Ζo‰c‘Μ_Βlo‰c","o‰c‘Μ","156"
"1369","’·–μ§_Ά’q‘Ί_ήa‘Ί","1003","”_—Ρ‹Ζo‰c‘Μ_’c‘Μo‰c","o‰c‘Μ","-"
"1369","’·–μ§_Ά’q‘Ί_ήa‘Ί","1004","”_—Ρ‹Ζo‰c‘Μ_’c‘Μo‰c_–@lo‰c","o‰c‘Μ","-"
"1369","’·–μ§_Ά’q‘Ί_ήa‘Ί","1005","”_‹Ζo‰c‘Μ_v","o‰c‘Μ","154"
"1369","’·–μ§_Ά’q‘Ί_ήa‘Ί","1006","”_‹Ζo‰c‘Μ_Βlo‰c","o‰c‘Μ","154"
"1369","’·–μ§_Ά’q‘Ί_ήa‘Ί","1007","”_‹Ζo‰c‘Μ_’c‘Μo‰c","o‰c‘Μ","-"
"1369","’·–μ§_Ά’q‘Ί_ήa‘Ί","1008","”_‹Ζo‰c‘Μ_’c‘Μo‰c_–@lo‰c","o‰c‘Μ","-"
"1369","’·–μ§_Ά’q‘Ί_ήa‘Ί","1009","—Ρ‹Ζo‰c‘Μ_v","o‰c‘Μ","2"
"1369","’·–μ§_Ά’q‘Ί_ήa‘Ί","1010","—Ρ‹Ζo‰c‘Μ_Βlo‰c","o‰c‘Μ","2"
"1369","’·–μ§_Ά’q‘Ί_ήa‘Ί","1011","—Ρ‹Ζo‰c‘Μ_’c‘Μo‰c","o‰c‘Μ","-"
"1369","’·–μ§_Ά’q‘Ί_ήa‘Ί","1012","—Ρ‹Ζo‰c‘Μ_’c‘Μo‰c_–@lo‰c","o‰c‘Μ","-"
"1370","’·–μ§_Ά’q‘Ί_’q—Ά‘Ί","1001","”_—Ρ‹Ζo‰c‘Μ_v","o‰c‘Μ","39"
"1370","’·–μ§_Ά’q‘Ί_’q—Ά‘Ί","1002","”_—Ρ‹Ζo‰c‘Μ_Βlo‰c","o‰c‘Μ","33"
"1370","’·–μ§_Ά’q‘Ί_’q—Ά‘Ί","1003","”_—Ρ‹Ζo‰c‘Μ_’c‘Μo‰c","o‰c‘Μ","6"
"1370","’·–μ§_Ά’q‘Ί_’q—Ά‘Ί","1004","”_—Ρ‹Ζo‰c‘Μ_’c‘Μo‰c_–@lo‰c","o‰c‘Μ","4"
"1370","’·–μ§_Ά’q‘Ί_’q—Ά‘Ί","1005","”_‹Ζo‰c‘Μ_v","o‰c‘Μ","37"
"1370","’·–μ§_Ά’q‘Ί_’q—Ά‘Ί","1006","”_‹Ζo‰c‘Μ_Βlo‰c","o‰c‘Μ","32"
"1370","’·–μ§_Ά’q‘Ί_’q—Ά‘Ί","1007","”_‹Ζo‰c‘Μ_’c‘Μo‰c","o‰c‘Μ","5"
"1370","’·–μ§_Ά’q‘Ί_’q—Ά‘Ί","1008","”_‹Ζo‰c‘Μ_’c‘Μo‰c_–@lo‰c","o‰c‘Μ","4"
"1370","’·–μ§_Ά’q‘Ί_’q—Ά‘Ί","1009","—Ρ‹Ζo‰c‘Μ_v","o‰c‘Μ","2"
"1370","’·–μ§_Ά’q‘Ί_’q—Ά‘Ί","1010","—Ρ‹Ζo‰c‘Μ_Βlo‰c","o‰c‘Μ","1"
"1370","’·–μ§_Ά’q‘Ί_’q—Ά‘Ί","1011","—Ρ‹Ζo‰c‘Μ_’c‘Μo‰c","o‰c‘Μ","1"
"1370","’·–μ§_Ά’q‘Ί_’q—Ά‘Ί","1012","—Ρ‹Ζo‰c‘Μ_’c‘Μo‰c_–@lo‰c","o‰c‘Μ","-"
"1371","’·–μ§_Ά’q‘Ί_Q‡‘Ί","1001","”_—Ρ‹Ζo‰c‘Μ_v","o‰c‘Μ","17"
"1371","’·–μ§_Ά’q‘Ί_Q‡‘Ί","1002","”_—Ρ‹Ζo‰c‘Μ_Βlo‰c","o‰c‘Μ","13"
"1371","’·–μ§_Ά’q‘Ί_Q‡‘Ί","1003","”_—Ρ‹Ζo‰c‘Μ_’c‘Μo‰c","o‰c‘Μ","4"
"1371","’·–μ§_Ά’q‘Ί_Q‡‘Ί","1004","”_—Ρ‹Ζo‰c‘Μ_’c‘Μo‰c_–@lo‰c","o‰c‘Μ","-"
"1371","’·–μ§_Ά’q‘Ί_Q‡‘Ί","1005","”_‹Ζo‰c‘Μ_v","o‰c‘Μ","13"
"1371","’·–μ§_Ά’q‘Ί_Q‡‘Ί","1006","”_‹Ζo‰c‘Μ_Βlo‰c","o‰c‘Μ","13"
"1371","’·–μ§_Ά’q‘Ί_Q‡‘Ί","1007","”_‹Ζo‰c‘Μ_’c‘Μo‰c","o‰c‘Μ","-"
"1371","’·–μ§_Ά’q‘Ί_Q‡‘Ί","1008","”_‹Ζo‰c‘Μ_’c‘Μo‰c_–@lo‰c","o‰c‘Μ","-"
"1371","’·–μ§_Ά’q‘Ί_Q‡‘Ί","1009","—Ρ‹Ζo‰c‘Μ_v","o‰c‘Μ","6"
"1371","’·–μ§_Ά’q‘Ί_Q‡‘Ί","1010","—Ρ‹Ζo‰c‘Μ_Βlo‰c","o‰c‘Μ","2"
"1371","’·–μ§_Ά’q‘Ί_Q‡‘Ί","1011","—Ρ‹Ζo‰c‘Μ_’c‘Μo‰c","o‰c‘Μ","4"
"1371","’·–μ§_Ά’q‘Ί_Q‡‘Ί","1012","—Ρ‹Ζo‰c‘Μ_’c‘Μo‰c_–@lo‰c","o‰c‘Μ","-"
"1372","’·–μ§_Ά’q‘Ί_΄“ΰH‘Ί","1001","”_—Ρ‹Ζo‰c‘Μ_v","o‰c‘Μ","12"
"1372","’·–μ§_Ά’q‘Ί_΄“ΰH‘Ί","1002","”_—Ρ‹Ζo‰c‘Μ_Βlo‰c","o‰c‘Μ","10"
"1372","’·–μ§_Ά’q‘Ί_΄“ΰH‘Ί","1003","”_—Ρ‹Ζo‰c‘Μ_’c‘Μo‰c","o‰c‘Μ","2"
"1372","’·–μ§_Ά’q‘Ί_΄“ΰH‘Ί","1004","”_—Ρ‹Ζo‰c‘Μ_’c‘Μo‰c_–@lo‰c","o‰c‘Μ","-"
"1372","’·–μ§_Ά’q‘Ί_΄“ΰH‘Ί","1005","”_‹Ζo‰c‘Μ_v","o‰c‘Μ","5"
"1372","’·–μ§_Ά’q‘Ί_΄“ΰH‘Ί","1006","”_‹Ζo‰c‘Μ_Βlo‰c","o‰c‘Μ","5"
"1372","’·–μ§_Ά’q‘Ί_΄“ΰH‘Ί","1007","”_‹Ζo‰c‘Μ_’c‘Μo‰c","o‰c‘Μ","-"
"1372","’·–μ§_Ά’q‘Ί_΄“ΰH‘Ί","1008","”_‹Ζo‰c‘Μ_’c‘Μo‰c_–@lo‰c","o‰c‘Μ","-"
"1372","’·–μ§_Ά’q‘Ί_΄“ΰH‘Ί","1009","—Ρ‹Ζo‰c‘Μ_v","o‰c‘Μ","7"
"1372","’·–μ§_Ά’q‘Ί_΄“ΰH‘Ί","1010","—Ρ‹Ζo‰c‘Μ_Βlo‰c","o‰c‘Μ","5"
"1372","’·–μ§_Ά’q‘Ί_΄“ΰH‘Ί","1011","—Ρ‹Ζo‰c‘Μ_’c‘Μo‰c","o‰c‘Μ","2"
"1372","’·–μ§_Ά’q‘Ί_΄“ΰH‘Ί","1012","—Ρ‹Ζo‰c‘Μ_’c‘Μo‰c_–@lo‰c","o‰c‘Μ","-"
"1373","’·–μ§_•½’J‘Ί","1001","”_—Ρ‹Ζo‰c‘Μ_v","o‰c‘Μ","30"
"1373","’·–μ§_•½’J‘Ί","1002","”_—Ρ‹Ζo‰c‘Μ_Βlo‰c","o‰c‘Μ","29"
"1373","’·–μ§_•½’J‘Ί","1003","”_—Ρ‹Ζo‰c‘Μ_’c‘Μo‰c","o‰c‘Μ","1"
"1373","’·–μ§_•½’J‘Ί","1004","”_—Ρ‹Ζo‰c‘Μ_’c‘Μo‰c_–@lo‰c","o‰c‘Μ","1"
"1373","’·–μ§_•½’J‘Ί","1005","”_‹Ζo‰c‘Μ_v","o‰c‘Μ","19"
"1373","’·–μ§_•½’J‘Ί","1006","”_‹Ζo‰c‘Μ_Βlo‰c","o‰c‘Μ","18"
"1373","’·–μ§_•½’J‘Ί","1007","”_‹Ζo‰c‘Μ_’c‘Μo‰c","o‰c‘Μ","1"
"1373","’·–μ§_•½’J‘Ί","1008","”_‹Ζo‰c‘Μ_’c‘Μo‰c_–@lo‰c","o‰c‘Μ","1"
"1373","’·–μ§_•½’J‘Ί","1009","—Ρ‹Ζo‰c‘Μ_v","o‰c‘Μ","20"
"1373","’·–μ§_•½’J‘Ί","1010","—Ρ‹Ζo‰c‘Μ_Βlo‰c","o‰c‘Μ","20"
"1373","’·–μ§_•½’J‘Ί","1011","—Ρ‹Ζo‰c‘Μ_’c‘Μo‰c","o‰c‘Μ","-"
"1373","’·–μ§_•½’J‘Ί","1012","—Ρ‹Ζo‰c‘Μ_’c‘Μo‰c_–@lo‰c","o‰c‘Μ","-"
"1374","’·–μ§_ª‰H‘Ί","1001","”_—Ρ‹Ζo‰c‘Μ_v","o‰c‘Μ","24"
"1374","’·–μ§_ª‰H‘Ί","1002","”_—Ρ‹Ζo‰c‘Μ_Βlo‰c","o‰c‘Μ","21"
"1374","’·–μ§_ª‰H‘Ί","1003","”_—Ρ‹Ζo‰c‘Μ_’c‘Μo‰c","o‰c‘Μ","3"
"1374","’·–μ§_ª‰H‘Ί","1004","”_—Ρ‹Ζo‰c‘Μ_’c‘Μo‰c_–@lo‰c","o‰c‘Μ","2"
"1374","’·–μ§_ª‰H‘Ί","1005","”_‹Ζo‰c‘Μ_v","o‰c‘Μ","17"
"1374","’·–μ§_ª‰H‘Ί","1006","”_‹Ζo‰c‘Μ_Βlo‰c","o‰c‘Μ","16"
"1374","’·–μ§_ª‰H‘Ί","1007","”_‹Ζo‰c‘Μ_’c‘Μo‰c","o‰c‘Μ","1"
"1374","’·–μ§_ª‰H‘Ί","1008","”_‹Ζo‰c‘Μ_’c‘Μo‰c_–@lo‰c","o‰c‘Μ","1"
"1374","’·–μ§_ª‰H‘Ί","1009","—Ρ‹Ζo‰c‘Μ_v","o‰c‘Μ","8"
"1374","’·–μ§_ª‰H‘Ί","1010","—Ρ‹Ζo‰c‘Μ_Βlo‰c","o‰c‘Μ","6"
"1374","’·–μ§_ª‰H‘Ί","1011","—Ρ‹Ζo‰c‘Μ_’c‘Μo‰c","o‰c‘Μ","2"
"1374","’·–μ§_ª‰H‘Ί","1012","—Ρ‹Ζo‰c‘Μ_’c‘Μo‰c_–@lo‰c","o‰c‘Μ","1"
"1375","’·–μ§_‰Ί‘Ί","1001","”_—Ρ‹Ζo‰c‘Μ_v","o‰c‘Μ","261"
"1375","’·–μ§_‰Ί‘Ί","1002","”_—Ρ‹Ζo‰c‘Μ_Βlo‰c","o‰c‘Μ","250"
"1375","’·–μ§_‰Ί‘Ί","1003","”_—Ρ‹Ζo‰c‘Μ_’c‘Μo‰c","o‰c‘Μ","11"
"1375","’·–μ§_‰Ί‘Ί","1004","”_—Ρ‹Ζo‰c‘Μ_’c‘Μo‰c_–@lo‰c","o‰c‘Μ","8"
"1375","’·–μ§_‰Ί‘Ί","1005","”_‹Ζo‰c‘Μ_v","o‰c‘Μ","259"
"1375","’·–μ§_‰Ί‘Ί","1006","”_‹Ζo‰c‘Μ_Βlo‰c","o‰c‘Μ","249"
"1375","’·–μ§_‰Ί‘Ί","1007","”_‹Ζo‰c‘Μ_’c‘Μo‰c","o‰c‘Μ","10"
"1375","’·–μ§_‰Ί‘Ί","1008","”_‹Ζo‰c‘Μ_’c‘Μo‰c_–@lo‰c","o‰c‘Μ","7"
"1375","’·–μ§_‰Ί‘Ί","1009","—Ρ‹Ζo‰c‘Μ_v","o‰c‘Μ","5"
"1375","’·–μ§_‰Ί‘Ί","1010","—Ρ‹Ζo‰c‘Μ_Βlo‰c","o‰c‘Μ","3"
"1375","’·–μ§_‰Ί‘Ί","1011","—Ρ‹Ζo‰c‘Μ_’c‘Μo‰c","o‰c‘Μ","2"
"1375","’·–μ§_‰Ί‘Ί","1012","—Ρ‹Ζo‰c‘Μ_’c‘Μo‰c_–@lo‰c","o‰c‘Μ","1"
"1376","’·–μ§_”„–Ψ‘Ί","1001","”_—Ρ‹Ζo‰c‘Μ_v","o‰c‘Μ","24"
"1376","’·–μ§_”„–Ψ‘Ί","1002","”_—Ρ‹Ζo‰c‘Μ_Βlo‰c","o‰c‘Μ","24"
"1376","’·–μ§_”„–Ψ‘Ί","1003","”_—Ρ‹Ζo‰c‘Μ_’c‘Μo‰c","o‰c‘Μ","-"
"1376","’·–μ§_”„–Ψ‘Ί","1004","”_—Ρ‹Ζo‰c‘Μ_’c‘Μo‰c_–@lo‰c","o‰c‘Μ","-"
"1376","’·–μ§_”„–Ψ‘Ί","1005","”_‹Ζo‰c‘Μ_v","o‰c‘Μ","22"
"1376","’·–μ§_”„–Ψ‘Ί","1006","”_‹Ζo‰c‘Μ_Βlo‰c","o‰c‘Μ","22"
"1376","’·–μ§_”„–Ψ‘Ί","1007","”_‹Ζo‰c‘Μ_’c‘Μo‰c","o‰c‘Μ","-"
"1376","’·–μ§_”„–Ψ‘Ί","1008","”_‹Ζo‰c‘Μ_’c‘Μo‰c_–@lo‰c","o‰c‘Μ","-"
"1376","’·–μ§_”„–Ψ‘Ί","1009","—Ρ‹Ζo‰c‘Μ_v","o‰c‘Μ","6"
"1376","’·–μ§_”„–Ψ‘Ί","1010","—Ρ‹Ζo‰c‘Μ_Βlo‰c","o‰c‘Μ","6"
"1376","’·–μ§_”„–Ψ‘Ί","1011","—Ρ‹Ζo‰c‘Μ_’c‘Μo‰c","o‰c‘Μ","-"
"1376","’·–μ§_”„–Ψ‘Ί","1012","—Ρ‹Ζo‰c‘Μ_’c‘Μo‰c_–@lo‰c","o‰c‘Μ","-"
"1377","’·–μ§_“V—΄‘Ί","1001","”_—Ρ‹Ζo‰c‘Μ_v","o‰c‘Μ","54"
"1377","’·–μ§_“V—΄‘Ί","1002","”_—Ρ‹Ζo‰c‘Μ_Βlo‰c","o‰c‘Μ","50"
"1377","’·–μ§_“V—΄‘Ί","1003","”_—Ρ‹Ζo‰c‘Μ_’c‘Μo‰c","o‰c‘Μ","4"
"1377","’·–μ§_“V—΄‘Ί","1004","”_—Ρ‹Ζo‰c‘Μ_’c‘Μo‰c_–@lo‰c","o‰c‘Μ","2"
"1377","’·–μ§_“V—΄‘Ί","1005","”_‹Ζo‰c‘Μ_v","o‰c‘Μ","36"
"1377","’·–μ§_“V—΄‘Ί","1006","”_‹Ζo‰c‘Μ_Βlo‰c","o‰c‘Μ","33"
"1377","’·–μ§_“V—΄‘Ί","1007","”_‹Ζo‰c‘Μ_’c‘Μo‰c","o‰c‘Μ","3"
"1377","’·–μ§_“V—΄‘Ί","1008","”_‹Ζo‰c‘Μ_’c‘Μo‰c_–@lo‰c","o‰c‘Μ","2"
"1377","’·–μ§_“V—΄‘Ί","1009","—Ρ‹Ζo‰c‘Μ_v","o‰c‘Μ","26"
"1377","’·–μ§_“V—΄‘Ί","1010","—Ρ‹Ζo‰c‘Μ_Βlo‰c","o‰c‘Μ","25"
"1377","’·–μ§_“V—΄‘Ί","1011","—Ρ‹Ζo‰c‘Μ_’c‘Μo‰c","o‰c‘Μ","1"
"1377","’·–μ§_“V—΄‘Ί","1012","—Ρ‹Ζo‰c‘Μ_’c‘Μo‰c_–@lo‰c","o‰c‘Μ","-"
"1378","’·–μ§_“V—΄‘Ί_•½‰ª‘Ί","1001","”_—Ρ‹Ζo‰c‘Μ_v","o‰c‘Μ","31"
"1378","’·–μ§_“V—΄‘Ί_•½‰ª‘Ί","1002","”_—Ρ‹Ζo‰c‘Μ_Βlo‰c","o‰c‘Μ","27"
"1378","’·–μ§_“V—΄‘Ί_•½‰ª‘Ί","1003","”_—Ρ‹Ζo‰c‘Μ_’c‘Μo‰c","o‰c‘Μ","4"
"1378","’·–μ§_“V—΄‘Ί_•½‰ª‘Ί","1004","”_—Ρ‹Ζo‰c‘Μ_’c‘Μo‰c_–@lo‰c","o‰c‘Μ","2"
"1378","’·–μ§_“V—΄‘Ί_•½‰ª‘Ί","1005","”_‹Ζo‰c‘Μ_v","o‰c‘Μ","22"
"1378","’·–μ§_“V—΄‘Ί_•½‰ª‘Ί","1006","”_‹Ζo‰c‘Μ_Βlo‰c","o‰c‘Μ","19"
"1378","’·–μ§_“V—΄‘Ί_•½‰ª‘Ί","1007","”_‹Ζo‰c‘Μ_’c‘Μo‰c","o‰c‘Μ","3"
"1378","’·–μ§_“V—΄‘Ί_•½‰ª‘Ί","1008","”_‹Ζo‰c‘Μ_’c‘Μo‰c_–@lo‰c","o‰c‘Μ","2"
"1378","’·–μ§_“V—΄‘Ί_•½‰ª‘Ί","1009","—Ρ‹Ζo‰c‘Μ_v","o‰c‘Μ","12"
"1378","’·–μ§_“V—΄‘Ί_•½‰ª‘Ί","1010","—Ρ‹Ζo‰c‘Μ_Βlo‰c","o‰c‘Μ","11"
"1378","’·–μ§_“V—΄‘Ί_•½‰ª‘Ί","1011","—Ρ‹Ζo‰c‘Μ_’c‘Μo‰c","o‰c‘Μ","1"
"1378","’·–μ§_“V—΄‘Ί_•½‰ª‘Ί","1012","—Ρ‹Ζo‰c‘Μ_’c‘Μo‰c_–@lo‰c","o‰c‘Μ","-"
"1379","’·–μ§_“V—΄‘Ί__΄‘Ί","1001","”_—Ρ‹Ζo‰c‘Μ_v","o‰c‘Μ","23"
"1379","’·–μ§_“V—΄‘Ί__΄‘Ί","1002","”_—Ρ‹Ζo‰c‘Μ_Βlo‰c","o‰c‘Μ","23"
"1379","’·–μ§_“V—΄‘Ί__΄‘Ί","1003","”_—Ρ‹Ζo‰c‘Μ_’c‘Μo‰c","o‰c‘Μ","-"
"1379","’·–μ§_“V—΄‘Ί__΄‘Ί","1004","”_—Ρ‹Ζo‰c‘Μ_’c‘Μo‰c_–@lo‰c","o‰c‘Μ","-"
"1379","’·–μ§_“V—΄‘Ί__΄‘Ί","1005","”_‹Ζo‰c‘Μ_v","o‰c‘Μ","14"
"1379","’·–μ§_“V—΄‘Ί__΄‘Ί","1006","”_‹Ζo‰c‘Μ_Βlo‰c","o‰c‘Μ","14"
"1379","’·–μ§_“V—΄‘Ί__΄‘Ί","1007","”_‹Ζo‰c‘Μ_’c‘Μo‰c","o‰c‘Μ","-"
"1379","’·–μ§_“V—΄‘Ί__΄‘Ί","1008","”_‹Ζo‰c‘Μ_’c‘Μo‰c_–@lo‰c","o‰c‘Μ","-"
"1379","’·–μ§_“V—΄‘Ί__΄‘Ί","1009","—Ρ‹Ζo‰c‘Μ_v","o‰c‘Μ","14"
"1379","’·–μ§_“V—΄‘Ί__΄‘Ί","1010","—Ρ‹Ζo‰c‘Μ_Βlo‰c","o‰c‘Μ","14"
"1379","’·–μ§_“V—΄‘Ί__΄‘Ί","1011","—Ρ‹Ζo‰c‘Μ_’c‘Μo‰c","o‰c‘Μ","-"
"1379","’·–μ§_“V—΄‘Ί__΄‘Ί","1012","—Ρ‹Ζo‰c‘Μ_’c‘Μo‰c_–@lo‰c","o‰c‘Μ","-"
"1380","’·–μ§_‘Χ•‘Ί","1001","”_—Ρ‹Ζo‰c‘Μ_v","o‰c‘Μ","62"
"1380","’·–μ§_‘Χ•‘Ί","1002","”_—Ρ‹Ζo‰c‘Μ_Βlo‰c","o‰c‘Μ","59"
"1380","’·–μ§_‘Χ•‘Ί","1003","”_—Ρ‹Ζo‰c‘Μ_’c‘Μo‰c","o‰c‘Μ","3"
"1380","’·–μ§_‘Χ•‘Ί","1004","”_—Ρ‹Ζo‰c‘Μ_’c‘Μo‰c_–@lo‰c","o‰c‘Μ","3"
"1380","’·–μ§_‘Χ•‘Ί","1005","”_‹Ζo‰c‘Μ_v","o‰c‘Μ","60"
"1380","’·–μ§_‘Χ•‘Ί","1006","”_‹Ζo‰c‘Μ_Βlo‰c","o‰c‘Μ","58"
"1380","’·–μ§_‘Χ•‘Ί","1007","”_‹Ζo‰c‘Μ_’c‘Μo‰c","o‰c‘Μ","2"
"1380","’·–μ§_‘Χ•‘Ί","1008","”_‹Ζo‰c‘Μ_’c‘Μo‰c_–@lo‰c","o‰c‘Μ","2"
"1380","’·–μ§_‘Χ•‘Ί","1009","—Ρ‹Ζo‰c‘Μ_v","o‰c‘Μ","4"
"1380","’·–μ§_‘Χ•‘Ί","1010","—Ρ‹Ζo‰c‘Μ_Βlo‰c","o‰c‘Μ","3"
"1380","’·–μ§_‘Χ•‘Ί","1011","—Ρ‹Ζo‰c‘Μ_’c‘Μo‰c","o‰c‘Μ","1"
"1380","’·–μ§_‘Χ•‘Ί","1012","—Ρ‹Ζo‰c‘Μ_’c‘Μo‰c_–@lo‰c","o‰c‘Μ","1"
"1381","’·–μ§_‹ª–Ψ‘Ί","1001","”_—Ρ‹Ζo‰c‘Μ_v","o‰c‘Μ","295"
"1381","’·–μ§_‹ª–Ψ‘Ί","1002","”_—Ρ‹Ζo‰c‘Μ_Βlo‰c","o‰c‘Μ","288"
"1381","’·–μ§_‹ª–Ψ‘Ί","1003","”_—Ρ‹Ζo‰c‘Μ_’c‘Μo‰c","o‰c‘Μ","7"
"1381","’·–μ§_‹ª–Ψ‘Ί","1004","”_—Ρ‹Ζo‰c‘Μ_’c‘Μo‰c_–@lo‰c","o‰c‘Μ","6"
"1381","’·–μ§_‹ª–Ψ‘Ί","1005","”_‹Ζo‰c‘Μ_v","o‰c‘Μ","294"
"1381","’·–μ§_‹ª–Ψ‘Ί","1006","”_‹Ζo‰c‘Μ_Βlo‰c","o‰c‘Μ","288"
"1381","’·–μ§_‹ª–Ψ‘Ί","1007","”_‹Ζo‰c‘Μ_’c‘Μo‰c","o‰c‘Μ","6"
"1381","’·–μ§_‹ª–Ψ‘Ί","1008","”_‹Ζo‰c‘Μ_’c‘Μo‰c_–@lo‰c","o‰c‘Μ","6"
"1381","’·–μ§_‹ª–Ψ‘Ί","1009","—Ρ‹Ζo‰c‘Μ_v","o‰c‘Μ","4"
"1381","’·–μ§_‹ª–Ψ‘Ί","1010","—Ρ‹Ζo‰c‘Μ_Βlo‰c","o‰c‘Μ","3"
"1381","’·–μ§_‹ª–Ψ‘Ί","1011","—Ρ‹Ζo‰c‘Μ_’c‘Μo‰c","o‰c‘Μ","1"
"1381","’·–μ§_‹ª–Ψ‘Ί","1012","—Ρ‹Ζo‰c‘Μ_’c‘Μo‰c_–@lo‰c","o‰c‘Μ","-"
"1382","’·–μ§_–L‹u‘Ί","1001","”_—Ρ‹Ζo‰c‘Μ_v","o‰c‘Μ","411"
"1382","’·–μ§_–L‹u‘Ί","1002","”_—Ρ‹Ζo‰c‘Μ_Βlo‰c","o‰c‘Μ","394"
"1382","’·–μ§_–L‹u‘Ί","1003","”_—Ρ‹Ζo‰c‘Μ_’c‘Μo‰c","o‰c‘Μ","17"
"1382","’·–μ§_–L‹u‘Ί","1004","”_—Ρ‹Ζo‰c‘Μ_’c‘Μo‰c_–@lo‰c","o‰c‘Μ","12"
"1382","’·–μ§_–L‹u‘Ί","1005","”_‹Ζo‰c‘Μ_v","o‰c‘Μ","403"
"1382","’·–μ§_–L‹u‘Ί","1006","”_‹Ζo‰c‘Μ_Βlo‰c","o‰c‘Μ","394"
"1382","’·–μ§_–L‹u‘Ί","1007","”_‹Ζo‰c‘Μ_’c‘Μo‰c","o‰c‘Μ","9"
"1382","’·–μ§_–L‹u‘Ί","1008","”_‹Ζo‰c‘Μ_’c‘Μo‰c_–@lo‰c","o‰c‘Μ","7"
"1382","’·–μ§_–L‹u‘Ί","1009","—Ρ‹Ζo‰c‘Μ_v","o‰c‘Μ","8"
"1382","’·–μ§_–L‹u‘Ί","1010","—Ρ‹Ζo‰c‘Μ_Βlo‰c","o‰c‘Μ","-"
"1382","’·–μ§_–L‹u‘Ί","1011","—Ρ‹Ζo‰c‘Μ_’c‘Μo‰c","o‰c‘Μ","8"
"1382","’·–μ§_–L‹u‘Ί","1012","—Ρ‹Ζo‰c‘Μ_’c‘Μo‰c_–@lo‰c","o‰c‘Μ","5"
"1383","’·–μ§_–L‹u‘Ί__ξ‘Ί","1001","”_—Ρ‹Ζo‰c‘Μ_v","o‰c‘Μ","251"
"1383","’·–μ§_–L‹u‘Ί__ξ‘Ί","1002","”_—Ρ‹Ζo‰c‘Μ_Βlo‰c","o‰c‘Μ","239"
"1383","’·–μ§_–L‹u‘Ί__ξ‘Ί","1003","”_—Ρ‹Ζo‰c‘Μ_’c‘Μo‰c","o‰c‘Μ","12"
"1383","’·–μ§_–L‹u‘Ί__ξ‘Ί","1004","”_—Ρ‹Ζo‰c‘Μ_’c‘Μo‰c_–@lo‰c","o‰c‘Μ","10"
"1383","’·–μ§_–L‹u‘Ί__ξ‘Ί","1005","”_‹Ζo‰c‘Μ_v","o‰c‘Μ","246"
"1383","’·–μ§_–L‹u‘Ί__ξ‘Ί","1006","”_‹Ζo‰c‘Μ_Βlo‰c","o‰c‘Μ","239"
"1383","’·–μ§_–L‹u‘Ί__ξ‘Ί","1007","”_‹Ζo‰c‘Μ_’c‘Μo‰c","o‰c‘Μ","7"
"1383","’·–μ§_–L‹u‘Ί__ξ‘Ί","1008","”_‹Ζo‰c‘Μ_’c‘Μo‰c_–@lo‰c","o‰c‘Μ","6"
"1383","’·–μ§_–L‹u‘Ί__ξ‘Ί","1009","—Ρ‹Ζo‰c‘Μ_v","o‰c‘Μ","5"
"1383","’·–μ§_–L‹u‘Ί__ξ‘Ί","1010","—Ρ‹Ζo‰c‘Μ_Βlo‰c","o‰c‘Μ","-"
"1383","’·–μ§_–L‹u‘Ί__ξ‘Ί","1011","—Ρ‹Ζo‰c‘Μ_’c‘Μo‰c","o‰c‘Μ","5"
"1383","’·–μ§_–L‹u‘Ί__ξ‘Ί","1012","—Ρ‹Ζo‰c‘Μ_’c‘Μo‰c_–@lo‰c","o‰c‘Μ","4"
"1384","’·–μ§_–L‹u‘Ί_‰Ν–μ‘Ί","1001","”_—Ρ‹Ζo‰c‘Μ_v","o‰c‘Μ","160"
"1384","’·–μ§_–L‹u‘Ί_‰Ν–μ‘Ί","1002","”_—Ρ‹Ζo‰c‘Μ_Βlo‰c","o‰c‘Μ","155"
"1384","’·–μ§_–L‹u‘Ί_‰Ν–μ‘Ί","1003","”_—Ρ‹Ζo‰c‘Μ_’c‘Μo‰c","o‰c‘Μ","5"
"1384","’·–μ§_–L‹u‘Ί_‰Ν–μ‘Ί","1004","”_—Ρ‹Ζo‰c‘Μ_’c‘Μo‰c_–@lo‰c","o‰c‘Μ","2"
"1384","’·–μ§_–L‹u‘Ί_‰Ν–μ‘Ί","1005","”_‹Ζo‰c‘Μ_v","o‰c‘Μ","157"
"1384","’·–μ§_–L‹u‘Ί_‰Ν–μ‘Ί","1006","”_‹Ζo‰c‘Μ_Βlo‰c","o‰c‘Μ","155"
"1384","’·–μ§_–L‹u‘Ί_‰Ν–μ‘Ί","1007","”_‹Ζo‰c‘Μ_’c‘Μo‰c","o‰c‘Μ","2"
"1384","’·–μ§_–L‹u‘Ί_‰Ν–μ‘Ί","1008","”_‹Ζo‰c‘Μ_’c‘Μo‰c_–@lo‰c","o‰c‘Μ","1"
"1384","’·–μ§_–L‹u‘Ί_‰Ν–μ‘Ί","1009","—Ρ‹Ζo‰c‘Μ_v","o‰c‘Μ","3"
"1384","’·–μ§_–L‹u‘Ί_‰Ν–μ‘Ί","1010","—Ρ‹Ζo‰c‘Μ_Βlo‰c","o‰c‘Μ","-"
"1384","’·–μ§_–L‹u‘Ί_‰Ν–μ‘Ί","1011","—Ρ‹Ζo‰c‘Μ_’c‘Μo‰c","o‰c‘Μ","3"
"1384","’·–μ§_–L‹u‘Ί_‰Ν–μ‘Ί","1012","—Ρ‹Ζo‰c‘Μ_’c‘Μo‰c_–@lo‰c","o‰c‘Μ","1"
"1385","’·–μ§_‘ε­‘Ί","1001","”_—Ρ‹Ζo‰c‘Μ_v","o‰c‘Μ","71"
"1385","’·–μ§_‘ε­‘Ί","1002","”_—Ρ‹Ζo‰c‘Μ_Βlo‰c","o‰c‘Μ","67"
"1385","’·–μ§_‘ε­‘Ί","1003","”_—Ρ‹Ζo‰c‘Μ_’c‘Μo‰c","o‰c‘Μ","4"
"1385","’·–μ§_‘ε­‘Ί","1004","”_—Ρ‹Ζo‰c‘Μ_’c‘Μo‰c_–@lo‰c","o‰c‘Μ","3"
"1385","’·–μ§_‘ε­‘Ί","1005","”_‹Ζo‰c‘Μ_v","o‰c‘Μ","67"
"1385","’·–μ§_‘ε­‘Ί","1006","”_‹Ζo‰c‘Μ_Βlo‰c","o‰c‘Μ","64"
"1385","’·–μ§_‘ε­‘Ί","1007","”_‹Ζo‰c‘Μ_’c‘Μo‰c","o‰c‘Μ","3"
"1385","’·–μ§_‘ε­‘Ί","1008","”_‹Ζo‰c‘Μ_’c‘Μo‰c_–@lo‰c","o‰c‘Μ","2"
"1385","’·–μ§_‘ε­‘Ί","1009","—Ρ‹Ζo‰c‘Μ_v","o‰c‘Μ","7"
"1385","’·–μ§_‘ε­‘Ί","1010","—Ρ‹Ζo‰c‘Μ_Βlo‰c","o‰c‘Μ","6"
"1385","’·–μ§_‘ε­‘Ί","1011","—Ρ‹Ζo‰c‘Μ_’c‘Μo‰c","o‰c‘Μ","1"
"1385","’·–μ§_‘ε­‘Ί","1012","—Ρ‹Ζo‰c‘Μ_’c‘Μo‰c_–@lo‰c","o‰c‘Μ","1"
"1386","’·–μ§_γΌ’¬","1001","”_—Ρ‹Ζo‰c‘Μ_v","o‰c‘Μ","103"
"1386","’·–μ§_γΌ’¬","1002","”_—Ρ‹Ζo‰c‘Μ_Βlo‰c","o‰c‘Μ","96"
"1386","’·–μ§_γΌ’¬","1003","”_—Ρ‹Ζo‰c‘Μ_’c‘Μo‰c","o‰c‘Μ","7"
"1386","’·–μ§_γΌ’¬","1004","”_—Ρ‹Ζo‰c‘Μ_’c‘Μo‰c_–@lo‰c","o‰c‘Μ","4"
"1386","’·–μ§_γΌ’¬","1005","”_‹Ζo‰c‘Μ_v","o‰c‘Μ","97"
"1386","’·–μ§_γΌ’¬","1006","”_‹Ζo‰c‘Μ_Βlo‰c","o‰c‘Μ","94"
"1386","’·–μ§_γΌ’¬","1007","”_‹Ζo‰c‘Μ_’c‘Μo‰c","o‰c‘Μ","3"
"1386","’·–μ§_γΌ’¬","1008","”_‹Ζo‰c‘Μ_’c‘Μo‰c_–@lo‰c","o‰c‘Μ","-"
"1386","’·–μ§_γΌ’¬","1009","—Ρ‹Ζo‰c‘Μ_v","o‰c‘Μ","12"
"1386","’·–μ§_γΌ’¬","1010","—Ρ‹Ζo‰c‘Μ_Βlo‰c","o‰c‘Μ","8"
"1386","’·–μ§_γΌ’¬","1011","—Ρ‹Ζo‰c‘Μ_’c‘Μo‰c","o‰c‘Μ","4"
"1386","’·–μ§_γΌ’¬","1012","—Ρ‹Ζo‰c‘Μ_’c‘Μo‰c_–@lo‰c","o‰c‘Μ","4"
"1387","’·–μ§_“μ–Ψ‘]’¬","1001","”_—Ρ‹Ζo‰c‘Μ_v","o‰c‘Μ","247"
"1387","’·–μ§_“μ–Ψ‘]’¬","1002","”_—Ρ‹Ζo‰c‘Μ_Βlo‰c","o‰c‘Μ","233"
"1387","’·–μ§_“μ–Ψ‘]’¬","1003","”_—Ρ‹Ζo‰c‘Μ_’c‘Μo‰c","o‰c‘Μ","14"
"1387","’·–μ§_“μ–Ψ‘]’¬","1004","”_—Ρ‹Ζo‰c‘Μ_’c‘Μo‰c_–@lo‰c","o‰c‘Μ","9"
"1387","’·–μ§_“μ–Ψ‘]’¬","1005","”_‹Ζo‰c‘Μ_v","o‰c‘Μ","153"
"1387","’·–μ§_“μ–Ψ‘]’¬","1006","”_‹Ζo‰c‘Μ_Βlo‰c","o‰c‘Μ","151"
"1387","’·–μ§_“μ–Ψ‘]’¬","1007","”_‹Ζo‰c‘Μ_’c‘Μo‰c","o‰c‘Μ","2"
"1387","’·–μ§_“μ–Ψ‘]’¬","1008","”_‹Ζo‰c‘Μ_’c‘Μo‰c_–@lo‰c","o‰c‘Μ","1"
"1387","’·–μ§_“μ–Ψ‘]’¬","1009","—Ρ‹Ζo‰c‘Μ_v","o‰c‘Μ","182"
"1387","’·–μ§_“μ–Ψ‘]’¬","1010","—Ρ‹Ζo‰c‘Μ_Βlo‰c","o‰c‘Μ","170"
"1387","’·–μ§_“μ–Ψ‘]’¬","1011","—Ρ‹Ζo‰c‘Μ_’c‘Μo‰c","o‰c‘Μ","12"
"1387","’·–μ§_“μ–Ψ‘]’¬","1012","—Ρ‹Ζo‰c‘Μ_’c‘Μo‰c_–@lo‰c","o‰c‘Μ","8"
"1388","’·–μ§_“μ–Ψ‘]’¬_“Η‘‘Ί","1001","”_—Ρ‹Ζo‰c‘Μ_v","o‰c‘Μ","116"
"1388","’·–μ§_“μ–Ψ‘]’¬_“Η‘‘Ί","1002","”_—Ρ‹Ζo‰c‘Μ_Βlo‰c","o‰c‘Μ","108"
"1388","’·–μ§_“μ–Ψ‘]’¬_“Η‘‘Ί","1003","”_—Ρ‹Ζo‰c‘Μ_’c‘Μo‰c","o‰c‘Μ","8"
"1388","’·–μ§_“μ–Ψ‘]’¬_“Η‘‘Ί","1004","”_—Ρ‹Ζo‰c‘Μ_’c‘Μo‰c_–@lo‰c","o‰c‘Μ","6"
"1388","’·–μ§_“μ–Ψ‘]’¬_“Η‘‘Ί","1005","”_‹Ζo‰c‘Μ_v","o‰c‘Μ","77"
"1388","’·–μ§_“μ–Ψ‘]’¬_“Η‘‘Ί","1006","”_‹Ζo‰c‘Μ_Βlo‰c","o‰c‘Μ","76"
"1388","’·–μ§_“μ–Ψ‘]’¬_“Η‘‘Ί","1007","”_‹Ζo‰c‘Μ_’c‘Μo‰c","o‰c‘Μ","1"
"1388","’·–μ§_“μ–Ψ‘]’¬_“Η‘‘Ί","1008","”_‹Ζo‰c‘Μ_’c‘Μo‰c_–@lo‰c","o‰c‘Μ","1"
"1388","’·–μ§_“μ–Ψ‘]’¬_“Η‘‘Ί","1009","—Ρ‹Ζo‰c‘Μ_v","o‰c‘Μ","90"
"1388","’·–μ§_“μ–Ψ‘]’¬_“Η‘‘Ί","1010","—Ρ‹Ζo‰c‘Μ_Βlo‰c","o‰c‘Μ","83"
"1388","’·–μ§_“μ–Ψ‘]’¬_“Η‘‘Ί","1011","—Ρ‹Ζo‰c‘Μ_’c‘Μo‰c","o‰c‘Μ","7"
"1388","’·–μ§_“μ–Ψ‘]’¬_“Η‘‘Ί","1012","—Ρ‹Ζo‰c‘Μ_’c‘Μo‰c_–@lo‰c","o‰c‘Μ","5"
"1389","’·–μ§_“μ–Ψ‘]’¬_αΘ‘Ί","1001","”_—Ρ‹Ζo‰c‘Μ_v","o‰c‘Μ","57"
"1389","’·–μ§_“μ–Ψ‘]’¬_αΘ‘Ί","1002","”_—Ρ‹Ζo‰c‘Μ_Βlo‰c","o‰c‘Μ","55"
"1389","’·–μ§_“μ–Ψ‘]’¬_αΘ‘Ί","1003","”_—Ρ‹Ζo‰c‘Μ_’c‘Μo‰c","o‰c‘Μ","2"
"1389","’·–μ§_“μ–Ψ‘]’¬_αΘ‘Ί","1004","”_—Ρ‹Ζo‰c‘Μ_’c‘Μo‰c_–@lo‰c","o‰c‘Μ","2"
"1389","’·–μ§_“μ–Ψ‘]’¬_αΘ‘Ί","1005","”_‹Ζo‰c‘Μ_v","o‰c‘Μ","19"
"1389","’·–μ§_“μ–Ψ‘]’¬_αΘ‘Ί","1006","”_‹Ζo‰c‘Μ_Βlo‰c","o‰c‘Μ","19"
"1389","’·–μ§_“μ–Ψ‘]’¬_αΘ‘Ί","1007","”_‹Ζo‰c‘Μ_’c‘Μo‰c","o‰c‘Μ","-"
"1389","’·–μ§_“μ–Ψ‘]’¬_αΘ‘Ί","1008","”_‹Ζo‰c‘Μ_’c‘Μo‰c_–@lo‰c","o‰c‘Μ","-"
"1389","’·–μ§_“μ–Ψ‘]’¬_αΘ‘Ί","1009","—Ρ‹Ζo‰c‘Μ_v","o‰c‘Μ","48"
"1389","’·–μ§_“μ–Ψ‘]’¬_αΘ‘Ί","1010","—Ρ‹Ζo‰c‘Μ_Βlo‰c","o‰c‘Μ","46"
"1389","’·–μ§_“μ–Ψ‘]’¬_αΘ‘Ί","1011","—Ρ‹Ζo‰c‘Μ_’c‘Μo‰c","o‰c‘Μ","2"
"1389","’·–μ§_“μ–Ψ‘]’¬_αΘ‘Ί","1012","—Ρ‹Ζo‰c‘Μ_’c‘Μo‰c_–@lo‰c","o‰c‘Μ","2"
"1390","’·–μ§_“μ–Ψ‘]’¬_“c—§‘Ί","1001","”_—Ρ‹Ζo‰c‘Μ_v","o‰c‘Μ","74"
"1390","’·–μ§_“μ–Ψ‘]’¬_“c—§‘Ί","1002","”_—Ρ‹Ζo‰c‘Μ_Βlo‰c","o‰c‘Μ","70"
"1390","’·–μ§_“μ–Ψ‘]’¬_“c—§‘Ί","1003","”_—Ρ‹Ζo‰c‘Μ_’c‘Μo‰c","o‰c‘Μ","4"
"1390","’·–μ§_“μ–Ψ‘]’¬_“c—§‘Ί","1004","”_—Ρ‹Ζo‰c‘Μ_’c‘Μo‰c_–@lo‰c","o‰c‘Μ","1"
"1390","’·–μ§_“μ–Ψ‘]’¬_“c—§‘Ί","1005","”_‹Ζo‰c‘Μ_v","o‰c‘Μ","57"
"1390","’·–μ§_“μ–Ψ‘]’¬_“c—§‘Ί","1006","”_‹Ζo‰c‘Μ_Βlo‰c","o‰c‘Μ","56"
"1390","’·–μ§_“μ–Ψ‘]’¬_“c—§‘Ί","1007","”_‹Ζo‰c‘Μ_’c‘Μo‰c","o‰c‘Μ","1"
"1390","’·–μ§_“μ–Ψ‘]’¬_“c—§‘Ί","1008","”_‹Ζo‰c‘Μ_’c‘Μo‰c_–@lo‰c","o‰c‘Μ","-"
"1390","’·–μ§_“μ–Ψ‘]’¬_“c—§‘Ί","1009","—Ρ‹Ζo‰c‘Μ_v","o‰c‘Μ","44"
"1390","’·–μ§_“μ–Ψ‘]’¬_“c—§‘Ί","1010","—Ρ‹Ζo‰c‘Μ_Βlo‰c","o‰c‘Μ","41"
"1390","’·–μ§_“μ–Ψ‘]’¬_“c—§‘Ί","1011","—Ρ‹Ζo‰c‘Μ_’c‘Μo‰c","o‰c‘Μ","3"
"1390","’·–μ§_“μ–Ψ‘]’¬_“c—§‘Ί","1012","—Ρ‹Ζo‰c‘Μ_’c‘Μo‰c_–@lo‰c","o‰c‘Μ","1"
"1391","’·–μ§_–Ψ‘c‘Ί","1001","”_—Ρ‹Ζo‰c‘Μ_v","o‰c‘Μ","50"
"1391","’·–μ§_–Ψ‘c‘Ί","1002","”_—Ρ‹Ζo‰c‘Μ_Βlo‰c","o‰c‘Μ","43"
"1391","’·–μ§_–Ψ‘c‘Ί","1003","”_—Ρ‹Ζo‰c‘Μ_’c‘Μo‰c","o‰c‘Μ","7"
"1391","’·–μ§_–Ψ‘c‘Ί","1004","”_—Ρ‹Ζo‰c‘Μ_’c‘Μo‰c_–@lo‰c","o‰c‘Μ","4"
"1391","’·–μ§_–Ψ‘c‘Ί","1005","”_‹Ζo‰c‘Μ_v","o‰c‘Μ","45"
"1391","’·–μ§_–Ψ‘c‘Ί","1006","”_‹Ζo‰c‘Μ_Βlo‰c","o‰c‘Μ","43"
"1391","’·–μ§_–Ψ‘c‘Ί","1007","”_‹Ζo‰c‘Μ_’c‘Μo‰c","o‰c‘Μ","2"
"1391","’·–μ§_–Ψ‘c‘Ί","1008","”_‹Ζo‰c‘Μ_’c‘Μo‰c_–@lo‰c","o‰c‘Μ","1"
"1391","’·–μ§_–Ψ‘c‘Ί","1009","—Ρ‹Ζo‰c‘Μ_v","o‰c‘Μ","5"
"1391","’·–μ§_–Ψ‘c‘Ί","1010","—Ρ‹Ζo‰c‘Μ_Βlo‰c","o‰c‘Μ","-"
"1391","’·–μ§_–Ψ‘c‘Ί","1011","—Ρ‹Ζo‰c‘Μ_’c‘Μo‰c","o‰c‘Μ","5"
"1391","’·–μ§_–Ψ‘c‘Ί","1012","—Ρ‹Ζo‰c‘Μ_’c‘Μo‰c_–@lo‰c","o‰c‘Μ","3"
"1392","’·–μ§_‰¤‘κ‘Ί","1001","”_—Ρ‹Ζo‰c‘Μ_v","o‰c‘Μ","15"
"1392","’·–μ§_‰¤‘κ‘Ί","1002","”_—Ρ‹Ζo‰c‘Μ_Βlo‰c","o‰c‘Μ","12"
"1392","’·–μ§_‰¤‘κ‘Ί","1003","”_—Ρ‹Ζo‰c‘Μ_’c‘Μo‰c","o‰c‘Μ","3"
"1392","’·–μ§_‰¤‘κ‘Ί","1004","”_—Ρ‹Ζo‰c‘Μ_’c‘Μo‰c_–@lo‰c","o‰c‘Μ","2"
"1392","’·–μ§_‰¤‘κ‘Ί","1005","”_‹Ζo‰c‘Μ_v","o‰c‘Μ","12"
"1392","’·–μ§_‰¤‘κ‘Ί","1006","”_‹Ζo‰c‘Μ_Βlo‰c","o‰c‘Μ","11"
"1392","’·–μ§_‰¤‘κ‘Ί","1007","”_‹Ζo‰c‘Μ_’c‘Μo‰c","o‰c‘Μ","1"
"1392","’·–μ§_‰¤‘κ‘Ί","1008","”_‹Ζo‰c‘Μ_’c‘Μo‰c_–@lo‰c","o‰c‘Μ","-"
"1392","’·–μ§_‰¤‘κ‘Ί","1009","—Ρ‹Ζo‰c‘Μ_v","o‰c‘Μ","3"
"1392","’·–μ§_‰¤‘κ‘Ί","1010","—Ρ‹Ζo‰c‘Μ_Βlo‰c","o‰c‘Μ","1"
"1392","’·–μ§_‰¤‘κ‘Ί","1011","—Ρ‹Ζo‰c‘Μ_’c‘Μo‰c","o‰c‘Μ","2"
"1392","’·–μ§_‰¤‘κ‘Ί","1012","—Ρ‹Ζo‰c‘Μ_’c‘Μo‰c_–@lo‰c","o‰c‘Μ","2"
"1393","’·–μ§_‘εK‘Ί","1001","”_—Ρ‹Ζo‰c‘Μ_v","o‰c‘Μ","109"
"1393","’·–μ§_‘εK‘Ί","1002","”_—Ρ‹Ζo‰c‘Μ_Βlo‰c","o‰c‘Μ","104"
"1393","’·–μ§_‘εK‘Ί","1003","”_—Ρ‹Ζo‰c‘Μ_’c‘Μo‰c","o‰c‘Μ","5"
"1393","’·–μ§_‘εK‘Ί","1004","”_—Ρ‹Ζo‰c‘Μ_’c‘Μo‰c_–@lo‰c","o‰c‘Μ","2"
"1393","’·–μ§_‘εK‘Ί","1005","”_‹Ζo‰c‘Μ_v","o‰c‘Μ","105"
"1393","’·–μ§_‘εK‘Ί","1006","”_‹Ζo‰c‘Μ_Βlo‰c","o‰c‘Μ","102"
"1393","’·–μ§_‘εK‘Ί","1007","”_‹Ζo‰c‘Μ_’c‘Μo‰c","o‰c‘Μ","3"
"1393","’·–μ§_‘εK‘Ί","1008","”_‹Ζo‰c‘Μ_’c‘Μo‰c_–@lo‰c","o‰c‘Μ","1"
"1393","’·–μ§_‘εK‘Ί","1009","—Ρ‹Ζo‰c‘Μ_v","o‰c‘Μ","8"
"1393","’·–μ§_‘εK‘Ί","1010","—Ρ‹Ζo‰c‘Μ_Βlo‰c","o‰c‘Μ","6"
"1393","’·–μ§_‘εK‘Ί","1011","—Ρ‹Ζo‰c‘Μ_’c‘Μo‰c","o‰c‘Μ","2"
"1393","’·–μ§_‘εK‘Ί","1012","—Ρ‹Ζo‰c‘Μ_’c‘Μo‰c_–@lo‰c","o‰c‘Μ","1"
"1394","’·–μ§_–Ψ‘]’¬","1001","”_—Ρ‹Ζo‰c‘Μ_v","o‰c‘Μ","257"
"1394","’·–μ§_–Ψ‘]’¬","1002","”_—Ρ‹Ζo‰c‘Μ_Βlo‰c","o‰c‘Μ","227"
"1394","’·–μ§_–Ψ‘]’¬","1003","”_—Ρ‹Ζo‰c‘Μ_’c‘Μo‰c","o‰c‘Μ","30"
"1394","’·–μ§_–Ψ‘]’¬","1004","”_—Ρ‹Ζo‰c‘Μ_’c‘Μo‰c_–@lo‰c","o‰c‘Μ","19"
"1394","’·–μ§_–Ψ‘]’¬","1005","”_‹Ζo‰c‘Μ_v","o‰c‘Μ","234"
"1394","’·–μ§_–Ψ‘]’¬","1006","”_‹Ζo‰c‘Μ_Βlo‰c","o‰c‘Μ","221"
"1394","’·–μ§_–Ψ‘]’¬","1007","”_‹Ζo‰c‘Μ_’c‘Μo‰c","o‰c‘Μ","13"
"1394","’·–μ§_–Ψ‘]’¬","1008","”_‹Ζo‰c‘Μ_’c‘Μo‰c_–@lo‰c","o‰c‘Μ","10"
"1394","’·–μ§_–Ψ‘]’¬","1009","—Ρ‹Ζo‰c‘Μ_v","o‰c‘Μ","33"
"1394","’·–μ§_–Ψ‘]’¬","1010","—Ρ‹Ζo‰c‘Μ_Βlo‰c","o‰c‘Μ","15"
"1394","’·–μ§_–Ψ‘]’¬","1011","—Ρ‹Ζo‰c‘Μ_’c‘Μo‰c","o‰c‘Μ","18"
"1394","’·–μ§_–Ψ‘]’¬","1012","—Ρ‹Ζo‰c‘Μ_’c‘Μo‰c_–@lo‰c","o‰c‘Μ","10"
"1395","’·–μ§_–Ψ‘]’¬_•“‡’¬","1001","”_—Ρ‹Ζo‰c‘Μ_v","o‰c‘Μ","30"
"1395","’·–μ§_–Ψ‘]’¬_•“‡’¬","1002","”_—Ρ‹Ζo‰c‘Μ_Βlo‰c","o‰c‘Μ","21"
"1395","’·–μ§_–Ψ‘]’¬_•“‡’¬","1003","”_—Ρ‹Ζo‰c‘Μ_’c‘Μo‰c","o‰c‘Μ","9"
"1395","’·–μ§_–Ψ‘]’¬_•“‡’¬","1004","”_—Ρ‹Ζo‰c‘Μ_’c‘Μo‰c_–@lo‰c","o‰c‘Μ","4"
"1395","’·–μ§_–Ψ‘]’¬_•“‡’¬","1005","”_‹Ζo‰c‘Μ_v","o‰c‘Μ","23"
"1395","’·–μ§_–Ψ‘]’¬_•“‡’¬","1006","”_‹Ζo‰c‘Μ_Βlo‰c","o‰c‘Μ","20"
"1395","’·–μ§_–Ψ‘]’¬_•“‡’¬","1007","”_‹Ζo‰c‘Μ_’c‘Μo‰c","o‰c‘Μ","3"
"1395","’·–μ§_–Ψ‘]’¬_•“‡’¬","1008","”_‹Ζo‰c‘Μ_’c‘Μo‰c_–@lo‰c","o‰c‘Μ","1"
"1395","’·–μ§_–Ψ‘]’¬_•“‡’¬","1009","—Ρ‹Ζo‰c‘Μ_v","o‰c‘Μ","10"
"1395","’·–μ§_–Ψ‘]’¬_•“‡’¬","1010","—Ρ‹Ζo‰c‘Μ_Βlo‰c","o‰c‘Μ","4"
"1395","’·–μ§_–Ψ‘]’¬_•“‡’¬","1011","—Ρ‹Ζo‰c‘Μ_’c‘Μo‰c","o‰c‘Μ","6"
"1395","’·–μ§_–Ψ‘]’¬_•“‡’¬","1012","—Ρ‹Ζo‰c‘Μ_’c‘Μo‰c_–@lo‰c","o‰c‘Μ","3"
"1396","’·–μ§_–Ψ‘]’¬_VJ‘Ί","1001","”_—Ρ‹Ζo‰c‘Μ_v","o‰c‘Μ","61"
"1396","’·–μ§_–Ψ‘]’¬_VJ‘Ί","1002","”_—Ρ‹Ζo‰c‘Μ_Βlo‰c","o‰c‘Μ","55"
"1396","’·–μ§_–Ψ‘]’¬_VJ‘Ί","1003","”_—Ρ‹Ζo‰c‘Μ_’c‘Μo‰c","o‰c‘Μ","6"
"1396","’·–μ§_–Ψ‘]’¬_VJ‘Ί","1004","”_—Ρ‹Ζo‰c‘Μ_’c‘Μo‰c_–@lo‰c","o‰c‘Μ","4"
"1396","’·–μ§_–Ψ‘]’¬_VJ‘Ί","1005","”_‹Ζo‰c‘Μ_v","o‰c‘Μ","54"
"1396","’·–μ§_–Ψ‘]’¬_VJ‘Ί","1006","”_‹Ζo‰c‘Μ_Βlo‰c","o‰c‘Μ","52"
"1396","’·–μ§_–Ψ‘]’¬_VJ‘Ί","1007","”_‹Ζo‰c‘Μ_’c‘Μo‰c","o‰c‘Μ","2"
"1396","’·–μ§_–Ψ‘]’¬_VJ‘Ί","1008","”_‹Ζo‰c‘Μ_’c‘Μo‰c_–@lo‰c","o‰c‘Μ","2"
"1396","’·–μ§_–Ψ‘]’¬_VJ‘Ί","1009","—Ρ‹Ζo‰c‘Μ_v","o‰c‘Μ","10"
"1396","’·–μ§_–Ψ‘]’¬_VJ‘Ί","1010","—Ρ‹Ζo‰c‘Μ_Βlo‰c","o‰c‘Μ","6"
"1396","’·–μ§_–Ψ‘]’¬_VJ‘Ί","1011","—Ρ‹Ζo‰c‘Μ_’c‘Μo‰c","o‰c‘Μ","4"
"1396","’·–μ§_–Ψ‘]’¬_VJ‘Ί","1012","—Ρ‹Ζo‰c‘Μ_’c‘Μo‰c_–@lo‰c","o‰c‘Μ","2"
"1397","’·–μ§_–Ψ‘]’¬_“ϊ‹`‘Ί","1001","”_—Ρ‹Ζo‰c‘Μ_v","o‰c‘Μ","65"
"1397","’·–μ§_–Ψ‘]’¬_“ϊ‹`‘Ί","1002","”_—Ρ‹Ζo‰c‘Μ_Βlo‰c","o‰c‘Μ","58"
"1397","’·–μ§_–Ψ‘]’¬_“ϊ‹`‘Ί","1003","”_—Ρ‹Ζo‰c‘Μ_’c‘Μo‰c","o‰c‘Μ","7"
"1397","’·–μ§_–Ψ‘]’¬_“ϊ‹`‘Ί","1004","”_—Ρ‹Ζo‰c‘Μ_’c‘Μo‰c_–@lo‰c","o‰c‘Μ","5"
"1397","’·–μ§_–Ψ‘]’¬_“ϊ‹`‘Ί","1005","”_‹Ζo‰c‘Μ_v","o‰c‘Μ","59"
"1397","’·–μ§_–Ψ‘]’¬_“ϊ‹`‘Ί","1006","”_‹Ζo‰c‘Μ_Βlo‰c","o‰c‘Μ","57"
"1397","’·–μ§_–Ψ‘]’¬_“ϊ‹`‘Ί","1007","”_‹Ζo‰c‘Μ_’c‘Μo‰c","o‰c‘Μ","2"
"1397","’·–μ§_–Ψ‘]’¬_“ϊ‹`‘Ί","1008","”_‹Ζo‰c‘Μ_’c‘Μo‰c_–@lo‰c","o‰c‘Μ","2"
"1397","’·–μ§_–Ψ‘]’¬_“ϊ‹`‘Ί","1009","—Ρ‹Ζo‰c‘Μ_v","o‰c‘Μ","6"
"1397","’·–μ§_–Ψ‘]’¬_“ϊ‹`‘Ί","1010","—Ρ‹Ζo‰c‘Μ_Βlo‰c","o‰c‘Μ","1"
"1397","’·–μ§_–Ψ‘]’¬_“ϊ‹`‘Ί","1011","—Ρ‹Ζo‰c‘Μ_’c‘Μo‰c","o‰c‘Μ","5"
"1397","’·–μ§_–Ψ‘]’¬_“ϊ‹`‘Ί","1012","—Ρ‹Ζo‰c‘Μ_’c‘Μo‰c_–@lo‰c","o‰c‘Μ","3"
"1398","’·–μ§_–Ψ‘]’¬_J“c‘Ί","1001","”_—Ρ‹Ζo‰c‘Μ_v","o‰c‘Μ","72"
"1398","’·–μ§_–Ψ‘]’¬_J“c‘Ί","1002","”_—Ρ‹Ζo‰c‘Μ_Βlo‰c","o‰c‘Μ","68"
"1398","’·–μ§_–Ψ‘]’¬_J“c‘Ί","1003","”_—Ρ‹Ζo‰c‘Μ_’c‘Μo‰c","o‰c‘Μ","4"
"1398","’·–μ§_–Ψ‘]’¬_J“c‘Ί","1004","”_—Ρ‹Ζo‰c‘Μ_’c‘Μo‰c_–@lo‰c","o‰c‘Μ","3"
"1398","’·–μ§_–Ψ‘]’¬_J“c‘Ί","1005","”_‹Ζo‰c‘Μ_v","o‰c‘Μ","71"
"1398","’·–μ§_–Ψ‘]’¬_J“c‘Ί","1006","”_‹Ζo‰c‘Μ_Βlo‰c","o‰c‘Μ","68"
"1398","’·–μ§_–Ψ‘]’¬_J“c‘Ί","1007","”_‹Ζo‰c‘Μ_’c‘Μo‰c","o‰c‘Μ","3"
"1398","’·–μ§_–Ψ‘]’¬_J“c‘Ί","1008","”_‹Ζo‰c‘Μ_’c‘Μo‰c_–@lo‰c","o‰c‘Μ","3"
"1398","’·–μ§_–Ψ‘]’¬_J“c‘Ί","1009","—Ρ‹Ζo‰c‘Μ_v","o‰c‘Μ","5"
"1398","’·–μ§_–Ψ‘]’¬_J“c‘Ί","1010","—Ρ‹Ζo‰c‘Μ_Βlo‰c","o‰c‘Μ","3"
"1398","’·–μ§_–Ψ‘]’¬_J“c‘Ί","1011","—Ρ‹Ζo‰c‘Μ_’c‘Μo‰c","o‰c‘Μ","2"
"1398","’·–μ§_–Ψ‘]’¬_J“c‘Ί","1012","—Ρ‹Ζo‰c‘Μ_’c‘Μo‰c_–@lo‰c","o‰c‘Μ","1"
"1399","’·–μ§_–Ψ‘]’¬_Ox‘Ί","1001","”_—Ρ‹Ζo‰c‘Μ_v","o‰c‘Μ","29"
"1399","’·–μ§_–Ψ‘]’¬_Ox‘Ί","1002","”_—Ρ‹Ζo‰c‘Μ_Βlo‰c","o‰c‘Μ","25"
"1399","’·–μ§_–Ψ‘]’¬_Ox‘Ί","1003","”_—Ρ‹Ζo‰c‘Μ_’c‘Μo‰c","o‰c‘Μ","4"
"1399","’·–μ§_–Ψ‘]’¬_Ox‘Ί","1004","”_—Ρ‹Ζo‰c‘Μ_’c‘Μo‰c_–@lo‰c","o‰c‘Μ","3"
"1399","’·–μ§_–Ψ‘]’¬_Ox‘Ί","1005","”_‹Ζo‰c‘Μ_v","o‰c‘Μ","27"
"1399","’·–μ§_–Ψ‘]’¬_Ox‘Ί","1006","”_‹Ζo‰c‘Μ_Βlo‰c","o‰c‘Μ","24"
"1399","’·–μ§_–Ψ‘]’¬_Ox‘Ί","1007","”_‹Ζo‰c‘Μ_’c‘Μo‰c","o‰c‘Μ","3"
"1399","’·–μ§_–Ψ‘]’¬_Ox‘Ί","1008","”_‹Ζo‰c‘Μ_’c‘Μo‰c_–@lo‰c","o‰c‘Μ","2"
"1399","’·–μ§_–Ψ‘]’¬_Ox‘Ί","1009","—Ρ‹Ζo‰c‘Μ_v","o‰c‘Μ","2"
"1399","’·–μ§_–Ψ‘]’¬_Ox‘Ί","1010","—Ρ‹Ζo‰c‘Μ_Βlo‰c","o‰c‘Μ","1"
"1399","’·–μ§_–Ψ‘]’¬_Ox‘Ί","1011","—Ρ‹Ζo‰c‘Μ_’c‘Μo‰c","o‰c‘Μ","1"
"1399","’·–μ§_–Ψ‘]’¬_Ox‘Ί","1012","—Ρ‹Ζo‰c‘Μ_’c‘Μo‰c_–@lo‰c","o‰c‘Μ","1"
"1400","’·–μ§_–ƒΡ‘Ί","1001","”_—Ρ‹Ζo‰c‘Μ_v","o‰c‘Μ","136"
"1400","’·–μ§_–ƒΡ‘Ί","1002","”_—Ρ‹Ζo‰c‘Μ_Βlo‰c","o‰c‘Μ","132"
"1400","’·–μ§_–ƒΡ‘Ί","1003","”_—Ρ‹Ζo‰c‘Μ_’c‘Μo‰c","o‰c‘Μ","4"
"1400","’·–μ§_–ƒΡ‘Ί","1004","”_—Ρ‹Ζo‰c‘Μ_’c‘Μo‰c_–@lo‰c","o‰c‘Μ","2"
"1400","’·–μ§_–ƒΡ‘Ί","1005","”_‹Ζo‰c‘Μ_v","o‰c‘Μ","135"
"1400","’·–μ§_–ƒΡ‘Ί","1006","”_‹Ζo‰c‘Μ_Βlo‰c","o‰c‘Μ","132"
"1400","’·–μ§_–ƒΡ‘Ί","1007","”_‹Ζo‰c‘Μ_’c‘Μo‰c","o‰c‘Μ","3"
"1400","’·–μ§_–ƒΡ‘Ί","1008","”_‹Ζo‰c‘Μ_’c‘Μo‰c_–@lo‰c","o‰c‘Μ","2"
"1400","’·–μ§_–ƒΡ‘Ί","1009","—Ρ‹Ζo‰c‘Μ_v","o‰c‘Μ","1"
"1400","’·–μ§_–ƒΡ‘Ί","1010","—Ρ‹Ζo‰c‘Μ_Βlo‰c","o‰c‘Μ","-"
"1400","’·–μ§_–ƒΡ‘Ί","1011","—Ρ‹Ζo‰c‘Μ_’c‘Μo‰c","o‰c‘Μ","1"
"1400","’·–μ§_–ƒΡ‘Ί","1012","—Ρ‹Ζo‰c‘Μ_’c‘Μo‰c_–@lo‰c","o‰c‘Μ","-"
"1401","’·–μ§_–ƒΡ‘Ί_–ƒΡ‘Ί","1001","”_—Ρ‹Ζo‰c‘Μ_v","o‰c‘Μ","79"
"1401","’·–μ§_–ƒΡ‘Ί_–ƒΡ‘Ί","1002","”_—Ρ‹Ζo‰c‘Μ_Βlo‰c","o‰c‘Μ","76"
"1401","’·–μ§_–ƒΡ‘Ί_–ƒΡ‘Ί","1003","”_—Ρ‹Ζo‰c‘Μ_’c‘Μo‰c","o‰c‘Μ","3"
"1401","’·–μ§_–ƒΡ‘Ί_–ƒΡ‘Ί","1004","”_—Ρ‹Ζo‰c‘Μ_’c‘Μo‰c_–@lo‰c","o‰c‘Μ","1"
"1401","’·–μ§_–ƒΡ‘Ί_–ƒΡ‘Ί","1005","”_‹Ζo‰c‘Μ_v","o‰c‘Μ","78"
"1401","’·–μ§_–ƒΡ‘Ί_–ƒΡ‘Ί","1006","”_‹Ζo‰c‘Μ_Βlo‰c","o‰c‘Μ","76"
"1401","’·–μ§_–ƒΡ‘Ί_–ƒΡ‘Ί","1007","”_‹Ζo‰c‘Μ_’c‘Μo‰c","o‰c‘Μ","2"
"1401","’·–μ§_–ƒΡ‘Ί_–ƒΡ‘Ί","1008","”_‹Ζo‰c‘Μ_’c‘Μo‰c_–@lo‰c","o‰c‘Μ","1"
"1401","’·–μ§_–ƒΡ‘Ί_–ƒΡ‘Ί","1009","—Ρ‹Ζo‰c‘Μ_v","o‰c‘Μ","1"
"1401","’·–μ§_–ƒΡ‘Ί_–ƒΡ‘Ί","1010","—Ρ‹Ζo‰c‘Μ_Βlo‰c","o‰c‘Μ","-"
"1401","’·–μ§_–ƒΡ‘Ί_–ƒΡ‘Ί","1011","—Ρ‹Ζo‰c‘Μ_’c‘Μo‰c","o‰c‘Μ","1"
"1401","’·–μ§_–ƒΡ‘Ί_–ƒΡ‘Ί","1012","—Ρ‹Ζo‰c‘Μ_’c‘Μo‰c_–@lo‰c","o‰c‘Μ","-"
"1402","’·–μ§_–ƒΡ‘Ί_“ϊό‘Ί","1001","”_—Ρ‹Ζo‰c‘Μ_v","o‰c‘Μ","57"
"1402","’·–μ§_–ƒΡ‘Ί_“ϊό‘Ί","1002","”_—Ρ‹Ζo‰c‘Μ_Βlo‰c","o‰c‘Μ","56"
"1402","’·–μ§_–ƒΡ‘Ί_“ϊό‘Ί","1003","”_—Ρ‹Ζo‰c‘Μ_’c‘Μo‰c","o‰c‘Μ","1"
"1402","’·–μ§_–ƒΡ‘Ί_“ϊό‘Ί","1004","”_—Ρ‹Ζo‰c‘Μ_’c‘Μo‰c_–@lo‰c","o‰c‘Μ","1"
"1402","’·–μ§_–ƒΡ‘Ί_“ϊό‘Ί","1005","”_‹Ζo‰c‘Μ_v","o‰c‘Μ","57"
"1402","’·–μ§_–ƒΡ‘Ί_“ϊό‘Ί","1006","”_‹Ζo‰c‘Μ_Βlo‰c","o‰c‘Μ","56"
"1402","’·–μ§_–ƒΡ‘Ί_“ϊό‘Ί","1007","”_‹Ζo‰c‘Μ_’c‘Μo‰c","o‰c‘Μ","1"
"1402","’·–μ§_–ƒΡ‘Ί_“ϊό‘Ί","1008","”_‹Ζo‰c‘Μ_’c‘Μo‰c_–@lo‰c","o‰c‘Μ","1"
"1402","’·–μ§_–ƒΡ‘Ί_“ϊό‘Ί","1009","—Ρ‹Ζo‰c‘Μ_v","o‰c‘Μ","-"
"1402","’·–μ§_–ƒΡ‘Ί_“ϊό‘Ί","1010","—Ρ‹Ζo‰c‘Μ_Βlo‰c","o‰c‘Μ","-"
"1402","’·–μ§_–ƒΡ‘Ί_“ϊό‘Ί","1011","—Ρ‹Ζo‰c‘Μ_’c‘Μo‰c","o‰c‘Μ","-"
"1402","’·–μ§_–ƒΡ‘Ί_“ϊό‘Ί","1012","—Ρ‹Ζo‰c‘Μ_’c‘Μo‰c_–@lo‰c","o‰c‘Μ","-"
"1403","’·–μ§_¶β‘Ί","1001","”_—Ρ‹Ζo‰c‘Μ_v","o‰c‘Μ","67"
"1403","’·–μ§_¶β‘Ί","1002","”_—Ρ‹Ζo‰c‘Μ_Βlo‰c","o‰c‘Μ","61"
"1403","’·–μ§_¶β‘Ί","1003","”_—Ρ‹Ζo‰c‘Μ_’c‘Μo‰c","o‰c‘Μ","6"
"1403","’·–μ§_¶β‘Ί","1004","”_—Ρ‹Ζo‰c‘Μ_’c‘Μo‰c_–@lo‰c","o‰c‘Μ","2"
"1403","’·–μ§_¶β‘Ί","1005","”_‹Ζo‰c‘Μ_v","o‰c‘Μ","67"
"1403","’·–μ§_¶β‘Ί","1006","”_‹Ζo‰c‘Μ_Βlo‰c","o‰c‘Μ","61"
"1403","’·–μ§_¶β‘Ί","1007","”_‹Ζo‰c‘Μ_’c‘Μo‰c","o‰c‘Μ","6"
"1403","’·–μ§_¶β‘Ί","1008","”_‹Ζo‰c‘Μ_’c‘Μo‰c_–@lo‰c","o‰c‘Μ","2"
"1403","’·–μ§_¶β‘Ί","1009","—Ρ‹Ζo‰c‘Μ_v","o‰c‘Μ","2"
"1403","’·–μ§_¶β‘Ί","1010","—Ρ‹Ζo‰c‘Μ_Βlo‰c","o‰c‘Μ","2"
"1403","’·–μ§_¶β‘Ί","1011","—Ρ‹Ζo‰c‘Μ_’c‘Μo‰c","o‰c‘Μ","-"
"1403","’·–μ§_¶β‘Ί","1012","—Ρ‹Ζo‰c‘Μ_’c‘Μo‰c_–@lo‰c","o‰c‘Μ","-"
"1404","’·–μ§_¶β‘Ί_¶β‘Ί","1001","”_—Ρ‹Ζo‰c‘Μ_v","o‰c‘Μ","46"
"1404","’·–μ§_¶β‘Ί_¶β‘Ί","1002","”_—Ρ‹Ζo‰c‘Μ_Βlo‰c","o‰c‘Μ","40"
"1404","’·–μ§_¶β‘Ί_¶β‘Ί","1003","”_—Ρ‹Ζo‰c‘Μ_’c‘Μo‰c","o‰c‘Μ","6"
"1404","’·–μ§_¶β‘Ί_¶β‘Ί","1004","”_—Ρ‹Ζo‰c‘Μ_’c‘Μo‰c_–@lo‰c","o‰c‘Μ","2"
"1404","’·–μ§_¶β‘Ί_¶β‘Ί","1005","”_‹Ζo‰c‘Μ_v","o‰c‘Μ","46"
"1404","’·–μ§_¶β‘Ί_¶β‘Ί","1006","”_‹Ζo‰c‘Μ_Βlo‰c","o‰c‘Μ","40"
"1404","’·–μ§_¶β‘Ί_¶β‘Ί","1007","”_‹Ζo‰c‘Μ_’c‘Μo‰c","o‰c‘Μ","6"
"1404","’·–μ§_¶β‘Ί_¶β‘Ί","1008","”_‹Ζo‰c‘Μ_’c‘Μo‰c_–@lo‰c","o‰c‘Μ","2"
"1404","’·–μ§_¶β‘Ί_¶β‘Ί","1009","—Ρ‹Ζo‰c‘Μ_v","o‰c‘Μ","2"
"1404","’·–μ§_¶β‘Ί_¶β‘Ί","1010","—Ρ‹Ζo‰c‘Μ_Βlo‰c","o‰c‘Μ","2"
"1404","’·–μ§_¶β‘Ί_¶β‘Ί","1011","—Ρ‹Ζo‰c‘Μ_’c‘Μo‰c","o‰c‘Μ","-"
"1404","’·–μ§_¶β‘Ί_¶β‘Ί","1012","—Ρ‹Ζo‰c‘Μ_’c‘Μo‰c_–@lo‰c","o‰c‘Μ","-"
"1405","’·–μ§_¶β‘Ί_—¤‹½‘Ί‚R|‚Q","1001","”_—Ρ‹Ζo‰c‘Μ_v","o‰c‘Μ","15"
"1405","’·–μ§_¶β‘Ί_—¤‹½‘Ί‚R|‚Q","1002","”_—Ρ‹Ζo‰c‘Μ_Βlo‰c","o‰c‘Μ","15"
"1405","’·–μ§_¶β‘Ί_—¤‹½‘Ί‚R|‚Q","1003","”_—Ρ‹Ζo‰c‘Μ_’c‘Μo‰c","o‰c‘Μ","-"
"1405","’·–μ§_¶β‘Ί_—¤‹½‘Ί‚R|‚Q","1004","”_—Ρ‹Ζo‰c‘Μ_’c‘Μo‰c_–@lo‰c","o‰c‘Μ","-"
"1405","’·–μ§_¶β‘Ί_—¤‹½‘Ί‚R|‚Q","1005","”_‹Ζo‰c‘Μ_v","o‰c‘Μ","15"
"1405","’·–μ§_¶β‘Ί_—¤‹½‘Ί‚R|‚Q","1006","”_‹Ζo‰c‘Μ_Βlo‰c","o‰c‘Μ","15"
"1405","’·–μ§_¶β‘Ί_—¤‹½‘Ί‚R|‚Q","1007","”_‹Ζo‰c‘Μ_’c‘Μo‰c","o‰c‘Μ","-"
"1405","’·–μ§_¶β‘Ί_—¤‹½‘Ί‚R|‚Q","1008","”_‹Ζo‰c‘Μ_’c‘Μo‰c_–@lo‰c","o‰c‘Μ","-"
"1405","’·–μ§_¶β‘Ί_—¤‹½‘Ί‚R|‚Q","1009","—Ρ‹Ζo‰c‘Μ_v","o‰c‘Μ","-"
"1405","’·–μ§_¶β‘Ί_—¤‹½‘Ί‚R|‚Q","1010","—Ρ‹Ζo‰c‘Μ_Βlo‰c","o‰c‘Μ","-"
"1405","’·–μ§_¶β‘Ί_—¤‹½‘Ί‚R|‚Q","1011","—Ρ‹Ζo‰c‘Μ_’c‘Μo‰c","o‰c‘Μ","-"
"1405","’·–μ§_¶β‘Ί_—¤‹½‘Ί‚R|‚Q","1012","—Ρ‹Ζo‰c‘Μ_’c‘Μo‰c_–@lo‰c","o‰c‘Μ","-"
"1406","’·–μ§_¶β‘Ί_L’Γ‘Ί‚R|‚P","1001","”_—Ρ‹Ζo‰c‘Μ_v","o‰c‘Μ","6"
"1406","’·–μ§_¶β‘Ί_L’Γ‘Ί‚R|‚P","1002","”_—Ρ‹Ζo‰c‘Μ_Βlo‰c","o‰c‘Μ","6"
"1406","’·–μ§_¶β‘Ί_L’Γ‘Ί‚R|‚P","1003","”_—Ρ‹Ζo‰c‘Μ_’c‘Μo‰c","o‰c‘Μ","-"
"1406","’·–μ§_¶β‘Ί_L’Γ‘Ί‚R|‚P","1004","”_—Ρ‹Ζo‰c‘Μ_’c‘Μo‰c_–@lo‰c","o‰c‘Μ","-"
"1406","’·–μ§_¶β‘Ί_L’Γ‘Ί‚R|‚P","1005","”_‹Ζo‰c‘Μ_v","o‰c‘Μ","6"
"1406","’·–μ§_¶β‘Ί_L’Γ‘Ί‚R|‚P","1006","”_‹Ζo‰c‘Μ_Βlo‰c","o‰c‘Μ","6"
"1406","’·–μ§_¶β‘Ί_L’Γ‘Ί‚R|‚P","1007","”_‹Ζo‰c‘Μ_’c‘Μo‰c","o‰c‘Μ","-"
"1406","’·–μ§_¶β‘Ί_L’Γ‘Ί‚R|‚P","1008","”_‹Ζo‰c‘Μ_’c‘Μo‰c_–@lo‰c","o‰c‘Μ","-"
"1406","’·–μ§_¶β‘Ί_L’Γ‘Ί‚R|‚P","1009","—Ρ‹Ζo‰c‘Μ_v","o‰c‘Μ","-"
"1406","’·–μ§_¶β‘Ί_L’Γ‘Ί‚R|‚P","1010","—Ρ‹Ζo‰c‘Μ_Βlo‰c","o‰c‘Μ","-"
"1406","’·–μ§_¶β‘Ί_L’Γ‘Ί‚R|‚P","1011","—Ρ‹Ζo‰c‘Μ_’c‘Μo‰c","o‰c‘Μ","-"
"1406","’·–μ§_¶β‘Ί_L’Γ‘Ί‚R|‚P","1012","—Ρ‹Ζo‰c‘Μ_’c‘Μo‰c_–@lo‰c","o‰c‘Μ","-"
"1407","’·–μ§_R`‘Ί","1001","”_—Ρ‹Ζo‰c‘Μ_v","o‰c‘Μ","322"
"1407","’·–μ§_R`‘Ί","1002","”_—Ρ‹Ζo‰c‘Μ_Βlo‰c","o‰c‘Μ","319"
"1407","’·–μ§_R`‘Ί","1003","”_—Ρ‹Ζo‰c‘Μ_’c‘Μo‰c","o‰c‘Μ","3"
"1407","’·–μ§_R`‘Ί","1004","”_—Ρ‹Ζo‰c‘Μ_’c‘Μo‰c_–@lo‰c","o‰c‘Μ","3"
"1407","’·–μ§_R`‘Ί","1005","”_‹Ζo‰c‘Μ_v","o‰c‘Μ","322"
"1407","’·–μ§_R`‘Ί","1006","”_‹Ζo‰c‘Μ_Βlo‰c","o‰c‘Μ","319"
"1407","’·–μ§_R`‘Ί","1007","”_‹Ζo‰c‘Μ_’c‘Μo‰c","o‰c‘Μ","3"
"1407","’·–μ§_R`‘Ί","1008","”_‹Ζo‰c‘Μ_’c‘Μo‰c_–@lo‰c","o‰c‘Μ","3"
"1407","’·–μ§_R`‘Ί","1009","—Ρ‹Ζo‰c‘Μ_v","o‰c‘Μ","-"
"1407","’·–μ§_R`‘Ί","1010","—Ρ‹Ζo‰c‘Μ_Βlo‰c","o‰c‘Μ","-"
"1407","’·–μ§_R`‘Ί","1011","—Ρ‹Ζo‰c‘Μ_’c‘Μo‰c","o‰c‘Μ","-"
"1407","’·–μ§_R`‘Ί","1012","—Ρ‹Ζo‰c‘Μ_’c‘Μo‰c_–@lo‰c","o‰c‘Μ","-"
"1408","’·–μ§_’©“ϊ‘Ί","1001","”_—Ρ‹Ζo‰c‘Μ_v","o‰c‘Μ","195"
"1408","’·–μ§_’©“ϊ‘Ί","1002","”_—Ρ‹Ζo‰c‘Μ_Βlo‰c","o‰c‘Μ","189"
"1408","’·–μ§_’©“ϊ‘Ί","1003","”_—Ρ‹Ζo‰c‘Μ_’c‘Μo‰c","o‰c‘Μ","6"
"1408","’·–μ§_’©“ϊ‘Ί","1004","”_—Ρ‹Ζo‰c‘Μ_’c‘Μo‰c_–@lo‰c","o‰c‘Μ","6"
"1408","’·–μ§_’©“ϊ‘Ί","1005","”_‹Ζo‰c‘Μ_v","o‰c‘Μ","192"
"1408","’·–μ§_’©“ϊ‘Ί","1006","”_‹Ζo‰c‘Μ_Βlo‰c","o‰c‘Μ","188"
"1408","’·–μ§_’©“ϊ‘Ί","1007","”_‹Ζo‰c‘Μ_’c‘Μo‰c","o‰c‘Μ","4"
"1408","’·–μ§_’©“ϊ‘Ί","1008","”_‹Ζo‰c‘Μ_’c‘Μo‰c_–@lo‰c","o‰c‘Μ","4"
"1408","’·–μ§_’©“ϊ‘Ί","1009","—Ρ‹Ζo‰c‘Μ_v","o‰c‘Μ","4"
"1408","’·–μ§_’©“ϊ‘Ί","1010","—Ρ‹Ζo‰c‘Μ_Βlo‰c","o‰c‘Μ","2"
"1408","’·–μ§_’©“ϊ‘Ί","1011","—Ρ‹Ζo‰c‘Μ_’c‘Μo‰c","o‰c‘Μ","2"
"1408","’·–μ§_’©“ϊ‘Ί","1012","—Ρ‹Ζo‰c‘Μ_’c‘Μo‰c_–@lo‰c","o‰c‘Μ","2"
"1409","’·–μ§_’}–k‘Ί","1001","”_—Ρ‹Ζo‰c‘Μ_v","o‰c‘Μ","248"
"1409","’·–μ§_’}–k‘Ί","1002","”_—Ρ‹Ζo‰c‘Μ_Βlo‰c","o‰c‘Μ","241"
"1409","’·–μ§_’}–k‘Ί","1003","”_—Ρ‹Ζo‰c‘Μ_’c‘Μo‰c","o‰c‘Μ","7"
"1409","’·–μ§_’}–k‘Ί","1004","”_—Ρ‹Ζo‰c‘Μ_’c‘Μo‰c_–@lo‰c","o‰c‘Μ","6"
"1409","’·–μ§_’}–k‘Ί","1005","”_‹Ζo‰c‘Μ_v","o‰c‘Μ","247"
"1409","’·–μ§_’}–k‘Ί","1006","”_‹Ζo‰c‘Μ_Βlo‰c","o‰c‘Μ","240"
"1409","’·–μ§_’}–k‘Ί","1007","”_‹Ζo‰c‘Μ_’c‘Μo‰c","o‰c‘Μ","7"
"1409","’·–μ§_’}–k‘Ί","1008","”_‹Ζo‰c‘Μ_’c‘Μo‰c_–@lo‰c","o‰c‘Μ","6"
"1409","’·–μ§_’}–k‘Ί","1009","—Ρ‹Ζo‰c‘Μ_v","o‰c‘Μ","5"
"1409","’·–μ§_’}–k‘Ί","1010","—Ρ‹Ζo‰c‘Μ_Βlo‰c","o‰c‘Μ","5"
"1409","’·–μ§_’}–k‘Ί","1011","—Ρ‹Ζo‰c‘Μ_’c‘Μo‰c","o‰c‘Μ","-"
"1409","’·–μ§_’}–k‘Ί","1012","—Ρ‹Ζo‰c‘Μ_’c‘Μo‰c_–@lo‰c","o‰c‘Μ","-"
"1410","’·–μ§_’}–k‘Ί_–{ι‘Ί","1001","”_—Ρ‹Ζo‰c‘Μ_v","o‰c‘Μ","47"
"1410","’·–μ§_’}–k‘Ί_–{ι‘Ί","1002","”_—Ρ‹Ζo‰c‘Μ_Βlo‰c","o‰c‘Μ","45"
"1410","’·–μ§_’}–k‘Ί_–{ι‘Ί","1003","”_—Ρ‹Ζo‰c‘Μ_’c‘Μo‰c","o‰c‘Μ","2"
"1410","’·–μ§_’}–k‘Ί_–{ι‘Ί","1004","”_—Ρ‹Ζo‰c‘Μ_’c‘Μo‰c_–@lo‰c","o‰c‘Μ","1"
"1410","’·–μ§_’}–k‘Ί_–{ι‘Ί","1005","”_‹Ζo‰c‘Μ_v","o‰c‘Μ","46"
"1410","’·–μ§_’}–k‘Ί_–{ι‘Ί","1006","”_‹Ζo‰c‘Μ_Βlo‰c","o‰c‘Μ","44"
"1410","’·–μ§_’}–k‘Ί_–{ι‘Ί","1007","”_‹Ζo‰c‘Μ_’c‘Μo‰c","o‰c‘Μ","2"
"1410","’·–μ§_’}–k‘Ί_–{ι‘Ί","1008","”_‹Ζo‰c‘Μ_’c‘Μo‰c_–@lo‰c","o‰c‘Μ","1"
"1410","’·–μ§_’}–k‘Ί_–{ι‘Ί","1009","—Ρ‹Ζo‰c‘Μ_v","o‰c‘Μ","3"
"1410","’·–μ§_’}–k‘Ί_–{ι‘Ί","1010","—Ρ‹Ζo‰c‘Μ_Βlo‰c","o‰c‘Μ","3"
"1410","’·–μ§_’}–k‘Ί_–{ι‘Ί","1011","—Ρ‹Ζo‰c‘Μ_’c‘Μo‰c","o‰c‘Μ","-"
"1410","’·–μ§_’}–k‘Ί_–{ι‘Ί","1012","—Ρ‹Ζo‰c‘Μ_’c‘Μo‰c_–@lo‰c","o‰c‘Μ","-"
"1411","’·–μ§_’}–k‘Ί_β–k‘Ί","1001","”_—Ρ‹Ζo‰c‘Μ_v","o‰c‘Μ","101"
"1411","’·–μ§_’}–k‘Ί_β–k‘Ί","1002","”_—Ρ‹Ζo‰c‘Μ_Βlo‰c","o‰c‘Μ","100"
"1411","’·–μ§_’}–k‘Ί_β–k‘Ί","1003","”_—Ρ‹Ζo‰c‘Μ_’c‘Μo‰c","o‰c‘Μ","1"
"1411","’·–μ§_’}–k‘Ί_β–k‘Ί","1004","”_—Ρ‹Ζo‰c‘Μ_’c‘Μo‰c_–@lo‰c","o‰c‘Μ","1"
"1411","’·–μ§_’}–k‘Ί_β–k‘Ί","1005","”_‹Ζo‰c‘Μ_v","o‰c‘Μ","101"
"1411","’·–μ§_’}–k‘Ί_β–k‘Ί","1006","”_‹Ζo‰c‘Μ_Βlo‰c","o‰c‘Μ","100"
"1411","’·–μ§_’}–k‘Ί_β–k‘Ί","1007","”_‹Ζo‰c‘Μ_’c‘Μo‰c","o‰c‘Μ","1"
"1411","’·–μ§_’}–k‘Ί_β–k‘Ί","1008","”_‹Ζo‰c‘Μ_’c‘Μo‰c_–@lo‰c","o‰c‘Μ","1"
"1411","’·–μ§_’}–k‘Ί_β–k‘Ί","1009","—Ρ‹Ζo‰c‘Μ_v","o‰c‘Μ","1"
"1411","’·–μ§_’}–k‘Ί_β–k‘Ί","1010","—Ρ‹Ζo‰c‘Μ_Βlo‰c","o‰c‘Μ","1"
"1411","’·–μ§_’}–k‘Ί_β–k‘Ί","1011","—Ρ‹Ζo‰c‘Μ_’c‘Μo‰c","o‰c‘Μ","-"
"1411","’·–μ§_’}–k‘Ί_β–k‘Ί","1012","—Ρ‹Ζo‰c‘Μ_’c‘Μo‰c_–@lo‰c","o‰c‘Μ","-"
"1412","’·–μ§_’}–k‘Ί_βδ‘Ί","1001","”_—Ρ‹Ζo‰c‘Μ_v","o‰c‘Μ","100"
"1412","’·–μ§_’}–k‘Ί_βδ‘Ί","1002","”_—Ρ‹Ζo‰c‘Μ_Βlo‰c","o‰c‘Μ","96"
"1412","’·–μ§_’}–k‘Ί_βδ‘Ί","1003","”_—Ρ‹Ζo‰c‘Μ_’c‘Μo‰c","o‰c‘Μ","4"
"1412","’·–μ§_’}–k‘Ί_βδ‘Ί","1004","”_—Ρ‹Ζo‰c‘Μ_’c‘Μo‰c_–@lo‰c","o‰c‘Μ","4"
"1412","’·–μ§_’}–k‘Ί_βδ‘Ί","1005","”_‹Ζo‰c‘Μ_v","o‰c‘Μ","100"
"1412","’·–μ§_’}–k‘Ί_βδ‘Ί","1006","”_‹Ζo‰c‘Μ_Βlo‰c","o‰c‘Μ","96"
"1412","’·–μ§_’}–k‘Ί_βδ‘Ί","1007","”_‹Ζo‰c‘Μ_’c‘Μo‰c","o‰c‘Μ","4"
"1412","’·–μ§_’}–k‘Ί_βδ‘Ί","1008","”_‹Ζo‰c‘Μ_’c‘Μo‰c_–@lo‰c","o‰c‘Μ","4"
"1412","’·–μ§_’}–k‘Ί_βδ‘Ί","1009","—Ρ‹Ζo‰c‘Μ_v","o‰c‘Μ","1"
"1412","’·–μ§_’}–k‘Ί_βδ‘Ί","1010","—Ρ‹Ζo‰c‘Μ_Βlo‰c","o‰c‘Μ","1"
"1412","’·–μ§_’}–k‘Ί_βδ‘Ί","1011","—Ρ‹Ζo‰c‘Μ_’c‘Μo‰c","o‰c‘Μ","-"
"1412","’·–μ§_’}–k‘Ί_βδ‘Ί","1012","—Ρ‹Ζo‰c‘Μ_’c‘Μo‰c_–@lo‰c","o‰c‘Μ","-"
"1413","’·–μ§_’r“c’¬","1001","”_—Ρ‹Ζo‰c‘Μ_v","o‰c‘Μ","290"
"1413","’·–μ§_’r“c’¬","1002","”_—Ρ‹Ζo‰c‘Μ_Βlo‰c","o‰c‘Μ","277"
"1413","’·–μ§_’r“c’¬","1003","”_—Ρ‹Ζo‰c‘Μ_’c‘Μo‰c","o‰c‘Μ","13"
"1413","’·–μ§_’r“c’¬","1004","”_—Ρ‹Ζo‰c‘Μ_’c‘Μo‰c_–@lo‰c","o‰c‘Μ","11"
"1413","’·–μ§_’r“c’¬","1005","”_‹Ζo‰c‘Μ_v","o‰c‘Μ","287"
"1413","’·–μ§_’r“c’¬","1006","”_‹Ζo‰c‘Μ_Βlo‰c","o‰c‘Μ","276"
"1413","’·–μ§_’r“c’¬","1007","”_‹Ζo‰c‘Μ_’c‘Μo‰c","o‰c‘Μ","11"
"1413","’·–μ§_’r“c’¬","1008","”_‹Ζo‰c‘Μ_’c‘Μo‰c_–@lo‰c","o‰c‘Μ","11"
"1413","’·–μ§_’r“c’¬","1009","—Ρ‹Ζo‰c‘Μ_v","o‰c‘Μ","5"
"1413","’·–μ§_’r“c’¬","1010","—Ρ‹Ζo‰c‘Μ_Βlo‰c","o‰c‘Μ","3"
"1413","’·–μ§_’r“c’¬","1011","—Ρ‹Ζo‰c‘Μ_’c‘Μo‰c","o‰c‘Μ","2"
"1413","’·–μ§_’r“c’¬","1012","—Ρ‹Ζo‰c‘Μ_’c‘Μo‰c_–@lo‰c","o‰c‘Μ","-"
"1414","’·–μ§_’r“c’¬_’r“c’¬","1001","”_—Ρ‹Ζo‰c‘Μ_v","o‰c‘Μ","83"
"1414","’·–μ§_’r“c’¬_’r“c’¬","1002","”_—Ρ‹Ζo‰c‘Μ_Βlo‰c","o‰c‘Μ","79"
"1414","’·–μ§_’r“c’¬_’r“c’¬","1003","”_—Ρ‹Ζo‰c‘Μ_’c‘Μo‰c","o‰c‘Μ","4"
"1414","’·–μ§_’r“c’¬_’r“c’¬","1004","”_—Ρ‹Ζo‰c‘Μ_’c‘Μo‰c_–@lo‰c","o‰c‘Μ","2"
"1414","’·–μ§_’r“c’¬_’r“c’¬","1005","”_‹Ζo‰c‘Μ_v","o‰c‘Μ","81"
"1414","’·–μ§_’r“c’¬_’r“c’¬","1006","”_‹Ζo‰c‘Μ_Βlo‰c","o‰c‘Μ","79"
"1414","’·–μ§_’r“c’¬_’r“c’¬","1007","”_‹Ζo‰c‘Μ_’c‘Μo‰c","o‰c‘Μ","2"
"1414","’·–μ§_’r“c’¬_’r“c’¬","1008","”_‹Ζo‰c‘Μ_’c‘Μo‰c_–@lo‰c","o‰c‘Μ","2"
"1414","’·–μ§_’r“c’¬_’r“c’¬","1009","—Ρ‹Ζo‰c‘Μ_v","o‰c‘Μ","2"
"1414","’·–μ§_’r“c’¬_’r“c’¬","1010","—Ρ‹Ζo‰c‘Μ_Βlo‰c","o‰c‘Μ","-"
"1414","’·–μ§_’r“c’¬_’r“c’¬","1011","—Ρ‹Ζo‰c‘Μ_’c‘Μo‰c","o‰c‘Μ","2"
"1414","’·–μ§_’r“c’¬_’r“c’¬","1012","—Ρ‹Ζo‰c‘Μ_’c‘Μo‰c_–@lo‰c","o‰c‘Μ","-"
"1415","’·–μ§_’r“c’¬_‰ου‘Ί","1001","”_—Ρ‹Ζo‰c‘Μ_v","o‰c‘Μ","161"
"1415","’·–μ§_’r“c’¬_‰ου‘Ί","1002","”_—Ρ‹Ζo‰c‘Μ_Βlo‰c","o‰c‘Μ","154"
"1415","’·–μ§_’r“c’¬_‰ου‘Ί","1003","”_—Ρ‹Ζo‰c‘Μ_’c‘Μo‰c","o‰c‘Μ","7"
"1415","’·–μ§_’r“c’¬_‰ου‘Ί","1004","”_—Ρ‹Ζo‰c‘Μ_’c‘Μo‰c_–@lo‰c","o‰c‘Μ","7"
"1415","’·–μ§_’r“c’¬_‰ου‘Ί","1005","”_‹Ζo‰c‘Μ_v","o‰c‘Μ","160"
"1415","’·–μ§_’r“c’¬_‰ου‘Ί","1006","”_‹Ζo‰c‘Μ_Βlo‰c","o‰c‘Μ","153"
"1415","’·–μ§_’r“c’¬_‰ου‘Ί","1007","”_‹Ζo‰c‘Μ_’c‘Μo‰c","o‰c‘Μ","7"
"1415","’·–μ§_’r“c’¬_‰ου‘Ί","1008","”_‹Ζo‰c‘Μ_’c‘Μo‰c_–@lo‰c","o‰c‘Μ","7"
"1415","’·–μ§_’r“c’¬_‰ου‘Ί","1009","—Ρ‹Ζo‰c‘Μ_v","o‰c‘Μ","2"
"1415","’·–μ§_’r“c’¬_‰ου‘Ί","1010","—Ρ‹Ζo‰c‘Μ_Βlo‰c","o‰c‘Μ","2"
"1415","’·–μ§_’r“c’¬_‰ου‘Ί","1011","—Ρ‹Ζo‰c‘Μ_’c‘Μo‰c","o‰c‘Μ","-"
"1415","’·–μ§_’r“c’¬_‰ου‘Ί","1012","—Ρ‹Ζo‰c‘Μ_’c‘Μo‰c_–@lo‰c","o‰c‘Μ","-"
"1416","’·–μ§_’r“c’¬_µ‹M‘Ί‚Q|‚Q","1001","”_—Ρ‹Ζo‰c‘Μ_v","o‰c‘Μ","42"
"1416","’·–μ§_’r“c’¬_µ‹M‘Ί‚Q|‚Q","1002","”_—Ρ‹Ζo‰c‘Μ_Βlo‰c","o‰c‘Μ","41"
"1416","’·–μ§_’r“c’¬_µ‹M‘Ί‚Q|‚Q","1003","”_—Ρ‹Ζo‰c‘Μ_’c‘Μo‰c","o‰c‘Μ","1"
"1416","’·–μ§_’r“c’¬_µ‹M‘Ί‚Q|‚Q","1004","”_—Ρ‹Ζo‰c‘Μ_’c‘Μo‰c_–@lo‰c","o‰c‘Μ","1"
"1416","’·–μ§_’r“c’¬_µ‹M‘Ί‚Q|‚Q","1005","”_‹Ζo‰c‘Μ_v","o‰c‘Μ","42"
"1416","’·–μ§_’r“c’¬_µ‹M‘Ί‚Q|‚Q","1006","”_‹Ζo‰c‘Μ_Βlo‰c","o‰c‘Μ","41"
"1416","’·–μ§_’r“c’¬_µ‹M‘Ί‚Q|‚Q","1007","”_‹Ζo‰c‘Μ_’c‘Μo‰c","o‰c‘Μ","1"
"1416","’·–μ§_’r“c’¬_µ‹M‘Ί‚Q|‚Q","1008","”_‹Ζo‰c‘Μ_’c‘Μo‰c_–@lo‰c","o‰c‘Μ","1"
"1416","’·–μ§_’r“c’¬_µ‹M‘Ί‚Q|‚Q","1009","—Ρ‹Ζo‰c‘Μ_v","o‰c‘Μ","-"
"1416","’·–μ§_’r“c’¬_µ‹M‘Ί‚Q|‚Q","1010","—Ρ‹Ζo‰c‘Μ_Βlo‰c","o‰c‘Μ","-"
"1416","’·–μ§_’r“c’¬_µ‹M‘Ί‚Q|‚Q","1011","—Ρ‹Ζo‰c‘Μ_’c‘Μo‰c","o‰c‘Μ","-"
"1416","’·–μ§_’r“c’¬_µ‹M‘Ί‚Q|‚Q","1012","—Ρ‹Ζo‰c‘Μ_’c‘Μo‰c_–@lo‰c","o‰c‘Μ","-"
"1417","’·–μ§_’r“c’¬_—¤‹½‘Ί‚R|‚R","1001","”_—Ρ‹Ζo‰c‘Μ_v","o‰c‘Μ","1"
"1417","’·–μ§_’r“c’¬_—¤‹½‘Ί‚R|‚R","1002","”_—Ρ‹Ζo‰c‘Μ_Βlo‰c","o‰c‘Μ","-"
"1417","’·–μ§_’r“c’¬_—¤‹½‘Ί‚R|‚R","1003","”_—Ρ‹Ζo‰c‘Μ_’c‘Μo‰c","o‰c‘Μ","1"
"1417","’·–μ§_’r“c’¬_—¤‹½‘Ί‚R|‚R","1004","”_—Ρ‹Ζo‰c‘Μ_’c‘Μo‰c_–@lo‰c","o‰c‘Μ","1"
"1417","’·–μ§_’r“c’¬_—¤‹½‘Ί‚R|‚R","1005","”_‹Ζo‰c‘Μ_v","o‰c‘Μ","1"
"1417","’·–μ§_’r“c’¬_—¤‹½‘Ί‚R|‚R","1006","”_‹Ζo‰c‘Μ_Βlo‰c","o‰c‘Μ","-"
"1417","’·–μ§_’r“c’¬_—¤‹½‘Ί‚R|‚R","1007","”_‹Ζo‰c‘Μ_’c‘Μo‰c","o‰c‘Μ","1"
"1417","’·–μ§_’r“c’¬_—¤‹½‘Ί‚R|‚R","1008","”_‹Ζo‰c‘Μ_’c‘Μo‰c_–@lo‰c","o‰c‘Μ","1"
"1417","’·–μ§_’r“c’¬_—¤‹½‘Ί‚R|‚R","1009","—Ρ‹Ζo‰c‘Μ_v","o‰c‘Μ","-"
"1417","’·–μ§_’r“c’¬_—¤‹½‘Ί‚R|‚R","1010","—Ρ‹Ζo‰c‘Μ_Βlo‰c","o‰c‘Μ","-"
"1417","’·–μ§_’r“c’¬_—¤‹½‘Ί‚R|‚R","1011","—Ρ‹Ζo‰c‘Μ_’c‘Μo‰c","o‰c‘Μ","-"
"1417","’·–μ§_’r“c’¬_—¤‹½‘Ί‚R|‚R","1012","—Ρ‹Ζo‰c‘Μ_’c‘Μo‰c_–@lo‰c","o‰c‘Μ","-"
"1418","’·–μ§_’r“c’¬_L’Γ‘Ί‚R|‚Q","1001","”_—Ρ‹Ζo‰c‘Μ_v","o‰c‘Μ","3"
"1418","’·–μ§_’r“c’¬_L’Γ‘Ί‚R|‚Q","1002","”_—Ρ‹Ζo‰c‘Μ_Βlo‰c","o‰c‘Μ","3"
"1418","’·–μ§_’r“c’¬_L’Γ‘Ί‚R|‚Q","1003","”_—Ρ‹Ζo‰c‘Μ_’c‘Μo‰c","o‰c‘Μ","-"
"1418","’·–μ§_’r“c’¬_L’Γ‘Ί‚R|‚Q","1004","”_—Ρ‹Ζo‰c‘Μ_’c‘Μo‰c_–@lo‰c","o‰c‘Μ","-"
"1418","’·–μ§_’r“c’¬_L’Γ‘Ί‚R|‚Q","1005","”_‹Ζo‰c‘Μ_v","o‰c‘Μ","3"
"1418","’·–μ§_’r“c’¬_L’Γ‘Ί‚R|‚Q","1006","”_‹Ζo‰c‘Μ_Βlo‰c","o‰c‘Μ","3"
"1418","’·–μ§_’r“c’¬_L’Γ‘Ί‚R|‚Q","1007","”_‹Ζo‰c‘Μ_’c‘Μo‰c","o‰c‘Μ","-"
"1418","’·–μ§_’r“c’¬_L’Γ‘Ί‚R|‚Q","1008","”_‹Ζo‰c‘Μ_’c‘Μo‰c_–@lo‰c","o‰c‘Μ","-"
"1418","’·–μ§_’r“c’¬_L’Γ‘Ί‚R|‚Q","1009","—Ρ‹Ζo‰c‘Μ_v","o‰c‘Μ","1"
"1418","’·–μ§_’r“c’¬_L’Γ‘Ί‚R|‚Q","1010","—Ρ‹Ζo‰c‘Μ_Βlo‰c","o‰c‘Μ","1"
"1418","’·–μ§_’r“c’¬_L’Γ‘Ί‚R|‚Q","1011","—Ρ‹Ζo‰c‘Μ_’c‘Μo‰c","o‰c‘Μ","-"
"1418","’·–μ§_’r“c’¬_L’Γ‘Ί‚R|‚Q","1012","—Ρ‹Ζo‰c‘Μ_’c‘Μo‰c_–@lo‰c","o‰c‘Μ","-"
"1419","’·–μ§_Όμ‘Ί","1001","”_—Ρ‹Ζo‰c‘Μ_v","o‰c‘Μ","384"
"1419","’·–μ§_Όμ‘Ί","1002","”_—Ρ‹Ζo‰c‘Μ_Βlo‰c","o‰c‘Μ","371"
"1419","’·–μ§_Όμ‘Ί","1003","”_—Ρ‹Ζo‰c‘Μ_’c‘Μo‰c","o‰c‘Μ","13"
"1419","’·–μ§_Όμ‘Ί","1004","”_—Ρ‹Ζo‰c‘Μ_’c‘Μo‰c_–@lo‰c","o‰c‘Μ","8"
"1419","’·–μ§_Όμ‘Ί","1005","”_‹Ζo‰c‘Μ_v","o‰c‘Μ","383"
"1419","’·–μ§_Όμ‘Ί","1006","”_‹Ζo‰c‘Μ_Βlo‰c","o‰c‘Μ","370"
"1419","’·–μ§_Όμ‘Ί","1007","”_‹Ζo‰c‘Μ_’c‘Μo‰c","o‰c‘Μ","13"
"1419","’·–μ§_Όμ‘Ί","1008","”_‹Ζo‰c‘Μ_’c‘Μo‰c_–@lo‰c","o‰c‘Μ","8"
"1419","’·–μ§_Όμ‘Ί","1009","—Ρ‹Ζo‰c‘Μ_v","o‰c‘Μ","4"
"1419","’·–μ§_Όμ‘Ί","1010","—Ρ‹Ζo‰c‘Μ_Βlo‰c","o‰c‘Μ","4"
"1419","’·–μ§_Όμ‘Ί","1011","—Ρ‹Ζo‰c‘Μ_’c‘Μo‰c","o‰c‘Μ","-"
"1419","’·–μ§_Όμ‘Ί","1012","—Ρ‹Ζo‰c‘Μ_’c‘Μo‰c_–@lo‰c","o‰c‘Μ","-"
"1420","’·–μ§_”’”n‘Ί","1001","”_—Ρ‹Ζo‰c‘Μ_v","o‰c‘Μ","173"
"1420","’·–μ§_”’”n‘Ί","1002","”_—Ρ‹Ζo‰c‘Μ_Βlo‰c","o‰c‘Μ","166"
"1420","’·–μ§_”’”n‘Ί","1003","”_—Ρ‹Ζo‰c‘Μ_’c‘Μo‰c","o‰c‘Μ","7"
"1420","’·–μ§_”’”n‘Ί","1004","”_—Ρ‹Ζo‰c‘Μ_’c‘Μo‰c_–@lo‰c","o‰c‘Μ","7"
"1420","’·–μ§_”’”n‘Ί","1005","”_‹Ζo‰c‘Μ_v","o‰c‘Μ","173"
"1420","’·–μ§_”’”n‘Ί","1006","”_‹Ζo‰c‘Μ_Βlo‰c","o‰c‘Μ","166"
"1420","’·–μ§_”’”n‘Ί","1007","”_‹Ζo‰c‘Μ_’c‘Μo‰c","o‰c‘Μ","7"
"1420","’·–μ§_”’”n‘Ί","1008","”_‹Ζo‰c‘Μ_’c‘Μo‰c_–@lo‰c","o‰c‘Μ","7"
"1420","’·–μ§_”’”n‘Ί","1009","—Ρ‹Ζo‰c‘Μ_v","o‰c‘Μ","3"
"1420","’·–μ§_”’”n‘Ί","1010","—Ρ‹Ζo‰c‘Μ_Βlo‰c","o‰c‘Μ","3"
"1420","’·–μ§_”’”n‘Ί","1011","—Ρ‹Ζo‰c‘Μ_’c‘Μo‰c","o‰c‘Μ","-"
"1420","’·–μ§_”’”n‘Ί","1012","—Ρ‹Ζo‰c‘Μ_’c‘Μo‰c_–@lo‰c","o‰c‘Μ","-"
"1421","’·–μ§_”’”n‘Ί__ι‘Ί","1001","”_—Ρ‹Ζo‰c‘Μ_v","o‰c‘Μ","68"
"1421","’·–μ§_”’”n‘Ί__ι‘Ί","1002","”_—Ρ‹Ζo‰c‘Μ_Βlo‰c","o‰c‘Μ","64"
"1421","’·–μ§_”’”n‘Ί__ι‘Ί","1003","”_—Ρ‹Ζo‰c‘Μ_’c‘Μo‰c","o‰c‘Μ","4"
"1421","’·–μ§_”’”n‘Ί__ι‘Ί","1004","”_—Ρ‹Ζo‰c‘Μ_’c‘Μo‰c_–@lo‰c","o‰c‘Μ","4"
"1421","’·–μ§_”’”n‘Ί__ι‘Ί","1005","”_‹Ζo‰c‘Μ_v","o‰c‘Μ","68"
"1421","’·–μ§_”’”n‘Ί__ι‘Ί","1006","”_‹Ζo‰c‘Μ_Βlo‰c","o‰c‘Μ","64"
"1421","’·–μ§_”’”n‘Ί__ι‘Ί","1007","”_‹Ζo‰c‘Μ_’c‘Μo‰c","o‰c‘Μ","4"
"1421","’·–μ§_”’”n‘Ί__ι‘Ί","1008","”_‹Ζo‰c‘Μ_’c‘Μo‰c_–@lo‰c","o‰c‘Μ","4"
"1421","’·–μ§_”’”n‘Ί__ι‘Ί","1009","—Ρ‹Ζo‰c‘Μ_v","o‰c‘Μ","1"
"1421","’·–μ§_”’”n‘Ί__ι‘Ί","1010","—Ρ‹Ζo‰c‘Μ_Βlo‰c","o‰c‘Μ","1"
"1421","’·–μ§_”’”n‘Ί__ι‘Ί","1011","—Ρ‹Ζo‰c‘Μ_’c‘Μo‰c","o‰c‘Μ","-"
"1421","’·–μ§_”’”n‘Ί__ι‘Ί","1012","—Ρ‹Ζo‰c‘Μ_’c‘Μo‰c_–@lo‰c","o‰c‘Μ","-"
"1422","’·–μ§_”’”n‘Ί_–kι‘Ί","1001","”_—Ρ‹Ζo‰c‘Μ_v","o‰c‘Μ","105"
"1422","’·–μ§_”’”n‘Ί_–kι‘Ί","1002","”_—Ρ‹Ζo‰c‘Μ_Βlo‰c","o‰c‘Μ","102"
"1422","’·–μ§_”’”n‘Ί_–kι‘Ί","1003","”_—Ρ‹Ζo‰c‘Μ_’c‘Μo‰c","o‰c‘Μ","3"
"1422","’·–μ§_”’”n‘Ί_–kι‘Ί","1004","”_—Ρ‹Ζo‰c‘Μ_’c‘Μo‰c_–@lo‰c","o‰c‘Μ","3"
"1422","’·–μ§_”’”n‘Ί_–kι‘Ί","1005","”_‹Ζo‰c‘Μ_v","o‰c‘Μ","105"
"1422","’·–μ§_”’”n‘Ί_–kι‘Ί","1006","”_‹Ζo‰c‘Μ_Βlo‰c","o‰c‘Μ","102"
"1422","’·–μ§_”’”n‘Ί_–kι‘Ί","1007","”_‹Ζo‰c‘Μ_’c‘Μo‰c","o‰c‘Μ","3"
"1422","’·–μ§_”’”n‘Ί_–kι‘Ί","1008","”_‹Ζo‰c‘Μ_’c‘Μo‰c_–@lo‰c","o‰c‘Μ","3"
"1422","’·–μ§_”’”n‘Ί_–kι‘Ί","1009","—Ρ‹Ζo‰c‘Μ_v","o‰c‘Μ","2"
"1422","’·–μ§_”’”n‘Ί_–kι‘Ί","1010","—Ρ‹Ζo‰c‘Μ_Βlo‰c","o‰c‘Μ","2"
"1422","’·–μ§_”’”n‘Ί_–kι‘Ί","1011","—Ρ‹Ζo‰c‘Μ_’c‘Μo‰c","o‰c‘Μ","-"
"1422","’·–μ§_”’”n‘Ί_–kι‘Ί","1012","—Ρ‹Ζo‰c‘Μ_’c‘Μo‰c_–@lo‰c","o‰c‘Μ","-"
"1423","’·–μ§_¬’J‘Ί","1001","”_—Ρ‹Ζo‰c‘Μ_v","o‰c‘Μ","115"
"1423","’·–μ§_¬’J‘Ί","1002","”_—Ρ‹Ζo‰c‘Μ_Βlo‰c","o‰c‘Μ","101"
"1423","’·–μ§_¬’J‘Ί","1003","”_—Ρ‹Ζo‰c‘Μ_’c‘Μo‰c","o‰c‘Μ","14"
"1423","’·–μ§_¬’J‘Ί","1004","”_—Ρ‹Ζo‰c‘Μ_’c‘Μo‰c_–@lo‰c","o‰c‘Μ","1"
"1423","’·–μ§_¬’J‘Ί","1005","”_‹Ζo‰c‘Μ_v","o‰c‘Μ","114"
"1423","’·–μ§_¬’J‘Ί","1006","”_‹Ζo‰c‘Μ_Βlo‰c","o‰c‘Μ","101"
"1423","’·–μ§_¬’J‘Ί","1007","”_‹Ζo‰c‘Μ_’c‘Μo‰c","o‰c‘Μ","13"
"1423","’·–μ§_¬’J‘Ί","1008","”_‹Ζo‰c‘Μ_’c‘Μo‰c_–@lo‰c","o‰c‘Μ","1"
"1423","’·–μ§_¬’J‘Ί","1009","—Ρ‹Ζo‰c‘Μ_v","o‰c‘Μ","2"
"1423","’·–μ§_¬’J‘Ί","1010","—Ρ‹Ζo‰c‘Μ_Βlo‰c","o‰c‘Μ","1"
"1423","’·–μ§_¬’J‘Ί","1011","—Ρ‹Ζo‰c‘Μ_’c‘Μo‰c","o‰c‘Μ","1"
"1423","’·–μ§_¬’J‘Ί","1012","—Ρ‹Ζo‰c‘Μ_’c‘Μo‰c_–@lo‰c","o‰c‘Μ","-"
"1424","’·–μ§_¬’J‘Ί_“μ¬’J‘Ί","1001","”_—Ρ‹Ζo‰c‘Μ_v","o‰c‘Μ","86"
"1424","’·–μ§_¬’J‘Ί_“μ¬’J‘Ί","1002","”_—Ρ‹Ζo‰c‘Μ_Βlo‰c","o‰c‘Μ","79"
"1424","’·–μ§_¬’J‘Ί_“μ¬’J‘Ί","1003","”_—Ρ‹Ζo‰c‘Μ_’c‘Μo‰c","o‰c‘Μ","7"
"1424","’·–μ§_¬’J‘Ί_“μ¬’J‘Ί","1004","”_—Ρ‹Ζo‰c‘Μ_’c‘Μo‰c_–@lo‰c","o‰c‘Μ","1"
"1424","’·–μ§_¬’J‘Ί_“μ¬’J‘Ί","1005","”_‹Ζo‰c‘Μ_v","o‰c‘Μ","86"
"1424","’·–μ§_¬’J‘Ί_“μ¬’J‘Ί","1006","”_‹Ζo‰c‘Μ_Βlo‰c","o‰c‘Μ","79"
"1424","’·–μ§_¬’J‘Ί_“μ¬’J‘Ί","1007","”_‹Ζo‰c‘Μ_’c‘Μo‰c","o‰c‘Μ","7"
"1424","’·–μ§_¬’J‘Ί_“μ¬’J‘Ί","1008","”_‹Ζo‰c‘Μ_’c‘Μo‰c_–@lo‰c","o‰c‘Μ","1"
"1424","’·–μ§_¬’J‘Ί_“μ¬’J‘Ί","1009","—Ρ‹Ζo‰c‘Μ_v","o‰c‘Μ","1"
"1424","’·–μ§_¬’J‘Ί_“μ¬’J‘Ί","1010","—Ρ‹Ζo‰c‘Μ_Βlo‰c","o‰c‘Μ","1"
"1424","’·–μ§_¬’J‘Ί_“μ¬’J‘Ί","1011","—Ρ‹Ζo‰c‘Μ_’c‘Μo‰c","o‰c‘Μ","-"
"1424","’·–μ§_¬’J‘Ί_“μ¬’J‘Ί","1012","—Ρ‹Ζo‰c‘Μ_’c‘Μo‰c_–@lo‰c","o‰c‘Μ","-"
"1425","’·–μ§_¬’J‘Ί_’†“y‘Ί","1001","”_—Ρ‹Ζo‰c‘Μ_v","o‰c‘Μ","20"
"1425","’·–μ§_¬’J‘Ί_’†“y‘Ί","1002","”_—Ρ‹Ζo‰c‘Μ_Βlo‰c","o‰c‘Μ","17"
"1425","’·–μ§_¬’J‘Ί_’†“y‘Ί","1003","”_—Ρ‹Ζo‰c‘Μ_’c‘Μo‰c","o‰c‘Μ","3"
"1425","’·–μ§_¬’J‘Ί_’†“y‘Ί","1004","”_—Ρ‹Ζo‰c‘Μ_’c‘Μo‰c_–@lo‰c","o‰c‘Μ","-"
"1425","’·–μ§_¬’J‘Ί_’†“y‘Ί","1005","”_‹Ζo‰c‘Μ_v","o‰c‘Μ","20"
"1425","’·–μ§_¬’J‘Ί_’†“y‘Ί","1006","”_‹Ζo‰c‘Μ_Βlo‰c","o‰c‘Μ","17"
"1425","’·–μ§_¬’J‘Ί_’†“y‘Ί","1007","”_‹Ζo‰c‘Μ_’c‘Μo‰c","o‰c‘Μ","3"
"1425","’·–μ§_¬’J‘Ί_’†“y‘Ί","1008","”_‹Ζo‰c‘Μ_’c‘Μo‰c_–@lo‰c","o‰c‘Μ","-"
"1425","’·–μ§_¬’J‘Ί_’†“y‘Ί","1009","—Ρ‹Ζo‰c‘Μ_v","o‰c‘Μ","-"
"1425","’·–μ§_¬’J‘Ί_’†“y‘Ί","1010","—Ρ‹Ζo‰c‘Μ_Βlo‰c","o‰c‘Μ","-"
"1425","’·–μ§_¬’J‘Ί_’†“y‘Ί","1011","—Ρ‹Ζo‰c‘Μ_’c‘Μo‰c","o‰c‘Μ","-"
"1425","’·–μ§_¬’J‘Ί_’†“y‘Ί","1012","—Ρ‹Ζo‰c‘Μ_’c‘Μo‰c_–@lo‰c","o‰c‘Μ","-"
"1426","’·–μ§_¬’J‘Ί_–k¬’J‘Ί","1001","”_—Ρ‹Ζo‰c‘Μ_v","o‰c‘Μ","9"
"1426","’·–μ§_¬’J‘Ί_–k¬’J‘Ί","1002","”_—Ρ‹Ζo‰c‘Μ_Βlo‰c","o‰c‘Μ","5"
"1426","’·–μ§_¬’J‘Ί_–k¬’J‘Ί","1003","”_—Ρ‹Ζo‰c‘Μ_’c‘Μo‰c","o‰c‘Μ","4"
"1426","’·–μ§_¬’J‘Ί_–k¬’J‘Ί","1004","”_—Ρ‹Ζo‰c‘Μ_’c‘Μo‰c_–@lo‰c","o‰c‘Μ","-"
"1426","’·–μ§_¬’J‘Ί_–k¬’J‘Ί","1005","”_‹Ζo‰c‘Μ_v","o‰c‘Μ","8"
"1426","’·–μ§_¬’J‘Ί_–k¬’J‘Ί","1006","”_‹Ζo‰c‘Μ_Βlo‰c","o‰c‘Μ","5"
"1426","’·–μ§_¬’J‘Ί_–k¬’J‘Ί","1007","”_‹Ζo‰c‘Μ_’c‘Μo‰c","o‰c‘Μ","3"
"1426","’·–μ§_¬’J‘Ί_–k¬’J‘Ί","1008","”_‹Ζo‰c‘Μ_’c‘Μo‰c_–@lo‰c","o‰c‘Μ","-"
"1426","’·–μ§_¬’J‘Ί_–k¬’J‘Ί","1009","—Ρ‹Ζo‰c‘Μ_v","o‰c‘Μ","1"
"1426","’·–μ§_¬’J‘Ί_–k¬’J‘Ί","1010","—Ρ‹Ζo‰c‘Μ_Βlo‰c","o‰c‘Μ","-"
"1426","’·–μ§_¬’J‘Ί_–k¬’J‘Ί","1011","—Ρ‹Ζo‰c‘Μ_’c‘Μo‰c","o‰c‘Μ","1"
"1426","’·–μ§_¬’J‘Ί_–k¬’J‘Ί","1012","—Ρ‹Ζo‰c‘Μ_’c‘Μo‰c_–@lo‰c","o‰c‘Μ","-"
"1427","’·–μ§_βι’¬","1001","”_—Ρ‹Ζo‰c‘Μ_v","o‰c‘Μ","255"
"1427","’·–μ§_βι’¬","1002","”_—Ρ‹Ζo‰c‘Μ_Βlo‰c","o‰c‘Μ","248"
"1427","’·–μ§_βι’¬","1003","”_—Ρ‹Ζo‰c‘Μ_’c‘Μo‰c","o‰c‘Μ","7"
"1427","’·–μ§_βι’¬","1004","”_—Ρ‹Ζo‰c‘Μ_’c‘Μo‰c_–@lo‰c","o‰c‘Μ","6"
"1427","’·–μ§_βι’¬","1005","”_‹Ζo‰c‘Μ_v","o‰c‘Μ","253"
"1427","’·–μ§_βι’¬","1006","”_‹Ζo‰c‘Μ_Βlo‰c","o‰c‘Μ","248"
"1427","’·–μ§_βι’¬","1007","”_‹Ζo‰c‘Μ_’c‘Μo‰c","o‰c‘Μ","5"
"1427","’·–μ§_βι’¬","1008","”_‹Ζo‰c‘Μ_’c‘Μo‰c_–@lo‰c","o‰c‘Μ","4"
"1427","’·–μ§_βι’¬","1009","—Ρ‹Ζo‰c‘Μ_v","o‰c‘Μ","6"
"1427","’·–μ§_βι’¬","1010","—Ρ‹Ζo‰c‘Μ_Βlo‰c","o‰c‘Μ","4"
"1427","’·–μ§_βι’¬","1011","—Ρ‹Ζo‰c‘Μ_’c‘Μo‰c","o‰c‘Μ","2"
"1427","’·–μ§_βι’¬","1012","—Ρ‹Ζo‰c‘Μ_’c‘Μo‰c_–@lo‰c","o‰c‘Μ","2"
"1428","’·–μ§_βι’¬_βι’¬","1001","”_—Ρ‹Ζo‰c‘Μ_v","o‰c‘Μ","137"
"1428","’·–μ§_βι’¬_βι’¬","1002","”_—Ρ‹Ζo‰c‘Μ_Βlo‰c","o‰c‘Μ","135"
"1428","’·–μ§_βι’¬_βι’¬","1003","”_—Ρ‹Ζo‰c‘Μ_’c‘Μo‰c","o‰c‘Μ","2"
"1428","’·–μ§_βι’¬_βι’¬","1004","”_—Ρ‹Ζo‰c‘Μ_’c‘Μo‰c_–@lo‰c","o‰c‘Μ","2"
"1428","’·–μ§_βι’¬_βι’¬","1005","”_‹Ζo‰c‘Μ_v","o‰c‘Μ","136"
"1428","’·–μ§_βι’¬_βι’¬","1006","”_‹Ζo‰c‘Μ_Βlo‰c","o‰c‘Μ","135"
"1428","’·–μ§_βι’¬_βι’¬","1007","”_‹Ζo‰c‘Μ_’c‘Μo‰c","o‰c‘Μ","1"
"1428","’·–μ§_βι’¬_βι’¬","1008","”_‹Ζo‰c‘Μ_’c‘Μo‰c_–@lo‰c","o‰c‘Μ","1"
"1428","’·–μ§_βι’¬_βι’¬","1009","—Ρ‹Ζo‰c‘Μ_v","o‰c‘Μ","3"
"1428","’·–μ§_βι’¬_βι’¬","1010","—Ρ‹Ζo‰c‘Μ_Βlo‰c","o‰c‘Μ","2"
"1428","’·–μ§_βι’¬_βι’¬","1011","—Ρ‹Ζo‰c‘Μ_’c‘Μo‰c","o‰c‘Μ","1"
"1428","’·–μ§_βι’¬_βι’¬","1012","—Ρ‹Ζo‰c‘Μ_’c‘Μo‰c_–@lo‰c","o‰c‘Μ","1"
"1429","’·–μ§_βι’¬_’†”Vπ‘Ί","1001","”_—Ρ‹Ζo‰c‘Μ_v","o‰c‘Μ","14"
"1429","’·–μ§_βι’¬_’†”Vπ‘Ί","1002","”_—Ρ‹Ζo‰c‘Μ_Βlo‰c","o‰c‘Μ","14"
"1429","’·–μ§_βι’¬_’†”Vπ‘Ί","1003","”_—Ρ‹Ζo‰c‘Μ_’c‘Μo‰c","o‰c‘Μ","-"
"1429","’·–μ§_βι’¬_’†”Vπ‘Ί","1004","”_—Ρ‹Ζo‰c‘Μ_’c‘Μo‰c_–@lo‰c","o‰c‘Μ","-"
"1429","’·–μ§_βι’¬_’†”Vπ‘Ί","1005","”_‹Ζo‰c‘Μ_v","o‰c‘Μ","14"
"1429","’·–μ§_βι’¬_’†”Vπ‘Ί","1006","”_‹Ζo‰c‘Μ_Βlo‰c","o‰c‘Μ","14"
"1429","’·–μ§_βι’¬_’†”Vπ‘Ί","1007","”_‹Ζo‰c‘Μ_’c‘Μo‰c","o‰c‘Μ","-"
"1429","’·–μ§_βι’¬_’†”Vπ‘Ί","1008","”_‹Ζo‰c‘Μ_’c‘Μo‰c_–@lo‰c","o‰c‘Μ","-"
"1429","’·–μ§_βι’¬_’†”Vπ‘Ί","1009","—Ρ‹Ζo‰c‘Μ_v","o‰c‘Μ","-"
"1429","’·–μ§_βι’¬_’†”Vπ‘Ί","1010","—Ρ‹Ζo‰c‘Μ_Βlo‰c","o‰c‘Μ","-"
"1429","’·–μ§_βι’¬_’†”Vπ‘Ί","1011","—Ρ‹Ζo‰c‘Μ_’c‘Μo‰c","o‰c‘Μ","-"
"1429","’·–μ§_βι’¬_’†”Vπ‘Ί","1012","—Ρ‹Ζo‰c‘Μ_’c‘Μo‰c_–@lo‰c","o‰c‘Μ","-"
"1430","’·–μ§_βι’¬_“μπ‘Ί","1001","”_—Ρ‹Ζo‰c‘Μ_v","o‰c‘Μ","41"
"1430","’·–μ§_βι’¬_“μπ‘Ί","1002","”_—Ρ‹Ζo‰c‘Μ_Βlo‰c","o‰c‘Μ","40"
"1430","’·–μ§_βι’¬_“μπ‘Ί","1003","”_—Ρ‹Ζo‰c‘Μ_’c‘Μo‰c","o‰c‘Μ","1"
"1430","’·–μ§_βι’¬_“μπ‘Ί","1004","”_—Ρ‹Ζo‰c‘Μ_’c‘Μo‰c_–@lo‰c","o‰c‘Μ","1"
"1430","’·–μ§_βι’¬_“μπ‘Ί","1005","”_‹Ζo‰c‘Μ_v","o‰c‘Μ","40"
"1430","’·–μ§_βι’¬_“μπ‘Ί","1006","”_‹Ζo‰c‘Μ_Βlo‰c","o‰c‘Μ","40"
"1430","’·–μ§_βι’¬_“μπ‘Ί","1007","”_‹Ζo‰c‘Μ_’c‘Μo‰c","o‰c‘Μ","-"
"1430","’·–μ§_βι’¬_“μπ‘Ί","1008","”_‹Ζo‰c‘Μ_’c‘Μo‰c_–@lo‰c","o‰c‘Μ","-"
"1430","’·–μ§_βι’¬_“μπ‘Ί","1009","—Ρ‹Ζo‰c‘Μ_v","o‰c‘Μ","1"
"1430","’·–μ§_βι’¬_“μπ‘Ί","1010","—Ρ‹Ζo‰c‘Μ_Βlo‰c","o‰c‘Μ","-"
"1430","’·–μ§_βι’¬_“μπ‘Ί","1011","—Ρ‹Ζo‰c‘Μ_’c‘Μo‰c","o‰c‘Μ","1"
"1430","’·–μ§_βι’¬_“μπ‘Ί","1012","—Ρ‹Ζo‰c‘Μ_’c‘Μo‰c_–@lo‰c","o‰c‘Μ","1"
"1431","’·–μ§_βι’¬_‘Ίγ‘Ί","1001","”_—Ρ‹Ζo‰c‘Μ_v","o‰c‘Μ","63"
"1431","’·–μ§_βι’¬_‘Ίγ‘Ί","1002","”_—Ρ‹Ζo‰c‘Μ_Βlo‰c","o‰c‘Μ","59"
"1431","’·–μ§_βι’¬_‘Ίγ‘Ί","1003","”_—Ρ‹Ζo‰c‘Μ_’c‘Μo‰c","o‰c‘Μ","4"
"1431","’·–μ§_βι’¬_‘Ίγ‘Ί","1004","”_—Ρ‹Ζo‰c‘Μ_’c‘Μo‰c_–@lo‰c","o‰c‘Μ","3"
"1431","’·–μ§_βι’¬_‘Ίγ‘Ί","1005","”_‹Ζo‰c‘Μ_v","o‰c‘Μ","63"
"1431","’·–μ§_βι’¬_‘Ίγ‘Ί","1006","”_‹Ζo‰c‘Μ_Βlo‰c","o‰c‘Μ","59"
"1431","’·–μ§_βι’¬_‘Ίγ‘Ί","1007","”_‹Ζo‰c‘Μ_’c‘Μo‰c","o‰c‘Μ","4"
"1431","’·–μ§_βι’¬_‘Ίγ‘Ί","1008","”_‹Ζo‰c‘Μ_’c‘Μo‰c_–@lo‰c","o‰c‘Μ","3"
"1431","’·–μ§_βι’¬_‘Ίγ‘Ί","1009","—Ρ‹Ζo‰c‘Μ_v","o‰c‘Μ","2"
"1431","’·–μ§_βι’¬_‘Ίγ‘Ί","1010","—Ρ‹Ζo‰c‘Μ_Βlo‰c","o‰c‘Μ","2"
"1431","’·–μ§_βι’¬_‘Ίγ‘Ί","1011","—Ρ‹Ζo‰c‘Μ_’c‘Μo‰c","o‰c‘Μ","-"
"1431","’·–μ§_βι’¬_‘Ίγ‘Ί","1012","—Ρ‹Ζo‰c‘Μ_’c‘Μo‰c_–@lo‰c","o‰c‘Μ","-"
"1432","’·–μ§_¬•z{’¬","1001","”_—Ρ‹Ζo‰c‘Μ_v","o‰c‘Μ","616"
"1432","’·–μ§_¬•z{’¬","1002","”_—Ρ‹Ζo‰c‘Μ_Βlo‰c","o‰c‘Μ","603"
"1432","’·–μ§_¬•z{’¬","1003","”_—Ρ‹Ζo‰c‘Μ_’c‘Μo‰c","o‰c‘Μ","13"
"1432","’·–μ§_¬•z{’¬","1004","”_—Ρ‹Ζo‰c‘Μ_’c‘Μo‰c_–@lo‰c","o‰c‘Μ","9"
"1432","’·–μ§_¬•z{’¬","1005","”_‹Ζo‰c‘Μ_v","o‰c‘Μ","614"
"1432","’·–μ§_¬•z{’¬","1006","”_‹Ζo‰c‘Μ_Βlo‰c","o‰c‘Μ","602"
"1432","’·–μ§_¬•z{’¬","1007","”_‹Ζo‰c‘Μ_’c‘Μo‰c","o‰c‘Μ","12"
"1432","’·–μ§_¬•z{’¬","1008","”_‹Ζo‰c‘Μ_’c‘Μo‰c_–@lo‰c","o‰c‘Μ","9"
"1432","’·–μ§_¬•z{’¬","1009","—Ρ‹Ζo‰c‘Μ_v","o‰c‘Μ","2"
"1432","’·–μ§_¬•z{’¬","1010","—Ρ‹Ζo‰c‘Μ_Βlo‰c","o‰c‘Μ","1"
"1432","’·–μ§_¬•z{’¬","1011","—Ρ‹Ζo‰c‘Μ_’c‘Μo‰c","o‰c‘Μ","1"
"1432","’·–μ§_¬•z{’¬","1012","—Ρ‹Ζo‰c‘Μ_’c‘Μo‰c_–@lo‰c","o‰c‘Μ","-"
"1433","’·–μ§_¬•z{’¬_¬•z{‘Ί","1001","”_—Ρ‹Ζo‰c‘Μ_v","o‰c‘Μ","382"
"1433","’·–μ§_¬•z{’¬_¬•z{‘Ί","1002","”_—Ρ‹Ζo‰c‘Μ_Βlo‰c","o‰c‘Μ","374"
"1433","’·–μ§_¬•z{’¬_¬•z{‘Ί","1003","”_—Ρ‹Ζo‰c‘Μ_’c‘Μo‰c","o‰c‘Μ","8"
"1433","’·–μ§_¬•z{’¬_¬•z{‘Ί","1004","”_—Ρ‹Ζo‰c‘Μ_’c‘Μo‰c_–@lo‰c","o‰c‘Μ","6"
"1433","’·–μ§_¬•z{’¬_¬•z{‘Ί","1005","”_‹Ζo‰c‘Μ_v","o‰c‘Μ","381"
"1433","’·–μ§_¬•z{’¬_¬•z{‘Ί","1006","”_‹Ζo‰c‘Μ_Βlo‰c","o‰c‘Μ","373"
"1433","’·–μ§_¬•z{’¬_¬•z{‘Ί","1007","”_‹Ζo‰c‘Μ_’c‘Μo‰c","o‰c‘Μ","8"
"1433","’·–μ§_¬•z{’¬_¬•z{‘Ί","1008","”_‹Ζo‰c‘Μ_’c‘Μo‰c_–@lo‰c","o‰c‘Μ","6"
"1433","’·–μ§_¬•z{’¬_¬•z{‘Ί","1009","—Ρ‹Ζo‰c‘Μ_v","o‰c‘Μ","1"
"1433","’·–μ§_¬•z{’¬_¬•z{‘Ί","1010","—Ρ‹Ζo‰c‘Μ_Βlo‰c","o‰c‘Μ","1"
"1433","’·–μ§_¬•z{’¬_¬•z{‘Ί","1011","—Ρ‹Ζo‰c‘Μ_’c‘Μo‰c","o‰c‘Μ","-"
"1433","’·–μ§_¬•z{’¬_¬•z{‘Ί","1012","—Ρ‹Ζo‰c‘Μ_’c‘Μo‰c_–@lo‰c","o‰c‘Μ","-"
"1434","’·–μ§_¬•z{’¬_“sZ‘Ί","1001","”_—Ρ‹Ζo‰c‘Μ_v","o‰c‘Μ","234"
"1434","’·–μ§_¬•z{’¬_“sZ‘Ί","1002","”_—Ρ‹Ζo‰c‘Μ_Βlo‰c","o‰c‘Μ","229"
"1434","’·–μ§_¬•z{’¬_“sZ‘Ί","1003","”_—Ρ‹Ζo‰c‘Μ_’c‘Μo‰c","o‰c‘Μ","5"
"1434","’·–μ§_¬•z{’¬_“sZ‘Ί","1004","”_—Ρ‹Ζo‰c‘Μ_’c‘Μo‰c_–@lo‰c","o‰c‘Μ","3"
"1434","’·–μ§_¬•z{’¬_“sZ‘Ί","1005","”_‹Ζo‰c‘Μ_v","o‰c‘Μ","233"
"1434","’·–μ§_¬•z{’¬_“sZ‘Ί","1006","”_‹Ζo‰c‘Μ_Βlo‰c","o‰c‘Μ","229"
"1434","’·–μ§_¬•z{’¬_“sZ‘Ί","1007","”_‹Ζo‰c‘Μ_’c‘Μo‰c","o‰c‘Μ","4"
"1434","’·–μ§_¬•z{’¬_“sZ‘Ί","1008","”_‹Ζo‰c‘Μ_’c‘Μo‰c_–@lo‰c","o‰c‘Μ","3"
"1434","’·–μ§_¬•z{’¬_“sZ‘Ί","1009","—Ρ‹Ζo‰c‘Μ_v","o‰c‘Μ","1"
"1434","’·–μ§_¬•z{’¬_“sZ‘Ί","1010","—Ρ‹Ζo‰c‘Μ_Βlo‰c","o‰c‘Μ","-"
"1434","’·–μ§_¬•z{’¬_“sZ‘Ί","1011","—Ρ‹Ζo‰c‘Μ_’c‘Μo‰c","o‰c‘Μ","1"
"1434","’·–μ§_¬•z{’¬_“sZ‘Ί","1012","—Ρ‹Ζo‰c‘Μ_’c‘Μo‰c_–@lo‰c","o‰c‘Μ","-"
"1435","’·–μ§_‚R‘Ί","1001","”_—Ρ‹Ζo‰c‘Μ_v","o‰c‘Μ","445"
"1435","’·–μ§_‚R‘Ί","1002","”_—Ρ‹Ζo‰c‘Μ_Βlo‰c","o‰c‘Μ","435"
"1435","’·–μ§_‚R‘Ί","1003","”_—Ρ‹Ζo‰c‘Μ_’c‘Μo‰c","o‰c‘Μ","10"
"1435","’·–μ§_‚R‘Ί","1004","”_—Ρ‹Ζo‰c‘Μ_’c‘Μo‰c_–@lo‰c","o‰c‘Μ","7"
"1435","’·–μ§_‚R‘Ί","1005","”_‹Ζo‰c‘Μ_v","o‰c‘Μ","443"
"1435","’·–μ§_‚R‘Ί","1006","”_‹Ζo‰c‘Μ_Βlo‰c","o‰c‘Μ","434"
"1435","’·–μ§_‚R‘Ί","1007","”_‹Ζo‰c‘Μ_’c‘Μo‰c","o‰c‘Μ","9"
"1435","’·–μ§_‚R‘Ί","1008","”_‹Ζo‰c‘Μ_’c‘Μo‰c_–@lo‰c","o‰c‘Μ","6"
"1435","’·–μ§_‚R‘Ί","1009","—Ρ‹Ζo‰c‘Μ_v","o‰c‘Μ","8"
"1435","’·–μ§_‚R‘Ί","1010","—Ρ‹Ζo‰c‘Μ_Βlo‰c","o‰c‘Μ","7"
"1435","’·–μ§_‚R‘Ί","1011","—Ρ‹Ζo‰c‘Μ_’c‘Μo‰c","o‰c‘Μ","1"
"1435","’·–μ§_‚R‘Ί","1012","—Ρ‹Ζo‰c‘Μ_’c‘Μo‰c_–@lo‰c","o‰c‘Μ","1"
"1436","’·–μ§_‚R‘Ί_‚δ‘Ί","1001","”_—Ρ‹Ζo‰c‘Μ_v","o‰c‘Μ","304"
"1436","’·–μ§_‚R‘Ί_‚δ‘Ί","1002","”_—Ρ‹Ζo‰c‘Μ_Βlo‰c","o‰c‘Μ","297"
"1436","’·–μ§_‚R‘Ί_‚δ‘Ί","1003","”_—Ρ‹Ζo‰c‘Μ_’c‘Μo‰c","o‰c‘Μ","7"
"1436","’·–μ§_‚R‘Ί_‚δ‘Ί","1004","”_—Ρ‹Ζo‰c‘Μ_’c‘Μo‰c_–@lo‰c","o‰c‘Μ","5"
"1436","’·–μ§_‚R‘Ί_‚δ‘Ί","1005","”_‹Ζo‰c‘Μ_v","o‰c‘Μ","303"
"1436","’·–μ§_‚R‘Ί_‚δ‘Ί","1006","”_‹Ζo‰c‘Μ_Βlo‰c","o‰c‘Μ","296"
"1436","’·–μ§_‚R‘Ί_‚δ‘Ί","1007","”_‹Ζo‰c‘Μ_’c‘Μo‰c","o‰c‘Μ","7"
"1436","’·–μ§_‚R‘Ί_‚δ‘Ί","1008","”_‹Ζo‰c‘Μ_’c‘Μo‰c_–@lo‰c","o‰c‘Μ","5"
"1436","’·–μ§_‚R‘Ί_‚δ‘Ί","1009","—Ρ‹Ζo‰c‘Μ_v","o‰c‘Μ","5"
"1436","’·–μ§_‚R‘Ί_‚δ‘Ί","1010","—Ρ‹Ζo‰c‘Μ_Βlo‰c","o‰c‘Μ","5"
"1436","’·–μ§_‚R‘Ί_‚δ‘Ί","1011","—Ρ‹Ζo‰c‘Μ_’c‘Μo‰c","o‰c‘Μ","-"
"1436","’·–μ§_‚R‘Ί_‚δ‘Ί","1012","—Ρ‹Ζo‰c‘Μ_’c‘Μo‰c_–@lo‰c","o‰c‘Μ","-"
"1437","’·–μ§_‚R‘Ί_R“c‘Ί","1001","”_—Ρ‹Ζo‰c‘Μ_v","o‰c‘Μ","141"
"1437","’·–μ§_‚R‘Ί_R“c‘Ί","1002","”_—Ρ‹Ζo‰c‘Μ_Βlo‰c","o‰c‘Μ","138"
"1437","’·–μ§_‚R‘Ί_R“c‘Ί","1003","”_—Ρ‹Ζo‰c‘Μ_’c‘Μo‰c","o‰c‘Μ","3"
"1437","’·–μ§_‚R‘Ί_R“c‘Ί","1004","”_—Ρ‹Ζo‰c‘Μ_’c‘Μo‰c_–@lo‰c","o‰c‘Μ","2"
"1437","’·–μ§_‚R‘Ί_R“c‘Ί","1005","”_‹Ζo‰c‘Μ_v","o‰c‘Μ","140"
"1437","’·–μ§_‚R‘Ί_R“c‘Ί","1006","”_‹Ζo‰c‘Μ_Βlo‰c","o‰c‘Μ","138"
"1437","’·–μ§_‚R‘Ί_R“c‘Ί","1007","”_‹Ζo‰c‘Μ_’c‘Μo‰c","o‰c‘Μ","2"
"1437","’·–μ§_‚R‘Ί_R“c‘Ί","1008","”_‹Ζo‰c‘Μ_’c‘Μo‰c_–@lo‰c","o‰c‘Μ","1"
"1437","’·–μ§_‚R‘Ί_R“c‘Ί","1009","—Ρ‹Ζo‰c‘Μ_v","o‰c‘Μ","3"
"1437","’·–μ§_‚R‘Ί_R“c‘Ί","1010","—Ρ‹Ζo‰c‘Μ_Βlo‰c","o‰c‘Μ","2"
"1437","’·–μ§_‚R‘Ί_R“c‘Ί","1011","—Ρ‹Ζo‰c‘Μ_’c‘Μo‰c","o‰c‘Μ","1"
"1437","’·–μ§_‚R‘Ί_R“c‘Ί","1012","—Ρ‹Ζo‰c‘Μ_’c‘Μo‰c_–@lo‰c","o‰c‘Μ","1"
"1438","’·–μ§_Rƒm“ΰ’¬","1001","”_—Ρ‹Ζo‰c‘Μ_v","o‰c‘Μ","544"
"1438","’·–μ§_Rƒm“ΰ’¬","1002","”_—Ρ‹Ζo‰c‘Μ_Βlo‰c","o‰c‘Μ","532"
"1438","’·–μ§_Rƒm“ΰ’¬","1003","”_—Ρ‹Ζo‰c‘Μ_’c‘Μo‰c","o‰c‘Μ","12"
"1438","’·–μ§_Rƒm“ΰ’¬","1004","”_—Ρ‹Ζo‰c‘Μ_’c‘Μo‰c_–@lo‰c","o‰c‘Μ","9"
"1438","’·–μ§_Rƒm“ΰ’¬","1005","”_‹Ζo‰c‘Μ_v","o‰c‘Μ","544"
"1438","’·–μ§_Rƒm“ΰ’¬","1006","”_‹Ζo‰c‘Μ_Βlo‰c","o‰c‘Μ","532"
"1438","’·–μ§_Rƒm“ΰ’¬","1007","”_‹Ζo‰c‘Μ_’c‘Μo‰c","o‰c‘Μ","12"
"1438","’·–μ§_Rƒm“ΰ’¬","1008","”_‹Ζo‰c‘Μ_’c‘Μo‰c_–@lo‰c","o‰c‘Μ","9"
"1438","’·–μ§_Rƒm“ΰ’¬","1009","—Ρ‹Ζo‰c‘Μ_v","o‰c‘Μ","1"
"1438","’·–μ§_Rƒm“ΰ’¬","1010","—Ρ‹Ζo‰c‘Μ_Βlo‰c","o‰c‘Μ","1"
"1438","’·–μ§_Rƒm“ΰ’¬","1011","—Ρ‹Ζo‰c‘Μ_’c‘Μo‰c","o‰c‘Μ","-"
"1438","’·–μ§_Rƒm“ΰ’¬","1012","—Ρ‹Ζo‰c‘Μ_’c‘Μo‰c_–@lo‰c","o‰c‘Μ","-"
"1439","’·–μ§_Rƒm“ΰ’¬_•½‰Έ‘Ί","1001","”_—Ρ‹Ζo‰c‘Μ_v","o‰c‘Μ","115"
"1439","’·–μ§_Rƒm“ΰ’¬_•½‰Έ‘Ί","1002","”_—Ρ‹Ζo‰c‘Μ_Βlo‰c","o‰c‘Μ","114"
"1439","’·–μ§_Rƒm“ΰ’¬_•½‰Έ‘Ί","1003","”_—Ρ‹Ζo‰c‘Μ_’c‘Μo‰c","o‰c‘Μ","1"
"1439","’·–μ§_Rƒm“ΰ’¬_•½‰Έ‘Ί","1004","”_—Ρ‹Ζo‰c‘Μ_’c‘Μo‰c_–@lo‰c","o‰c‘Μ","1"
"1439","’·–μ§_Rƒm“ΰ’¬_•½‰Έ‘Ί","1005","”_‹Ζo‰c‘Μ_v","o‰c‘Μ","115"
"1439","’·–μ§_Rƒm“ΰ’¬_•½‰Έ‘Ί","1006","”_‹Ζo‰c‘Μ_Βlo‰c","o‰c‘Μ","114"
"1439","’·–μ§_Rƒm“ΰ’¬_•½‰Έ‘Ί","1007","”_‹Ζo‰c‘Μ_’c‘Μo‰c","o‰c‘Μ","1"
"1439","’·–μ§_Rƒm“ΰ’¬_•½‰Έ‘Ί","1008","”_‹Ζo‰c‘Μ_’c‘Μo‰c_–@lo‰c","o‰c‘Μ","1"
"1439","’·–μ§_Rƒm“ΰ’¬_•½‰Έ‘Ί","1009","—Ρ‹Ζo‰c‘Μ_v","o‰c‘Μ","-"
"1439","’·–μ§_Rƒm“ΰ’¬_•½‰Έ‘Ί","1010","—Ρ‹Ζo‰c‘Μ_Βlo‰c","o‰c‘Μ","-"
"1439","’·–μ§_Rƒm“ΰ’¬_•½‰Έ‘Ί","1011","—Ρ‹Ζo‰c‘Μ_’c‘Μo‰c","o‰c‘Μ","-"
"1439","’·–μ§_Rƒm“ΰ’¬_•½‰Έ‘Ί","1012","—Ρ‹Ζo‰c‘Μ_’c‘Μo‰c_–@lo‰c","o‰c‘Μ","-"
"1440","’·–μ§_Rƒm“ΰ’¬_•δ”g‘Ί","1001","”_—Ρ‹Ζo‰c‘Μ_v","o‰c‘Μ","208"
"1440","’·–μ§_Rƒm“ΰ’¬_•δ”g‘Ί","1002","”_—Ρ‹Ζo‰c‘Μ_Βlo‰c","o‰c‘Μ","204"
"1440","’·–μ§_Rƒm“ΰ’¬_•δ”g‘Ί","1003","”_—Ρ‹Ζo‰c‘Μ_’c‘Μo‰c","o‰c‘Μ","4"
"1440","’·–μ§_Rƒm“ΰ’¬_•δ”g‘Ί","1004","”_—Ρ‹Ζo‰c‘Μ_’c‘Μo‰c_–@lo‰c","o‰c‘Μ","3"
"1440","’·–μ§_Rƒm“ΰ’¬_•δ”g‘Ί","1005","”_‹Ζo‰c‘Μ_v","o‰c‘Μ","208"
"1440","’·–μ§_Rƒm“ΰ’¬_•δ”g‘Ί","1006","”_‹Ζo‰c‘Μ_Βlo‰c","o‰c‘Μ","204"
"1440","’·–μ§_Rƒm“ΰ’¬_•δ”g‘Ί","1007","”_‹Ζo‰c‘Μ_’c‘Μo‰c","o‰c‘Μ","4"
"1440","’·–μ§_Rƒm“ΰ’¬_•δ”g‘Ί","1008","”_‹Ζo‰c‘Μ_’c‘Μo‰c_–@lo‰c","o‰c‘Μ","3"
"1440","’·–μ§_Rƒm“ΰ’¬_•δ”g‘Ί","1009","—Ρ‹Ζo‰c‘Μ_v","o‰c‘Μ","1"
"1440","’·–μ§_Rƒm“ΰ’¬_•δ”g‘Ί","1010","—Ρ‹Ζo‰c‘Μ_Βlo‰c","o‰c‘Μ","1"
"1440","’·–μ§_Rƒm“ΰ’¬_•δ”g‘Ί","1011","—Ρ‹Ζo‰c‘Μ_’c‘Μo‰c","o‰c‘Μ","-"
"1440","’·–μ§_Rƒm“ΰ’¬_•δ”g‘Ί","1012","—Ρ‹Ζo‰c‘Μ_’c‘Μo‰c_–@lo‰c","o‰c‘Μ","-"
"1441","’·–μ§_Rƒm“ΰ’¬_–ιΤ£‘Ί","1001","”_—Ρ‹Ζo‰c‘Μ_v","o‰c‘Μ","221"
"1441","’·–μ§_Rƒm“ΰ’¬_–ιΤ£‘Ί","1002","”_—Ρ‹Ζo‰c‘Μ_Βlo‰c","o‰c‘Μ","214"
"1441","’·–μ§_Rƒm“ΰ’¬_–ιΤ£‘Ί","1003","”_—Ρ‹Ζo‰c‘Μ_’c‘Μo‰c","o‰c‘Μ","7"
"1441","’·–μ§_Rƒm“ΰ’¬_–ιΤ£‘Ί","1004","”_—Ρ‹Ζo‰c‘Μ_’c‘Μo‰c_–@lo‰c","o‰c‘Μ","5"
"1441","’·–μ§_Rƒm“ΰ’¬_–ιΤ£‘Ί","1005","”_‹Ζo‰c‘Μ_v","o‰c‘Μ","221"
"1441","’·–μ§_Rƒm“ΰ’¬_–ιΤ£‘Ί","1006","”_‹Ζo‰c‘Μ_Βlo‰c","o‰c‘Μ","214"
"1441","’·–μ§_Rƒm“ΰ’¬_–ιΤ£‘Ί","1007","”_‹Ζo‰c‘Μ_’c‘Μo‰c","o‰c‘Μ","7"
"1441","’·–μ§_Rƒm“ΰ’¬_–ιΤ£‘Ί","1008","”_‹Ζo‰c‘Μ_’c‘Μo‰c_–@lo‰c","o‰c‘Μ","5"
"1441","’·–μ§_Rƒm“ΰ’¬_–ιΤ£‘Ί","1009","—Ρ‹Ζo‰c‘Μ_v","o‰c‘Μ","-"
"1441","’·–μ§_Rƒm“ΰ’¬_–ιΤ£‘Ί","1010","—Ρ‹Ζo‰c‘Μ_Βlo‰c","o‰c‘Μ","-"
"1441","’·–μ§_Rƒm“ΰ’¬_–ιΤ£‘Ί","1011","—Ρ‹Ζo‰c‘Μ_’c‘Μo‰c","o‰c‘Μ","-"
"1441","’·–μ§_Rƒm“ΰ’¬_–ιΤ£‘Ί","1012","—Ρ‹Ζo‰c‘Μ_’c‘Μo‰c_–@lo‰c","o‰c‘Μ","-"
"1442","’·–μ§_–Ψ“‡•½‘Ί","1001","”_—Ρ‹Ζo‰c‘Μ_v","o‰c‘Μ","243"
"1442","’·–μ§_–Ψ“‡•½‘Ί","1002","”_—Ρ‹Ζo‰c‘Μ_Βlo‰c","o‰c‘Μ","231"
"1442","’·–μ§_–Ψ“‡•½‘Ί","1003","”_—Ρ‹Ζo‰c‘Μ_’c‘Μo‰c","o‰c‘Μ","12"
"1442","’·–μ§_–Ψ“‡•½‘Ί","1004","”_—Ρ‹Ζo‰c‘Μ_’c‘Μo‰c_–@lo‰c","o‰c‘Μ","9"
"1442","’·–μ§_–Ψ“‡•½‘Ί","1005","”_‹Ζo‰c‘Μ_v","o‰c‘Μ","243"
"1442","’·–μ§_–Ψ“‡•½‘Ί","1006","”_‹Ζo‰c‘Μ_Βlo‰c","o‰c‘Μ","231"
"1442","’·–μ§_–Ψ“‡•½‘Ί","1007","”_‹Ζo‰c‘Μ_’c‘Μo‰c","o‰c‘Μ","12"
"1442","’·–μ§_–Ψ“‡•½‘Ί","1008","”_‹Ζo‰c‘Μ_’c‘Μo‰c_–@lo‰c","o‰c‘Μ","9"
"1442","’·–μ§_–Ψ“‡•½‘Ί","1009","—Ρ‹Ζo‰c‘Μ_v","o‰c‘Μ","-"
"1442","’·–μ§_–Ψ“‡•½‘Ί","1010","—Ρ‹Ζo‰c‘Μ_Βlo‰c","o‰c‘Μ","-"
"1442","’·–μ§_–Ψ“‡•½‘Ί","1011","—Ρ‹Ζo‰c‘Μ_’c‘Μo‰c","o‰c‘Μ","-"
"1442","’·–μ§_–Ψ“‡•½‘Ί","1012","—Ρ‹Ζo‰c‘Μ_’c‘Μo‰c_–@lo‰c","o‰c‘Μ","-"
"1443","’·–μ§_–Ψ“‡•½‘Ί_‰‹½‘Ί","1001","”_—Ρ‹Ζo‰c‘Μ_v","o‰c‘Μ","89"
"1443","’·–μ§_–Ψ“‡•½‘Ί_‰‹½‘Ί","1002","”_—Ρ‹Ζo‰c‘Μ_Βlo‰c","o‰c‘Μ","86"
"1443","’·–μ§_–Ψ“‡•½‘Ί_‰‹½‘Ί","1003","”_—Ρ‹Ζo‰c‘Μ_’c‘Μo‰c","o‰c‘Μ","3"
"1443","’·–μ§_–Ψ“‡•½‘Ί_‰‹½‘Ί","1004","”_—Ρ‹Ζo‰c‘Μ_’c‘Μo‰c_–@lo‰c","o‰c‘Μ","2"
"1443","’·–μ§_–Ψ“‡•½‘Ί_‰‹½‘Ί","1005","”_‹Ζo‰c‘Μ_v","o‰c‘Μ","89"
"1443","’·–μ§_–Ψ“‡•½‘Ί_‰‹½‘Ί","1006","”_‹Ζo‰c‘Μ_Βlo‰c","o‰c‘Μ","86"
"1443","’·–μ§_–Ψ“‡•½‘Ί_‰‹½‘Ί","1007","”_‹Ζo‰c‘Μ_’c‘Μo‰c","o‰c‘Μ","3"
"1443","’·–μ§_–Ψ“‡•½‘Ί_‰‹½‘Ί","1008","”_‹Ζo‰c‘Μ_’c‘Μo‰c_–@lo‰c","o‰c‘Μ","2"
"1443","’·–μ§_–Ψ“‡•½‘Ί_‰‹½‘Ί","1009","—Ρ‹Ζo‰c‘Μ_v","o‰c‘Μ","-"
"1443","’·–μ§_–Ψ“‡•½‘Ί_‰‹½‘Ί","1010","—Ρ‹Ζo‰c‘Μ_Βlo‰c","o‰c‘Μ","-"
"1443","’·–μ§_–Ψ“‡•½‘Ί_‰‹½‘Ί","1011","—Ρ‹Ζo‰c‘Μ_’c‘Μo‰c","o‰c‘Μ","-"
"1443","’·–μ§_–Ψ“‡•½‘Ί_‰‹½‘Ί","1012","—Ρ‹Ζo‰c‘Μ_’c‘Μo‰c_–@lo‰c","o‰c‘Μ","-"
"1444","’·–μ§_–Ψ“‡•½‘Ί_•δ‚‘Ί","1001","”_—Ρ‹Ζo‰c‘Μ_v","o‰c‘Μ","75"
"1444","’·–μ§_–Ψ“‡•½‘Ί_•δ‚‘Ί","1002","”_—Ρ‹Ζo‰c‘Μ_Βlo‰c","o‰c‘Μ","71"
"1444","’·–μ§_–Ψ“‡•½‘Ί_•δ‚‘Ί","1003","”_—Ρ‹Ζo‰c‘Μ_’c‘Μo‰c","o‰c‘Μ","4"
"1444","’·–μ§_–Ψ“‡•½‘Ί_•δ‚‘Ί","1004","”_—Ρ‹Ζo‰c‘Μ_’c‘Μo‰c_–@lo‰c","o‰c‘Μ","2"
"1444","’·–μ§_–Ψ“‡•½‘Ί_•δ‚‘Ί","1005","”_‹Ζo‰c‘Μ_v","o‰c‘Μ","75"
"1444","’·–μ§_–Ψ“‡•½‘Ί_•δ‚‘Ί","1006","”_‹Ζo‰c‘Μ_Βlo‰c","o‰c‘Μ","71"
"1444","’·–μ§_–Ψ“‡•½‘Ί_•δ‚‘Ί","1007","”_‹Ζo‰c‘Μ_’c‘Μo‰c","o‰c‘Μ","4"
"1444","’·–μ§_–Ψ“‡•½‘Ί_•δ‚‘Ί","1008","”_‹Ζo‰c‘Μ_’c‘Μo‰c_–@lo‰c","o‰c‘Μ","2"
"1444","’·–μ§_–Ψ“‡•½‘Ί_•δ‚‘Ί","1009","—Ρ‹Ζo‰c‘Μ_v","o‰c‘Μ","-"
"1444","’·–μ§_–Ψ“‡•½‘Ί_•δ‚‘Ί","1010","—Ρ‹Ζo‰c‘Μ_Βlo‰c","o‰c‘Μ","-"
"1444","’·–μ§_–Ψ“‡•½‘Ί_•δ‚‘Ί","1011","—Ρ‹Ζo‰c‘Μ_’c‘Μo‰c","o‰c‘Μ","-"
"1444","’·–μ§_–Ψ“‡•½‘Ί_•δ‚‘Ί","1012","—Ρ‹Ζo‰c‘Μ_’c‘Μo‰c_–@lo‰c","o‰c‘Μ","-"
"1445","’·–μ§_–Ψ“‡•½‘Ί_γ–Ψ“‡‘Ί","1001","”_—Ρ‹Ζo‰c‘Μ_v","o‰c‘Μ","79"
"1445","’·–μ§_–Ψ“‡•½‘Ί_γ–Ψ“‡‘Ί","1002","”_—Ρ‹Ζo‰c‘Μ_Βlo‰c","o‰c‘Μ","74"
"1445","’·–μ§_–Ψ“‡•½‘Ί_γ–Ψ“‡‘Ί","1003","”_—Ρ‹Ζo‰c‘Μ_’c‘Μo‰c","o‰c‘Μ","5"
"1445","’·–μ§_–Ψ“‡•½‘Ί_γ–Ψ“‡‘Ί","1004","”_—Ρ‹Ζo‰c‘Μ_’c‘Μo‰c_–@lo‰c","o‰c‘Μ","5"
"1445","’·–μ§_–Ψ“‡•½‘Ί_γ–Ψ“‡‘Ί","1005","”_‹Ζo‰c‘Μ_v","o‰c‘Μ","79"
"1445","’·–μ§_–Ψ“‡•½‘Ί_γ–Ψ“‡‘Ί","1006","”_‹Ζo‰c‘Μ_Βlo‰c","o‰c‘Μ","74"
"1445","’·–μ§_–Ψ“‡•½‘Ί_γ–Ψ“‡‘Ί","1007","”_‹Ζo‰c‘Μ_’c‘Μo‰c","o‰c‘Μ","5"
"1445","’·–μ§_–Ψ“‡•½‘Ί_γ–Ψ“‡‘Ί","1008","”_‹Ζo‰c‘Μ_’c‘Μo‰c_–@lo‰c","o‰c‘Μ","5"
"1445","’·–μ§_–Ψ“‡•½‘Ί_γ–Ψ“‡‘Ί","1009","—Ρ‹Ζo‰c‘Μ_v","o‰c‘Μ","-"
"1445","’·–μ§_–Ψ“‡•½‘Ί_γ–Ψ“‡‘Ί","1010","—Ρ‹Ζo‰c‘Μ_Βlo‰c","o‰c‘Μ","-"
"1445","’·–μ§_–Ψ“‡•½‘Ί_γ–Ψ“‡‘Ί","1011","—Ρ‹Ζo‰c‘Μ_’c‘Μo‰c","o‰c‘Μ","-"
"1445","’·–μ§_–Ψ“‡•½‘Ί_γ–Ψ“‡‘Ί","1012","—Ρ‹Ζo‰c‘Μ_’c‘Μo‰c_–@lo‰c","o‰c‘Μ","-"
"1446","’·–μ§_–μ‘ς‰·ς‘Ί","1001","”_—Ρ‹Ζo‰c‘Μ_v","o‰c‘Μ","124"
"1446","’·–μ§_–μ‘ς‰·ς‘Ί","1002","”_—Ρ‹Ζo‰c‘Μ_Βlo‰c","o‰c‘Μ","119"
"1446","’·–μ§_–μ‘ς‰·ς‘Ί","1003","”_—Ρ‹Ζo‰c‘Μ_’c‘Μo‰c","o‰c‘Μ","5"
"1446","’·–μ§_–μ‘ς‰·ς‘Ί","1004","”_—Ρ‹Ζo‰c‘Μ_’c‘Μo‰c_–@lo‰c","o‰c‘Μ","5"
"1446","’·–μ§_–μ‘ς‰·ς‘Ί","1005","”_‹Ζo‰c‘Μ_v","o‰c‘Μ","124"
"1446","’·–μ§_–μ‘ς‰·ς‘Ί","1006","”_‹Ζo‰c‘Μ_Βlo‰c","o‰c‘Μ","119"
"1446","’·–μ§_–μ‘ς‰·ς‘Ί","1007","”_‹Ζo‰c‘Μ_’c‘Μo‰c","o‰c‘Μ","5"
"1446","’·–μ§_–μ‘ς‰·ς‘Ί","1008","”_‹Ζo‰c‘Μ_’c‘Μo‰c_–@lo‰c","o‰c‘Μ","5"
"1446","’·–μ§_–μ‘ς‰·ς‘Ί","1009","—Ρ‹Ζo‰c‘Μ_v","o‰c‘Μ","1"
"1446","’·–μ§_–μ‘ς‰·ς‘Ί","1010","—Ρ‹Ζo‰c‘Μ_Βlo‰c","o‰c‘Μ","1"
"1446","’·–μ§_–μ‘ς‰·ς‘Ί","1011","—Ρ‹Ζo‰c‘Μ_’c‘Μo‰c","o‰c‘Μ","-"
"1446","’·–μ§_–μ‘ς‰·ς‘Ί","1012","—Ρ‹Ζo‰c‘Μ_’c‘Μo‰c_–@lo‰c","o‰c‘Μ","-"
"1447","’·–μ§_–μ‘ς‰·ς‘Ί_–L‹½‘Ί","1001","”_—Ρ‹Ζo‰c‘Μ_v","o‰c‘Μ","60"
"1447","’·–μ§_–μ‘ς‰·ς‘Ί_–L‹½‘Ί","1002","”_—Ρ‹Ζo‰c‘Μ_Βlo‰c","o‰c‘Μ","57"
"1447","’·–μ§_–μ‘ς‰·ς‘Ί_–L‹½‘Ί","1003","”_—Ρ‹Ζo‰c‘Μ_’c‘Μo‰c","o‰c‘Μ","3"
"1447","’·–μ§_–μ‘ς‰·ς‘Ί_–L‹½‘Ί","1004","”_—Ρ‹Ζo‰c‘Μ_’c‘Μo‰c_–@lo‰c","o‰c‘Μ","3"
"1447","’·–μ§_–μ‘ς‰·ς‘Ί_–L‹½‘Ί","1005","”_‹Ζo‰c‘Μ_v","o‰c‘Μ","60"
"1447","’·–μ§_–μ‘ς‰·ς‘Ί_–L‹½‘Ί","1006","”_‹Ζo‰c‘Μ_Βlo‰c","o‰c‘Μ","57"
"1447","’·–μ§_–μ‘ς‰·ς‘Ί_–L‹½‘Ί","1007","”_‹Ζo‰c‘Μ_’c‘Μo‰c","o‰c‘Μ","3"
"1447","’·–μ§_–μ‘ς‰·ς‘Ί_–L‹½‘Ί","1008","”_‹Ζo‰c‘Μ_’c‘Μo‰c_–@lo‰c","o‰c‘Μ","3"
"1447","’·–μ§_–μ‘ς‰·ς‘Ί_–L‹½‘Ί","1009","—Ρ‹Ζo‰c‘Μ_v","o‰c‘Μ","-"
"1447","’·–μ§_–μ‘ς‰·ς‘Ί_–L‹½‘Ί","1010","—Ρ‹Ζo‰c‘Μ_Βlo‰c","o‰c‘Μ","-"
"1447","’·–μ§_–μ‘ς‰·ς‘Ί_–L‹½‘Ί","1011","—Ρ‹Ζo‰c‘Μ_’c‘Μo‰c","o‰c‘Μ","-"
"1447","’·–μ§_–μ‘ς‰·ς‘Ί_–L‹½‘Ί","1012","—Ρ‹Ζo‰c‘Μ_’c‘Μo‰c_–@lo‰c","o‰c‘Μ","-"
"1448","’·–μ§_–μ‘ς‰·ς‘Ί_sμ‘Ί","1001","”_—Ρ‹Ζo‰c‘Μ_v","o‰c‘Μ","43"
"1448","’·–μ§_–μ‘ς‰·ς‘Ί_sμ‘Ί","1002","”_—Ρ‹Ζo‰c‘Μ_Βlo‰c","o‰c‘Μ","42"
"1448","’·–μ§_–μ‘ς‰·ς‘Ί_sμ‘Ί","1003","”_—Ρ‹Ζo‰c‘Μ_’c‘Μo‰c","o‰c‘Μ","1"
"1448","’·–μ§_–μ‘ς‰·ς‘Ί_sμ‘Ί","1004","”_—Ρ‹Ζo‰c‘Μ_’c‘Μo‰c_–@lo‰c","o‰c‘Μ","1"
"1448","’·–μ§_–μ‘ς‰·ς‘Ί_sμ‘Ί","1005","”_‹Ζo‰c‘Μ_v","o‰c‘Μ","43"
"1448","’·–μ§_–μ‘ς‰·ς‘Ί_sμ‘Ί","1006","”_‹Ζo‰c‘Μ_Βlo‰c","o‰c‘Μ","42"
"1448","’·–μ§_–μ‘ς‰·ς‘Ί_sμ‘Ί","1007","”_‹Ζo‰c‘Μ_’c‘Μo‰c","o‰c‘Μ","1"
"1448","’·–μ§_–μ‘ς‰·ς‘Ί_sμ‘Ί","1008","”_‹Ζo‰c‘Μ_’c‘Μo‰c_–@lo‰c","o‰c‘Μ","1"
"1448","’·–μ§_–μ‘ς‰·ς‘Ί_sμ‘Ί","1009","—Ρ‹Ζo‰c‘Μ_v","o‰c‘Μ","-"
"1448","’·–μ§_–μ‘ς‰·ς‘Ί_sμ‘Ί","1010","—Ρ‹Ζo‰c‘Μ_Βlo‰c","o‰c‘Μ","-"
"1448","’·–μ§_–μ‘ς‰·ς‘Ί_sμ‘Ί","1011","—Ρ‹Ζo‰c‘Μ_’c‘Μo‰c","o‰c‘Μ","-"
"1448","’·–μ§_–μ‘ς‰·ς‘Ί_sμ‘Ί","1012","—Ρ‹Ζo‰c‘Μ_’c‘Μo‰c_–@lo‰c","o‰c‘Μ","-"
"1449","’·–μ§_–μ‘ς‰·ς‘Ί_•δ‘Ί‚Q|‚Q","1001","”_—Ρ‹Ζo‰c‘Μ_v","o‰c‘Μ","21"
"1449","’·–μ§_–μ‘ς‰·ς‘Ί_•δ‘Ί‚Q|‚Q","1002","”_—Ρ‹Ζo‰c‘Μ_Βlo‰c","o‰c‘Μ","20"
"1449","’·–μ§_–μ‘ς‰·ς‘Ί_•δ‘Ί‚Q|‚Q","1003","”_—Ρ‹Ζo‰c‘Μ_’c‘Μo‰c","o‰c‘Μ","1"
"1449","’·–μ§_–μ‘ς‰·ς‘Ί_•δ‘Ί‚Q|‚Q","1004","”_—Ρ‹Ζo‰c‘Μ_’c‘Μo‰c_–@lo‰c","o‰c‘Μ","1"
"1449","’·–μ§_–μ‘ς‰·ς‘Ί_•δ‘Ί‚Q|‚Q","1005","”_‹Ζo‰c‘Μ_v","o‰c‘Μ","21"
"1449","’·–μ§_–μ‘ς‰·ς‘Ί_•δ‘Ί‚Q|‚Q","1006","”_‹Ζo‰c‘Μ_Βlo‰c","o‰c‘Μ","20"
"1449","’·–μ§_–μ‘ς‰·ς‘Ί_•δ‘Ί‚Q|‚Q","1007","”_‹Ζo‰c‘Μ_’c‘Μo‰c","o‰c‘Μ","1"
"1449","’·–μ§_–μ‘ς‰·ς‘Ί_•δ‘Ί‚Q|‚Q","1008","”_‹Ζo‰c‘Μ_’c‘Μo‰c_–@lo‰c","o‰c‘Μ","1"
"1449","’·–μ§_–μ‘ς‰·ς‘Ί_•δ‘Ί‚Q|‚Q","1009","—Ρ‹Ζo‰c‘Μ_v","o‰c‘Μ","1"
"1449","’·–μ§_–μ‘ς‰·ς‘Ί_•δ‘Ί‚Q|‚Q","1010","—Ρ‹Ζo‰c‘Μ_Βlo‰c","o‰c‘Μ","1"
"1449","’·–μ§_–μ‘ς‰·ς‘Ί_•δ‘Ί‚Q|‚Q","1011","—Ρ‹Ζo‰c‘Μ_’c‘Μo‰c","o‰c‘Μ","-"
"1449","’·–μ§_–μ‘ς‰·ς‘Ί_•δ‘Ί‚Q|‚Q","1012","—Ρ‹Ζo‰c‘Μ_’c‘Μo‰c_–@lo‰c","o‰c‘Μ","-"
"1450","’·–μ§_M”Z’¬","1001","”_—Ρ‹Ζo‰c‘Μ_v","o‰c‘Μ","365"
"1450","’·–μ§_M”Z’¬","1002","”_—Ρ‹Ζo‰c‘Μ_Βlo‰c","o‰c‘Μ","348"
"1450","’·–μ§_M”Z’¬","1003","”_—Ρ‹Ζo‰c‘Μ_’c‘Μo‰c","o‰c‘Μ","17"
"1450","’·–μ§_M”Z’¬","1004","”_—Ρ‹Ζo‰c‘Μ_’c‘Μo‰c_–@lo‰c","o‰c‘Μ","16"
"1450","’·–μ§_M”Z’¬","1005","”_‹Ζo‰c‘Μ_v","o‰c‘Μ","362"
"1450","’·–μ§_M”Z’¬","1006","”_‹Ζo‰c‘Μ_Βlo‰c","o‰c‘Μ","347"
"1450","’·–μ§_M”Z’¬","1007","”_‹Ζo‰c‘Μ_’c‘Μo‰c","o‰c‘Μ","15"
"1450","’·–μ§_M”Z’¬","1008","”_‹Ζo‰c‘Μ_’c‘Μo‰c_–@lo‰c","o‰c‘Μ","15"
"1450","’·–μ§_M”Z’¬","1009","—Ρ‹Ζo‰c‘Μ_v","o‰c‘Μ","15"
"1450","’·–μ§_M”Z’¬","1010","—Ρ‹Ζo‰c‘Μ_Βlo‰c","o‰c‘Μ","13"
"1450","’·–μ§_M”Z’¬","1011","—Ρ‹Ζo‰c‘Μ_’c‘Μo‰c","o‰c‘Μ","2"
"1450","’·–μ§_M”Z’¬","1012","—Ρ‹Ζo‰c‘Μ_’c‘Μo‰c_–@lo‰c","o‰c‘Μ","1"
"1451","’·–μ§_M”Z’¬_”΄‘Ί","1001","”_—Ρ‹Ζo‰c‘Μ_v","o‰c‘Μ","91"
"1451","’·–μ§_M”Z’¬_”΄‘Ί","1002","”_—Ρ‹Ζo‰c‘Μ_Βlo‰c","o‰c‘Μ","86"
"1451","’·–μ§_M”Z’¬_”΄‘Ί","1003","”_—Ρ‹Ζo‰c‘Μ_’c‘Μo‰c","o‰c‘Μ","5"
"1451","’·–μ§_M”Z’¬_”΄‘Ί","1004","”_—Ρ‹Ζo‰c‘Μ_’c‘Μo‰c_–@lo‰c","o‰c‘Μ","4"
"1451","’·–μ§_M”Z’¬_”΄‘Ί","1005","”_‹Ζo‰c‘Μ_v","o‰c‘Μ","90"
"1451","’·–μ§_M”Z’¬_”΄‘Ί","1006","”_‹Ζo‰c‘Μ_Βlo‰c","o‰c‘Μ","86"
"1451","’·–μ§_M”Z’¬_”΄‘Ί","1007","”_‹Ζo‰c‘Μ_’c‘Μo‰c","o‰c‘Μ","4"
"1451","’·–μ§_M”Z’¬_”΄‘Ί","1008","”_‹Ζo‰c‘Μ_’c‘Μo‰c_–@lo‰c","o‰c‘Μ","4"
"1451","’·–μ§_M”Z’¬_”΄‘Ί","1009","—Ρ‹Ζo‰c‘Μ_v","o‰c‘Μ","2"
"1451","’·–μ§_M”Z’¬_”΄‘Ί","1010","—Ρ‹Ζo‰c‘Μ_Βlo‰c","o‰c‘Μ","1"
"1451","’·–μ§_M”Z’¬_”΄‘Ί","1011","—Ρ‹Ζo‰c‘Μ_’c‘Μo‰c","o‰c‘Μ","1"
"1451","’·–μ§_M”Z’¬_”΄‘Ί","1012","—Ρ‹Ζo‰c‘Μ_’c‘Μo‰c_–@lo‰c","o‰c‘Μ","-"
"1452","’·–μ§_M”Z’¬_M”ZK‘Ί","1001","”_—Ρ‹Ζo‰c‘Μ_v","o‰c‘Μ","45"
"1452","’·–μ§_M”Z’¬_M”ZK‘Ί","1002","”_—Ρ‹Ζo‰c‘Μ_Βlo‰c","o‰c‘Μ","41"
"1452","’·–μ§_M”Z’¬_M”ZK‘Ί","1003","”_—Ρ‹Ζo‰c‘Μ_’c‘Μo‰c","o‰c‘Μ","4"
"1452","’·–μ§_M”Z’¬_M”ZK‘Ί","1004","”_—Ρ‹Ζo‰c‘Μ_’c‘Μo‰c_–@lo‰c","o‰c‘Μ","4"
"1452","’·–μ§_M”Z’¬_M”ZK‘Ί","1005","”_‹Ζo‰c‘Μ_v","o‰c‘Μ","44"
"1452","’·–μ§_M”Z’¬_M”ZK‘Ί","1006","”_‹Ζo‰c‘Μ_Βlo‰c","o‰c‘Μ","40"
"1452","’·–μ§_M”Z’¬_M”ZK‘Ί","1007","”_‹Ζo‰c‘Μ_’c‘Μo‰c","o‰c‘Μ","4"
"1452","’·–μ§_M”Z’¬_M”ZK‘Ί","1008","”_‹Ζo‰c‘Μ_’c‘Μo‰c_–@lo‰c","o‰c‘Μ","4"
"1452","’·–μ§_M”Z’¬_M”ZK‘Ί","1009","—Ρ‹Ζo‰c‘Μ_v","o‰c‘Μ","1"
"1452","’·–μ§_M”Z’¬_M”ZK‘Ί","1010","—Ρ‹Ζo‰c‘Μ_Βlo‰c","o‰c‘Μ","1"
"1452","’·–μ§_M”Z’¬_M”ZK‘Ί","1011","—Ρ‹Ζo‰c‘Μ_’c‘Μo‰c","o‰c‘Μ","-"
"1452","’·–μ§_M”Z’¬_M”ZK‘Ί","1012","—Ρ‹Ζo‰c‘Μ_’c‘Μo‰c_–@lo‰c","o‰c‘Μ","-"
"1453","’·–μ§_M”Z’¬_ΓΤ‘Ί","1001","”_—Ρ‹Ζo‰c‘Μ_v","o‰c‘Μ","101"
"1453","’·–μ§_M”Z’¬_ΓΤ‘Ί","1002","”_—Ρ‹Ζo‰c‘Μ_Βlo‰c","o‰c‘Μ","99"
"1453","’·–μ§_M”Z’¬_ΓΤ‘Ί","1003","”_—Ρ‹Ζo‰c‘Μ_’c‘Μo‰c","o‰c‘Μ","2"
"1453","’·–μ§_M”Z’¬_ΓΤ‘Ί","1004","”_—Ρ‹Ζo‰c‘Μ_’c‘Μo‰c_–@lo‰c","o‰c‘Μ","2"
"1453","’·–μ§_M”Z’¬_ΓΤ‘Ί","1005","”_‹Ζo‰c‘Μ_v","o‰c‘Μ","100"
"1453","’·–μ§_M”Z’¬_ΓΤ‘Ί","1006","”_‹Ζo‰c‘Μ_Βlo‰c","o‰c‘Μ","99"
"1453","’·–μ§_M”Z’¬_ΓΤ‘Ί","1007","”_‹Ζo‰c‘Μ_’c‘Μo‰c","o‰c‘Μ","1"
"1453","’·–μ§_M”Z’¬_ΓΤ‘Ί","1008","”_‹Ζo‰c‘Μ_’c‘Μo‰c_–@lo‰c","o‰c‘Μ","1"
"1453","’·–μ§_M”Z’¬_ΓΤ‘Ί","1009","—Ρ‹Ζo‰c‘Μ_v","o‰c‘Μ","7"
"1453","’·–μ§_M”Z’¬_ΓΤ‘Ί","1010","—Ρ‹Ζo‰c‘Μ_Βlo‰c","o‰c‘Μ","6"
"1453","’·–μ§_M”Z’¬_ΓΤ‘Ί","1011","—Ρ‹Ζo‰c‘Μ_’c‘Μo‰c","o‰c‘Μ","1"
"1453","’·–μ§_M”Z’¬_ΓΤ‘Ί","1012","—Ρ‹Ζo‰c‘Μ_’c‘Μo‰c_–@lo‰c","o‰c‘Μ","1"
"1454","’·–μ§_M”Z’¬_•xm—Ά‘Ί","1001","”_—Ρ‹Ζo‰c‘Μ_v","o‰c‘Μ","127"
"1454","’·–μ§_M”Z’¬_•xm—Ά‘Ί","1002","”_—Ρ‹Ζo‰c‘Μ_Βlo‰c","o‰c‘Μ","121"
"1454","’·–μ§_M”Z’¬_•xm—Ά‘Ί","1003","”_—Ρ‹Ζo‰c‘Μ_’c‘Μo‰c","o‰c‘Μ","6"
"1454","’·–μ§_M”Z’¬_•xm—Ά‘Ί","1004","”_—Ρ‹Ζo‰c‘Μ_’c‘Μo‰c_–@lo‰c","o‰c‘Μ","6"
"1454","’·–μ§_M”Z’¬_•xm—Ά‘Ί","1005","”_‹Ζo‰c‘Μ_v","o‰c‘Μ","127"
"1454","’·–μ§_M”Z’¬_•xm—Ά‘Ί","1006","”_‹Ζo‰c‘Μ_Βlo‰c","o‰c‘Μ","121"
"1454","’·–μ§_M”Z’¬_•xm—Ά‘Ί","1007","”_‹Ζo‰c‘Μ_’c‘Μo‰c","o‰c‘Μ","6"
"1454","’·–μ§_M”Z’¬_•xm—Ά‘Ί","1008","”_‹Ζo‰c‘Μ_’c‘Μo‰c_–@lo‰c","o‰c‘Μ","6"
"1454","’·–μ§_M”Z’¬_•xm—Ά‘Ί","1009","—Ρ‹Ζo‰c‘Μ_v","o‰c‘Μ","5"
"1454","’·–μ§_M”Z’¬_•xm—Ά‘Ί","1010","—Ρ‹Ζo‰c‘Μ_Βlo‰c","o‰c‘Μ","5"
"1454","’·–μ§_M”Z’¬_•xm—Ά‘Ί","1011","—Ρ‹Ζo‰c‘Μ_’c‘Μo‰c","o‰c‘Μ","-"
"1454","’·–μ§_M”Z’¬_•xm—Ά‘Ί","1012","—Ρ‹Ζo‰c‘Μ_’c‘Μo‰c_–@lo‰c","o‰c‘Μ","-"
"1455","’·–μ§_M”Z’¬_O…‘Ί‚Q|‚Q","1001","”_—Ρ‹Ζo‰c‘Μ_v","o‰c‘Μ","1"
"1455","’·–μ§_M”Z’¬_O…‘Ί‚Q|‚Q","1002","”_—Ρ‹Ζo‰c‘Μ_Βlo‰c","o‰c‘Μ","1"
"1455","’·–μ§_M”Z’¬_O…‘Ί‚Q|‚Q","1003","”_—Ρ‹Ζo‰c‘Μ_’c‘Μo‰c","o‰c‘Μ","-"
"1455","’·–μ§_M”Z’¬_O…‘Ί‚Q|‚Q","1004","”_—Ρ‹Ζo‰c‘Μ_’c‘Μo‰c_–@lo‰c","o‰c‘Μ","-"
"1455","’·–μ§_M”Z’¬_O…‘Ί‚Q|‚Q","1005","”_‹Ζo‰c‘Μ_v","o‰c‘Μ","1"
"1455","’·–μ§_M”Z’¬_O…‘Ί‚Q|‚Q","1006","”_‹Ζo‰c‘Μ_Βlo‰c","o‰c‘Μ","1"
"1455","’·–μ§_M”Z’¬_O…‘Ί‚Q|‚Q","1007","”_‹Ζo‰c‘Μ_’c‘Μo‰c","o‰c‘Μ","-"
"1455","’·–μ§_M”Z’¬_O…‘Ί‚Q|‚Q","1008","”_‹Ζo‰c‘Μ_’c‘Μo‰c_–@lo‰c","o‰c‘Μ","-"
"1455","’·–μ§_M”Z’¬_O…‘Ί‚Q|‚Q","1009","—Ρ‹Ζo‰c‘Μ_v","o‰c‘Μ","-"
"1455","’·–μ§_M”Z’¬_O…‘Ί‚Q|‚Q","1010","—Ρ‹Ζo‰c‘Μ_Βlo‰c","o‰c‘Μ","-"
"1455","’·–μ§_M”Z’¬_O…‘Ί‚Q|‚Q","1011","—Ρ‹Ζo‰c‘Μ_’c‘Μo‰c","o‰c‘Μ","-"
"1455","’·–μ§_M”Z’¬_O…‘Ί‚Q|‚Q","1012","—Ρ‹Ζo‰c‘Μ_’c‘Μo‰c_–@lo‰c","o‰c‘Μ","-"
"1456","’·–μ§_¬μ‘Ί","1001","”_—Ρ‹Ζo‰c‘Μ_v","o‰c‘Μ","81"
"1456","’·–μ§_¬μ‘Ί","1002","”_—Ρ‹Ζo‰c‘Μ_Βlo‰c","o‰c‘Μ","79"
"1456","’·–μ§_¬μ‘Ί","1003","”_—Ρ‹Ζo‰c‘Μ_’c‘Μo‰c","o‰c‘Μ","2"
"1456","’·–μ§_¬μ‘Ί","1004","”_—Ρ‹Ζo‰c‘Μ_’c‘Μo‰c_–@lo‰c","o‰c‘Μ","-"
"1456","’·–μ§_¬μ‘Ί","1005","”_‹Ζo‰c‘Μ_v","o‰c‘Μ","81"
"1456","’·–μ§_¬μ‘Ί","1006","”_‹Ζo‰c‘Μ_Βlo‰c","o‰c‘Μ","79"
"1456","’·–μ§_¬μ‘Ί","1007","”_‹Ζo‰c‘Μ_’c‘Μo‰c","o‰c‘Μ","2"
"1456","’·–μ§_¬μ‘Ί","1008","”_‹Ζo‰c‘Μ_’c‘Μo‰c_–@lo‰c","o‰c‘Μ","-"
"1456","’·–μ§_¬μ‘Ί","1009","—Ρ‹Ζo‰c‘Μ_v","o‰c‘Μ","1"
"1456","’·–μ§_¬μ‘Ί","1010","—Ρ‹Ζo‰c‘Μ_Βlo‰c","o‰c‘Μ","1"
"1456","’·–μ§_¬μ‘Ί","1011","—Ρ‹Ζo‰c‘Μ_’c‘Μo‰c","o‰c‘Μ","-"
"1456","’·–μ§_¬μ‘Ί","1012","—Ρ‹Ζo‰c‘Μ_’c‘Μo‰c_–@lo‰c","o‰c‘Μ","-"
"1457","’·–μ§_¬μ‘Ί_–k¬μ‘Ί","1001","”_—Ρ‹Ζo‰c‘Μ_v","o‰c‘Μ","37"
"1457","’·–μ§_¬μ‘Ί_–k¬μ‘Ί","1002","”_—Ρ‹Ζo‰c‘Μ_Βlo‰c","o‰c‘Μ","37"
"1457","’·–μ§_¬μ‘Ί_–k¬μ‘Ί","1003","”_—Ρ‹Ζo‰c‘Μ_’c‘Μo‰c","o‰c‘Μ","-"
"1457","’·–μ§_¬μ‘Ί_–k¬μ‘Ί","1004","”_—Ρ‹Ζo‰c‘Μ_’c‘Μo‰c_–@lo‰c","o‰c‘Μ","-"
"1457","’·–μ§_¬μ‘Ί_–k¬μ‘Ί","1005","”_‹Ζo‰c‘Μ_v","o‰c‘Μ","37"
"1457","’·–μ§_¬μ‘Ί_–k¬μ‘Ί","1006","”_‹Ζo‰c‘Μ_Βlo‰c","o‰c‘Μ","37"
"1457","’·–μ§_¬μ‘Ί_–k¬μ‘Ί","1007","”_‹Ζo‰c‘Μ_’c‘Μo‰c","o‰c‘Μ","-"
"1457","’·–μ§_¬μ‘Ί_–k¬μ‘Ί","1008","”_‹Ζo‰c‘Μ_’c‘Μo‰c_–@lo‰c","o‰c‘Μ","-"
"1457","’·–μ§_¬μ‘Ί_–k¬μ‘Ί","1009","—Ρ‹Ζo‰c‘Μ_v","o‰c‘Μ","-"
"1457","’·–μ§_¬μ‘Ί_–k¬μ‘Ί","1010","—Ρ‹Ζo‰c‘Μ_Βlo‰c","o‰c‘Μ","-"
"1457","’·–μ§_¬μ‘Ί_–k¬μ‘Ί","1011","—Ρ‹Ζo‰c‘Μ_’c‘Μo‰c","o‰c‘Μ","-"
"1457","’·–μ§_¬μ‘Ί_–k¬μ‘Ί","1012","—Ρ‹Ζo‰c‘Μ_’c‘Μo‰c_–@lo‰c","o‰c‘Μ","-"
"1458","’·–μ§_¬μ‘Ί_“μ¬μ‘Ί","1001","”_—Ρ‹Ζo‰c‘Μ_v","o‰c‘Μ","44"
"1458","’·–μ§_¬μ‘Ί_“μ¬μ‘Ί","1002","”_—Ρ‹Ζo‰c‘Μ_Βlo‰c","o‰c‘Μ","42"
"1458","’·–μ§_¬μ‘Ί_“μ¬μ‘Ί","1003","”_—Ρ‹Ζo‰c‘Μ_’c‘Μo‰c","o‰c‘Μ","2"
"1458","’·–μ§_¬μ‘Ί_“μ¬μ‘Ί","1004","”_—Ρ‹Ζo‰c‘Μ_’c‘Μo‰c_–@lo‰c","o‰c‘Μ","-"
"1458","’·–μ§_¬μ‘Ί_“μ¬μ‘Ί","1005","”_‹Ζo‰c‘Μ_v","o‰c‘Μ","44"
"1458","’·–μ§_¬μ‘Ί_“μ¬μ‘Ί","1006","”_‹Ζo‰c‘Μ_Βlo‰c","o‰c‘Μ","42"
"1458","’·–μ§_¬μ‘Ί_“μ¬μ‘Ί","1007","”_‹Ζo‰c‘Μ_’c‘Μo‰c","o‰c‘Μ","2"
"1458","’·–μ§_¬μ‘Ί_“μ¬μ‘Ί","1008","”_‹Ζo‰c‘Μ_’c‘Μo‰c_–@lo‰c","o‰c‘Μ","-"
"1458","’·–μ§_¬μ‘Ί_“μ¬μ‘Ί","1009","—Ρ‹Ζo‰c‘Μ_v","o‰c‘Μ","1"
"1458","’·–μ§_¬μ‘Ί_“μ¬μ‘Ί","1010","—Ρ‹Ζo‰c‘Μ_Βlo‰c","o‰c‘Μ","1"
"1458","’·–μ§_¬μ‘Ί_“μ¬μ‘Ί","1011","—Ρ‹Ζo‰c‘Μ_’c‘Μo‰c","o‰c‘Μ","-"
"1458","’·–μ§_¬μ‘Ί_“μ¬μ‘Ί","1012","—Ρ‹Ζo‰c‘Μ_’c‘Μo‰c_–@lo‰c","o‰c‘Μ","-"
"1459","’·–μ§_”Ρj’¬","1001","”_—Ρ‹Ζo‰c‘Μ_v","o‰c‘Μ","823"
"1459","’·–μ§_”Ρj’¬","1002","”_—Ρ‹Ζo‰c‘Μ_Βlo‰c","o‰c‘Μ","806"
"1459","’·–μ§_”Ρj’¬","1003","”_—Ρ‹Ζo‰c‘Μ_’c‘Μo‰c","o‰c‘Μ","17"
"1459","’·–μ§_”Ρj’¬","1004","”_—Ρ‹Ζo‰c‘Μ_’c‘Μo‰c_–@lo‰c","o‰c‘Μ","15"
"1459","’·–μ§_”Ρj’¬","1005","”_‹Ζo‰c‘Μ_v","o‰c‘Μ","819"
"1459","’·–μ§_”Ρj’¬","1006","”_‹Ζo‰c‘Μ_Βlo‰c","o‰c‘Μ","803"
"1459","’·–μ§_”Ρj’¬","1007","”_‹Ζo‰c‘Μ_’c‘Μo‰c","o‰c‘Μ","16"
"1459","’·–μ§_”Ρj’¬","1008","”_‹Ζo‰c‘Μ_’c‘Μo‰c_–@lo‰c","o‰c‘Μ","14"
"1459","’·–μ§_”Ρj’¬","1009","—Ρ‹Ζo‰c‘Μ_v","o‰c‘Μ","22"
"1459","’·–μ§_”Ρj’¬","1010","—Ρ‹Ζo‰c‘Μ_Βlo‰c","o‰c‘Μ","21"
"1459","’·–μ§_”Ρj’¬","1011","—Ρ‹Ζo‰c‘Μ_’c‘Μo‰c","o‰c‘Μ","1"
"1459","’·–μ§_”Ρj’¬","1012","—Ρ‹Ζo‰c‘Μ_’c‘Μo‰c_–@lo‰c","o‰c‘Μ","1"
"1460","’·–μ§_”Ρj’¬_‚‰ª‘Ί","1001","”_—Ρ‹Ζo‰c‘Μ_v","o‰c‘Μ","157"
"1460","’·–μ§_”Ρj’¬_‚‰ª‘Ί","1002","”_—Ρ‹Ζo‰c‘Μ_Βlo‰c","o‰c‘Μ","154"
"1460","’·–μ§_”Ρj’¬_‚‰ª‘Ί","1003","”_—Ρ‹Ζo‰c‘Μ_’c‘Μo‰c","o‰c‘Μ","3"
"1460","’·–μ§_”Ρj’¬_‚‰ª‘Ί","1004","”_—Ρ‹Ζo‰c‘Μ_’c‘Μo‰c_–@lo‰c","o‰c‘Μ","3"
"1460","’·–μ§_”Ρj’¬_‚‰ª‘Ί","1005","”_‹Ζo‰c‘Μ_v","o‰c‘Μ","153"
"1460","’·–μ§_”Ρj’¬_‚‰ª‘Ί","1006","”_‹Ζo‰c‘Μ_Βlo‰c","o‰c‘Μ","151"
"1460","’·–μ§_”Ρj’¬_‚‰ª‘Ί","1007","”_‹Ζo‰c‘Μ_’c‘Μo‰c","o‰c‘Μ","2"
"1460","’·–μ§_”Ρj’¬_‚‰ª‘Ί","1008","”_‹Ζo‰c‘Μ_’c‘Μo‰c_–@lo‰c","o‰c‘Μ","2"
"1460","’·–μ§_”Ρj’¬_‚‰ª‘Ί","1009","—Ρ‹Ζo‰c‘Μ_v","o‰c‘Μ","14"
"1460","’·–μ§_”Ρj’¬_‚‰ª‘Ί","1010","—Ρ‹Ζo‰c‘Μ_Βlo‰c","o‰c‘Μ","13"
"1460","’·–μ§_”Ρj’¬_‚‰ª‘Ί","1011","—Ρ‹Ζo‰c‘Μ_’c‘Μo‰c","o‰c‘Μ","1"
"1460","’·–μ§_”Ρj’¬_‚‰ª‘Ί","1012","—Ρ‹Ζo‰c‘Μ_’c‘Μo‰c_–@lo‰c","o‰c‘Μ","1"
"1461","’·–μ§_”Ρj’¬_’†‹½‘Ί","1001","”_—Ρ‹Ζo‰c‘Μ_v","o‰c‘Μ","188"
"1461","’·–μ§_”Ρj’¬_’†‹½‘Ί","1002","”_—Ρ‹Ζo‰c‘Μ_Βlo‰c","o‰c‘Μ","186"
"1461","’·–μ§_”Ρj’¬_’†‹½‘Ί","1003","”_—Ρ‹Ζo‰c‘Μ_’c‘Μo‰c","o‰c‘Μ","2"
"1461","’·–μ§_”Ρj’¬_’†‹½‘Ί","1004","”_—Ρ‹Ζo‰c‘Μ_’c‘Μo‰c_–@lo‰c","o‰c‘Μ","2"
"1461","’·–μ§_”Ρj’¬_’†‹½‘Ί","1005","”_‹Ζo‰c‘Μ_v","o‰c‘Μ","188"
"1461","’·–μ§_”Ρj’¬_’†‹½‘Ί","1006","”_‹Ζo‰c‘Μ_Βlo‰c","o‰c‘Μ","186"
"1461","’·–μ§_”Ρj’¬_’†‹½‘Ί","1007","”_‹Ζo‰c‘Μ_’c‘Μo‰c","o‰c‘Μ","2"
"1461","’·–μ§_”Ρj’¬_’†‹½‘Ί","1008","”_‹Ζo‰c‘Μ_’c‘Μo‰c_–@lo‰c","o‰c‘Μ","2"
"1461","’·–μ§_”Ρj’¬_’†‹½‘Ί","1009","—Ρ‹Ζo‰c‘Μ_v","o‰c‘Μ","4"
"1461","’·–μ§_”Ρj’¬_’†‹½‘Ί","1010","—Ρ‹Ζo‰c‘Μ_Βlo‰c","o‰c‘Μ","4"
"1461","’·–μ§_”Ρj’¬_’†‹½‘Ί","1011","—Ρ‹Ζo‰c‘Μ_’c‘Μo‰c","o‰c‘Μ","-"
"1461","’·–μ§_”Ρj’¬_’†‹½‘Ί","1012","—Ρ‹Ζo‰c‘Μ_’c‘Μo‰c_–@lo‰c","o‰c‘Μ","-"
"1462","’·–μ§_”Ρj’¬_O…‘Ί","1001","”_—Ρ‹Ζo‰c‘Μ_v","o‰c‘Μ","478"
"1462","’·–μ§_”Ρj’¬_O…‘Ί","1002","”_—Ρ‹Ζo‰c‘Μ_Βlo‰c","o‰c‘Μ","466"
"1462","’·–μ§_”Ρj’¬_O…‘Ί","1003","”_—Ρ‹Ζo‰c‘Μ_’c‘Μo‰c","o‰c‘Μ","12"
"1462","’·–μ§_”Ρj’¬_O…‘Ί","1004","”_—Ρ‹Ζo‰c‘Μ_’c‘Μo‰c_–@lo‰c","o‰c‘Μ","10"
"1462","’·–μ§_”Ρj’¬_O…‘Ί","1005","”_‹Ζo‰c‘Μ_v","o‰c‘Μ","478"
"1462","’·–μ§_”Ρj’¬_O…‘Ί","1006","”_‹Ζo‰c‘Μ_Βlo‰c","o‰c‘Μ","466"
"1462","’·–μ§_”Ρj’¬_O…‘Ί","1007","”_‹Ζo‰c‘Μ_’c‘Μo‰c","o‰c‘Μ","12"
"1462","’·–μ§_”Ρj’¬_O…‘Ί","1008","”_‹Ζo‰c‘Μ_’c‘Μo‰c_–@lo‰c","o‰c‘Μ","10"
"1462","’·–μ§_”Ρj’¬_O…‘Ί","1009","—Ρ‹Ζo‰c‘Μ_v","o‰c‘Μ","4"
"1462","’·–μ§_”Ρj’¬_O…‘Ί","1010","—Ρ‹Ζo‰c‘Μ_Βlo‰c","o‰c‘Μ","4"
"1462","’·–μ§_”Ρj’¬_O…‘Ί","1011","—Ρ‹Ζo‰c‘Μ_’c‘Μo‰c","o‰c‘Μ","-"
"1462","’·–μ§_”Ρj’¬_O…‘Ί","1012","—Ρ‹Ζo‰c‘Μ_’c‘Μo‰c_–@lo‰c","o‰c‘Μ","-"
"1463","’·–μ§_‰h‘Ί","1001","”_—Ρ‹Ζo‰c‘Μ_v","o‰c‘Μ","200"
"1463","’·–μ§_‰h‘Ί","1002","”_—Ρ‹Ζo‰c‘Μ_Βlo‰c","o‰c‘Μ","186"
"1463","’·–μ§_‰h‘Ί","1003","”_—Ρ‹Ζo‰c‘Μ_’c‘Μo‰c","o‰c‘Μ","14"
"1463","’·–μ§_‰h‘Ί","1004","”_—Ρ‹Ζo‰c‘Μ_’c‘Μo‰c_–@lo‰c","o‰c‘Μ","5"
"1463","’·–μ§_‰h‘Ί","1005","”_‹Ζo‰c‘Μ_v","o‰c‘Μ","199"
"1463","’·–μ§_‰h‘Ί","1006","”_‹Ζo‰c‘Μ_Βlo‰c","o‰c‘Μ","186"
"1463","’·–μ§_‰h‘Ί","1007","”_‹Ζo‰c‘Μ_’c‘Μo‰c","o‰c‘Μ","13"
"1463","’·–μ§_‰h‘Ί","1008","”_‹Ζo‰c‘Μ_’c‘Μo‰c_–@lo‰c","o‰c‘Μ","4"
"1463","’·–μ§_‰h‘Ί","1009","—Ρ‹Ζo‰c‘Μ_v","o‰c‘Μ","1"
"1463","’·–μ§_‰h‘Ί","1010","—Ρ‹Ζo‰c‘Μ_Βlo‰c","o‰c‘Μ","-"
"1463","’·–μ§_‰h‘Ί","1011","—Ρ‹Ζo‰c‘Μ_’c‘Μo‰c","o‰c‘Μ","1"
"1463","’·–μ§_‰h‘Ί","1012","—Ρ‹Ζo‰c‘Μ_’c‘Μo‰c_–@lo‰c","o‰c‘Μ","1"
"1464","’·–μ§_‰h‘Ί_…“ΰ‘Ί","1001","”_—Ρ‹Ζo‰c‘Μ_v","o‰c‘Μ","68"
"1464","’·–μ§_‰h‘Ί_…“ΰ‘Ί","1002","”_—Ρ‹Ζo‰c‘Μ_Βlo‰c","o‰c‘Μ","62"
"1464","’·–μ§_‰h‘Ί_…“ΰ‘Ί","1003","”_—Ρ‹Ζo‰c‘Μ_’c‘Μo‰c","o‰c‘Μ","6"
"1464","’·–μ§_‰h‘Ί_…“ΰ‘Ί","1004","”_—Ρ‹Ζo‰c‘Μ_’c‘Μo‰c_–@lo‰c","o‰c‘Μ","1"
"1464","’·–μ§_‰h‘Ί_…“ΰ‘Ί","1005","”_‹Ζo‰c‘Μ_v","o‰c‘Μ","67"
"1464","’·–μ§_‰h‘Ί_…“ΰ‘Ί","1006","”_‹Ζo‰c‘Μ_Βlo‰c","o‰c‘Μ","62"
"1464","’·–μ§_‰h‘Ί_…“ΰ‘Ί","1007","”_‹Ζo‰c‘Μ_’c‘Μo‰c","o‰c‘Μ","5"
"1464","’·–μ§_‰h‘Ί_…“ΰ‘Ί","1008","”_‹Ζo‰c‘Μ_’c‘Μo‰c_–@lo‰c","o‰c‘Μ","-"
"1464","’·–μ§_‰h‘Ί_…“ΰ‘Ί","1009","—Ρ‹Ζo‰c‘Μ_v","o‰c‘Μ","1"
"1464","’·–μ§_‰h‘Ί_…“ΰ‘Ί","1010","—Ρ‹Ζo‰c‘Μ_Βlo‰c","o‰c‘Μ","-"
"1464","’·–μ§_‰h‘Ί_…“ΰ‘Ί","1011","—Ρ‹Ζo‰c‘Μ_’c‘Μo‰c","o‰c‘Μ","1"
"1464","’·–μ§_‰h‘Ί_…“ΰ‘Ί","1012","—Ρ‹Ζo‰c‘Μ_’c‘Μo‰c_–@lo‰c","o‰c‘Μ","1"
"1465","’·–μ§_‰h‘Ί_δ‘Ί","1001","”_—Ρ‹Ζo‰c‘Μ_v","o‰c‘Μ","132"
"1465","’·–μ§_‰h‘Ί_δ‘Ί","1002","”_—Ρ‹Ζo‰c‘Μ_Βlo‰c","o‰c‘Μ","124"
"1465","’·–μ§_‰h‘Ί_δ‘Ί","1003","”_—Ρ‹Ζo‰c‘Μ_’c‘Μo‰c","o‰c‘Μ","8"
"1465","’·–μ§_‰h‘Ί_δ‘Ί","1004","”_—Ρ‹Ζo‰c‘Μ_’c‘Μo‰c_–@lo‰c","o‰c‘Μ","4"
"1465","’·–μ§_‰h‘Ί_δ‘Ί","1005","”_‹Ζo‰c‘Μ_v","o‰c‘Μ","132"
"1465","’·–μ§_‰h‘Ί_δ‘Ί","1006","”_‹Ζo‰c‘Μ_Βlo‰c","o‰c‘Μ","124"
"1465","’·–μ§_‰h‘Ί_δ‘Ί","1007","”_‹Ζo‰c‘Μ_’c‘Μo‰c","o‰c‘Μ","8"
"1465","’·–μ§_‰h‘Ί_δ‘Ί","1008","”_‹Ζo‰c‘Μ_’c‘Μo‰c_–@lo‰c","o‰c‘Μ","4"
"1465","’·–μ§_‰h‘Ί_δ‘Ί","1009","—Ρ‹Ζo‰c‘Μ_v","o‰c‘Μ","-"
"1465","’·–μ§_‰h‘Ί_δ‘Ί","1010","—Ρ‹Ζo‰c‘Μ_Βlo‰c","o‰c‘Μ","-"
"1465","’·–μ§_‰h‘Ί_δ‘Ί","1011","—Ρ‹Ζo‰c‘Μ_’c‘Μo‰c","o‰c‘Μ","-"
"1465","’·–μ§_‰h‘Ί_δ‘Ί","1012","—Ρ‹Ζo‰c‘Μ_’c‘Μo‰c_–@lo‰c","o‰c‘Μ","-"
