"cat01_code","(J315-02-2-001)新潟県地域","cat02_code","(J301-02-1-001)農林業経営体数","unit","value"
"1001","新潟県","1001","農林業経営体_計","経営体","43836"
"1001","新潟県","1002","農林業経営体_個人経営","経営体","42147"
"1001","新潟県","1003","農林業経営体_団体経営","経営体","1689"
"1001","新潟県","1004","農林業経営体_団体経営_法人経営","経営体","1327"
"1001","新潟県","1005","農業経営体_計","経営体","43502"
"1001","新潟県","1006","農業経営体_個人経営","経営体","41955"
"1001","新潟県","1007","農業経営体_団体経営","経営体","1547"
"1001","新潟県","1008","農業経営体_団体経営_法人経営","経営体","1218"
"1001","新潟県","1009","林業経営体_計","経営体","637"
"1001","新潟県","1010","林業経営体_個人経営","経営体","491"
"1001","新潟県","1011","林業経営体_団体経営","経営体","146"
"1001","新潟県","1012","林業経営体_団体経営_法人経営","経営体","111"
"1002","新潟県_新潟市","1001","農林業経営体_計","経営体","7036"
"1002","新潟県_新潟市","1002","農林業経営体_個人経営","経営体","6853"
"1002","新潟県_新潟市","1003","農林業経営体_団体経営","経営体","183"
"1002","新潟県_新潟市","1004","農林業経営体_団体経営_法人経営","経営体","168"
"1002","新潟県_新潟市","1005","農業経営体_計","経営体","7032"
"1002","新潟県_新潟市","1006","農業経営体_個人経営","経営体","6852"
"1002","新潟県_新潟市","1007","農業経営体_団体経営","経営体","180"
"1002","新潟県_新潟市","1008","農業経営体_団体経営_法人経営","経営体","165"
"1002","新潟県_新潟市","1009","林業経営体_計","経営体","10"
"1002","新潟県_新潟市","1010","林業経営体_個人経営","経営体","7"
"1002","新潟県_新潟市","1011","林業経営体_団体経営","経営体","3"
"1002","新潟県_新潟市","1012","林業経営体_団体経営_法人経営","経営体","3"
"1003","新潟県_北区","1001","農林業経営体_計","経営体","1024"
"1003","新潟県_北区","1002","農林業経営体_個人経営","経営体","1012"
"1003","新潟県_北区","1003","農林業経営体_団体経営","経営体","12"
"1003","新潟県_北区","1004","農林業経営体_団体経営_法人経営","経営体","11"
"1003","新潟県_北区","1005","農業経営体_計","経営体","1024"
"1003","新潟県_北区","1006","農業経営体_個人経営","経営体","1012"
"1003","新潟県_北区","1007","農業経営体_団体経営","経営体","12"
"1003","新潟県_北区","1008","農業経営体_団体経営_法人経営","経営体","11"
"1003","新潟県_北区","1009","林業経営体_計","経営体","-"
"1003","新潟県_北区","1010","林業経営体_個人経営","経営体","-"
"1003","新潟県_北区","1011","林業経営体_団体経営","経営体","-"
"1003","新潟県_北区","1012","林業経営体_団体経営_法人経営","経営体","-"
"1004","新潟県_北区_松ヶ崎浜村２－１","1001","農林業経営体_計","経営体","-"
"1004","新潟県_北区_松ヶ崎浜村２－１","1002","農林業経営体_個人経営","経営体","-"
"1004","新潟県_北区_松ヶ崎浜村２－１","1003","農林業経営体_団体経営","経営体","-"
"1004","新潟県_北区_松ヶ崎浜村２－１","1004","農林業経営体_団体経営_法人経営","経営体","-"
"1004","新潟県_北区_松ヶ崎浜村２－１","1005","農業経営体_計","経営体","-"
"1004","新潟県_北区_松ヶ崎浜村２－１","1006","農業経営体_個人経営","経営体","-"
"1004","新潟県_北区_松ヶ崎浜村２－１","1007","農業経営体_団体経営","経営体","-"
"1004","新潟県_北区_松ヶ崎浜村２－１","1008","農業経営体_団体経営_法人経営","経営体","-"
"1004","新潟県_北区_松ヶ崎浜村２－１","1009","林業経営体_計","経営体","-"
"1004","新潟県_北区_松ヶ崎浜村２－１","1010","林業経営体_個人経営","経営体","-"
"1004","新潟県_北区_松ヶ崎浜村２－１","1011","林業経営体_団体経営","経営体","-"
"1004","新潟県_北区_松ヶ崎浜村２－１","1012","林業経営体_団体経営_法人経営","経営体","-"
"1005","新潟県_北区_濁川村","1001","農林業経営体_計","経営体","61"
"1005","新潟県_北区_濁川村","1002","農林業経営体_個人経営","経営体","57"
"1005","新潟県_北区_濁川村","1003","農林業経営体_団体経営","経営体","4"
"1005","新潟県_北区_濁川村","1004","農林業経営体_団体経営_法人経営","経営体","4"
"1005","新潟県_北区_濁川村","1005","農業経営体_計","経営体","61"
"1005","新潟県_北区_濁川村","1006","農業経営体_個人経営","経営体","57"
"1005","新潟県_北区_濁川村","1007","農業経営体_団体経営","経営体","4"
"1005","新潟県_北区_濁川村","1008","農業経営体_団体経営_法人経営","経営体","4"
"1005","新潟県_北区_濁川村","1009","林業経営体_計","経営体","-"
"1005","新潟県_北区_濁川村","1010","林業経営体_個人経営","経営体","-"
"1005","新潟県_北区_濁川村","1011","林業経営体_団体経営","経営体","-"
"1005","新潟県_北区_濁川村","1012","林業経営体_団体経営_法人経営","経営体","-"
"1006","新潟県_北区_南浜村","1001","農林業経営体_計","経営体","69"
"1006","新潟県_北区_南浜村","1002","農林業経営体_個人経営","経営体","68"
"1006","新潟県_北区_南浜村","1003","農林業経営体_団体経営","経営体","1"
"1006","新潟県_北区_南浜村","1004","農林業経営体_団体経営_法人経営","経営体","1"
"1006","新潟県_北区_南浜村","1005","農業経営体_計","経営体","69"
"1006","新潟県_北区_南浜村","1006","農業経営体_個人経営","経営体","68"
"1006","新潟県_北区_南浜村","1007","農業経営体_団体経営","経営体","1"
"1006","新潟県_北区_南浜村","1008","農業経営体_団体経営_法人経営","経営体","1"
"1006","新潟県_北区_南浜村","1009","林業経営体_計","経営体","-"
"1006","新潟県_北区_南浜村","1010","林業経営体_個人経営","経営体","-"
"1006","新潟県_北区_南浜村","1011","林業経営体_団体経営","経営体","-"
"1006","新潟県_北区_南浜村","1012","林業経営体_団体経営_法人経営","経営体","-"
"1007","新潟県_北区_木崎村２－２","1001","農林業経営体_計","経営体","15"
"1007","新潟県_北区_木崎村２－２","1002","農林業経営体_個人経営","経営体","15"
"1007","新潟県_北区_木崎村２－２","1003","農林業経営体_団体経営","経営体","-"
"1007","新潟県_北区_木崎村２－２","1004","農林業経営体_団体経営_法人経営","経営体","-"
"1007","新潟県_北区_木崎村２－２","1005","農業経営体_計","経営体","15"
"1007","新潟県_北区_木崎村２－２","1006","農業経営体_個人経営","経営体","15"
"1007","新潟県_北区_木崎村２－２","1007","農業経営体_団体経営","経営体","-"
"1007","新潟県_北区_木崎村２－２","1008","農業経営体_団体経営_法人経営","経営体","-"
"1007","新潟県_北区_木崎村２－２","1009","林業経営体_計","経営体","-"
"1007","新潟県_北区_木崎村２－２","1010","林業経営体_個人経営","経営体","-"
"1007","新潟県_北区_木崎村２－２","1011","林業経営体_団体経営","経営体","-"
"1007","新潟県_北区_木崎村２－２","1012","林業経営体_団体経営_法人経営","経営体","-"
"1008","新潟県_北区_葛塚町","1001","農林業経営体_計","経営体","152"
"1008","新潟県_北区_葛塚町","1002","農林業経営体_個人経営","経営体","151"
"1008","新潟県_北区_葛塚町","1003","農林業経営体_団体経営","経営体","1"
"1008","新潟県_北区_葛塚町","1004","農林業経営体_団体経営_法人経営","経営体","-"
"1008","新潟県_北区_葛塚町","1005","農業経営体_計","経営体","152"
"1008","新潟県_北区_葛塚町","1006","農業経営体_個人経営","経営体","151"
"1008","新潟県_北区_葛塚町","1007","農業経営体_団体経営","経営体","1"
"1008","新潟県_北区_葛塚町","1008","農業経営体_団体経営_法人経営","経営体","-"
"1008","新潟県_北区_葛塚町","1009","林業経営体_計","経営体","-"
"1008","新潟県_北区_葛塚町","1010","林業経営体_個人経営","経営体","-"
"1008","新潟県_北区_葛塚町","1011","林業経営体_団体経営","経営体","-"
"1008","新潟県_北区_葛塚町","1012","林業経営体_団体経営_法人経営","経営体","-"
"1009","新潟県_北区_木崎村２－１","1001","農林業経営体_計","経営体","248"
"1009","新潟県_北区_木崎村２－１","1002","農林業経営体_個人経営","経営体","246"
"1009","新潟県_北区_木崎村２－１","1003","農林業経営体_団体経営","経営体","2"
"1009","新潟県_北区_木崎村２－１","1004","農林業経営体_団体経営_法人経営","経営体","2"
"1009","新潟県_北区_木崎村２－１","1005","農業経営体_計","経営体","248"
"1009","新潟県_北区_木崎村２－１","1006","農業経営体_個人経営","経営体","246"
"1009","新潟県_北区_木崎村２－１","1007","農業経営体_団体経営","経営体","2"
"1009","新潟県_北区_木崎村２－１","1008","農業経営体_団体経営_法人経営","経営体","2"
"1009","新潟県_北区_木崎村２－１","1009","林業経営体_計","経営体","-"
"1009","新潟県_北区_木崎村２－１","1010","林業経営体_個人経営","経営体","-"
"1009","新潟県_北区_木崎村２－１","1011","林業経営体_団体経営","経営体","-"
"1009","新潟県_北区_木崎村２－１","1012","林業経営体_団体経営_法人経営","経営体","-"
"1010","新潟県_北区_岡方村","1001","農林業経営体_計","経営体","197"
"1010","新潟県_北区_岡方村","1002","農林業経営体_個人経営","経営体","195"
"1010","新潟県_北区_岡方村","1003","農林業経営体_団体経営","経営体","2"
"1010","新潟県_北区_岡方村","1004","農林業経営体_団体経営_法人経営","経営体","2"
"1010","新潟県_北区_岡方村","1005","農業経営体_計","経営体","197"
"1010","新潟県_北区_岡方村","1006","農業経営体_個人経営","経営体","195"
"1010","新潟県_北区_岡方村","1007","農業経営体_団体経営","経営体","2"
"1010","新潟県_北区_岡方村","1008","農業経営体_団体経営_法人経営","経営体","2"
"1010","新潟県_北区_岡方村","1009","林業経営体_計","経営体","-"
"1010","新潟県_北区_岡方村","1010","林業経営体_個人経営","経営体","-"
"1010","新潟県_北区_岡方村","1011","林業経営体_団体経営","経営体","-"
"1010","新潟県_北区_岡方村","1012","林業経営体_団体経営_法人経営","経営体","-"
"1011","新潟県_北区_長浦村","1001","農林業経営体_計","経営体","282"
"1011","新潟県_北区_長浦村","1002","農林業経営体_個人経営","経営体","280"
"1011","新潟県_北区_長浦村","1003","農林業経営体_団体経営","経営体","2"
"1011","新潟県_北区_長浦村","1004","農林業経営体_団体経営_法人経営","経営体","2"
"1011","新潟県_北区_長浦村","1005","農業経営体_計","経営体","282"
"1011","新潟県_北区_長浦村","1006","農業経営体_個人経営","経営体","280"
"1011","新潟県_北区_長浦村","1007","農業経営体_団体経営","経営体","2"
"1011","新潟県_北区_長浦村","1008","農業経営体_団体経営_法人経営","経営体","2"
"1011","新潟県_北区_長浦村","1009","林業経営体_計","経営体","-"
"1011","新潟県_北区_長浦村","1010","林業経営体_個人経営","経営体","-"
"1011","新潟県_北区_長浦村","1011","林業経営体_団体経営","経営体","-"
"1011","新潟県_北区_長浦村","1012","林業経営体_団体経営_法人経営","経営体","-"
"1012","新潟県_東区","1001","農林業経営体_計","経営体","177"
"1012","新潟県_東区","1002","農林業経営体_個人経営","経営体","174"
"1012","新潟県_東区","1003","農林業経営体_団体経営","経営体","3"
"1012","新潟県_東区","1004","農林業経営体_団体経営_法人経営","経営体","3"
"1012","新潟県_東区","1005","農業経営体_計","経営体","177"
"1012","新潟県_東区","1006","農業経営体_個人経営","経営体","174"
"1012","新潟県_東区","1007","農業経営体_団体経営","経営体","3"
"1012","新潟県_東区","1008","農業経営体_団体経営_法人経営","経営体","3"
"1012","新潟県_東区","1009","林業経営体_計","経営体","-"
"1012","新潟県_東区","1010","林業経営体_個人経営","経営体","-"
"1012","新潟県_東区","1011","林業経営体_団体経営","経営体","-"
"1012","新潟県_東区","1012","林業経営体_団体経営_法人経営","経営体","-"
"1013","新潟県_東区_新潟市２－１","1001","農林業経営体_計","経営体","-"
"1013","新潟県_東区_新潟市２－１","1002","農林業経営体_個人経営","経営体","-"
"1013","新潟県_東区_新潟市２－１","1003","農林業経営体_団体経営","経営体","-"
"1013","新潟県_東区_新潟市２－１","1004","農林業経営体_団体経営_法人経営","経営体","-"
"1013","新潟県_東区_新潟市２－１","1005","農業経営体_計","経営体","-"
"1013","新潟県_東区_新潟市２－１","1006","農業経営体_個人経営","経営体","-"
"1013","新潟県_東区_新潟市２－１","1007","農業経営体_団体経営","経営体","-"
"1013","新潟県_東区_新潟市２－１","1008","農業経営体_団体経営_法人経営","経営体","-"
"1013","新潟県_東区_新潟市２－１","1009","林業経営体_計","経営体","-"
"1013","新潟県_東区_新潟市２－１","1010","林業経営体_個人経営","経営体","-"
"1013","新潟県_東区_新潟市２－１","1011","林業経営体_団体経営","経営体","-"
"1013","新潟県_東区_新潟市２－１","1012","林業経営体_団体経営_法人経営","経営体","-"
"1014","新潟県_東区_石山村２－１","1001","農林業経営体_計","経営体","72"
"1014","新潟県_東区_石山村２－１","1002","農林業経営体_個人経営","経営体","72"
"1014","新潟県_東区_石山村２－１","1003","農林業経営体_団体経営","経営体","-"
"1014","新潟県_東区_石山村２－１","1004","農林業経営体_団体経営_法人経営","経営体","-"
"1014","新潟県_東区_石山村２－１","1005","農業経営体_計","経営体","72"
"1014","新潟県_東区_石山村２－１","1006","農業経営体_個人経営","経営体","72"
"1014","新潟県_東区_石山村２－１","1007","農業経営体_団体経営","経営体","-"
"1014","新潟県_東区_石山村２－１","1008","農業経営体_団体経営_法人経営","経営体","-"
"1014","新潟県_東区_石山村２－１","1009","林業経営体_計","経営体","-"
"1014","新潟県_東区_石山村２－１","1010","林業経営体_個人経営","経営体","-"
"1014","新潟県_東区_石山村２－１","1011","林業経営体_団体経営","経営体","-"
"1014","新潟県_東区_石山村２－１","1012","林業経営体_団体経営_法人経営","経営体","-"
"1015","新潟県_東区_大形村","1001","農林業経営体_計","経営体","89"
"1015","新潟県_東区_大形村","1002","農林業経営体_個人経営","経営体","86"
"1015","新潟県_東区_大形村","1003","農林業経営体_団体経営","経営体","3"
"1015","新潟県_東区_大形村","1004","農林業経営体_団体経営_法人経営","経営体","3"
"1015","新潟県_東区_大形村","1005","農業経営体_計","経営体","89"
"1015","新潟県_東区_大形村","1006","農業経営体_個人経営","経営体","86"
"1015","新潟県_東区_大形村","1007","農業経営体_団体経営","経営体","3"
"1015","新潟県_東区_大形村","1008","農業経営体_団体経営_法人経営","経営体","3"
"1015","新潟県_東区_大形村","1009","林業経営体_計","経営体","-"
"1015","新潟県_東区_大形村","1010","林業経営体_個人経営","経営体","-"
"1015","新潟県_東区_大形村","1011","林業経営体_団体経営","経営体","-"
"1015","新潟県_東区_大形村","1012","林業経営体_団体経営_法人経営","経営体","-"
"1016","新潟県_東区_松ヶ崎浜村２－２","1001","農林業経営体_計","経営体","16"
"1016","新潟県_東区_松ヶ崎浜村２－２","1002","農林業経営体_個人経営","経営体","16"
"1016","新潟県_東区_松ヶ崎浜村２－２","1003","農林業経営体_団体経営","経営体","-"
"1016","新潟県_東区_松ヶ崎浜村２－２","1004","農林業経営体_団体経営_法人経営","経営体","-"
"1016","新潟県_東区_松ヶ崎浜村２－２","1005","農業経営体_計","経営体","16"
"1016","新潟県_東区_松ヶ崎浜村２－２","1006","農業経営体_個人経営","経営体","16"
"1016","新潟県_東区_松ヶ崎浜村２－２","1007","農業経営体_団体経営","経営体","-"
"1016","新潟県_東区_松ヶ崎浜村２－２","1008","農業経営体_団体経営_法人経営","経営体","-"
"1016","新潟県_東区_松ヶ崎浜村２－２","1009","林業経営体_計","経営体","-"
"1016","新潟県_東区_松ヶ崎浜村２－２","1010","林業経営体_個人経営","経営体","-"
"1016","新潟県_東区_松ヶ崎浜村２－２","1011","林業経営体_団体経営","経営体","-"
"1016","新潟県_東区_松ヶ崎浜村２－２","1012","林業経営体_団体経営_法人経営","経営体","-"
"1017","新潟県_中央区","1001","農林業経営体_計","経営体","114"
"1017","新潟県_中央区","1002","農林業経営体_個人経営","経営体","112"
"1017","新潟県_中央区","1003","農林業経営体_団体経営","経営体","2"
"1017","新潟県_中央区","1004","農林業経営体_団体経営_法人経営","経営体","2"
"1017","新潟県_中央区","1005","農業経営体_計","経営体","113"
"1017","新潟県_中央区","1006","農業経営体_個人経営","経営体","112"
"1017","新潟県_中央区","1007","農業経営体_団体経営","経営体","1"
"1017","新潟県_中央区","1008","農業経営体_団体経営_法人経営","経営体","1"
"1017","新潟県_中央区","1009","林業経営体_計","経営体","1"
"1017","新潟県_中央区","1010","林業経営体_個人経営","経営体","-"
"1017","新潟県_中央区","1011","林業経営体_団体経営","経営体","1"
"1017","新潟県_中央区","1012","林業経営体_団体経営_法人経営","経営体","1"
"1018","新潟県_中央区_新潟市２－２","1001","農林業経営体_計","経営体","-"
"1018","新潟県_中央区_新潟市２－２","1002","農林業経営体_個人経営","経営体","-"
"1018","新潟県_中央区_新潟市２－２","1003","農林業経営体_団体経営","経営体","-"
"1018","新潟県_中央区_新潟市２－２","1004","農林業経営体_団体経営_法人経営","経営体","-"
"1018","新潟県_中央区_新潟市２－２","1005","農業経営体_計","経営体","-"
"1018","新潟県_中央区_新潟市２－２","1006","農業経営体_個人経営","経営体","-"
"1018","新潟県_中央区_新潟市２－２","1007","農業経営体_団体経営","経営体","-"
"1018","新潟県_中央区_新潟市２－２","1008","農業経営体_団体経営_法人経営","経営体","-"
"1018","新潟県_中央区_新潟市２－２","1009","林業経営体_計","経営体","-"
"1018","新潟県_中央区_新潟市２－２","1010","林業経営体_個人経営","経営体","-"
"1018","新潟県_中央区_新潟市２－２","1011","林業経営体_団体経営","経営体","-"
"1018","新潟県_中央区_新潟市２－２","1012","林業経営体_団体経営_法人経営","経営体","-"
"1019","新潟県_中央区_石山村２－２","1001","農林業経営体_計","経営体","59"
"1019","新潟県_中央区_石山村２－２","1002","農林業経営体_個人経営","経営体","59"
"1019","新潟県_中央区_石山村２－２","1003","農林業経営体_団体経営","経営体","-"
"1019","新潟県_中央区_石山村２－２","1004","農林業経営体_団体経営_法人経営","経営体","-"
"1019","新潟県_中央区_石山村２－２","1005","農業経営体_計","経営体","59"
"1019","新潟県_中央区_石山村２－２","1006","農業経営体_個人経営","経営体","59"
"1019","新潟県_中央区_石山村２－２","1007","農業経営体_団体経営","経営体","-"
"1019","新潟県_中央区_石山村２－２","1008","農業経営体_団体経営_法人経営","経営体","-"
"1019","新潟県_中央区_石山村２－２","1009","林業経営体_計","経営体","-"
"1019","新潟県_中央区_石山村２－２","1010","林業経営体_個人経営","経営体","-"
"1019","新潟県_中央区_石山村２－２","1011","林業経営体_団体経営","経営体","-"
"1019","新潟県_中央区_石山村２－２","1012","林業経営体_団体経営_法人経営","経営体","-"
"1020","新潟県_中央区_鳥屋野村","1001","農林業経営体_計","経営体","53"
"1020","新潟県_中央区_鳥屋野村","1002","農林業経営体_個人経営","経営体","51"
"1020","新潟県_中央区_鳥屋野村","1003","農林業経営体_団体経営","経営体","2"
"1020","新潟県_中央区_鳥屋野村","1004","農林業経営体_団体経営_法人経営","経営体","2"
"1020","新潟県_中央区_鳥屋野村","1005","農業経営体_計","経営体","52"
"1020","新潟県_中央区_鳥屋野村","1006","農業経営体_個人経営","経営体","51"
"1020","新潟県_中央区_鳥屋野村","1007","農業経営体_団体経営","経営体","1"
"1020","新潟県_中央区_鳥屋野村","1008","農業経営体_団体経営_法人経営","経営体","1"
"1020","新潟県_中央区_鳥屋野村","1009","林業経営体_計","経営体","1"
"1020","新潟県_中央区_鳥屋野村","1010","林業経営体_個人経営","経営体","-"
"1020","新潟県_中央区_鳥屋野村","1011","林業経営体_団体経営","経営体","1"
"1020","新潟県_中央区_鳥屋野村","1012","林業経営体_団体経営_法人経営","経営体","1"
"1021","新潟県_中央区_曽野木村２－１－１","1001","農林業経営体_計","経営体","2"
"1021","新潟県_中央区_曽野木村２－１－１","1002","農林業経営体_個人経営","経営体","2"
"1021","新潟県_中央区_曽野木村２－１－１","1003","農林業経営体_団体経営","経営体","-"
"1021","新潟県_中央区_曽野木村２－１－１","1004","農林業経営体_団体経営_法人経営","経営体","-"
"1021","新潟県_中央区_曽野木村２－１－１","1005","農業経営体_計","経営体","2"
"1021","新潟県_中央区_曽野木村２－１－１","1006","農業経営体_個人経営","経営体","2"
"1021","新潟県_中央区_曽野木村２－１－１","1007","農業経営体_団体経営","経営体","-"
"1021","新潟県_中央区_曽野木村２－１－１","1008","農業経営体_団体経営_法人経営","経営体","-"
"1021","新潟県_中央区_曽野木村２－１－１","1009","林業経営体_計","経営体","-"
"1021","新潟県_中央区_曽野木村２－１－１","1010","林業経営体_個人経営","経営体","-"
"1021","新潟県_中央区_曽野木村２－１－１","1011","林業経営体_団体経営","経営体","-"
"1021","新潟県_中央区_曽野木村２－１－１","1012","林業経営体_団体経営_法人経営","経営体","-"
"1022","新潟県_江南区","1001","農林業経営体_計","経営体","898"
"1022","新潟県_江南区","1002","農林業経営体_個人経営","経営体","874"
"1022","新潟県_江南区","1003","農林業経営体_団体経営","経営体","24"
"1022","新潟県_江南区","1004","農林業経営体_団体経営_法人経営","経営体","22"
"1022","新潟県_江南区","1005","農業経営体_計","経営体","898"
"1022","新潟県_江南区","1006","農業経営体_個人経営","経営体","874"
"1022","新潟県_江南区","1007","農業経営体_団体経営","経営体","24"
"1022","新潟県_江南区","1008","農業経営体_団体経営_法人経営","経営体","22"
"1022","新潟県_江南区","1009","林業経営体_計","経営体","-"
"1022","新潟県_江南区","1010","林業経営体_個人経営","経営体","-"
"1022","新潟県_江南区","1011","林業経営体_団体経営","経営体","-"
"1022","新潟県_江南区","1012","林業経営体_団体経営_法人経営","経営体","-"
"1023","新潟県_江南区_大江山村","1001","農林業経営体_計","経営体","164"
"1023","新潟県_江南区_大江山村","1002","農林業経営体_個人経営","経営体","163"
"1023","新潟県_江南区_大江山村","1003","農林業経営体_団体経営","経営体","1"
"1023","新潟県_江南区_大江山村","1004","農林業経営体_団体経営_法人経営","経営体","1"
"1023","新潟県_江南区_大江山村","1005","農業経営体_計","経営体","164"
"1023","新潟県_江南区_大江山村","1006","農業経営体_個人経営","経営体","163"
"1023","新潟県_江南区_大江山村","1007","農業経営体_団体経営","経営体","1"
"1023","新潟県_江南区_大江山村","1008","農業経営体_団体経営_法人経営","経営体","1"
"1023","新潟県_江南区_大江山村","1009","林業経営体_計","経営体","-"
"1023","新潟県_江南区_大江山村","1010","林業経営体_個人経営","経営体","-"
"1023","新潟県_江南区_大江山村","1011","林業経営体_団体経営","経営体","-"
"1023","新潟県_江南区_大江山村","1012","林業経営体_団体経営_法人経営","経営体","-"
"1024","新潟県_江南区_曽野木村２－１－２","1001","農林業経営体_計","経営体","171"
"1024","新潟県_江南区_曽野木村２－１－２","1002","農林業経営体_個人経営","経営体","167"
"1024","新潟県_江南区_曽野木村２－１－２","1003","農林業経営体_団体経営","経営体","4"
"1024","新潟県_江南区_曽野木村２－１－２","1004","農林業経営体_団体経営_法人経営","経営体","4"
"1024","新潟県_江南区_曽野木村２－１－２","1005","農業経営体_計","経営体","171"
"1024","新潟県_江南区_曽野木村２－１－２","1006","農業経営体_個人経営","経営体","167"
"1024","新潟県_江南区_曽野木村２－１－２","1007","農業経営体_団体経営","経営体","4"
"1024","新潟県_江南区_曽野木村２－１－２","1008","農業経営体_団体経営_法人経営","経営体","4"
"1024","新潟県_江南区_曽野木村２－１－２","1009","林業経営体_計","経営体","-"
"1024","新潟県_江南区_曽野木村２－１－２","1010","林業経営体_個人経営","経営体","-"
"1024","新潟県_江南区_曽野木村２－１－２","1011","林業経営体_団体経営","経営体","-"
"1024","新潟県_江南区_曽野木村２－１－２","1012","林業経営体_団体経営_法人経営","経営体","-"
"1025","新潟県_江南区_両川村","1001","農林業経営体_計","経営体","131"
"1025","新潟県_江南区_両川村","1002","農林業経営体_個人経営","経営体","129"
"1025","新潟県_江南区_両川村","1003","農林業経営体_団体経営","経営体","2"
"1025","新潟県_江南区_両川村","1004","農林業経営体_団体経営_法人経営","経営体","2"
"1025","新潟県_江南区_両川村","1005","農業経営体_計","経営体","131"
"1025","新潟県_江南区_両川村","1006","農業経営体_個人経営","経営体","129"
"1025","新潟県_江南区_両川村","1007","農業経営体_団体経営","経営体","2"
"1025","新潟県_江南区_両川村","1008","農業経営体_団体経営_法人経営","経営体","2"
"1025","新潟県_江南区_両川村","1009","林業経営体_計","経営体","-"
"1025","新潟県_江南区_両川村","1010","林業経営体_個人経営","経営体","-"
"1025","新潟県_江南区_両川村","1011","林業経営体_団体経営","経営体","-"
"1025","新潟県_江南区_両川村","1012","林業経営体_団体経営_法人経営","経営体","-"
"1026","新潟県_江南区_横越町","1001","農林業経営体_計","経営体","276"
"1026","新潟県_江南区_横越町","1002","農林業経営体_個人経営","経営体","267"
"1026","新潟県_江南区_横越町","1003","農林業経営体_団体経営","経営体","9"
"1026","新潟県_江南区_横越町","1004","農林業経営体_団体経営_法人経営","経営体","7"
"1026","新潟県_江南区_横越町","1005","農業経営体_計","経営体","276"
"1026","新潟県_江南区_横越町","1006","農業経営体_個人経営","経営体","267"
"1026","新潟県_江南区_横越町","1007","農業経営体_団体経営","経営体","9"
"1026","新潟県_江南区_横越町","1008","農業経営体_団体経営_法人経営","経営体","7"
"1026","新潟県_江南区_横越町","1009","林業経営体_計","経営体","-"
"1026","新潟県_江南区_横越町","1010","林業経営体_個人経営","経営体","-"
"1026","新潟県_江南区_横越町","1011","林業経営体_団体経営","経営体","-"
"1026","新潟県_江南区_横越町","1012","林業経営体_団体経営_法人経営","経営体","-"
"1027","新潟県_江南区_亀田町","1001","農林業経営体_計","経営体","156"
"1027","新潟県_江南区_亀田町","1002","農林業経営体_個人経営","経営体","148"
"1027","新潟県_江南区_亀田町","1003","農林業経営体_団体経営","経営体","8"
"1027","新潟県_江南区_亀田町","1004","農林業経営体_団体経営_法人経営","経営体","8"
"1027","新潟県_江南区_亀田町","1005","農業経営体_計","経営体","156"
"1027","新潟県_江南区_亀田町","1006","農業経営体_個人経営","経営体","148"
"1027","新潟県_江南区_亀田町","1007","農業経営体_団体経営","経営体","8"
"1027","新潟県_江南区_亀田町","1008","農業経営体_団体経営_法人経営","経営体","8"
"1027","新潟県_江南区_亀田町","1009","林業経営体_計","経営体","-"
"1027","新潟県_江南区_亀田町","1010","林業経営体_個人経営","経営体","-"
"1027","新潟県_江南区_亀田町","1011","林業経営体_団体経営","経営体","-"
"1027","新潟県_江南区_亀田町","1012","林業経営体_団体経営_法人経営","経営体","-"
"1028","新潟県_秋葉区","1001","農林業経営体_計","経営体","834"
"1028","新潟県_秋葉区","1002","農林業経営体_個人経営","経営体","811"
"1028","新潟県_秋葉区","1003","農林業経営体_団体経営","経営体","23"
"1028","新潟県_秋葉区","1004","農林業経営体_団体経営_法人経営","経営体","20"
"1028","新潟県_秋葉区","1005","農業経営体_計","経営体","834"
"1028","新潟県_秋葉区","1006","農業経営体_個人経営","経営体","811"
"1028","新潟県_秋葉区","1007","農業経営体_団体経営","経営体","23"
"1028","新潟県_秋葉区","1008","農業経営体_団体経営_法人経営","経営体","20"
"1028","新潟県_秋葉区","1009","林業経営体_計","経営体","1"
"1028","新潟県_秋葉区","1010","林業経営体_個人経営","経営体","1"
"1028","新潟県_秋葉区","1011","林業経営体_団体経営","経営体","-"
"1028","新潟県_秋葉区","1012","林業経営体_団体経営_法人経営","経営体","-"
"1029","新潟県_秋葉区_新津町","1001","農林業経営体_計","経営体","318"
"1029","新潟県_秋葉区_新津町","1002","農林業経営体_個人経営","経営体","312"
"1029","新潟県_秋葉区_新津町","1003","農林業経営体_団体経営","経営体","6"
"1029","新潟県_秋葉区_新津町","1004","農林業経営体_団体経営_法人経営","経営体","4"
"1029","新潟県_秋葉区_新津町","1005","農業経営体_計","経営体","318"
"1029","新潟県_秋葉区_新津町","1006","農業経営体_個人経営","経営体","312"
"1029","新潟県_秋葉区_新津町","1007","農業経営体_団体経営","経営体","6"
"1029","新潟県_秋葉区_新津町","1008","農業経営体_団体経営_法人経営","経営体","4"
"1029","新潟県_秋葉区_新津町","1009","林業経営体_計","経営体","-"
"1029","新潟県_秋葉区_新津町","1010","林業経営体_個人経営","経営体","-"
"1029","新潟県_秋葉区_新津町","1011","林業経営体_団体経営","経営体","-"
"1029","新潟県_秋葉区_新津町","1012","林業経営体_団体経営_法人経営","経営体","-"
"1030","新潟県_秋葉区_金津村","1001","農林業経営体_計","経営体","67"
"1030","新潟県_秋葉区_金津村","1002","農林業経営体_個人経営","経営体","67"
"1030","新潟県_秋葉区_金津村","1003","農林業経営体_団体経営","経営体","-"
"1030","新潟県_秋葉区_金津村","1004","農林業経営体_団体経営_法人経営","経営体","-"
"1030","新潟県_秋葉区_金津村","1005","農業経営体_計","経営体","67"
"1030","新潟県_秋葉区_金津村","1006","農業経営体_個人経営","経営体","67"
"1030","新潟県_秋葉区_金津村","1007","農業経営体_団体経営","経営体","-"
"1030","新潟県_秋葉区_金津村","1008","農業経営体_団体経営_法人経営","経営体","-"
"1030","新潟県_秋葉区_金津村","1009","林業経営体_計","経営体","1"
"1030","新潟県_秋葉区_金津村","1010","林業経営体_個人経営","経営体","1"
"1030","新潟県_秋葉区_金津村","1011","林業経営体_団体経営","経営体","-"
"1030","新潟県_秋葉区_金津村","1012","林業経営体_団体経営_法人経営","経営体","-"
"1031","新潟県_秋葉区_小合村","1001","農林業経営体_計","経営体","223"
"1031","新潟県_秋葉区_小合村","1002","農林業経営体_個人経営","経営体","210"
"1031","新潟県_秋葉区_小合村","1003","農林業経営体_団体経営","経営体","13"
"1031","新潟県_秋葉区_小合村","1004","農林業経営体_団体経営_法人経営","経営体","12"
"1031","新潟県_秋葉区_小合村","1005","農業経営体_計","経営体","223"
"1031","新潟県_秋葉区_小合村","1006","農業経営体_個人経営","経営体","210"
"1031","新潟県_秋葉区_小合村","1007","農業経営体_団体経営","経営体","13"
"1031","新潟県_秋葉区_小合村","1008","農業経営体_団体経営_法人経営","経営体","12"
"1031","新潟県_秋葉区_小合村","1009","林業経営体_計","経営体","-"
"1031","新潟県_秋葉区_小合村","1010","林業経営体_個人経営","経営体","-"
"1031","新潟県_秋葉区_小合村","1011","林業経営体_団体経営","経営体","-"
"1031","新潟県_秋葉区_小合村","1012","林業経営体_団体経営_法人経営","経営体","-"
"1032","新潟県_秋葉区_新関村２－１","1001","農林業経営体_計","経営体","70"
"1032","新潟県_秋葉区_新関村２－１","1002","農林業経営体_個人経営","経営体","69"
"1032","新潟県_秋葉区_新関村２－１","1003","農林業経営体_団体経営","経営体","1"
"1032","新潟県_秋葉区_新関村２－１","1004","農林業経営体_団体経営_法人経営","経営体","1"
"1032","新潟県_秋葉区_新関村２－１","1005","農業経営体_計","経営体","70"
"1032","新潟県_秋葉区_新関村２－１","1006","農業経営体_個人経営","経営体","69"
"1032","新潟県_秋葉区_新関村２－１","1007","農業経営体_団体経営","経営体","1"
"1032","新潟県_秋葉区_新関村２－１","1008","農業経営体_団体経営_法人経営","経営体","1"
"1032","新潟県_秋葉区_新関村２－１","1009","林業経営体_計","経営体","-"
"1032","新潟県_秋葉区_新関村２－１","1010","林業経営体_個人経営","経営体","-"
"1032","新潟県_秋葉区_新関村２－１","1011","林業経営体_団体経営","経営体","-"
"1032","新潟県_秋葉区_新関村２－１","1012","林業経営体_団体経営_法人経営","経営体","-"
"1033","新潟県_秋葉区_小須戸町","1001","農林業経営体_計","経営体","156"
"1033","新潟県_秋葉区_小須戸町","1002","農林業経営体_個人経営","経営体","153"
"1033","新潟県_秋葉区_小須戸町","1003","農林業経営体_団体経営","経営体","3"
"1033","新潟県_秋葉区_小須戸町","1004","農林業経営体_団体経営_法人経営","経営体","3"
"1033","新潟県_秋葉区_小須戸町","1005","農業経営体_計","経営体","156"
"1033","新潟県_秋葉区_小須戸町","1006","農業経営体_個人経営","経営体","153"
"1033","新潟県_秋葉区_小須戸町","1007","農業経営体_団体経営","経営体","3"
"1033","新潟県_秋葉区_小須戸町","1008","農業経営体_団体経営_法人経営","経営体","3"
"1033","新潟県_秋葉区_小須戸町","1009","林業経営体_計","経営体","-"
"1033","新潟県_秋葉区_小須戸町","1010","林業経営体_個人経営","経営体","-"
"1033","新潟県_秋葉区_小須戸町","1011","林業経営体_団体経営","経営体","-"
"1033","新潟県_秋葉区_小須戸町","1012","林業経営体_団体経営_法人経営","経営体","-"
"1034","新潟県_南区","1001","農林業経営体_計","経営体","1385"
"1034","新潟県_南区","1002","農林業経営体_個人経営","経営体","1334"
"1034","新潟県_南区","1003","農林業経営体_団体経営","経営体","51"
"1034","新潟県_南区","1004","農林業経営体_団体経営_法人経営","経営体","45"
"1034","新潟県_南区","1005","農業経営体_計","経営体","1385"
"1034","新潟県_南区","1006","農業経営体_個人経営","経営体","1334"
"1034","新潟県_南区","1007","農業経営体_団体経営","経営体","51"
"1034","新潟県_南区","1008","農業経営体_団体経営_法人経営","経営体","45"
"1034","新潟県_南区","1009","林業経営体_計","経営体","1"
"1034","新潟県_南区","1010","林業経営体_個人経営","経営体","1"
"1034","新潟県_南区","1011","林業経営体_団体経営","経営体","-"
"1034","新潟県_南区","1012","林業経営体_団体経営_法人経営","経営体","-"
"1035","新潟県_南区_白根町","1001","農林業経営体_計","経営体","56"
"1035","新潟県_南区_白根町","1002","農林業経営体_個人経営","経営体","55"
"1035","新潟県_南区_白根町","1003","農林業経営体_団体経営","経営体","1"
"1035","新潟県_南区_白根町","1004","農林業経営体_団体経営_法人経営","経営体","1"
"1035","新潟県_南区_白根町","1005","農業経営体_計","経営体","56"
"1035","新潟県_南区_白根町","1006","農業経営体_個人経営","経営体","55"
"1035","新潟県_南区_白根町","1007","農業経営体_団体経営","経営体","1"
"1035","新潟県_南区_白根町","1008","農業経営体_団体経営_法人経営","経営体","1"
"1035","新潟県_南区_白根町","1009","林業経営体_計","経営体","-"
"1035","新潟県_南区_白根町","1010","林業経営体_個人経営","経営体","-"
"1035","新潟県_南区_白根町","1011","林業経営体_団体経営","経営体","-"
"1035","新潟県_南区_白根町","1012","林業経営体_団体経営_法人経営","経営体","-"
"1036","新潟県_南区_須田村２－２","1001","農林業経営体_計","経営体","10"
"1036","新潟県_南区_須田村２－２","1002","農林業経営体_個人経営","経営体","10"
"1036","新潟県_南区_須田村２－２","1003","農林業経営体_団体経営","経営体","-"
"1036","新潟県_南区_須田村２－２","1004","農林業経営体_団体経営_法人経営","経営体","-"
"1036","新潟県_南区_須田村２－２","1005","農業経営体_計","経営体","10"
"1036","新潟県_南区_須田村２－２","1006","農業経営体_個人経営","経営体","10"
"1036","新潟県_南区_須田村２－２","1007","農業経営体_団体経営","経営体","-"
"1036","新潟県_南区_須田村２－２","1008","農業経営体_団体経営_法人経営","経営体","-"
"1036","新潟県_南区_須田村２－２","1009","林業経営体_計","経営体","-"
"1036","新潟県_南区_須田村２－２","1010","林業経営体_個人経営","経営体","-"
"1036","新潟県_南区_須田村２－２","1011","林業経営体_団体経営","経営体","-"
"1036","新潟県_南区_須田村２－２","1012","林業経営体_団体経営_法人経営","経営体","-"
"1037","新潟県_南区_新飯田村","1001","農林業経営体_計","経営体","62"
"1037","新潟県_南区_新飯田村","1002","農林業経営体_個人経営","経営体","62"
"1037","新潟県_南区_新飯田村","1003","農林業経営体_団体経営","経営体","-"
"1037","新潟県_南区_新飯田村","1004","農林業経営体_団体経営_法人経営","経営体","-"
"1037","新潟県_南区_新飯田村","1005","農業経営体_計","経営体","62"
"1037","新潟県_南区_新飯田村","1006","農業経営体_個人経営","経営体","62"
"1037","新潟県_南区_新飯田村","1007","農業経営体_団体経営","経営体","-"
"1037","新潟県_南区_新飯田村","1008","農業経営体_団体経営_法人経営","経営体","-"
"1037","新潟県_南区_新飯田村","1009","林業経営体_計","経営体","-"
"1037","新潟県_南区_新飯田村","1010","林業経営体_個人経営","経営体","-"
"1037","新潟県_南区_新飯田村","1011","林業経営体_団体経営","経営体","-"
"1037","新潟県_南区_新飯田村","1012","林業経営体_団体経営_法人経営","経営体","-"
"1038","新潟県_南区_庄瀬村","1001","農林業経営体_計","経営体","175"
"1038","新潟県_南区_庄瀬村","1002","農林業経営体_個人経営","経営体","168"
"1038","新潟県_南区_庄瀬村","1003","農林業経営体_団体経営","経営体","7"
"1038","新潟県_南区_庄瀬村","1004","農林業経営体_団体経営_法人経営","経営体","7"
"1038","新潟県_南区_庄瀬村","1005","農業経営体_計","経営体","175"
"1038","新潟県_南区_庄瀬村","1006","農業経営体_個人経営","経営体","168"
"1038","新潟県_南区_庄瀬村","1007","農業経営体_団体経営","経営体","7"
"1038","新潟県_南区_庄瀬村","1008","農業経営体_団体経営_法人経営","経営体","7"
"1038","新潟県_南区_庄瀬村","1009","林業経営体_計","経営体","-"
"1038","新潟県_南区_庄瀬村","1010","林業経営体_個人経営","経営体","-"
"1038","新潟県_南区_庄瀬村","1011","林業経営体_団体経営","経営体","-"
"1038","新潟県_南区_庄瀬村","1012","林業経営体_団体経営_法人経営","経営体","-"
"1039","新潟県_南区_小林村","1001","農林業経営体_計","経営体","109"
"1039","新潟県_南区_小林村","1002","農林業経営体_個人経営","経営体","106"
"1039","新潟県_南区_小林村","1003","農林業経営体_団体経営","経営体","3"
"1039","新潟県_南区_小林村","1004","農林業経営体_団体経営_法人経営","経営体","3"
"1039","新潟県_南区_小林村","1005","農業経営体_計","経営体","109"
"1039","新潟県_南区_小林村","1006","農業経営体_個人経営","経営体","106"
"1039","新潟県_南区_小林村","1007","農業経営体_団体経営","経営体","3"
"1039","新潟県_南区_小林村","1008","農業経営体_団体経営_法人経営","経営体","3"
"1039","新潟県_南区_小林村","1009","林業経営体_計","経営体","-"
"1039","新潟県_南区_小林村","1010","林業経営体_個人経営","経営体","-"
"1039","新潟県_南区_小林村","1011","林業経営体_団体経営","経営体","-"
"1039","新潟県_南区_小林村","1012","林業経営体_団体経営_法人経営","経営体","-"
"1040","新潟県_南区_臼井村","1001","農林業経営体_計","経営体","113"
"1040","新潟県_南区_臼井村","1002","農林業経営体_個人経営","経営体","110"
"1040","新潟県_南区_臼井村","1003","農林業経営体_団体経営","経営体","3"
"1040","新潟県_南区_臼井村","1004","農林業経営体_団体経営_法人経営","経営体","3"
"1040","新潟県_南区_臼井村","1005","農業経営体_計","経営体","113"
"1040","新潟県_南区_臼井村","1006","農業経営体_個人経営","経営体","110"
"1040","新潟県_南区_臼井村","1007","農業経営体_団体経営","経営体","3"
"1040","新潟県_南区_臼井村","1008","農業経営体_団体経営_法人経営","経営体","3"
"1040","新潟県_南区_臼井村","1009","林業経営体_計","経営体","1"
"1040","新潟県_南区_臼井村","1010","林業経営体_個人経営","経営体","1"
"1040","新潟県_南区_臼井村","1011","林業経営体_団体経営","経営体","-"
"1040","新潟県_南区_臼井村","1012","林業経営体_団体経営_法人経営","経営体","-"
"1041","新潟県_南区_鷲巻村","1001","農林業経営体_計","経営体","156"
"1041","新潟県_南区_鷲巻村","1002","農林業経営体_個人経営","経営体","149"
"1041","新潟県_南区_鷲巻村","1003","農林業経営体_団体経営","経営体","7"
"1041","新潟県_南区_鷲巻村","1004","農林業経営体_団体経営_法人経営","経営体","4"
"1041","新潟県_南区_鷲巻村","1005","農業経営体_計","経営体","156"
"1041","新潟県_南区_鷲巻村","1006","農業経営体_個人経営","経営体","149"
"1041","新潟県_南区_鷲巻村","1007","農業経営体_団体経営","経営体","7"
"1041","新潟県_南区_鷲巻村","1008","農業経営体_団体経営_法人経営","経営体","4"
"1041","新潟県_南区_鷲巻村","1009","林業経営体_計","経営体","-"
"1041","新潟県_南区_鷲巻村","1010","林業経営体_個人経営","経営体","-"
"1041","新潟県_南区_鷲巻村","1011","林業経営体_団体経営","経営体","-"
"1041","新潟県_南区_鷲巻村","1012","林業経営体_団体経営_法人経営","経営体","-"
"1042","新潟県_南区_大郷村","1001","農林業経営体_計","経営体","172"
"1042","新潟県_南区_大郷村","1002","農林業経営体_個人経営","経営体","168"
"1042","新潟県_南区_大郷村","1003","農林業経営体_団体経営","経営体","4"
"1042","新潟県_南区_大郷村","1004","農林業経営体_団体経営_法人経営","経営体","4"
"1042","新潟県_南区_大郷村","1005","農業経営体_計","経営体","172"
"1042","新潟県_南区_大郷村","1006","農業経営体_個人経営","経営体","168"
"1042","新潟県_南区_大郷村","1007","農業経営体_団体経営","経営体","4"
"1042","新潟県_南区_大郷村","1008","農業経営体_団体経営_法人経営","経営体","4"
"1042","新潟県_南区_大郷村","1009","林業経営体_計","経営体","-"
"1042","新潟県_南区_大郷村","1010","林業経営体_個人経営","経営体","-"
"1042","新潟県_南区_大郷村","1011","林業経営体_団体経営","経営体","-"
"1042","新潟県_南区_大郷村","1012","林業経営体_団体経営_法人経営","経営体","-"
"1043","新潟県_南区_根岸村","1001","農林業経営体_計","経営体","105"
"1043","新潟県_南区_根岸村","1002","農林業経営体_個人経営","経営体","95"
"1043","新潟県_南区_根岸村","1003","農林業経営体_団体経営","経営体","10"
"1043","新潟県_南区_根岸村","1004","農林業経営体_団体経営_法人経営","経営体","10"
"1043","新潟県_南区_根岸村","1005","農業経営体_計","経営体","105"
"1043","新潟県_南区_根岸村","1006","農業経営体_個人経営","経営体","95"
"1043","新潟県_南区_根岸村","1007","農業経営体_団体経営","経営体","10"
"1043","新潟県_南区_根岸村","1008","農業経営体_団体経営_法人経営","経営体","10"
"1043","新潟県_南区_根岸村","1009","林業経営体_計","経営体","-"
"1043","新潟県_南区_根岸村","1010","林業経営体_個人経営","経営体","-"
"1043","新潟県_南区_根岸村","1011","林業経営体_団体経営","経営体","-"
"1043","新潟県_南区_根岸村","1012","林業経営体_団体経営_法人経営","経営体","-"
"1044","新潟県_南区_茨曽根村","1001","農林業経営体_計","経営体","130"
"1044","新潟県_南区_茨曽根村","1002","農林業経営体_個人経営","経営体","125"
"1044","新潟県_南区_茨曽根村","1003","農林業経営体_団体経営","経営体","5"
"1044","新潟県_南区_茨曽根村","1004","農林業経営体_団体経営_法人経営","経営体","4"
"1044","新潟県_南区_茨曽根村","1005","農業経営体_計","経営体","130"
"1044","新潟県_南区_茨曽根村","1006","農業経営体_個人経営","経営体","125"
"1044","新潟県_南区_茨曽根村","1007","農業経営体_団体経営","経営体","5"
"1044","新潟県_南区_茨曽根村","1008","農業経営体_団体経営_法人経営","経営体","4"
"1044","新潟県_南区_茨曽根村","1009","林業経営体_計","経営体","-"
"1044","新潟県_南区_茨曽根村","1010","林業経営体_個人経営","経営体","-"
"1044","新潟県_南区_茨曽根村","1011","林業経営体_団体経営","経営体","-"
"1044","新潟県_南区_茨曽根村","1012","林業経営体_団体経営_法人経営","経営体","-"
"1045","新潟県_南区_曽野木村２－１－３","1001","農林業経営体_計","経営体","-"
"1045","新潟県_南区_曽野木村２－１－３","1002","農林業経営体_個人経営","経営体","-"
"1045","新潟県_南区_曽野木村２－１－３","1003","農林業経営体_団体経営","経営体","-"
"1045","新潟県_南区_曽野木村２－１－３","1004","農林業経営体_団体経営_法人経営","経営体","-"
"1045","新潟県_南区_曽野木村２－１－３","1005","農業経営体_計","経営体","-"
"1045","新潟県_南区_曽野木村２－１－３","1006","農業経営体_個人経営","経営体","-"
"1045","新潟県_南区_曽野木村２－１－３","1007","農業経営体_団体経営","経営体","-"
"1045","新潟県_南区_曽野木村２－１－３","1008","農業経営体_団体経営_法人経営","経営体","-"
"1045","新潟県_南区_曽野木村２－１－３","1009","林業経営体_計","経営体","-"
"1045","新潟県_南区_曽野木村２－１－３","1010","林業経営体_個人経営","経営体","-"
"1045","新潟県_南区_曽野木村２－１－３","1011","林業経営体_団体経営","経営体","-"
"1045","新潟県_南区_曽野木村２－１－３","1012","林業経営体_団体経営_法人経営","経営体","-"
"1046","新潟県_南区_曽野木村２－２","1001","農林業経営体_計","経営体","-"
"1046","新潟県_南区_曽野木村２－２","1002","農林業経営体_個人経営","経営体","-"
"1046","新潟県_南区_曽野木村２－２","1003","農林業経営体_団体経営","経営体","-"
"1046","新潟県_南区_曽野木村２－２","1004","農林業経営体_団体経営_法人経営","経営体","-"
"1046","新潟県_南区_曽野木村２－２","1005","農業経営体_計","経営体","-"
"1046","新潟県_南区_曽野木村２－２","1006","農業経営体_個人経営","経営体","-"
"1046","新潟県_南区_曽野木村２－２","1007","農業経営体_団体経営","経営体","-"
"1046","新潟県_南区_曽野木村２－２","1008","農業経営体_団体経営_法人経営","経営体","-"
"1046","新潟県_南区_曽野木村２－２","1009","林業経営体_計","経営体","-"
"1046","新潟県_南区_曽野木村２－２","1010","林業経営体_個人経営","経営体","-"
"1046","新潟県_南区_曽野木村２－２","1011","林業経営体_団体経営","経営体","-"
"1046","新潟県_南区_曽野木村２－２","1012","林業経営体_団体経営_法人経営","経営体","-"
"1047","新潟県_南区_味方村","1001","農林業経営体_計","経営体","158"
"1047","新潟県_南区_味方村","1002","農林業経営体_個人経営","経営体","152"
"1047","新潟県_南区_味方村","1003","農林業経営体_団体経営","経営体","6"
"1047","新潟県_南区_味方村","1004","農林業経営体_団体経営_法人経営","経営体","6"
"1047","新潟県_南区_味方村","1005","農業経営体_計","経営体","158"
"1047","新潟県_南区_味方村","1006","農業経営体_個人経営","経営体","152"
"1047","新潟県_南区_味方村","1007","農業経営体_団体経営","経営体","6"
"1047","新潟県_南区_味方村","1008","農業経営体_団体経営_法人経営","経営体","6"
"1047","新潟県_南区_味方村","1009","林業経営体_計","経営体","-"
"1047","新潟県_南区_味方村","1010","林業経営体_個人経営","経営体","-"
"1047","新潟県_南区_味方村","1011","林業経営体_団体経営","経営体","-"
"1047","新潟県_南区_味方村","1012","林業経営体_団体経営_法人経営","経営体","-"
"1048","新潟県_南区_月潟村","1001","農林業経営体_計","経営体","139"
"1048","新潟県_南区_月潟村","1002","農林業経営体_個人経営","経営体","134"
"1048","新潟県_南区_月潟村","1003","農林業経営体_団体経営","経営体","5"
"1048","新潟県_南区_月潟村","1004","農林業経営体_団体経営_法人経営","経営体","3"
"1048","新潟県_南区_月潟村","1005","農業経営体_計","経営体","139"
"1048","新潟県_南区_月潟村","1006","農業経営体_個人経営","経営体","134"
"1048","新潟県_南区_月潟村","1007","農業経営体_団体経営","経営体","5"
"1048","新潟県_南区_月潟村","1008","農業経営体_団体経営_法人経営","経営体","3"
"1048","新潟県_南区_月潟村","1009","林業経営体_計","経営体","-"
"1048","新潟県_南区_月潟村","1010","林業経営体_個人経営","経営体","-"
"1048","新潟県_南区_月潟村","1011","林業経営体_団体経営","経営体","-"
"1048","新潟県_南区_月潟村","1012","林業経営体_団体経営_法人経営","経営体","-"
"1049","新潟県_西区","1001","農林業経営体_計","経営体","927"
"1049","新潟県_西区","1002","農林業経営体_個人経営","経営体","913"
"1049","新潟県_西区","1003","農林業経営体_団体経営","経営体","14"
"1049","新潟県_西区","1004","農林業経営体_団体経営_法人経営","経営体","14"
"1049","新潟県_西区","1005","農業経営体_計","経営体","925"
"1049","新潟県_西区","1006","農業経営体_個人経営","経営体","913"
"1049","新潟県_西区","1007","農業経営体_団体経営","経営体","12"
"1049","新潟県_西区","1008","農業経営体_団体経営_法人経営","経営体","12"
"1049","新潟県_西区","1009","林業経営体_計","経営体","2"
"1049","新潟県_西区","1010","林業経営体_個人経営","経営体","-"
"1049","新潟県_西区","1011","林業経営体_団体経営","経営体","2"
"1049","新潟県_西区","1012","林業経営体_団体経営_法人経営","経営体","2"
"1050","新潟県_西区_坂井輪村","1001","農林業経営体_計","経営体","162"
"1050","新潟県_西区_坂井輪村","1002","農林業経営体_個人経営","経営体","161"
"1050","新潟県_西区_坂井輪村","1003","農林業経営体_団体経営","経営体","1"
"1050","新潟県_西区_坂井輪村","1004","農林業経営体_団体経営_法人経営","経営体","1"
"1050","新潟県_西区_坂井輪村","1005","農業経営体_計","経営体","162"
"1050","新潟県_西区_坂井輪村","1006","農業経営体_個人経営","経営体","161"
"1050","新潟県_西区_坂井輪村","1007","農業経営体_団体経営","経営体","1"
"1050","新潟県_西区_坂井輪村","1008","農業経営体_団体経営_法人経営","経営体","1"
"1050","新潟県_西区_坂井輪村","1009","林業経営体_計","経営体","-"
"1050","新潟県_西区_坂井輪村","1010","林業経営体_個人経営","経営体","-"
"1050","新潟県_西区_坂井輪村","1011","林業経営体_団体経営","経営体","-"
"1050","新潟県_西区_坂井輪村","1012","林業経営体_団体経営_法人経営","経営体","-"
"1051","新潟県_西区_内野町","1001","農林業経営体_計","経営体","54"
"1051","新潟県_西区_内野町","1002","農林業経営体_個人経営","経営体","52"
"1051","新潟県_西区_内野町","1003","農林業経営体_団体経営","経営体","2"
"1051","新潟県_西区_内野町","1004","農林業経営体_団体経営_法人経営","経営体","2"
"1051","新潟県_西区_内野町","1005","農業経営体_計","経営体","54"
"1051","新潟県_西区_内野町","1006","農業経営体_個人経営","経営体","52"
"1051","新潟県_西区_内野町","1007","農業経営体_団体経営","経営体","2"
"1051","新潟県_西区_内野町","1008","農業経営体_団体経営_法人経営","経営体","2"
"1051","新潟県_西区_内野町","1009","林業経営体_計","経営体","-"
"1051","新潟県_西区_内野町","1010","林業経営体_個人経営","経営体","-"
"1051","新潟県_西区_内野町","1011","林業経営体_団体経営","経営体","-"
"1051","新潟県_西区_内野町","1012","林業経営体_団体経営_法人経営","経営体","-"
"1052","新潟県_西区_赤塚村","1001","農林業経営体_計","経営体","164"
"1052","新潟県_西区_赤塚村","1002","農林業経営体_個人経営","経営体","161"
"1052","新潟県_西区_赤塚村","1003","農林業経営体_団体経営","経営体","3"
"1052","新潟県_西区_赤塚村","1004","農林業経営体_団体経営_法人経営","経営体","3"
"1052","新潟県_西区_赤塚村","1005","農業経営体_計","経営体","163"
"1052","新潟県_西区_赤塚村","1006","農業経営体_個人経営","経営体","161"
"1052","新潟県_西区_赤塚村","1007","農業経営体_団体経営","経営体","2"
"1052","新潟県_西区_赤塚村","1008","農業経営体_団体経営_法人経営","経営体","2"
"1052","新潟県_西区_赤塚村","1009","林業経営体_計","経営体","1"
"1052","新潟県_西区_赤塚村","1010","林業経営体_個人経営","経営体","-"
"1052","新潟県_西区_赤塚村","1011","林業経営体_団体経営","経営体","1"
"1052","新潟県_西区_赤塚村","1012","林業経営体_団体経営_法人経営","経営体","1"
"1053","新潟県_西区_中野小屋村","1001","農林業経営体_計","経営体","229"
"1053","新潟県_西区_中野小屋村","1002","農林業経営体_個人経営","経営体","227"
"1053","新潟県_西区_中野小屋村","1003","農林業経営体_団体経営","経営体","2"
"1053","新潟県_西区_中野小屋村","1004","農林業経営体_団体経営_法人経営","経営体","2"
"1053","新潟県_西区_中野小屋村","1005","農業経営体_計","経営体","228"
"1053","新潟県_西区_中野小屋村","1006","農業経営体_個人経営","経営体","227"
"1053","新潟県_西区_中野小屋村","1007","農業経営体_団体経営","経営体","1"
"1053","新潟県_西区_中野小屋村","1008","農業経営体_団体経営_法人経営","経営体","1"
"1053","新潟県_西区_中野小屋村","1009","林業経営体_計","経営体","1"
"1053","新潟県_西区_中野小屋村","1010","林業経営体_個人経営","経営体","-"
"1053","新潟県_西区_中野小屋村","1011","林業経営体_団体経営","経営体","1"
"1053","新潟県_西区_中野小屋村","1012","林業経営体_団体経営_法人経営","経営体","1"
"1054","新潟県_西区_黒埼町","1001","農林業経営体_計","経営体","312"
"1054","新潟県_西区_黒埼町","1002","農林業経営体_個人経営","経営体","306"
"1054","新潟県_西区_黒埼町","1003","農林業経営体_団体経営","経営体","6"
"1054","新潟県_西区_黒埼町","1004","農林業経営体_団体経営_法人経営","経営体","6"
"1054","新潟県_西区_黒埼町","1005","農業経営体_計","経営体","312"
"1054","新潟県_西区_黒埼町","1006","農業経営体_個人経営","経営体","306"
"1054","新潟県_西区_黒埼町","1007","農業経営体_団体経営","経営体","6"
"1054","新潟県_西区_黒埼町","1008","農業経営体_団体経営_法人経営","経営体","6"
"1054","新潟県_西区_黒埼町","1009","林業経営体_計","経営体","-"
"1054","新潟県_西区_黒埼町","1010","林業経営体_個人経営","経営体","-"
"1054","新潟県_西区_黒埼町","1011","林業経営体_団体経営","経営体","-"
"1054","新潟県_西区_黒埼町","1012","林業経営体_団体経営_法人経営","経営体","-"
"1055","新潟県_西区_角田村２－１","1001","農林業経営体_計","経営体","6"
"1055","新潟県_西区_角田村２－１","1002","農林業経営体_個人経営","経営体","6"
"1055","新潟県_西区_角田村２－１","1003","農林業経営体_団体経営","経営体","-"
"1055","新潟県_西区_角田村２－１","1004","農林業経営体_団体経営_法人経営","経営体","-"
"1055","新潟県_西区_角田村２－１","1005","農業経営体_計","経営体","6"
"1055","新潟県_西区_角田村２－１","1006","農業経営体_個人経営","経営体","6"
"1055","新潟県_西区_角田村２－１","1007","農業経営体_団体経営","経営体","-"
"1055","新潟県_西区_角田村２－１","1008","農業経営体_団体経営_法人経営","経営体","-"
"1055","新潟県_西区_角田村２－１","1009","林業経営体_計","経営体","-"
"1055","新潟県_西区_角田村２－１","1010","林業経営体_個人経営","経営体","-"
"1055","新潟県_西区_角田村２－１","1011","林業経営体_団体経営","経営体","-"
"1055","新潟県_西区_角田村２－１","1012","林業経営体_団体経営_法人経営","経営体","-"
"1056","新潟県_西蒲区","1001","農林業経営体_計","経営体","1677"
"1056","新潟県_西蒲区","1002","農林業経営体_個人経営","経営体","1623"
"1056","新潟県_西蒲区","1003","農林業経営体_団体経営","経営体","54"
"1056","新潟県_西蒲区","1004","農林業経営体_団体経営_法人経営","経営体","51"
"1056","新潟県_西蒲区","1005","農業経営体_計","経営体","1676"
"1056","新潟県_西蒲区","1006","農業経営体_個人経営","経営体","1622"
"1056","新潟県_西蒲区","1007","農業経営体_団体経営","経営体","54"
"1056","新潟県_西蒲区","1008","農業経営体_団体経営_法人経営","経営体","51"
"1056","新潟県_西蒲区","1009","林業経営体_計","経営体","5"
"1056","新潟県_西蒲区","1010","林業経営体_個人経営","経営体","5"
"1056","新潟県_西蒲区","1011","林業経営体_団体経営","経営体","-"
"1056","新潟県_西蒲区","1012","林業経営体_団体経営_法人経営","経営体","-"
"1057","新潟県_西蒲区_岩室村","1001","農林業経営体_計","経営体","149"
"1057","新潟県_西蒲区_岩室村","1002","農林業経営体_個人経営","経営体","140"
"1057","新潟県_西蒲区_岩室村","1003","農林業経営体_団体経営","経営体","9"
"1057","新潟県_西蒲区_岩室村","1004","農林業経営体_団体経営_法人経営","経営体","8"
"1057","新潟県_西蒲区_岩室村","1005","農業経営体_計","経営体","149"
"1057","新潟県_西蒲区_岩室村","1006","農業経営体_個人経営","経営体","140"
"1057","新潟県_西蒲区_岩室村","1007","農業経営体_団体経営","経営体","9"
"1057","新潟県_西蒲区_岩室村","1008","農業経営体_団体経営_法人経営","経営体","8"
"1057","新潟県_西蒲区_岩室村","1009","林業経営体_計","経営体","1"
"1057","新潟県_西蒲区_岩室村","1010","林業経営体_個人経営","経営体","1"
"1057","新潟県_西蒲区_岩室村","1011","林業経営体_団体経営","経営体","-"
"1057","新潟県_西蒲区_岩室村","1012","林業経営体_団体経営_法人経営","経営体","-"
"1058","新潟県_西蒲区_間瀬村","1001","農林業経営体_計","経営体","-"
"1058","新潟県_西蒲区_間瀬村","1002","農林業経営体_個人経営","経営体","-"
"1058","新潟県_西蒲区_間瀬村","1003","農林業経営体_団体経営","経営体","-"
"1058","新潟県_西蒲区_間瀬村","1004","農林業経営体_団体経営_法人経営","経営体","-"
"1058","新潟県_西蒲区_間瀬村","1005","農業経営体_計","経営体","-"
"1058","新潟県_西蒲区_間瀬村","1006","農業経営体_個人経営","経営体","-"
"1058","新潟県_西蒲区_間瀬村","1007","農業経営体_団体経営","経営体","-"
"1058","新潟県_西蒲区_間瀬村","1008","農業経営体_団体経営_法人経営","経営体","-"
"1058","新潟県_西蒲区_間瀬村","1009","林業経営体_計","経営体","-"
"1058","新潟県_西蒲区_間瀬村","1010","林業経営体_個人経営","経営体","-"
"1058","新潟県_西蒲区_間瀬村","1011","林業経営体_団体経営","経営体","-"
"1058","新潟県_西蒲区_間瀬村","1012","林業経営体_団体経営_法人経営","経営体","-"
"1059","新潟県_西蒲区_和納村３－１","1001","農林業経営体_計","経営体","58"
"1059","新潟県_西蒲区_和納村３－１","1002","農林業経営体_個人経営","経営体","56"
"1059","新潟県_西蒲区_和納村３－１","1003","農林業経営体_団体経営","経営体","2"
"1059","新潟県_西蒲区_和納村３－１","1004","農林業経営体_団体経営_法人経営","経営体","2"
"1059","新潟県_西蒲区_和納村３－１","1005","農業経営体_計","経営体","58"
"1059","新潟県_西蒲区_和納村３－１","1006","農業経営体_個人経営","経営体","56"
"1059","新潟県_西蒲区_和納村３－１","1007","農業経営体_団体経営","経営体","2"
"1059","新潟県_西蒲区_和納村３－１","1008","農業経営体_団体経営_法人経営","経営体","2"
"1059","新潟県_西蒲区_和納村３－１","1009","林業経営体_計","経営体","-"
"1059","新潟県_西蒲区_和納村３－１","1010","林業経営体_個人経営","経営体","-"
"1059","新潟県_西蒲区_和納村３－１","1011","林業経営体_団体経営","経営体","-"
"1059","新潟県_西蒲区_和納村３－１","1012","林業経営体_団体経営_法人経営","経営体","-"
"1060","新潟県_西蒲区_鎧郷村２－１","1001","農林業経営体_計","経営体","127"
"1060","新潟県_西蒲区_鎧郷村２－１","1002","農林業経営体_個人経営","経営体","124"
"1060","新潟県_西蒲区_鎧郷村２－１","1003","農林業経営体_団体経営","経営体","3"
"1060","新潟県_西蒲区_鎧郷村２－１","1004","農林業経営体_団体経営_法人経営","経営体","3"
"1060","新潟県_西蒲区_鎧郷村２－１","1005","農業経営体_計","経営体","127"
"1060","新潟県_西蒲区_鎧郷村２－１","1006","農業経営体_個人経営","経営体","124"
"1060","新潟県_西蒲区_鎧郷村２－１","1007","農業経営体_団体経営","経営体","3"
"1060","新潟県_西蒲区_鎧郷村２－１","1008","農業経営体_団体経営_法人経営","経営体","3"
"1060","新潟県_西蒲区_鎧郷村２－１","1009","林業経営体_計","経営体","1"
"1060","新潟県_西蒲区_鎧郷村２－１","1010","林業経営体_個人経営","経営体","1"
"1060","新潟県_西蒲区_鎧郷村２－１","1011","林業経営体_団体経営","経営体","-"
"1060","新潟県_西蒲区_鎧郷村２－１","1012","林業経営体_団体経営_法人経営","経営体","-"
"1061","新潟県_西蒲区_曽根町","1001","農林業経営体_計","経営体","77"
"1061","新潟県_西蒲区_曽根町","1002","農林業経営体_個人経営","経営体","76"
"1061","新潟県_西蒲区_曽根町","1003","農林業経営体_団体経営","経営体","1"
"1061","新潟県_西蒲区_曽根町","1004","農林業経営体_団体経営_法人経営","経営体","1"
"1061","新潟県_西蒲区_曽根町","1005","農業経営体_計","経営体","77"
"1061","新潟県_西蒲区_曽根町","1006","農業経営体_個人経営","経営体","76"
"1061","新潟県_西蒲区_曽根町","1007","農業経営体_団体経営","経営体","1"
"1061","新潟県_西蒲区_曽根町","1008","農業経営体_団体経営_法人経営","経営体","1"
"1061","新潟県_西蒲区_曽根町","1009","林業経営体_計","経営体","-"
"1061","新潟県_西蒲区_曽根町","1010","林業経営体_個人経営","経営体","-"
"1061","新潟県_西蒲区_曽根町","1011","林業経営体_団体経営","経営体","-"
"1061","新潟県_西蒲区_曽根町","1012","林業経営体_団体経営_法人経営","経営体","-"
"1062","新潟県_西蒲区_升潟村","1001","農林業経営体_計","経営体","123"
"1062","新潟県_西蒲区_升潟村","1002","農林業経営体_個人経営","経営体","123"
"1062","新潟県_西蒲区_升潟村","1003","農林業経営体_団体経営","経営体","-"
"1062","新潟県_西蒲区_升潟村","1004","農林業経営体_団体経営_法人経営","経営体","-"
"1062","新潟県_西蒲区_升潟村","1005","農業経営体_計","経営体","123"
"1062","新潟県_西蒲区_升潟村","1006","農業経営体_個人経営","経営体","123"
"1062","新潟県_西蒲区_升潟村","1007","農業経営体_団体経営","経営体","-"
"1062","新潟県_西蒲区_升潟村","1008","農業経営体_団体経営_法人経営","経営体","-"
"1062","新潟県_西蒲区_升潟村","1009","林業経営体_計","経営体","-"
"1062","新潟県_西蒲区_升潟村","1010","林業経営体_個人経営","経営体","-"
"1062","新潟県_西蒲区_升潟村","1011","林業経営体_団体経営","経営体","-"
"1062","新潟県_西蒲区_升潟村","1012","林業経営体_団体経営_法人経営","経営体","-"
"1063","新潟県_西蒲区_四ツ合村２－２","1001","農林業経営体_計","経営体","2"
"1063","新潟県_西蒲区_四ツ合村２－２","1002","農林業経営体_個人経営","経営体","2"
"1063","新潟県_西蒲区_四ツ合村２－２","1003","農林業経営体_団体経営","経営体","-"
"1063","新潟県_西蒲区_四ツ合村２－２","1004","農林業経営体_団体経営_法人経営","経営体","-"
"1063","新潟県_西蒲区_四ツ合村２－２","1005","農業経営体_計","経営体","2"
"1063","新潟県_西蒲区_四ツ合村２－２","1006","農業経営体_個人経営","経営体","2"
"1063","新潟県_西蒲区_四ツ合村２－２","1007","農業経営体_団体経営","経営体","-"
"1063","新潟県_西蒲区_四ツ合村２－２","1008","農業経営体_団体経営_法人経営","経営体","-"
"1063","新潟県_西蒲区_四ツ合村２－２","1009","林業経営体_計","経営体","-"
"1063","新潟県_西蒲区_四ツ合村２－２","1010","林業経営体_個人経営","経営体","-"
"1063","新潟県_西蒲区_四ツ合村２－２","1011","林業経営体_団体経営","経営体","-"
"1063","新潟県_西蒲区_四ツ合村２－２","1012","林業経営体_団体経営_法人経営","経営体","-"
"1064","新潟県_西蒲区_四ツ合村２－１","1001","農林業経営体_計","経営体","194"
"1064","新潟県_西蒲区_四ツ合村２－１","1002","農林業経営体_個人経営","経営体","188"
"1064","新潟県_西蒲区_四ツ合村２－１","1003","農林業経営体_団体経営","経営体","6"
"1064","新潟県_西蒲区_四ツ合村２－１","1004","農林業経営体_団体経営_法人経営","経営体","4"
"1064","新潟県_西蒲区_四ツ合村２－１","1005","農業経営体_計","経営体","194"
"1064","新潟県_西蒲区_四ツ合村２－１","1006","農業経営体_個人経営","経営体","188"
"1064","新潟県_西蒲区_四ツ合村２－１","1007","農業経営体_団体経営","経営体","6"
"1064","新潟県_西蒲区_四ツ合村２－１","1008","農業経営体_団体経営_法人経営","経営体","4"
"1064","新潟県_西蒲区_四ツ合村２－１","1009","林業経営体_計","経営体","-"
"1064","新潟県_西蒲区_四ツ合村２－１","1010","林業経営体_個人経営","経営体","-"
"1064","新潟県_西蒲区_四ツ合村２－１","1011","林業経営体_団体経営","経営体","-"
"1064","新潟県_西蒲区_四ツ合村２－１","1012","林業経営体_団体経営_法人経営","経営体","-"
"1065","新潟県_西蒲区_大原村","1001","農林業経営体_計","経営体","119"
"1065","新潟県_西蒲区_大原村","1002","農林業経営体_個人経営","経営体","116"
"1065","新潟県_西蒲区_大原村","1003","農林業経営体_団体経営","経営体","3"
"1065","新潟県_西蒲区_大原村","1004","農林業経営体_団体経営_法人経営","経営体","3"
"1065","新潟県_西蒲区_大原村","1005","農業経営体_計","経営体","119"
"1065","新潟県_西蒲区_大原村","1006","農業経営体_個人経営","経営体","116"
"1065","新潟県_西蒲区_大原村","1007","農業経営体_団体経営","経営体","3"
"1065","新潟県_西蒲区_大原村","1008","農業経営体_団体経営_法人経営","経営体","3"
"1065","新潟県_西蒲区_大原村","1009","林業経営体_計","経営体","-"
"1065","新潟県_西蒲区_大原村","1010","林業経営体_個人経営","経営体","-"
"1065","新潟県_西蒲区_大原村","1011","林業経営体_団体経営","経営体","-"
"1065","新潟県_西蒲区_大原村","1012","林業経営体_団体経営_法人経営","経営体","-"
"1066","新潟県_西蒲区_小吉村","1001","農林業経営体_計","経営体","124"
"1066","新潟県_西蒲区_小吉村","1002","農林業経営体_個人経営","経営体","122"
"1066","新潟県_西蒲区_小吉村","1003","農林業経営体_団体経営","経営体","2"
"1066","新潟県_西蒲区_小吉村","1004","農林業経営体_団体経営_法人経営","経営体","2"
"1066","新潟県_西蒲区_小吉村","1005","農業経営体_計","経営体","124"
"1066","新潟県_西蒲区_小吉村","1006","農業経営体_個人経営","経営体","122"
"1066","新潟県_西蒲区_小吉村","1007","農業経営体_団体経営","経営体","2"
"1066","新潟県_西蒲区_小吉村","1008","農業経営体_団体経営_法人経営","経営体","2"
"1066","新潟県_西蒲区_小吉村","1009","林業経営体_計","経営体","-"
"1066","新潟県_西蒲区_小吉村","1010","林業経営体_個人経営","経営体","-"
"1066","新潟県_西蒲区_小吉村","1011","林業経営体_団体経営","経営体","-"
"1066","新潟県_西蒲区_小吉村","1012","林業経営体_団体経営_法人経営","経営体","-"
"1067","新潟県_西蒲区_道上村","1001","農林業経営体_計","経営体","95"
"1067","新潟県_西蒲区_道上村","1002","農林業経営体_個人経営","経営体","86"
"1067","新潟県_西蒲区_道上村","1003","農林業経営体_団体経営","経営体","9"
"1067","新潟県_西蒲区_道上村","1004","農林業経営体_団体経営_法人経営","経営体","9"
"1067","新潟県_西蒲区_道上村","1005","農業経営体_計","経営体","95"
"1067","新潟県_西蒲区_道上村","1006","農業経営体_個人経営","経営体","86"
"1067","新潟県_西蒲区_道上村","1007","農業経営体_団体経営","経営体","9"
"1067","新潟県_西蒲区_道上村","1008","農業経営体_団体経営_法人経営","経営体","9"
"1067","新潟県_西蒲区_道上村","1009","林業経営体_計","経営体","-"
"1067","新潟県_西蒲区_道上村","1010","林業経営体_個人経営","経営体","-"
"1067","新潟県_西蒲区_道上村","1011","林業経営体_団体経営","経営体","-"
"1067","新潟県_西蒲区_道上村","1012","林業経営体_団体経営_法人経営","経営体","-"
"1068","新潟県_西蒲区_松長村２－２","1001","農林業経営体_計","経営体","31"
"1068","新潟県_西蒲区_松長村２－２","1002","農林業経営体_個人経営","経営体","29"
"1068","新潟県_西蒲区_松長村２－２","1003","農林業経営体_団体経営","経営体","2"
"1068","新潟県_西蒲区_松長村２－２","1004","農林業経営体_団体経営_法人経営","経営体","2"
"1068","新潟県_西蒲区_松長村２－２","1005","農業経営体_計","経営体","31"
"1068","新潟県_西蒲区_松長村２－２","1006","農業経営体_個人経営","経営体","29"
"1068","新潟県_西蒲区_松長村２－２","1007","農業経営体_団体経営","経営体","2"
"1068","新潟県_西蒲区_松長村２－２","1008","農業経営体_団体経営_法人経営","経営体","2"
"1068","新潟県_西蒲区_松長村２－２","1009","林業経営体_計","経営体","-"
"1068","新潟県_西蒲区_松長村２－２","1010","林業経営体_個人経営","経営体","-"
"1068","新潟県_西蒲区_松長村２－２","1011","林業経営体_団体経営","経営体","-"
"1068","新潟県_西蒲区_松長村２－２","1012","林業経営体_団体経営_法人経営","経営体","-"
"1069","新潟県_西蒲区_巻町","1001","農林業経営体_計","経営体","73"
"1069","新潟県_西蒲区_巻町","1002","農林業経営体_個人経営","経営体","70"
"1069","新潟県_西蒲区_巻町","1003","農林業経営体_団体経営","経営体","3"
"1069","新潟県_西蒲区_巻町","1004","農林業経営体_団体経営_法人経営","経営体","3"
"1069","新潟県_西蒲区_巻町","1005","農業経営体_計","経営体","73"
"1069","新潟県_西蒲区_巻町","1006","農業経営体_個人経営","経営体","70"
"1069","新潟県_西蒲区_巻町","1007","農業経営体_団体経営","経営体","3"
"1069","新潟県_西蒲区_巻町","1008","農業経営体_団体経営_法人経営","経営体","3"
"1069","新潟県_西蒲区_巻町","1009","林業経営体_計","経営体","-"
"1069","新潟県_西蒲区_巻町","1010","林業経営体_個人経営","経営体","-"
"1069","新潟県_西蒲区_巻町","1011","林業経営体_団体経営","経営体","-"
"1069","新潟県_西蒲区_巻町","1012","林業経営体_団体経営_法人経営","経営体","-"
"1070","新潟県_西蒲区_鎧郷村２－２","1001","農林業経営体_計","経営体","38"
"1070","新潟県_西蒲区_鎧郷村２－２","1002","農林業経営体_個人経営","経営体","36"
"1070","新潟県_西蒲区_鎧郷村２－２","1003","農林業経営体_団体経営","経営体","2"
"1070","新潟県_西蒲区_鎧郷村２－２","1004","農林業経営体_団体経営_法人経営","経営体","2"
"1070","新潟県_西蒲区_鎧郷村２－２","1005","農業経営体_計","経営体","38"
"1070","新潟県_西蒲区_鎧郷村２－２","1006","農業経営体_個人経営","経営体","36"
"1070","新潟県_西蒲区_鎧郷村２－２","1007","農業経営体_団体経営","経営体","2"
"1070","新潟県_西蒲区_鎧郷村２－２","1008","農業経営体_団体経営_法人経営","経営体","2"
"1070","新潟県_西蒲区_鎧郷村２－２","1009","林業経営体_計","経営体","-"
"1070","新潟県_西蒲区_鎧郷村２－２","1010","林業経営体_個人経営","経営体","-"
"1070","新潟県_西蒲区_鎧郷村２－２","1011","林業経営体_団体経営","経営体","-"
"1070","新潟県_西蒲区_鎧郷村２－２","1012","林業経営体_団体経営_法人経営","経営体","-"
"1071","新潟県_西蒲区_漆山村","1001","農林業経営体_計","経営体","199"
"1071","新潟県_西蒲区_漆山村","1002","農林業経営体_個人経営","経営体","196"
"1071","新潟県_西蒲区_漆山村","1003","農林業経営体_団体経営","経営体","3"
"1071","新潟県_西蒲区_漆山村","1004","農林業経営体_団体経営_法人経営","経営体","3"
"1071","新潟県_西蒲区_漆山村","1005","農業経営体_計","経営体","199"
"1071","新潟県_西蒲区_漆山村","1006","農業経営体_個人経営","経営体","196"
"1071","新潟県_西蒲区_漆山村","1007","農業経営体_団体経営","経営体","3"
"1071","新潟県_西蒲区_漆山村","1008","農業経営体_団体経営_法人経営","経営体","3"
"1071","新潟県_西蒲区_漆山村","1009","林業経営体_計","経営体","-"
"1071","新潟県_西蒲区_漆山村","1010","林業経営体_個人経営","経営体","-"
"1071","新潟県_西蒲区_漆山村","1011","林業経営体_団体経営","経営体","-"
"1071","新潟県_西蒲区_漆山村","1012","林業経営体_団体経営_法人経営","経営体","-"
"1072","新潟県_西蒲区_峰岡村","1001","農林業経営体_計","経営体","156"
"1072","新潟県_西蒲区_峰岡村","1002","農林業経営体_個人経営","経営体","153"
"1072","新潟県_西蒲区_峰岡村","1003","農林業経営体_団体経営","経営体","3"
"1072","新潟県_西蒲区_峰岡村","1004","農林業経営体_団体経営_法人経営","経営体","3"
"1072","新潟県_西蒲区_峰岡村","1005","農業経営体_計","経営体","155"
"1072","新潟県_西蒲区_峰岡村","1006","農業経営体_個人経営","経営体","152"
"1072","新潟県_西蒲区_峰岡村","1007","農業経営体_団体経営","経営体","3"
"1072","新潟県_西蒲区_峰岡村","1008","農業経営体_団体経営_法人経営","経営体","3"
"1072","新潟県_西蒲区_峰岡村","1009","林業経営体_計","経営体","3"
"1072","新潟県_西蒲区_峰岡村","1010","林業経営体_個人経営","経営体","3"
"1072","新潟県_西蒲区_峰岡村","1011","林業経営体_団体経営","経営体","-"
"1072","新潟県_西蒲区_峰岡村","1012","林業経営体_団体経営_法人経営","経営体","-"
"1073","新潟県_西蒲区_松野尾村","1001","農林業経営体_計","経営体","63"
"1073","新潟県_西蒲区_松野尾村","1002","農林業経営体_個人経営","経営体","59"
"1073","新潟県_西蒲区_松野尾村","1003","農林業経営体_団体経営","経営体","4"
"1073","新潟県_西蒲区_松野尾村","1004","農林業経営体_団体経営_法人経営","経営体","4"
"1073","新潟県_西蒲区_松野尾村","1005","農業経営体_計","経営体","63"
"1073","新潟県_西蒲区_松野尾村","1006","農業経営体_個人経営","経営体","59"
"1073","新潟県_西蒲区_松野尾村","1007","農業経営体_団体経営","経営体","4"
"1073","新潟県_西蒲区_松野尾村","1008","農業経営体_団体経営_法人経営","経営体","4"
"1073","新潟県_西蒲区_松野尾村","1009","林業経営体_計","経営体","-"
"1073","新潟県_西蒲区_松野尾村","1010","林業経営体_個人経営","経営体","-"
"1073","新潟県_西蒲区_松野尾村","1011","林業経営体_団体経営","経営体","-"
"1073","新潟県_西蒲区_松野尾村","1012","林業経営体_団体経営_法人経営","経営体","-"
"1074","新潟県_西蒲区_角田村２－２","1001","農林業経営体_計","経営体","25"
"1074","新潟県_西蒲区_角田村２－２","1002","農林業経営体_個人経営","経営体","23"
"1074","新潟県_西蒲区_角田村２－２","1003","農林業経営体_団体経営","経営体","2"
"1074","新潟県_西蒲区_角田村２－２","1004","農林業経営体_団体経営_法人経営","経営体","2"
"1074","新潟県_西蒲区_角田村２－２","1005","農業経営体_計","経営体","25"
"1074","新潟県_西蒲区_角田村２－２","1006","農業経営体_個人経営","経営体","23"
"1074","新潟県_西蒲区_角田村２－２","1007","農業経営体_団体経営","経営体","2"
"1074","新潟県_西蒲区_角田村２－２","1008","農業経営体_団体経営_法人経営","経営体","2"
"1074","新潟県_西蒲区_角田村２－２","1009","林業経営体_計","経営体","-"
"1074","新潟県_西蒲区_角田村２－２","1010","林業経営体_個人経営","経営体","-"
"1074","新潟県_西蒲区_角田村２－２","1011","林業経営体_団体経営","経営体","-"
"1074","新潟県_西蒲区_角田村２－２","1012","林業経営体_団体経営_法人経営","経営体","-"
"1075","新潟県_西蒲区_浦浜村","1001","農林業経営体_計","経営体","-"
"1075","新潟県_西蒲区_浦浜村","1002","農林業経営体_個人経営","経営体","-"
"1075","新潟県_西蒲区_浦浜村","1003","農林業経営体_団体経営","経営体","-"
"1075","新潟県_西蒲区_浦浜村","1004","農林業経営体_団体経営_法人経営","経営体","-"
"1075","新潟県_西蒲区_浦浜村","1005","農業経営体_計","経営体","-"
"1075","新潟県_西蒲区_浦浜村","1006","農業経営体_個人経営","経営体","-"
"1075","新潟県_西蒲区_浦浜村","1007","農業経営体_団体経営","経営体","-"
"1075","新潟県_西蒲区_浦浜村","1008","農業経営体_団体経営_法人経営","経営体","-"
"1075","新潟県_西蒲区_浦浜村","1009","林業経営体_計","経営体","-"
"1075","新潟県_西蒲区_浦浜村","1010","林業経営体_個人経営","経営体","-"
"1075","新潟県_西蒲区_浦浜村","1011","林業経営体_団体経営","経営体","-"
"1075","新潟県_西蒲区_浦浜村","1012","林業経営体_団体経営_法人経営","経営体","-"
"1076","新潟県_西蒲区_和納村３－３","1001","農林業経営体_計","経営体","24"
"1076","新潟県_西蒲区_和納村３－３","1002","農林業経営体_個人経営","経営体","24"
"1076","新潟県_西蒲区_和納村３－３","1003","農林業経営体_団体経営","経営体","-"
"1076","新潟県_西蒲区_和納村３－３","1004","農林業経営体_団体経営_法人経営","経営体","-"
"1076","新潟県_西蒲区_和納村３－３","1005","農業経営体_計","経営体","24"
"1076","新潟県_西蒲区_和納村３－３","1006","農業経営体_個人経営","経営体","24"
"1076","新潟県_西蒲区_和納村３－３","1007","農業経営体_団体経営","経営体","-"
"1076","新潟県_西蒲区_和納村３－３","1008","農業経営体_団体経営_法人経営","経営体","-"
"1076","新潟県_西蒲区_和納村３－３","1009","林業経営体_計","経営体","-"
"1076","新潟県_西蒲区_和納村３－３","1010","林業経営体_個人経営","経営体","-"
"1076","新潟県_西蒲区_和納村３－３","1011","林業経営体_団体経営","経営体","-"
"1076","新潟県_西蒲区_和納村３－３","1012","林業経営体_団体経営_法人経営","経営体","-"
"1077","新潟県_長岡市","1001","農林業経営体_計","経営体","3798"
"1077","新潟県_長岡市","1002","農林業経営体_個人経営","経営体","3596"
"1077","新潟県_長岡市","1003","農林業経営体_団体経営","経営体","202"
"1077","新潟県_長岡市","1004","農林業経営体_団体経営_法人経営","経営体","142"
"1077","新潟県_長岡市","1005","農業経営体_計","経営体","3795"
"1077","新潟県_長岡市","1006","農業経営体_個人経営","経営体","3596"
"1077","新潟県_長岡市","1007","農業経営体_団体経営","経営体","199"
"1077","新潟県_長岡市","1008","農業経営体_団体経営_法人経営","経営体","139"
"1077","新潟県_長岡市","1009","林業経営体_計","経営体","12"
"1077","新潟県_長岡市","1010","林業経営体_個人経営","経営体","9"
"1077","新潟県_長岡市","1011","林業経営体_団体経営","経営体","3"
"1077","新潟県_長岡市","1012","林業経営体_団体経営_法人経営","経営体","3"
"1078","新潟県_長岡市_長岡市","1001","農林業経営体_計","経営体","81"
"1078","新潟県_長岡市_長岡市","1002","農林業経営体_個人経営","経営体","73"
"1078","新潟県_長岡市_長岡市","1003","農林業経営体_団体経営","経営体","8"
"1078","新潟県_長岡市_長岡市","1004","農林業経営体_団体経営_法人経営","経営体","5"
"1078","新潟県_長岡市_長岡市","1005","農業経営体_計","経営体","81"
"1078","新潟県_長岡市_長岡市","1006","農業経営体_個人経営","経営体","73"
"1078","新潟県_長岡市_長岡市","1007","農業経営体_団体経営","経営体","8"
"1078","新潟県_長岡市_長岡市","1008","農業経営体_団体経営_法人経営","経営体","5"
"1078","新潟県_長岡市_長岡市","1009","林業経営体_計","経営体","1"
"1078","新潟県_長岡市_長岡市","1010","林業経営体_個人経営","経営体","1"
"1078","新潟県_長岡市_長岡市","1011","林業経営体_団体経営","経営体","-"
"1078","新潟県_長岡市_長岡市","1012","林業経営体_団体経営_法人経営","経営体","-"
"1079","新潟県_長岡市_下川西村","1001","農林業経営体_計","経営体","122"
"1079","新潟県_長岡市_下川西村","1002","農林業経営体_個人経営","経営体","120"
"1079","新潟県_長岡市_下川西村","1003","農林業経営体_団体経営","経営体","2"
"1079","新潟県_長岡市_下川西村","1004","農林業経営体_団体経営_法人経営","経営体","1"
"1079","新潟県_長岡市_下川西村","1005","農業経営体_計","経営体","122"
"1079","新潟県_長岡市_下川西村","1006","農業経営体_個人経営","経営体","120"
"1079","新潟県_長岡市_下川西村","1007","農業経営体_団体経営","経営体","2"
"1079","新潟県_長岡市_下川西村","1008","農業経営体_団体経営_法人経営","経営体","1"
"1079","新潟県_長岡市_下川西村","1009","林業経営体_計","経営体","-"
"1079","新潟県_長岡市_下川西村","1010","林業経営体_個人経営","経営体","-"
"1079","新潟県_長岡市_下川西村","1011","林業経営体_団体経営","経営体","-"
"1079","新潟県_長岡市_下川西村","1012","林業経営体_団体経営_法人経営","経営体","-"
"1080","新潟県_長岡市_黒条村","1001","農林業経営体_計","経営体","104"
"1080","新潟県_長岡市_黒条村","1002","農林業経営体_個人経営","経営体","103"
"1080","新潟県_長岡市_黒条村","1003","農林業経営体_団体経営","経営体","1"
"1080","新潟県_長岡市_黒条村","1004","農林業経営体_団体経営_法人経営","経営体","1"
"1080","新潟県_長岡市_黒条村","1005","農業経営体_計","経営体","104"
"1080","新潟県_長岡市_黒条村","1006","農業経営体_個人経営","経営体","103"
"1080","新潟県_長岡市_黒条村","1007","農業経営体_団体経営","経営体","1"
"1080","新潟県_長岡市_黒条村","1008","農業経営体_団体経営_法人経営","経営体","1"
"1080","新潟県_長岡市_黒条村","1009","林業経営体_計","経営体","-"
"1080","新潟県_長岡市_黒条村","1010","林業経営体_個人経営","経営体","-"
"1080","新潟県_長岡市_黒条村","1011","林業経営体_団体経営","経営体","-"
"1080","新潟県_長岡市_黒条村","1012","林業経営体_団体経営_法人経営","経営体","-"
"1081","新潟県_長岡市_栖吉村","1001","農林業経営体_計","経営体","62"
"1081","新潟県_長岡市_栖吉村","1002","農林業経営体_個人経営","経営体","58"
"1081","新潟県_長岡市_栖吉村","1003","農林業経営体_団体経営","経営体","4"
"1081","新潟県_長岡市_栖吉村","1004","農林業経営体_団体経営_法人経営","経営体","4"
"1081","新潟県_長岡市_栖吉村","1005","農業経営体_計","経営体","62"
"1081","新潟県_長岡市_栖吉村","1006","農業経営体_個人経営","経営体","58"
"1081","新潟県_長岡市_栖吉村","1007","農業経営体_団体経営","経営体","4"
"1081","新潟県_長岡市_栖吉村","1008","農業経営体_団体経営_法人経営","経営体","4"
"1081","新潟県_長岡市_栖吉村","1009","林業経営体_計","経営体","-"
"1081","新潟県_長岡市_栖吉村","1010","林業経営体_個人経営","経営体","-"
"1081","新潟県_長岡市_栖吉村","1011","林業経営体_団体経営","経営体","-"
"1081","新潟県_長岡市_栖吉村","1012","林業経営体_団体経営_法人経営","経営体","-"
"1082","新潟県_長岡市_山本村","1001","農林業経営体_計","経営体","95"
"1082","新潟県_長岡市_山本村","1002","農林業経営体_個人経営","経営体","92"
"1082","新潟県_長岡市_山本村","1003","農林業経営体_団体経営","経営体","3"
"1082","新潟県_長岡市_山本村","1004","農林業経営体_団体経営_法人経営","経営体","2"
"1082","新潟県_長岡市_山本村","1005","農業経営体_計","経営体","95"
"1082","新潟県_長岡市_山本村","1006","農業経営体_個人経営","経営体","92"
"1082","新潟県_長岡市_山本村","1007","農業経営体_団体経営","経営体","3"
"1082","新潟県_長岡市_山本村","1008","農業経営体_団体経営_法人経営","経営体","2"
"1082","新潟県_長岡市_山本村","1009","林業経営体_計","経営体","-"
"1082","新潟県_長岡市_山本村","1010","林業経営体_個人経営","経営体","-"
"1082","新潟県_長岡市_山本村","1011","林業経営体_団体経営","経営体","-"
"1082","新潟県_長岡市_山本村","1012","林業経営体_団体経営_法人経営","経営体","-"
"1083","新潟県_長岡市_富曽亀村","1001","農林業経営体_計","経営体","51"
"1083","新潟県_長岡市_富曽亀村","1002","農林業経営体_個人経営","経営体","50"
"1083","新潟県_長岡市_富曽亀村","1003","農林業経営体_団体経営","経営体","1"
"1083","新潟県_長岡市_富曽亀村","1004","農林業経営体_団体経営_法人経営","経営体","1"
"1083","新潟県_長岡市_富曽亀村","1005","農業経営体_計","経営体","51"
"1083","新潟県_長岡市_富曽亀村","1006","農業経営体_個人経営","経営体","50"
"1083","新潟県_長岡市_富曽亀村","1007","農業経営体_団体経営","経営体","1"
"1083","新潟県_長岡市_富曽亀村","1008","農業経営体_団体経営_法人経営","経営体","1"
"1083","新潟県_長岡市_富曽亀村","1009","林業経営体_計","経営体","-"
"1083","新潟県_長岡市_富曽亀村","1010","林業経営体_個人経営","経営体","-"
"1083","新潟県_長岡市_富曽亀村","1011","林業経営体_団体経営","経営体","-"
"1083","新潟県_長岡市_富曽亀村","1012","林業経営体_団体経営_法人経営","経営体","-"
"1084","新潟県_長岡市_新組村２－１","1001","農林業経営体_計","経営体","96"
"1084","新潟県_長岡市_新組村２－１","1002","農林業経営体_個人経営","経営体","92"
"1084","新潟県_長岡市_新組村２－１","1003","農林業経営体_団体経営","経営体","4"
"1084","新潟県_長岡市_新組村２－１","1004","農林業経営体_団体経営_法人経営","経営体","1"
"1084","新潟県_長岡市_新組村２－１","1005","農業経営体_計","経営体","96"
"1084","新潟県_長岡市_新組村２－１","1006","農業経営体_個人経営","経営体","92"
"1084","新潟県_長岡市_新組村２－１","1007","農業経営体_団体経営","経営体","4"
"1084","新潟県_長岡市_新組村２－１","1008","農業経営体_団体経営_法人経営","経営体","1"
"1084","新潟県_長岡市_新組村２－１","1009","林業経営体_計","経営体","-"
"1084","新潟県_長岡市_新組村２－１","1010","林業経営体_個人経営","経営体","-"
"1084","新潟県_長岡市_新組村２－１","1011","林業経営体_団体経営","経営体","-"
"1084","新潟県_長岡市_新組村２－１","1012","林業経営体_団体経営_法人経営","経営体","-"
"1085","新潟県_長岡市_上川西村","1001","農林業経営体_計","経営体","35"
"1085","新潟県_長岡市_上川西村","1002","農林業経営体_個人経営","経営体","33"
"1085","新潟県_長岡市_上川西村","1003","農林業経営体_団体経営","経営体","2"
"1085","新潟県_長岡市_上川西村","1004","農林業経営体_団体経営_法人経営","経営体","2"
"1085","新潟県_長岡市_上川西村","1005","農業経営体_計","経営体","35"
"1085","新潟県_長岡市_上川西村","1006","農業経営体_個人経営","経営体","33"
"1085","新潟県_長岡市_上川西村","1007","農業経営体_団体経営","経営体","2"
"1085","新潟県_長岡市_上川西村","1008","農業経営体_団体経営_法人経営","経営体","2"
"1085","新潟県_長岡市_上川西村","1009","林業経営体_計","経営体","-"
"1085","新潟県_長岡市_上川西村","1010","林業経営体_個人経営","経営体","-"
"1085","新潟県_長岡市_上川西村","1011","林業経営体_団体経営","経営体","-"
"1085","新潟県_長岡市_上川西村","1012","林業経営体_団体経営_法人経営","経営体","-"
"1086","新潟県_長岡市_福戸村","1001","農林業経営体_計","経営体","52"
"1086","新潟県_長岡市_福戸村","1002","農林業経営体_個人経営","経営体","50"
"1086","新潟県_長岡市_福戸村","1003","農林業経営体_団体経営","経営体","2"
"1086","新潟県_長岡市_福戸村","1004","農林業経営体_団体経営_法人経営","経営体","2"
"1086","新潟県_長岡市_福戸村","1005","農業経営体_計","経営体","52"
"1086","新潟県_長岡市_福戸村","1006","農業経営体_個人経営","経営体","50"
"1086","新潟県_長岡市_福戸村","1007","農業経営体_団体経営","経営体","2"
"1086","新潟県_長岡市_福戸村","1008","農業経営体_団体経営_法人経営","経営体","2"
"1086","新潟県_長岡市_福戸村","1009","林業経営体_計","経営体","-"
"1086","新潟県_長岡市_福戸村","1010","林業経営体_個人経営","経営体","-"
"1086","新潟県_長岡市_福戸村","1011","林業経営体_団体経営","経営体","-"
"1086","新潟県_長岡市_福戸村","1012","林業経営体_団体経営_法人経営","経営体","-"
"1087","新潟県_長岡市_王寺川村","1001","農林業経営体_計","経営体","25"
"1087","新潟県_長岡市_王寺川村","1002","農林業経営体_個人経営","経営体","22"
"1087","新潟県_長岡市_王寺川村","1003","農林業経営体_団体経営","経営体","3"
"1087","新潟県_長岡市_王寺川村","1004","農林業経営体_団体経営_法人経営","経営体","1"
"1087","新潟県_長岡市_王寺川村","1005","農業経営体_計","経営体","25"
"1087","新潟県_長岡市_王寺川村","1006","農業経営体_個人経営","経営体","22"
"1087","新潟県_長岡市_王寺川村","1007","農業経営体_団体経営","経営体","3"
"1087","新潟県_長岡市_王寺川村","1008","農業経営体_団体経営_法人経営","経営体","1"
"1087","新潟県_長岡市_王寺川村","1009","林業経営体_計","経営体","-"
"1087","新潟県_長岡市_王寺川村","1010","林業経営体_個人経営","経営体","-"
"1087","新潟県_長岡市_王寺川村","1011","林業経営体_団体経営","経営体","-"
"1087","新潟県_長岡市_王寺川村","1012","林業経営体_団体経営_法人経営","経営体","-"
"1088","新潟県_長岡市_日越村","1001","農林業経営体_計","経営体","78"
"1088","新潟県_長岡市_日越村","1002","農林業経営体_個人経営","経営体","74"
"1088","新潟県_長岡市_日越村","1003","農林業経営体_団体経営","経営体","4"
"1088","新潟県_長岡市_日越村","1004","農林業経営体_団体経営_法人経営","経営体","4"
"1088","新潟県_長岡市_日越村","1005","農業経営体_計","経営体","78"
"1088","新潟県_長岡市_日越村","1006","農業経営体_個人経営","経営体","74"
"1088","新潟県_長岡市_日越村","1007","農業経営体_団体経営","経営体","4"
"1088","新潟県_長岡市_日越村","1008","農業経営体_団体経営_法人経営","経営体","4"
"1088","新潟県_長岡市_日越村","1009","林業経営体_計","経営体","-"
"1088","新潟県_長岡市_日越村","1010","林業経営体_個人経営","経営体","-"
"1088","新潟県_長岡市_日越村","1011","林業経営体_団体経営","経営体","-"
"1088","新潟県_長岡市_日越村","1012","林業経営体_団体経営_法人経営","経営体","-"
"1089","新潟県_長岡市_深才村","1001","農林業経営体_計","経営体","75"
"1089","新潟県_長岡市_深才村","1002","農林業経営体_個人経営","経営体","69"
"1089","新潟県_長岡市_深才村","1003","農林業経営体_団体経営","経営体","6"
"1089","新潟県_長岡市_深才村","1004","農林業経営体_団体経営_法人経営","経営体","6"
"1089","新潟県_長岡市_深才村","1005","農業経営体_計","経営体","75"
"1089","新潟県_長岡市_深才村","1006","農業経営体_個人経営","経営体","69"
"1089","新潟県_長岡市_深才村","1007","農業経営体_団体経営","経営体","6"
"1089","新潟県_長岡市_深才村","1008","農業経営体_団体経営_法人経営","経営体","6"
"1089","新潟県_長岡市_深才村","1009","林業経営体_計","経営体","-"
"1089","新潟県_長岡市_深才村","1010","林業経営体_個人経営","経営体","-"
"1089","新潟県_長岡市_深才村","1011","林業経営体_団体経営","経営体","-"
"1089","新潟県_長岡市_深才村","1012","林業経営体_団体経営_法人経営","経営体","-"
"1090","新潟県_長岡市_宮内町","1001","農林業経営体_計","経営体","150"
"1090","新潟県_長岡市_宮内町","1002","農林業経営体_個人経営","経営体","147"
"1090","新潟県_長岡市_宮内町","1003","農林業経営体_団体経営","経営体","3"
"1090","新潟県_長岡市_宮内町","1004","農林業経営体_団体経営_法人経営","経営体","2"
"1090","新潟県_長岡市_宮内町","1005","農業経営体_計","経営体","150"
"1090","新潟県_長岡市_宮内町","1006","農業経営体_個人経営","経営体","147"
"1090","新潟県_長岡市_宮内町","1007","農業経営体_団体経営","経営体","3"
"1090","新潟県_長岡市_宮内町","1008","農業経営体_団体経営_法人経営","経営体","2"
"1090","新潟県_長岡市_宮内町","1009","林業経営体_計","経営体","-"
"1090","新潟県_長岡市_宮内町","1010","林業経営体_個人経営","経営体","-"
"1090","新潟県_長岡市_宮内町","1011","林業経営体_団体経営","経営体","-"
"1090","新潟県_長岡市_宮内町","1012","林業経営体_団体経営_法人経営","経営体","-"
"1091","新潟県_長岡市_十日町村","1001","農林業経営体_計","経営体","82"
"1091","新潟県_長岡市_十日町村","1002","農林業経営体_個人経営","経営体","82"
"1091","新潟県_長岡市_十日町村","1003","農林業経営体_団体経営","経営体","-"
"1091","新潟県_長岡市_十日町村","1004","農林業経営体_団体経営_法人経営","経営体","-"
"1091","新潟県_長岡市_十日町村","1005","農業経営体_計","経営体","82"
"1091","新潟県_長岡市_十日町村","1006","農業経営体_個人経営","経営体","82"
"1091","新潟県_長岡市_十日町村","1007","農業経営体_団体経営","経営体","-"
"1091","新潟県_長岡市_十日町村","1008","農業経営体_団体経営_法人経営","経営体","-"
"1091","新潟県_長岡市_十日町村","1009","林業経営体_計","経営体","-"
"1091","新潟県_長岡市_十日町村","1010","林業経営体_個人経営","経営体","-"
"1091","新潟県_長岡市_十日町村","1011","林業経営体_団体経営","経営体","-"
"1091","新潟県_長岡市_十日町村","1012","林業経営体_団体経営_法人経営","経営体","-"
"1092","新潟県_長岡市_六日市村２－１","1001","農林業経営体_計","経営体","49"
"1092","新潟県_長岡市_六日市村２－１","1002","農林業経営体_個人経営","経営体","47"
"1092","新潟県_長岡市_六日市村２－１","1003","農林業経営体_団体経営","経営体","2"
"1092","新潟県_長岡市_六日市村２－１","1004","農林業経営体_団体経営_法人経営","経営体","2"
"1092","新潟県_長岡市_六日市村２－１","1005","農業経営体_計","経営体","49"
"1092","新潟県_長岡市_六日市村２－１","1006","農業経営体_個人経営","経営体","47"
"1092","新潟県_長岡市_六日市村２－１","1007","農業経営体_団体経営","経営体","2"
"1092","新潟県_長岡市_六日市村２－１","1008","農業経営体_団体経営_法人経営","経営体","2"
"1092","新潟県_長岡市_六日市村２－１","1009","林業経営体_計","経営体","-"
"1092","新潟県_長岡市_六日市村２－１","1010","林業経営体_個人経営","経営体","-"
"1092","新潟県_長岡市_六日市村２－１","1011","林業経営体_団体経営","経営体","-"
"1092","新潟県_長岡市_六日市村２－１","1012","林業経営体_団体経営_法人経営","経営体","-"
"1093","新潟県_長岡市_太田村２－１","1001","農林業経営体_計","経営体","1"
"1093","新潟県_長岡市_太田村２－１","1002","農林業経営体_個人経営","経営体","1"
"1093","新潟県_長岡市_太田村２－１","1003","農林業経営体_団体経営","経営体","-"
"1093","新潟県_長岡市_太田村２－１","1004","農林業経営体_団体経営_法人経営","経営体","-"
"1093","新潟県_長岡市_太田村２－１","1005","農業経営体_計","経営体","1"
"1093","新潟県_長岡市_太田村２－１","1006","農業経営体_個人経営","経営体","1"
"1093","新潟県_長岡市_太田村２－１","1007","農業経営体_団体経営","経営体","-"
"1093","新潟県_長岡市_太田村２－１","1008","農業経営体_団体経営_法人経営","経営体","-"
"1093","新潟県_長岡市_太田村２－１","1009","林業経営体_計","経営体","-"
"1093","新潟県_長岡市_太田村２－１","1010","林業経営体_個人経営","経営体","-"
"1093","新潟県_長岡市_太田村２－１","1011","林業経営体_団体経営","経営体","-"
"1093","新潟県_長岡市_太田村２－１","1012","林業経営体_団体経営_法人経営","経営体","-"
"1094","新潟県_長岡市_関原町","1001","農林業経営体_計","経営体","18"
"1094","新潟県_長岡市_関原町","1002","農林業経営体_個人経営","経営体","16"
"1094","新潟県_長岡市_関原町","1003","農林業経営体_団体経営","経営体","2"
"1094","新潟県_長岡市_関原町","1004","農林業経営体_団体経営_法人経営","経営体","1"
"1094","新潟県_長岡市_関原町","1005","農業経営体_計","経営体","18"
"1094","新潟県_長岡市_関原町","1006","農業経営体_個人経営","経営体","16"
"1094","新潟県_長岡市_関原町","1007","農業経営体_団体経営","経営体","2"
"1094","新潟県_長岡市_関原町","1008","農業経営体_団体経営_法人経営","経営体","1"
"1094","新潟県_長岡市_関原町","1009","林業経営体_計","経営体","-"
"1094","新潟県_長岡市_関原町","1010","林業経営体_個人経営","経営体","-"
"1094","新潟県_長岡市_関原町","1011","林業経営体_団体経営","経営体","-"
"1094","新潟県_長岡市_関原町","1012","林業経営体_団体経営_法人経営","経営体","-"
"1095","新潟県_長岡市_日吉村２－２","1001","農林業経営体_計","経営体","7"
"1095","新潟県_長岡市_日吉村２－２","1002","農林業経営体_個人経営","経営体","6"
"1095","新潟県_長岡市_日吉村２－２","1003","農林業経営体_団体経営","経営体","1"
"1095","新潟県_長岡市_日吉村２－２","1004","農林業経営体_団体経営_法人経営","経営体","1"
"1095","新潟県_長岡市_日吉村２－２","1005","農業経営体_計","経営体","6"
"1095","新潟県_長岡市_日吉村２－２","1006","農業経営体_個人経営","経営体","6"
"1095","新潟県_長岡市_日吉村２－２","1007","農業経営体_団体経営","経営体","-"
"1095","新潟県_長岡市_日吉村２－２","1008","農業経営体_団体経営_法人経営","経営体","-"
"1095","新潟県_長岡市_日吉村２－２","1009","林業経営体_計","経営体","1"
"1095","新潟県_長岡市_日吉村２－２","1010","林業経営体_個人経営","経営体","-"
"1095","新潟県_長岡市_日吉村２－２","1011","林業経営体_団体経営","経営体","1"
"1095","新潟県_長岡市_日吉村２－２","1012","林業経営体_団体経営_法人経営","経営体","1"
"1096","新潟県_長岡市_黒川村２－２","1001","農林業経営体_計","経営体","20"
"1096","新潟県_長岡市_黒川村２－２","1002","農林業経営体_個人経営","経営体","19"
"1096","新潟県_長岡市_黒川村２－２","1003","農林業経営体_団体経営","経営体","1"
"1096","新潟県_長岡市_黒川村２－２","1004","農林業経営体_団体経営_法人経営","経営体","1"
"1096","新潟県_長岡市_黒川村２－２","1005","農業経営体_計","経営体","20"
"1096","新潟県_長岡市_黒川村２－２","1006","農業経営体_個人経営","経営体","19"
"1096","新潟県_長岡市_黒川村２－２","1007","農業経営体_団体経営","経営体","1"
"1096","新潟県_長岡市_黒川村２－２","1008","農業経営体_団体経営_法人経営","経営体","1"
"1096","新潟県_長岡市_黒川村２－２","1009","林業経営体_計","経営体","-"
"1096","新潟県_長岡市_黒川村２－２","1010","林業経営体_個人経営","経営体","-"
"1096","新潟県_長岡市_黒川村２－２","1011","林業経営体_団体経営","経営体","-"
"1096","新潟県_長岡市_黒川村２－２","1012","林業経営体_団体経営_法人経営","経営体","-"
"1097","新潟県_長岡市_宮本村","1001","農林業経営体_計","経営体","19"
"1097","新潟県_長岡市_宮本村","1002","農林業経営体_個人経営","経営体","18"
"1097","新潟県_長岡市_宮本村","1003","農林業経営体_団体経営","経営体","1"
"1097","新潟県_長岡市_宮本村","1004","農林業経営体_団体経営_法人経営","経営体","1"
"1097","新潟県_長岡市_宮本村","1005","農業経営体_計","経営体","19"
"1097","新潟県_長岡市_宮本村","1006","農業経営体_個人経営","経営体","18"
"1097","新潟県_長岡市_宮本村","1007","農業経営体_団体経営","経営体","1"
"1097","新潟県_長岡市_宮本村","1008","農業経営体_団体経営_法人経営","経営体","1"
"1097","新潟県_長岡市_宮本村","1009","林業経営体_計","経営体","1"
"1097","新潟県_長岡市_宮本村","1010","林業経営体_個人経営","経営体","1"
"1097","新潟県_長岡市_宮本村","1011","林業経営体_団体経営","経営体","-"
"1097","新潟県_長岡市_宮本村","1012","林業経営体_団体経営_法人経営","経営体","-"
"1098","新潟県_長岡市_大積村","1001","農林業経営体_計","経営体","28"
"1098","新潟県_長岡市_大積村","1002","農林業経営体_個人経営","経営体","27"
"1098","新潟県_長岡市_大積村","1003","農林業経営体_団体経営","経営体","1"
"1098","新潟県_長岡市_大積村","1004","農林業経営体_団体経営_法人経営","経営体","1"
"1098","新潟県_長岡市_大積村","1005","農業経営体_計","経営体","28"
"1098","新潟県_長岡市_大積村","1006","農業経営体_個人経営","経営体","27"
"1098","新潟県_長岡市_大積村","1007","農業経営体_団体経営","経営体","1"
"1098","新潟県_長岡市_大積村","1008","農業経営体_団体経営_法人経営","経営体","1"
"1098","新潟県_長岡市_大積村","1009","林業経営体_計","経営体","2"
"1098","新潟県_長岡市_大積村","1010","林業経営体_個人経営","経営体","2"
"1098","新潟県_長岡市_大積村","1011","林業経営体_団体経営","経営体","-"
"1098","新潟県_長岡市_大積村","1012","林業経営体_団体経営_法人経営","経営体","-"
"1099","新潟県_長岡市_中之島町","1001","農林業経営体_計","経営体","490"
"1099","新潟県_長岡市_中之島町","1002","農林業経営体_個人経営","経営体","459"
"1099","新潟県_長岡市_中之島町","1003","農林業経営体_団体経営","経営体","31"
"1099","新潟県_長岡市_中之島町","1004","農林業経営体_団体経営_法人経営","経営体","9"
"1099","新潟県_長岡市_中之島町","1005","農業経営体_計","経営体","490"
"1099","新潟県_長岡市_中之島町","1006","農業経営体_個人経営","経営体","459"
"1099","新潟県_長岡市_中之島町","1007","農業経営体_団体経営","経営体","31"
"1099","新潟県_長岡市_中之島町","1008","農業経営体_団体経営_法人経営","経営体","9"
"1099","新潟県_長岡市_中之島町","1009","林業経営体_計","経営体","-"
"1099","新潟県_長岡市_中之島町","1010","林業経営体_個人経営","経営体","-"
"1099","新潟県_長岡市_中之島町","1011","林業経営体_団体経営","経営体","-"
"1099","新潟県_長岡市_中之島町","1012","林業経営体_団体経営_法人経営","経営体","-"
"1100","新潟県_長岡市_来迎寺村","1001","農林業経営体_計","経営体","92"
"1100","新潟県_長岡市_来迎寺村","1002","農林業経営体_個人経営","経営体","83"
"1100","新潟県_長岡市_来迎寺村","1003","農林業経営体_団体経営","経営体","9"
"1100","新潟県_長岡市_来迎寺村","1004","農林業経営体_団体経営_法人経営","経営体","7"
"1100","新潟県_長岡市_来迎寺村","1005","農業経営体_計","経営体","92"
"1100","新潟県_長岡市_来迎寺村","1006","農業経営体_個人経営","経営体","83"
"1100","新潟県_長岡市_来迎寺村","1007","農業経営体_団体経営","経営体","9"
"1100","新潟県_長岡市_来迎寺村","1008","農業経営体_団体経営_法人経営","経営体","7"
"1100","新潟県_長岡市_来迎寺村","1009","林業経営体_計","経営体","-"
"1100","新潟県_長岡市_来迎寺村","1010","林業経営体_個人経営","経営体","-"
"1100","新潟県_長岡市_来迎寺村","1011","林業経営体_団体経営","経営体","-"
"1100","新潟県_長岡市_来迎寺村","1012","林業経営体_団体経営_法人経営","経営体","-"
"1101","新潟県_長岡市_石津村","1001","農林業経営体_計","経営体","26"
"1101","新潟県_長岡市_石津村","1002","農林業経営体_個人経営","経営体","23"
"1101","新潟県_長岡市_石津村","1003","農林業経営体_団体経営","経営体","3"
"1101","新潟県_長岡市_石津村","1004","農林業経営体_団体経営_法人経営","経営体","3"
"1101","新潟県_長岡市_石津村","1005","農業経営体_計","経営体","26"
"1101","新潟県_長岡市_石津村","1006","農業経営体_個人経営","経営体","23"
"1101","新潟県_長岡市_石津村","1007","農業経営体_団体経営","経営体","3"
"1101","新潟県_長岡市_石津村","1008","農業経営体_団体経営_法人経営","経営体","3"
"1101","新潟県_長岡市_石津村","1009","林業経営体_計","経営体","-"
"1101","新潟県_長岡市_石津村","1010","林業経営体_個人経営","経営体","-"
"1101","新潟県_長岡市_石津村","1011","林業経営体_団体経営","経営体","-"
"1101","新潟県_長岡市_石津村","1012","林業経営体_団体経営_法人経営","経営体","-"
"1102","新潟県_長岡市_塚山村","1001","農林業経営体_計","経営体","43"
"1102","新潟県_長岡市_塚山村","1002","農林業経営体_個人経営","経営体","40"
"1102","新潟県_長岡市_塚山村","1003","農林業経営体_団体経営","経営体","3"
"1102","新潟県_長岡市_塚山村","1004","農林業経営体_団体経営_法人経営","経営体","1"
"1102","新潟県_長岡市_塚山村","1005","農業経営体_計","経営体","43"
"1102","新潟県_長岡市_塚山村","1006","農業経営体_個人経営","経営体","40"
"1102","新潟県_長岡市_塚山村","1007","農業経営体_団体経営","経営体","3"
"1102","新潟県_長岡市_塚山村","1008","農業経営体_団体経営_法人経営","経営体","1"
"1102","新潟県_長岡市_塚山村","1009","林業経営体_計","経営体","-"
"1102","新潟県_長岡市_塚山村","1010","林業経営体_個人経営","経営体","-"
"1102","新潟県_長岡市_塚山村","1011","林業経営体_団体経営","経営体","-"
"1102","新潟県_長岡市_塚山村","1012","林業経営体_団体経営_法人経営","経営体","-"
"1103","新潟県_長岡市_千谷沢村２－１","1001","農林業経営体_計","経営体","8"
"1103","新潟県_長岡市_千谷沢村２－１","1002","農林業経営体_個人経営","経営体","7"
"1103","新潟県_長岡市_千谷沢村２－１","1003","農林業経営体_団体経営","経営体","1"
"1103","新潟県_長岡市_千谷沢村２－１","1004","農林業経営体_団体経営_法人経営","経営体","1"
"1103","新潟県_長岡市_千谷沢村２－１","1005","農業経営体_計","経営体","8"
"1103","新潟県_長岡市_千谷沢村２－１","1006","農業経営体_個人経営","経営体","7"
"1103","新潟県_長岡市_千谷沢村２－１","1007","農業経営体_団体経営","経営体","1"
"1103","新潟県_長岡市_千谷沢村２－１","1008","農業経営体_団体経営_法人経営","経営体","1"
"1103","新潟県_長岡市_千谷沢村２－１","1009","林業経営体_計","経営体","-"
"1103","新潟県_長岡市_千谷沢村２－１","1010","林業経営体_個人経営","経営体","-"
"1103","新潟県_長岡市_千谷沢村２－１","1011","林業経営体_団体経営","経営体","-"
"1103","新潟県_長岡市_千谷沢村２－１","1012","林業経営体_団体経営_法人経営","経営体","-"
"1104","新潟県_長岡市_岩塚村","1001","農林業経営体_計","経営体","38"
"1104","新潟県_長岡市_岩塚村","1002","農林業経営体_個人経営","経営体","32"
"1104","新潟県_長岡市_岩塚村","1003","農林業経営体_団体経営","経営体","6"
"1104","新潟県_長岡市_岩塚村","1004","農林業経営体_団体経営_法人経営","経営体","4"
"1104","新潟県_長岡市_岩塚村","1005","農業経営体_計","経営体","38"
"1104","新潟県_長岡市_岩塚村","1006","農業経営体_個人経営","経営体","32"
"1104","新潟県_長岡市_岩塚村","1007","農業経営体_団体経営","経営体","6"
"1104","新潟県_長岡市_岩塚村","1008","農業経営体_団体経営_法人経営","経営体","4"
"1104","新潟県_長岡市_岩塚村","1009","林業経営体_計","経営体","-"
"1104","新潟県_長岡市_岩塚村","1010","林業経営体_個人経営","経営体","-"
"1104","新潟県_長岡市_岩塚村","1011","林業経営体_団体経営","経営体","-"
"1104","新潟県_長岡市_岩塚村","1012","林業経営体_団体経営_法人経営","経営体","-"
"1105","新潟県_長岡市_脇野町","1001","農林業経営体_計","経営体","57"
"1105","新潟県_長岡市_脇野町","1002","農林業経営体_個人経営","経営体","54"
"1105","新潟県_長岡市_脇野町","1003","農林業経営体_団体経営","経営体","3"
"1105","新潟県_長岡市_脇野町","1004","農林業経営体_団体経営_法人経営","経営体","3"
"1105","新潟県_長岡市_脇野町","1005","農業経営体_計","経営体","57"
"1105","新潟県_長岡市_脇野町","1006","農業経営体_個人経営","経営体","54"
"1105","新潟県_長岡市_脇野町","1007","農業経営体_団体経営","経営体","3"
"1105","新潟県_長岡市_脇野町","1008","農業経営体_団体経営_法人経営","経営体","3"
"1105","新潟県_長岡市_脇野町","1009","林業経営体_計","経営体","-"
"1105","新潟県_長岡市_脇野町","1010","林業経営体_個人経営","経営体","-"
"1105","新潟県_長岡市_脇野町","1011","林業経営体_団体経営","経営体","-"
"1105","新潟県_長岡市_脇野町","1012","林業経営体_団体経営_法人経営","経営体","-"
"1106","新潟県_長岡市_大津村２－１","1001","農林業経営体_計","経営体","38"
"1106","新潟県_長岡市_大津村２－１","1002","農林業経営体_個人経営","経営体","37"
"1106","新潟県_長岡市_大津村２－１","1003","農林業経営体_団体経営","経営体","1"
"1106","新潟県_長岡市_大津村２－１","1004","農林業経営体_団体経営_法人経営","経営体","-"
"1106","新潟県_長岡市_大津村２－１","1005","農業経営体_計","経営体","38"
"1106","新潟県_長岡市_大津村２－１","1006","農業経営体_個人経営","経営体","37"
"1106","新潟県_長岡市_大津村２－１","1007","農業経営体_団体経営","経営体","1"
"1106","新潟県_長岡市_大津村２－１","1008","農業経営体_団体経営_法人経営","経営体","-"
"1106","新潟県_長岡市_大津村２－１","1009","林業経営体_計","経営体","1"
"1106","新潟県_長岡市_大津村２－１","1010","林業経営体_個人経営","経営体","1"
"1106","新潟県_長岡市_大津村２－１","1011","林業経営体_団体経営","経営体","-"
"1106","新潟県_長岡市_大津村２－１","1012","林業経営体_団体経営_法人経営","経営体","-"
"1107","新潟県_長岡市_日吉村２－１","1001","農林業経営体_計","経営体","29"
"1107","新潟県_長岡市_日吉村２－１","1002","農林業経営体_個人経営","経営体","27"
"1107","新潟県_長岡市_日吉村２－１","1003","農林業経営体_団体経営","経営体","2"
"1107","新潟県_長岡市_日吉村２－１","1004","農林業経営体_団体経営_法人経営","経営体","1"
"1107","新潟県_長岡市_日吉村２－１","1005","農業経営体_計","経営体","29"
"1107","新潟県_長岡市_日吉村２－１","1006","農業経営体_個人経営","経営体","27"
"1107","新潟県_長岡市_日吉村２－１","1007","農業経営体_団体経営","経営体","2"
"1107","新潟県_長岡市_日吉村２－１","1008","農業経営体_団体経営_法人経営","経営体","1"
"1107","新潟県_長岡市_日吉村２－１","1009","林業経営体_計","経営体","-"
"1107","新潟県_長岡市_日吉村２－１","1010","林業経営体_個人経営","経営体","-"
"1107","新潟県_長岡市_日吉村２－１","1011","林業経営体_団体経営","経営体","-"
"1107","新潟県_長岡市_日吉村２－１","1012","林業経営体_団体経営_法人経営","経営体","-"
"1108","新潟県_長岡市_種苧原村","1001","農林業経営体_計","経営体","37"
"1108","新潟県_長岡市_種苧原村","1002","農林業経営体_個人経営","経営体","37"
"1108","新潟県_長岡市_種苧原村","1003","農林業経営体_団体経営","経営体","-"
"1108","新潟県_長岡市_種苧原村","1004","農林業経営体_団体経営_法人経営","経営体","-"
"1108","新潟県_長岡市_種苧原村","1005","農業経営体_計","経営体","37"
"1108","新潟県_長岡市_種苧原村","1006","農業経営体_個人経営","経営体","37"
"1108","新潟県_長岡市_種苧原村","1007","農業経営体_団体経営","経営体","-"
"1108","新潟県_長岡市_種苧原村","1008","農業経営体_団体経営_法人経営","経営体","-"
"1108","新潟県_長岡市_種苧原村","1009","林業経営体_計","経営体","-"
"1108","新潟県_長岡市_種苧原村","1010","林業経営体_個人経営","経営体","-"
"1108","新潟県_長岡市_種苧原村","1011","林業経営体_団体経営","経営体","-"
"1108","新潟県_長岡市_種苧原村","1012","林業経営体_団体経営_法人経営","経営体","-"
"1109","新潟県_長岡市_太田村２－２","1001","農林業経営体_計","経営体","17"
"1109","新潟県_長岡市_太田村２－２","1002","農林業経営体_個人経営","経営体","16"
"1109","新潟県_長岡市_太田村２－２","1003","農林業経営体_団体経営","経営体","1"
"1109","新潟県_長岡市_太田村２－２","1004","農林業経営体_団体経営_法人経営","経営体","-"
"1109","新潟県_長岡市_太田村２－２","1005","農業経営体_計","経営体","17"
"1109","新潟県_長岡市_太田村２－２","1006","農業経営体_個人経営","経営体","16"
"1109","新潟県_長岡市_太田村２－２","1007","農業経営体_団体経営","経営体","1"
"1109","新潟県_長岡市_太田村２－２","1008","農業経営体_団体経営_法人経営","経営体","-"
"1109","新潟県_長岡市_太田村２－２","1009","林業経営体_計","経営体","-"
"1109","新潟県_長岡市_太田村２－２","1010","林業経営体_個人経営","経営体","-"
"1109","新潟県_長岡市_太田村２－２","1011","林業経営体_団体経営","経営体","-"
"1109","新潟県_長岡市_太田村２－２","1012","林業経営体_団体経営_法人経営","経営体","-"
"1110","新潟県_長岡市_竹沢村","1001","農林業経営体_計","経営体","14"
"1110","新潟県_長岡市_竹沢村","1002","農林業経営体_個人経営","経営体","14"
"1110","新潟県_長岡市_竹沢村","1003","農林業経営体_団体経営","経営体","-"
"1110","新潟県_長岡市_竹沢村","1004","農林業経営体_団体経営_法人経営","経営体","-"
"1110","新潟県_長岡市_竹沢村","1005","農業経営体_計","経営体","14"
"1110","新潟県_長岡市_竹沢村","1006","農業経営体_個人経営","経営体","14"
"1110","新潟県_長岡市_竹沢村","1007","農業経営体_団体経営","経営体","-"
"1110","新潟県_長岡市_竹沢村","1008","農業経営体_団体経営_法人経営","経営体","-"
"1110","新潟県_長岡市_竹沢村","1009","林業経営体_計","経営体","-"
"1110","新潟県_長岡市_竹沢村","1010","林業経営体_個人経営","経営体","-"
"1110","新潟県_長岡市_竹沢村","1011","林業経営体_団体経営","経営体","-"
"1110","新潟県_長岡市_竹沢村","1012","林業経営体_団体経営_法人経営","経営体","-"
"1111","新潟県_長岡市_東竹沢村２－１","1001","農林業経営体_計","経営体","13"
"1111","新潟県_長岡市_東竹沢村２－１","1002","農林業経営体_個人経営","経営体","13"
"1111","新潟県_長岡市_東竹沢村２－１","1003","農林業経営体_団体経営","経営体","-"
"1111","新潟県_長岡市_東竹沢村２－１","1004","農林業経営体_団体経営_法人経営","経営体","-"
"1111","新潟県_長岡市_東竹沢村２－１","1005","農業経営体_計","経営体","13"
"1111","新潟県_長岡市_東竹沢村２－１","1006","農業経営体_個人経営","経営体","13"
"1111","新潟県_長岡市_東竹沢村２－１","1007","農業経営体_団体経営","経営体","-"
"1111","新潟県_長岡市_東竹沢村２－１","1008","農業経営体_団体経営_法人経営","経営体","-"
"1111","新潟県_長岡市_東竹沢村２－１","1009","林業経営体_計","経営体","-"
"1111","新潟県_長岡市_東竹沢村２－１","1010","林業経営体_個人経営","経営体","-"
"1111","新潟県_長岡市_東竹沢村２－１","1011","林業経営体_団体経営","経営体","-"
"1111","新潟県_長岡市_東竹沢村２－１","1012","林業経営体_団体経営_法人経営","経営体","-"
"1112","新潟県_長岡市_仙田村３－２","1001","農林業経営体_計","経営体","3"
"1112","新潟県_長岡市_仙田村３－２","1002","農林業経営体_個人経営","経営体","3"
"1112","新潟県_長岡市_仙田村３－２","1003","農林業経営体_団体経営","経営体","-"
"1112","新潟県_長岡市_仙田村３－２","1004","農林業経営体_団体経営_法人経営","経営体","-"
"1112","新潟県_長岡市_仙田村３－２","1005","農業経営体_計","経営体","3"
"1112","新潟県_長岡市_仙田村３－２","1006","農業経営体_個人経営","経営体","3"
"1112","新潟県_長岡市_仙田村３－２","1007","農業経営体_団体経営","経営体","-"
"1112","新潟県_長岡市_仙田村３－２","1008","農業経営体_団体経営_法人経営","経営体","-"
"1112","新潟県_長岡市_仙田村３－２","1009","林業経営体_計","経営体","-"
"1112","新潟県_長岡市_仙田村３－２","1010","林業経営体_個人経営","経営体","-"
"1112","新潟県_長岡市_仙田村３－２","1011","林業経営体_団体経営","経営体","-"
"1112","新潟県_長岡市_仙田村３－２","1012","林業経営体_団体経営_法人経営","経営体","-"
"1113","新潟県_長岡市_上小国村","1001","農林業経営体_計","経営体","133"
"1113","新潟県_長岡市_上小国村","1002","農林業経営体_個人経営","経営体","124"
"1113","新潟県_長岡市_上小国村","1003","農林業経営体_団体経営","経営体","9"
"1113","新潟県_長岡市_上小国村","1004","農林業経営体_団体経営_法人経営","経営体","5"
"1113","新潟県_長岡市_上小国村","1005","農業経営体_計","経営体","133"
"1113","新潟県_長岡市_上小国村","1006","農業経営体_個人経営","経営体","124"
"1113","新潟県_長岡市_上小国村","1007","農業経営体_団体経営","経営体","9"
"1113","新潟県_長岡市_上小国村","1008","農業経営体_団体経営_法人経営","経営体","5"
"1113","新潟県_長岡市_上小国村","1009","林業経営体_計","経営体","-"
"1113","新潟県_長岡市_上小国村","1010","林業経営体_個人経営","経営体","-"
"1113","新潟県_長岡市_上小国村","1011","林業経営体_団体経営","経営体","-"
"1113","新潟県_長岡市_上小国村","1012","林業経営体_団体経営_法人経営","経営体","-"
"1114","新潟県_長岡市_小国村","1001","農林業経営体_計","経営体","103"
"1114","新潟県_長岡市_小国村","1002","農林業経営体_個人経営","経営体","95"
"1114","新潟県_長岡市_小国村","1003","農林業経営体_団体経営","経営体","8"
"1114","新潟県_長岡市_小国村","1004","農林業経営体_団体経営_法人経営","経営体","8"
"1114","新潟県_長岡市_小国村","1005","農業経営体_計","経営体","103"
"1114","新潟県_長岡市_小国村","1006","農業経営体_個人経営","経営体","95"
"1114","新潟県_長岡市_小国村","1007","農業経営体_団体経営","経営体","8"
"1114","新潟県_長岡市_小国村","1008","農業経営体_団体経営_法人経営","経営体","8"
"1114","新潟県_長岡市_小国村","1009","林業経営体_計","経営体","-"
"1114","新潟県_長岡市_小国村","1010","林業経営体_個人経営","経営体","-"
"1114","新潟県_長岡市_小国村","1011","林業経営体_団体経営","経営体","-"
"1114","新潟県_長岡市_小国村","1012","林業経営体_団体経営_法人経営","経営体","-"
"1115","新潟県_長岡市_山横沢村","1001","農林業経営体_計","経営体","7"
"1115","新潟県_長岡市_山横沢村","1002","農林業経営体_個人経営","経営体","7"
"1115","新潟県_長岡市_山横沢村","1003","農林業経営体_団体経営","経営体","-"
"1115","新潟県_長岡市_山横沢村","1004","農林業経営体_団体経営_法人経営","経営体","-"
"1115","新潟県_長岡市_山横沢村","1005","農業経営体_計","経営体","7"
"1115","新潟県_長岡市_山横沢村","1006","農業経営体_個人経営","経営体","7"
"1115","新潟県_長岡市_山横沢村","1007","農業経営体_団体経営","経営体","-"
"1115","新潟県_長岡市_山横沢村","1008","農業経営体_団体経営_法人経営","経営体","-"
"1115","新潟県_長岡市_山横沢村","1009","林業経営体_計","経営体","-"
"1115","新潟県_長岡市_山横沢村","1010","林業経営体_個人経営","経営体","-"
"1115","新潟県_長岡市_山横沢村","1011","林業経営体_団体経営","経営体","-"
"1115","新潟県_長岡市_山横沢村","1012","林業経営体_団体経営_法人経営","経営体","-"
"1116","新潟県_長岡市_千谷沢村２－２","1001","農林業経営体_計","経営体","5"
"1116","新潟県_長岡市_千谷沢村２－２","1002","農林業経営体_個人経営","経営体","3"
"1116","新潟県_長岡市_千谷沢村２－２","1003","農林業経営体_団体経営","経営体","2"
"1116","新潟県_長岡市_千谷沢村２－２","1004","農林業経営体_団体経営_法人経営","経営体","2"
"1116","新潟県_長岡市_千谷沢村２－２","1005","農業経営体_計","経営体","5"
"1116","新潟県_長岡市_千谷沢村２－２","1006","農業経営体_個人経営","経営体","3"
"1116","新潟県_長岡市_千谷沢村２－２","1007","農業経営体_団体経営","経営体","2"
"1116","新潟県_長岡市_千谷沢村２－２","1008","農業経営体_団体経営_法人経営","経営体","2"
"1116","新潟県_長岡市_千谷沢村２－２","1009","林業経営体_計","経営体","1"
"1116","新潟県_長岡市_千谷沢村２－２","1010","林業経営体_個人経営","経営体","1"
"1116","新潟県_長岡市_千谷沢村２－２","1011","林業経営体_団体経営","経営体","-"
"1116","新潟県_長岡市_千谷沢村２－２","1012","林業経営体_団体経営_法人経営","経営体","-"
"1117","新潟県_長岡市_桐島村","1001","農林業経営体_計","経営体","32"
"1117","新潟県_長岡市_桐島村","1002","農林業経営体_個人経営","経営体","22"
"1117","新潟県_長岡市_桐島村","1003","農林業経営体_団体経営","経営体","10"
"1117","新潟県_長岡市_桐島村","1004","農林業経営体_団体経営_法人経営","経営体","10"
"1117","新潟県_長岡市_桐島村","1005","農業経営体_計","経営体","32"
"1117","新潟県_長岡市_桐島村","1006","農業経営体_個人経営","経営体","22"
"1117","新潟県_長岡市_桐島村","1007","農業経営体_団体経営","経営体","10"
"1117","新潟県_長岡市_桐島村","1008","農業経営体_団体経営_法人経営","経営体","10"
"1117","新潟県_長岡市_桐島村","1009","林業経営体_計","経営体","1"
"1117","新潟県_長岡市_桐島村","1010","林業経営体_個人経営","経営体","1"
"1117","新潟県_長岡市_桐島村","1011","林業経営体_団体経営","経営体","-"
"1117","新潟県_長岡市_桐島村","1012","林業経営体_団体経営_法人経営","経営体","-"
"1118","新潟県_長岡市_島田村","1001","農林業経営体_計","経営体","101"
"1118","新潟県_長岡市_島田村","1002","農林業経営体_個人経営","経営体","92"
"1118","新潟県_長岡市_島田村","1003","農林業経営体_団体経営","経営体","9"
"1118","新潟県_長岡市_島田村","1004","農林業経営体_団体経営_法人経営","経営体","9"
"1118","新潟県_長岡市_島田村","1005","農業経営体_計","経営体","101"
"1118","新潟県_長岡市_島田村","1006","農業経営体_個人経営","経営体","92"
"1118","新潟県_長岡市_島田村","1007","農業経営体_団体経営","経営体","9"
"1118","新潟県_長岡市_島田村","1008","農業経営体_団体経営_法人経営","経営体","9"
"1118","新潟県_長岡市_島田村","1009","林業経営体_計","経営体","-"
"1118","新潟県_長岡市_島田村","1010","林業経営体_個人経営","経営体","-"
"1118","新潟県_長岡市_島田村","1011","林業経営体_団体経営","経営体","-"
"1118","新潟県_長岡市_島田村","1012","林業経営体_団体経営_法人経営","経営体","-"
"1119","新潟県_長岡市_西越村２－２","1001","農林業経営体_計","経営体","12"
"1119","新潟県_長岡市_西越村２－２","1002","農林業経営体_個人経営","経営体","12"
"1119","新潟県_長岡市_西越村２－２","1003","農林業経営体_団体経営","経営体","-"
"1119","新潟県_長岡市_西越村２－２","1004","農林業経営体_団体経営_法人経営","経営体","-"
"1119","新潟県_長岡市_西越村２－２","1005","農業経営体_計","経営体","12"
"1119","新潟県_長岡市_西越村２－２","1006","農業経営体_個人経営","経営体","12"
"1119","新潟県_長岡市_西越村２－２","1007","農業経営体_団体経営","経営体","-"
"1119","新潟県_長岡市_西越村２－２","1008","農業経営体_団体経営_法人経営","経営体","-"
"1119","新潟県_長岡市_西越村２－２","1009","林業経営体_計","経営体","-"
"1119","新潟県_長岡市_西越村２－２","1010","林業経営体_個人経営","経営体","-"
"1119","新潟県_長岡市_西越村２－２","1011","林業経営体_団体経営","経営体","-"
"1119","新潟県_長岡市_西越村２－２","1012","林業経営体_団体経営_法人経営","経営体","-"
"1120","新潟県_長岡市_寺泊町","1001","農林業経営体_計","経営体","146"
"1120","新潟県_長岡市_寺泊町","1002","農林業経営体_個人経営","経営体","139"
"1120","新潟県_長岡市_寺泊町","1003","農林業経営体_団体経営","経営体","7"
"1120","新潟県_長岡市_寺泊町","1004","農林業経営体_団体経営_法人経営","経営体","5"
"1120","新潟県_長岡市_寺泊町","1005","農業経営体_計","経営体","146"
"1120","新潟県_長岡市_寺泊町","1006","農業経営体_個人経営","経営体","139"
"1120","新潟県_長岡市_寺泊町","1007","農業経営体_団体経営","経営体","7"
"1120","新潟県_長岡市_寺泊町","1008","農業経営体_団体経営_法人経営","経営体","5"
"1120","新潟県_長岡市_寺泊町","1009","林業経営体_計","経営体","2"
"1120","新潟県_長岡市_寺泊町","1010","林業経営体_個人経営","経営体","2"
"1120","新潟県_長岡市_寺泊町","1011","林業経営体_団体経営","経営体","-"
"1120","新潟県_長岡市_寺泊町","1012","林業経営体_団体経営_法人経営","経営体","-"
"1121","新潟県_長岡市_大河津村３－１","1001","農林業経営体_計","経営体","197"
"1121","新潟県_長岡市_大河津村３－１","1002","農林業経営体_個人経営","経営体","186"
"1121","新潟県_長岡市_大河津村３－１","1003","農林業経営体_団体経営","経営体","11"
"1121","新潟県_長岡市_大河津村３－１","1004","農林業経営体_団体経営_法人経営","経営体","6"
"1121","新潟県_長岡市_大河津村３－１","1005","農業経営体_計","経営体","196"
"1121","新潟県_長岡市_大河津村３－１","1006","農業経営体_個人経営","経営体","186"
"1121","新潟県_長岡市_大河津村３－１","1007","農業経営体_団体経営","経営体","10"
"1121","新潟県_長岡市_大河津村３－１","1008","農業経営体_団体経営_法人経営","経営体","5"
"1121","新潟県_長岡市_大河津村３－１","1009","林業経営体_計","経営体","1"
"1121","新潟県_長岡市_大河津村３－１","1010","林業経営体_個人経営","経営体","-"
"1121","新潟県_長岡市_大河津村３－１","1011","林業経営体_団体経営","経営体","1"
"1121","新潟県_長岡市_大河津村３－１","1012","林業経営体_団体経営_法人経営","経営体","1"
"1122","新潟県_長岡市_栃尾町","1001","農林業経営体_計","経営体","22"
"1122","新潟県_長岡市_栃尾町","1002","農林業経営体_個人経営","経営体","21"
"1122","新潟県_長岡市_栃尾町","1003","農林業経営体_団体経営","経営体","1"
"1122","新潟県_長岡市_栃尾町","1004","農林業経営体_団体経営_法人経営","経営体","1"
"1122","新潟県_長岡市_栃尾町","1005","農業経営体_計","経営体","22"
"1122","新潟県_長岡市_栃尾町","1006","農業経営体_個人経営","経営体","21"
"1122","新潟県_長岡市_栃尾町","1007","農業経営体_団体経営","経営体","1"
"1122","新潟県_長岡市_栃尾町","1008","農業経営体_団体経営_法人経営","経営体","1"
"1122","新潟県_長岡市_栃尾町","1009","林業経営体_計","経営体","-"
"1122","新潟県_長岡市_栃尾町","1010","林業経営体_個人経営","経営体","-"
"1122","新潟県_長岡市_栃尾町","1011","林業経営体_団体経営","経営体","-"
"1122","新潟県_長岡市_栃尾町","1012","林業経営体_団体経営_法人経営","経営体","-"
"1123","新潟県_長岡市_上北谷村２－２","1001","農林業経営体_計","経営体","22"
"1123","新潟県_長岡市_上北谷村２－２","1002","農林業経営体_個人経営","経営体","22"
"1123","新潟県_長岡市_上北谷村２－２","1003","農林業経営体_団体経営","経営体","-"
"1123","新潟県_長岡市_上北谷村２－２","1004","農林業経営体_団体経営_法人経営","経営体","-"
"1123","新潟県_長岡市_上北谷村２－２","1005","農業経営体_計","経営体","22"
"1123","新潟県_長岡市_上北谷村２－２","1006","農業経営体_個人経営","経営体","22"
"1123","新潟県_長岡市_上北谷村２－２","1007","農業経営体_団体経営","経営体","-"
"1123","新潟県_長岡市_上北谷村２－２","1008","農業経営体_団体経営_法人経営","経営体","-"
"1123","新潟県_長岡市_上北谷村２－２","1009","林業経営体_計","経営体","-"
"1123","新潟県_長岡市_上北谷村２－２","1010","林業経営体_個人経営","経営体","-"
"1123","新潟県_長岡市_上北谷村２－２","1011","林業経営体_団体経営","経営体","-"
"1123","新潟県_長岡市_上北谷村２－２","1012","林業経営体_団体経営_法人経営","経営体","-"
"1124","新潟県_長岡市_下塩谷村","1001","農林業経営体_計","経営体","157"
"1124","新潟県_長岡市_下塩谷村","1002","農林業経営体_個人経営","経営体","153"
"1124","新潟県_長岡市_下塩谷村","1003","農林業経営体_団体経営","経営体","4"
"1124","新潟県_長岡市_下塩谷村","1004","農林業経営体_団体経営_法人経営","経営体","4"
"1124","新潟県_長岡市_下塩谷村","1005","農業経営体_計","経営体","157"
"1124","新潟県_長岡市_下塩谷村","1006","農業経営体_個人経営","経営体","153"
"1124","新潟県_長岡市_下塩谷村","1007","農業経営体_団体経営","経営体","4"
"1124","新潟県_長岡市_下塩谷村","1008","農業経営体_団体経営_法人経営","経営体","4"
"1124","新潟県_長岡市_下塩谷村","1009","林業経営体_計","経営体","-"
"1124","新潟県_長岡市_下塩谷村","1010","林業経営体_個人経営","経営体","-"
"1124","新潟県_長岡市_下塩谷村","1011","林業経営体_団体経営","経営体","-"
"1124","新潟県_長岡市_下塩谷村","1012","林業経営体_団体経営_法人経営","経営体","-"
"1125","新潟県_長岡市_上塩谷村","1001","農林業経営体_計","経営体","89"
"1125","新潟県_長岡市_上塩谷村","1002","農林業経営体_個人経営","経営体","87"
"1125","新潟県_長岡市_上塩谷村","1003","農林業経営体_団体経営","経営体","2"
"1125","新潟県_長岡市_上塩谷村","1004","農林業経営体_団体経営_法人経営","経営体","2"
"1125","新潟県_長岡市_上塩谷村","1005","農業経営体_計","経営体","88"
"1125","新潟県_長岡市_上塩谷村","1006","農業経営体_個人経営","経営体","87"
"1125","新潟県_長岡市_上塩谷村","1007","農業経営体_団体経営","経営体","1"
"1125","新潟県_長岡市_上塩谷村","1008","農業経営体_団体経営_法人経営","経営体","1"
"1125","新潟県_長岡市_上塩谷村","1009","林業経営体_計","経営体","1"
"1125","新潟県_長岡市_上塩谷村","1010","林業経営体_個人経営","経営体","-"
"1125","新潟県_長岡市_上塩谷村","1011","林業経営体_団体経営","経営体","1"
"1125","新潟県_長岡市_上塩谷村","1012","林業経営体_団体経営_法人経営","経営体","1"
"1126","新潟県_長岡市_東谷村","1001","農林業経営体_計","経営体","68"
"1126","新潟県_長岡市_東谷村","1002","農林業経営体_個人経営","経営体","62"
"1126","新潟県_長岡市_東谷村","1003","農林業経営体_団体経営","経営体","6"
"1126","新潟県_長岡市_東谷村","1004","農林業経営体_団体経営_法人経営","経営体","4"
"1126","新潟県_長岡市_東谷村","1005","農業経営体_計","経営体","68"
"1126","新潟県_長岡市_東谷村","1006","農業経営体_個人経営","経営体","62"
"1126","新潟県_長岡市_東谷村","1007","農業経営体_団体経営","経営体","6"
"1126","新潟県_長岡市_東谷村","1008","農業経営体_団体経営_法人経営","経営体","4"
"1126","新潟県_長岡市_東谷村","1009","林業経営体_計","経営体","-"
"1126","新潟県_長岡市_東谷村","1010","林業経営体_個人経営","経営体","-"
"1126","新潟県_長岡市_東谷村","1011","林業経営体_団体経営","経営体","-"
"1126","新潟県_長岡市_東谷村","1012","林業経営体_団体経営_法人経営","経営体","-"
"1127","新潟県_長岡市_入東谷村","1001","農林業経営体_計","経営体","44"
"1127","新潟県_長岡市_入東谷村","1002","農林業経営体_個人経営","経営体","42"
"1127","新潟県_長岡市_入東谷村","1003","農林業経営体_団体経営","経営体","2"
"1127","新潟県_長岡市_入東谷村","1004","農林業経営体_団体経営_法人経営","経営体","1"
"1127","新潟県_長岡市_入東谷村","1005","農業経営体_計","経営体","44"
"1127","新潟県_長岡市_入東谷村","1006","農業経営体_個人経営","経営体","42"
"1127","新潟県_長岡市_入東谷村","1007","農業経営体_団体経営","経営体","2"
"1127","新潟県_長岡市_入東谷村","1008","農業経営体_団体経営_法人経営","経営体","1"
"1127","新潟県_長岡市_入東谷村","1009","林業経営体_計","経営体","-"
"1127","新潟県_長岡市_入東谷村","1010","林業経営体_個人経営","経営体","-"
"1127","新潟県_長岡市_入東谷村","1011","林業経営体_団体経営","経営体","-"
"1127","新潟県_長岡市_入東谷村","1012","林業経営体_団体経営_法人経営","経営体","-"
"1128","新潟県_長岡市_荷頃村","1001","農林業経営体_計","経営体","89"
"1128","新潟県_長岡市_荷頃村","1002","農林業経営体_個人経営","経営体","84"
"1128","新潟県_長岡市_荷頃村","1003","農林業経営体_団体経営","経営体","5"
"1128","新潟県_長岡市_荷頃村","1004","農林業経営体_団体経営_法人経営","経営体","4"
"1128","新潟県_長岡市_荷頃村","1005","農業経営体_計","経営体","89"
"1128","新潟県_長岡市_荷頃村","1006","農業経営体_個人経営","経営体","84"
"1128","新潟県_長岡市_荷頃村","1007","農業経営体_団体経営","経営体","5"
"1128","新潟県_長岡市_荷頃村","1008","農業経営体_団体経営_法人経営","経営体","4"
"1128","新潟県_長岡市_荷頃村","1009","林業経営体_計","経営体","-"
"1128","新潟県_長岡市_荷頃村","1010","林業経営体_個人経営","経営体","-"
"1128","新潟県_長岡市_荷頃村","1011","林業経営体_団体経営","経営体","-"
"1128","新潟県_長岡市_荷頃村","1012","林業経営体_団体経営_法人経営","経営体","-"
"1129","新潟県_長岡市_西谷村","1001","農林業経営体_計","経営体","39"
"1129","新潟県_長岡市_西谷村","1002","農林業経営体_個人経営","経営体","39"
"1129","新潟県_長岡市_西谷村","1003","農林業経営体_団体経営","経営体","-"
"1129","新潟県_長岡市_西谷村","1004","農林業経営体_団体経営_法人経営","経営体","-"
"1129","新潟県_長岡市_西谷村","1005","農業経営体_計","経営体","39"
"1129","新潟県_長岡市_西谷村","1006","農業経営体_個人経営","経営体","39"
"1129","新潟県_長岡市_西谷村","1007","農業経営体_団体経営","経営体","-"
"1129","新潟県_長岡市_西谷村","1008","農業経営体_団体経営_法人経営","経営体","-"
"1129","新潟県_長岡市_西谷村","1009","林業経営体_計","経営体","-"
"1129","新潟県_長岡市_西谷村","1010","林業経営体_個人経営","経営体","-"
"1129","新潟県_長岡市_西谷村","1011","林業経営体_団体経営","経営体","-"
"1129","新潟県_長岡市_西谷村","1012","林業経営体_団体経営_法人経営","経営体","-"
"1130","新潟県_長岡市_中野俣村","1001","農林業経営体_計","経営体","38"
"1130","新潟県_長岡市_中野俣村","1002","農林業経営体_個人経営","経営体","37"
"1130","新潟県_長岡市_中野俣村","1003","農林業経営体_団体経営","経営体","1"
"1130","新潟県_長岡市_中野俣村","1004","農林業経営体_団体経営_法人経営","経営体","1"
"1130","新潟県_長岡市_中野俣村","1005","農業経営体_計","経営体","38"
"1130","新潟県_長岡市_中野俣村","1006","農業経営体_個人経営","経営体","37"
"1130","新潟県_長岡市_中野俣村","1007","農業経営体_団体経営","経営体","1"
"1130","新潟県_長岡市_中野俣村","1008","農業経営体_団体経営_法人経営","経営体","1"
"1130","新潟県_長岡市_中野俣村","1009","林業経営体_計","経営体","-"
"1130","新潟県_長岡市_中野俣村","1010","林業経営体_個人経営","経営体","-"
"1130","新潟県_長岡市_中野俣村","1011","林業経営体_団体経営","経営体","-"
"1130","新潟県_長岡市_中野俣村","1012","林業経営体_団体経営_法人経営","経営体","-"
"1131","新潟県_長岡市_半蔵金村","1001","農林業経営体_計","経営体","8"
"1131","新潟県_長岡市_半蔵金村","1002","農林業経営体_個人経営","経営体","8"
"1131","新潟県_長岡市_半蔵金村","1003","農林業経営体_団体経営","経営体","-"
"1131","新潟県_長岡市_半蔵金村","1004","農林業経営体_団体経営_法人経営","経営体","-"
"1131","新潟県_長岡市_半蔵金村","1005","農業経営体_計","経営体","8"
"1131","新潟県_長岡市_半蔵金村","1006","農業経営体_個人経営","経営体","8"
"1131","新潟県_長岡市_半蔵金村","1007","農業経営体_団体経営","経営体","-"
"1131","新潟県_長岡市_半蔵金村","1008","農業経営体_団体経営_法人経営","経営体","-"
"1131","新潟県_長岡市_半蔵金村","1009","林業経営体_計","経営体","-"
"1131","新潟県_長岡市_半蔵金村","1010","林業経営体_個人経営","経営体","-"
"1131","新潟県_長岡市_半蔵金村","1011","林業経営体_団体経営","経営体","-"
"1131","新潟県_長岡市_半蔵金村","1012","林業経営体_団体経営_法人経営","経営体","-"
"1132","新潟県_長岡市_与板町","1001","農林業経営体_計","経営体","50"
"1132","新潟県_長岡市_与板町","1002","農林業経営体_個人経営","経営体","50"
"1132","新潟県_長岡市_与板町","1003","農林業経営体_団体経営","経営体","-"
"1132","新潟県_長岡市_与板町","1004","農林業経営体_団体経営_法人経営","経営体","-"
"1132","新潟県_長岡市_与板町","1005","農業経営体_計","経営体","50"
"1132","新潟県_長岡市_与板町","1006","農業経営体_個人経営","経営体","50"
"1132","新潟県_長岡市_与板町","1007","農業経営体_団体経営","経営体","-"
"1132","新潟県_長岡市_与板町","1008","農業経営体_団体経営_法人経営","経営体","-"
"1132","新潟県_長岡市_与板町","1009","林業経営体_計","経営体","-"
"1132","新潟県_長岡市_与板町","1010","林業経営体_個人経営","経営体","-"
"1132","新潟県_長岡市_与板町","1011","林業経営体_団体経営","経営体","-"
"1132","新潟県_長岡市_与板町","1012","林業経営体_団体経営_法人経営","経営体","-"
"1133","新潟県_長岡市_大河津村３－３","1001","農林業経営体_計","経営体","13"
"1133","新潟県_長岡市_大河津村３－３","1002","農林業経営体_個人経営","経営体","13"
"1133","新潟県_長岡市_大河津村３－３","1003","農林業経営体_団体経営","経営体","-"
"1133","新潟県_長岡市_大河津村３－３","1004","農林業経営体_団体経営_法人経営","経営体","-"
"1133","新潟県_長岡市_大河津村３－３","1005","農業経営体_計","経営体","13"
"1133","新潟県_長岡市_大河津村３－３","1006","農業経営体_個人経営","経営体","13"
"1133","新潟県_長岡市_大河津村３－３","1007","農業経営体_団体経営","経営体","-"
"1133","新潟県_長岡市_大河津村３－３","1008","農業経営体_団体経営_法人経営","経営体","-"
"1133","新潟県_長岡市_大河津村３－３","1009","林業経営体_計","経営体","-"
"1133","新潟県_長岡市_大河津村３－３","1010","林業経営体_個人経営","経営体","-"
"1133","新潟県_長岡市_大河津村３－３","1011","林業経営体_団体経営","経営体","-"
"1133","新潟県_長岡市_大河津村３－３","1012","林業経営体_団体経営_法人経営","経営体","-"
"1134","新潟県_長岡市_黒川村２－１","1001","農林業経営体_計","経営体","38"
"1134","新潟県_長岡市_黒川村２－１","1002","農林業経営体_個人経営","経営体","36"
"1134","新潟県_長岡市_黒川村２－１","1003","農林業経営体_団体経営","経営体","2"
"1134","新潟県_長岡市_黒川村２－１","1004","農林業経営体_団体経営_法人経営","経営体","2"
"1134","新潟県_長岡市_黒川村２－１","1005","農業経営体_計","経営体","38"
"1134","新潟県_長岡市_黒川村２－１","1006","農業経営体_個人経営","経営体","36"
"1134","新潟県_長岡市_黒川村２－１","1007","農業経営体_団体経営","経営体","2"
"1134","新潟県_長岡市_黒川村２－１","1008","農業経営体_団体経営_法人経営","経営体","2"
"1134","新潟県_長岡市_黒川村２－１","1009","林業経営体_計","経営体","-"
"1134","新潟県_長岡市_黒川村２－１","1010","林業経営体_個人経営","経営体","-"
"1134","新潟県_長岡市_黒川村２－１","1011","林業経営体_団体経営","経営体","-"
"1134","新潟県_長岡市_黒川村２－１","1012","林業経営体_団体経営_法人経営","経営体","-"
"1135","新潟県_長岡市_大津村２－２","1001","農林業経営体_計","経営体","31"
"1135","新潟県_長岡市_大津村２－２","1002","農林業経営体_個人経営","経営体","28"
"1135","新潟県_長岡市_大津村２－２","1003","農林業経営体_団体経営","経営体","3"
"1135","新潟県_長岡市_大津村２－２","1004","農林業経営体_団体経営_法人経営","経営体","1"
"1135","新潟県_長岡市_大津村２－２","1005","農業経営体_計","経営体","31"
"1135","新潟県_長岡市_大津村２－２","1006","農業経営体_個人経営","経営体","28"
"1135","新潟県_長岡市_大津村２－２","1007","農業経営体_団体経営","経営体","3"
"1135","新潟県_長岡市_大津村２－２","1008","農業経営体_団体経営_法人経営","経営体","1"
"1135","新潟県_長岡市_大津村２－２","1009","林業経営体_計","経営体","-"
"1135","新潟県_長岡市_大津村２－２","1010","林業経営体_個人経営","経営体","-"
"1135","新潟県_長岡市_大津村２－２","1011","林業経営体_団体経営","経営体","-"
"1135","新潟県_長岡市_大津村２－２","1012","林業経営体_団体経営_法人経営","経営体","-"
"1136","新潟県_長岡市_川口村","1001","農林業経営体_計","経営体","165"
"1136","新潟県_長岡市_川口村","1002","農林業経営体_個人経営","経営体","158"
"1136","新潟県_長岡市_川口村","1003","農林業経営体_団体経営","経営体","7"
"1136","新潟県_長岡市_川口村","1004","農林業経営体_団体経営_法人経営","経営体","7"
"1136","新潟県_長岡市_川口村","1005","農業経営体_計","経営体","165"
"1136","新潟県_長岡市_川口村","1006","農業経営体_個人経営","経営体","158"
"1136","新潟県_長岡市_川口村","1007","農業経営体_団体経営","経営体","7"
"1136","新潟県_長岡市_川口村","1008","農業経営体_団体経営_法人経営","経営体","7"
"1136","新潟県_長岡市_川口村","1009","林業経営体_計","経営体","-"
"1136","新潟県_長岡市_川口村","1010","林業経営体_個人経営","経営体","-"
"1136","新潟県_長岡市_川口村","1011","林業経営体_団体経営","経営体","-"
"1136","新潟県_長岡市_川口村","1012","林業経営体_団体経営_法人経営","経営体","-"
"1137","新潟県_長岡市_東山村２－２","1001","農林業経営体_計","経営体","6"
"1137","新潟県_長岡市_東山村２－２","1002","農林業経営体_個人経営","経営体","6"
"1137","新潟県_長岡市_東山村２－２","1003","農林業経営体_団体経営","経営体","-"
"1137","新潟県_長岡市_東山村２－２","1004","農林業経営体_団体経営_法人経営","経営体","-"
"1137","新潟県_長岡市_東山村２－２","1005","農業経営体_計","経営体","6"
"1137","新潟県_長岡市_東山村２－２","1006","農業経営体_個人経営","経営体","6"
"1137","新潟県_長岡市_東山村２－２","1007","農業経営体_団体経営","経営体","-"
"1137","新潟県_長岡市_東山村２－２","1008","農業経営体_団体経営_法人経営","経営体","-"
"1137","新潟県_長岡市_東山村２－２","1009","林業経営体_計","経営体","-"
"1137","新潟県_長岡市_東山村２－２","1010","林業経営体_個人経営","経営体","-"
"1137","新潟県_長岡市_東山村２－２","1011","林業経営体_団体経営","経営体","-"
"1137","新潟県_長岡市_東山村２－２","1012","林業経営体_団体経営_法人経営","経営体","-"
"1138","新潟県_長岡市_田麦山村","1001","農林業経営体_計","経営体","28"
"1138","新潟県_長岡市_田麦山村","1002","農林業経営体_個人経営","経営体","26"
"1138","新潟県_長岡市_田麦山村","1003","農林業経営体_団体経営","経営体","2"
"1138","新潟県_長岡市_田麦山村","1004","農林業経営体_団体経営_法人経営","経営体","2"
"1138","新潟県_長岡市_田麦山村","1005","農業経営体_計","経営体","28"
"1138","新潟県_長岡市_田麦山村","1006","農業経営体_個人経営","経営体","26"
"1138","新潟県_長岡市_田麦山村","1007","農業経営体_団体経営","経営体","2"
"1138","新潟県_長岡市_田麦山村","1008","農業経営体_団体経営_法人経営","経営体","2"
"1138","新潟県_長岡市_田麦山村","1009","林業経営体_計","経営体","-"
"1138","新潟県_長岡市_田麦山村","1010","林業経営体_個人経営","経営体","-"
"1138","新潟県_長岡市_田麦山村","1011","林業経営体_団体経営","経営体","-"
"1138","新潟県_長岡市_田麦山村","1012","林業経営体_団体経営_法人経営","経営体","-"
"1139","新潟県_三条市","1001","農林業経営体_計","経営体","2019"
"1139","新潟県_三条市","1002","農林業経営体_個人経営","経営体","1968"
"1139","新潟県_三条市","1003","農林業経営体_団体経営","経営体","51"
"1139","新潟県_三条市","1004","農林業経営体_団体経営_法人経営","経営体","39"
"1139","新潟県_三条市","1005","農業経営体_計","経営体","2014"
"1139","新潟県_三条市","1006","農業経営体_個人経営","経営体","1964"
"1139","新潟県_三条市","1007","農業経営体_団体経営","経営体","50"
"1139","新潟県_三条市","1008","農業経営体_団体経営_法人経営","経営体","38"
"1139","新潟県_三条市","1009","林業経営体_計","経営体","30"
"1139","新潟県_三条市","1010","林業経営体_個人経営","経営体","29"
"1139","新潟県_三条市","1011","林業経営体_団体経営","経営体","1"
"1139","新潟県_三条市","1012","林業経営体_団体経営_法人経営","経営体","1"
"1140","新潟県_三条市_三条市","1001","農林業経営体_計","経営体","122"
"1140","新潟県_三条市_三条市","1002","農林業経営体_個人経営","経営体","120"
"1140","新潟県_三条市_三条市","1003","農林業経営体_団体経営","経営体","2"
"1140","新潟県_三条市_三条市","1004","農林業経営体_団体経営_法人経営","経営体","2"
"1140","新潟県_三条市_三条市","1005","農業経営体_計","経営体","122"
"1140","新潟県_三条市_三条市","1006","農業経営体_個人経営","経営体","120"
"1140","新潟県_三条市_三条市","1007","農業経営体_団体経営","経営体","2"
"1140","新潟県_三条市_三条市","1008","農業経営体_団体経営_法人経営","経営体","2"
"1140","新潟県_三条市_三条市","1009","林業経営体_計","経営体","-"
"1140","新潟県_三条市_三条市","1010","林業経営体_個人経営","経営体","-"
"1140","新潟県_三条市_三条市","1011","林業経営体_団体経営","経営体","-"
"1140","新潟県_三条市_三条市","1012","林業経営体_団体経営_法人経営","経営体","-"
"1141","新潟県_三条市_井栗村","1001","農林業経営体_計","経営体","198"
"1141","新潟県_三条市_井栗村","1002","農林業経営体_個人経営","経営体","198"
"1141","新潟県_三条市_井栗村","1003","農林業経営体_団体経営","経営体","-"
"1141","新潟県_三条市_井栗村","1004","農林業経営体_団体経営_法人経営","経営体","-"
"1141","新潟県_三条市_井栗村","1005","農業経営体_計","経営体","198"
"1141","新潟県_三条市_井栗村","1006","農業経営体_個人経営","経営体","198"
"1141","新潟県_三条市_井栗村","1007","農業経営体_団体経営","経営体","-"
"1141","新潟県_三条市_井栗村","1008","農業経営体_団体経営_法人経営","経営体","-"
"1141","新潟県_三条市_井栗村","1009","林業経営体_計","経営体","-"
"1141","新潟県_三条市_井栗村","1010","林業経営体_個人経営","経営体","-"
"1141","新潟県_三条市_井栗村","1011","林業経営体_団体経営","経営体","-"
"1141","新潟県_三条市_井栗村","1012","林業経営体_団体経営_法人経営","経営体","-"
"1142","新潟県_三条市_大崎村","1001","農林業経営体_計","経営体","154"
"1142","新潟県_三条市_大崎村","1002","農林業経営体_個人経営","経営体","154"
"1142","新潟県_三条市_大崎村","1003","農林業経営体_団体経営","経営体","-"
"1142","新潟県_三条市_大崎村","1004","農林業経営体_団体経営_法人経営","経営体","-"
"1142","新潟県_三条市_大崎村","1005","農業経営体_計","経営体","153"
"1142","新潟県_三条市_大崎村","1006","農業経営体_個人経営","経営体","153"
"1142","新潟県_三条市_大崎村","1007","農業経営体_団体経営","経営体","-"
"1142","新潟県_三条市_大崎村","1008","農業経営体_団体経営_法人経営","経営体","-"
"1142","新潟県_三条市_大崎村","1009","林業経営体_計","経営体","1"
"1142","新潟県_三条市_大崎村","1010","林業経営体_個人経営","経営体","1"
"1142","新潟県_三条市_大崎村","1011","林業経営体_団体経営","経営体","-"
"1142","新潟県_三条市_大崎村","1012","林業経営体_団体経営_法人経営","経営体","-"
"1143","新潟県_三条市_本成寺村","1001","農林業経営体_計","経営体","181"
"1143","新潟県_三条市_本成寺村","1002","農林業経営体_個人経営","経営体","179"
"1143","新潟県_三条市_本成寺村","1003","農林業経営体_団体経営","経営体","2"
"1143","新潟県_三条市_本成寺村","1004","農林業経営体_団体経営_法人経営","経営体","2"
"1143","新潟県_三条市_本成寺村","1005","農業経営体_計","経営体","181"
"1143","新潟県_三条市_本成寺村","1006","農業経営体_個人経営","経営体","179"
"1143","新潟県_三条市_本成寺村","1007","農業経営体_団体経営","経営体","2"
"1143","新潟県_三条市_本成寺村","1008","農業経営体_団体経営_法人経営","経営体","2"
"1143","新潟県_三条市_本成寺村","1009","林業経営体_計","経営体","4"
"1143","新潟県_三条市_本成寺村","1010","林業経営体_個人経営","経営体","4"
"1143","新潟県_三条市_本成寺村","1011","林業経営体_団体経営","経営体","-"
"1143","新潟県_三条市_本成寺村","1012","林業経営体_団体経営_法人経営","経営体","-"
"1144","新潟県_三条市_大島村２－１","1001","農林業経営体_計","経営体","166"
"1144","新潟県_三条市_大島村２－１","1002","農林業経営体_個人経営","経営体","163"
"1144","新潟県_三条市_大島村２－１","1003","農林業経営体_団体経営","経営体","3"
"1144","新潟県_三条市_大島村２－１","1004","農林業経営体_団体経営_法人経営","経営体","3"
"1144","新潟県_三条市_大島村２－１","1005","農業経営体_計","経営体","166"
"1144","新潟県_三条市_大島村２－１","1006","農業経営体_個人経営","経営体","163"
"1144","新潟県_三条市_大島村２－１","1007","農業経営体_団体経営","経営体","3"
"1144","新潟県_三条市_大島村２－１","1008","農業経営体_団体経営_法人経営","経営体","3"
"1144","新潟県_三条市_大島村２－１","1009","林業経営体_計","経営体","-"
"1144","新潟県_三条市_大島村２－１","1010","林業経営体_個人経営","経営体","-"
"1144","新潟県_三条市_大島村２－１","1011","林業経営体_団体経営","経営体","-"
"1144","新潟県_三条市_大島村２－１","1012","林業経営体_団体経営_法人経営","経営体","-"
"1145","新潟県_三条市_福島村","1001","農林業経営体_計","経営体","229"
"1145","新潟県_三条市_福島村","1002","農林業経営体_個人経営","経営体","212"
"1145","新潟県_三条市_福島村","1003","農林業経営体_団体経営","経営体","17"
"1145","新潟県_三条市_福島村","1004","農林業経営体_団体経営_法人経営","経営体","13"
"1145","新潟県_三条市_福島村","1005","農業経営体_計","経営体","229"
"1145","新潟県_三条市_福島村","1006","農業経営体_個人経営","経営体","212"
"1145","新潟県_三条市_福島村","1007","農業経営体_団体経営","経営体","17"
"1145","新潟県_三条市_福島村","1008","農業経営体_団体経営_法人経営","経営体","13"
"1145","新潟県_三条市_福島村","1009","林業経営体_計","経営体","-"
"1145","新潟県_三条市_福島村","1010","林業経営体_個人経営","経営体","-"
"1145","新潟県_三条市_福島村","1011","林業経営体_団体経営","経営体","-"
"1145","新潟県_三条市_福島村","1012","林業経営体_団体経営_法人経営","経営体","-"
"1146","新潟県_三条市_大面村","1001","農林業経営体_計","経営体","205"
"1146","新潟県_三条市_大面村","1002","農林業経営体_個人経営","経営体","200"
"1146","新潟県_三条市_大面村","1003","農林業経営体_団体経営","経営体","5"
"1146","新潟県_三条市_大面村","1004","農林業経営体_団体経営_法人経営","経営体","2"
"1146","新潟県_三条市_大面村","1005","農業経営体_計","経営体","204"
"1146","新潟県_三条市_大面村","1006","農業経営体_個人経営","経営体","199"
"1146","新潟県_三条市_大面村","1007","農業経営体_団体経営","経営体","5"
"1146","新潟県_三条市_大面村","1008","農業経営体_団体経営_法人経営","経営体","2"
"1146","新潟県_三条市_大面村","1009","林業経営体_計","経営体","8"
"1146","新潟県_三条市_大面村","1010","林業経営体_個人経営","経営体","8"
"1146","新潟県_三条市_大面村","1011","林業経営体_団体経営","経営体","-"
"1146","新潟県_三条市_大面村","1012","林業経営体_団体経営_法人経営","経営体","-"
"1147","新潟県_三条市_長沢村","1001","農林業経営体_計","経営体","345"
"1147","新潟県_三条市_長沢村","1002","農林業経営体_個人経営","経営体","334"
"1147","新潟県_三条市_長沢村","1003","農林業経営体_団体経営","経営体","11"
"1147","新潟県_三条市_長沢村","1004","農林業経営体_団体経営_法人経営","経営体","9"
"1147","新潟県_三条市_長沢村","1005","農業経営体_計","経営体","344"
"1147","新潟県_三条市_長沢村","1006","農業経営体_個人経営","経営体","333"
"1147","新潟県_三条市_長沢村","1007","農業経営体_団体経営","経営体","11"
"1147","新潟県_三条市_長沢村","1008","農業経営体_団体経営_法人経営","経営体","9"
"1147","新潟県_三条市_長沢村","1009","林業経営体_計","経営体","5"
"1147","新潟県_三条市_長沢村","1010","林業経営体_個人経営","経営体","5"
"1147","新潟県_三条市_長沢村","1011","林業経営体_団体経営","経営体","-"
"1147","新潟県_三条市_長沢村","1012","林業経営体_団体経営_法人経営","経営体","-"
"1148","新潟県_三条市_森町村","1001","農林業経営体_計","経営体","213"
"1148","新潟県_三条市_森町村","1002","農林業経営体_個人経営","経営体","205"
"1148","新潟県_三条市_森町村","1003","農林業経営体_団体経営","経営体","8"
"1148","新潟県_三条市_森町村","1004","農林業経営体_団体経営_法人経営","経営体","7"
"1148","新潟県_三条市_森町村","1005","農業経営体_計","経営体","212"
"1148","新潟県_三条市_森町村","1006","農業経営体_個人経営","経営体","205"
"1148","新潟県_三条市_森町村","1007","農業経営体_団体経営","経営体","7"
"1148","新潟県_三条市_森町村","1008","農業経営体_団体経営_法人経営","経営体","6"
"1148","新潟県_三条市_森町村","1009","林業経営体_計","経営体","4"
"1148","新潟県_三条市_森町村","1010","林業経営体_個人経営","経営体","3"
"1148","新潟県_三条市_森町村","1011","林業経営体_団体経営","経営体","1"
"1148","新潟県_三条市_森町村","1012","林業経営体_団体経営_法人経営","経営体","1"
"1149","新潟県_三条市_鹿峠村","1001","農林業経営体_計","経営体","206"
"1149","新潟県_三条市_鹿峠村","1002","農林業経営体_個人経営","経営体","203"
"1149","新潟県_三条市_鹿峠村","1003","農林業経営体_団体経営","経営体","3"
"1149","新潟県_三条市_鹿峠村","1004","農林業経営体_団体経営_法人経営","経営体","1"
"1149","新潟県_三条市_鹿峠村","1005","農業経営体_計","経営体","205"
"1149","新潟県_三条市_鹿峠村","1006","農業経営体_個人経営","経営体","202"
"1149","新潟県_三条市_鹿峠村","1007","農業経営体_団体経営","経営体","3"
"1149","新潟県_三条市_鹿峠村","1008","農業経営体_団体経営_法人経営","経営体","1"
"1149","新潟県_三条市_鹿峠村","1009","林業経営体_計","経営体","8"
"1149","新潟県_三条市_鹿峠村","1010","林業経営体_個人経営","経営体","8"
"1149","新潟県_三条市_鹿峠村","1011","林業経営体_団体経営","経営体","-"
"1149","新潟県_三条市_鹿峠村","1012","林業経営体_団体経営_法人経営","経営体","-"
"1150","新潟県_柏崎市","1001","農林業経営体_計","経営体","1044"
"1150","新潟県_柏崎市","1002","農林業経営体_個人経営","経営体","971"
"1150","新潟県_柏崎市","1003","農林業経営体_団体経営","経営体","73"
"1150","新潟県_柏崎市","1004","農林業経営体_団体経営_法人経営","経営体","55"
"1150","新潟県_柏崎市","1005","農業経営体_計","経営体","1040"
"1150","新潟県_柏崎市","1006","農業経営体_個人経営","経営体","970"
"1150","新潟県_柏崎市","1007","農業経営体_団体経営","経営体","70"
"1150","新潟県_柏崎市","1008","農業経営体_団体経営_法人経営","経営体","53"
"1150","新潟県_柏崎市","1009","林業経営体_計","経営体","11"
"1150","新潟県_柏崎市","1010","林業経営体_個人経営","経営体","8"
"1150","新潟県_柏崎市","1011","林業経営体_団体経営","経営体","3"
"1150","新潟県_柏崎市","1012","林業経営体_団体経営_法人経営","経営体","2"
"1151","新潟県_柏崎市_柏崎市","1001","農林業経営体_計","経営体","51"
"1151","新潟県_柏崎市_柏崎市","1002","農林業経営体_個人経営","経営体","44"
"1151","新潟県_柏崎市_柏崎市","1003","農林業経営体_団体経営","経営体","7"
"1151","新潟県_柏崎市_柏崎市","1004","農林業経営体_団体経営_法人経営","経営体","6"
"1151","新潟県_柏崎市_柏崎市","1005","農業経営体_計","経営体","50"
"1151","新潟県_柏崎市_柏崎市","1006","農業経営体_個人経営","経営体","44"
"1151","新潟県_柏崎市_柏崎市","1007","農業経営体_団体経営","経営体","6"
"1151","新潟県_柏崎市_柏崎市","1008","農業経営体_団体経営_法人経営","経営体","6"
"1151","新潟県_柏崎市_柏崎市","1009","林業経営体_計","経営体","2"
"1151","新潟県_柏崎市_柏崎市","1010","林業経営体_個人経営","経営体","1"
"1151","新潟県_柏崎市_柏崎市","1011","林業経営体_団体経営","経営体","1"
"1151","新潟県_柏崎市_柏崎市","1012","林業経営体_団体経営_法人経営","経営体","-"
"1152","新潟県_柏崎市_西中通村","1001","農林業経営体_計","経営体","66"
"1152","新潟県_柏崎市_西中通村","1002","農林業経営体_個人経営","経営体","63"
"1152","新潟県_柏崎市_西中通村","1003","農林業経営体_団体経営","経営体","3"
"1152","新潟県_柏崎市_西中通村","1004","農林業経営体_団体経営_法人経営","経営体","2"
"1152","新潟県_柏崎市_西中通村","1005","農業経営体_計","経営体","66"
"1152","新潟県_柏崎市_西中通村","1006","農業経営体_個人経営","経営体","63"
"1152","新潟県_柏崎市_西中通村","1007","農業経営体_団体経営","経営体","3"
"1152","新潟県_柏崎市_西中通村","1008","農業経営体_団体経営_法人経営","経営体","2"
"1152","新潟県_柏崎市_西中通村","1009","林業経営体_計","経営体","-"
"1152","新潟県_柏崎市_西中通村","1010","林業経営体_個人経営","経営体","-"
"1152","新潟県_柏崎市_西中通村","1011","林業経営体_団体経営","経営体","-"
"1152","新潟県_柏崎市_西中通村","1012","林業経営体_団体経営_法人経営","経営体","-"
"1153","新潟県_柏崎市_荒浜村","1001","農林業経営体_計","経営体","3"
"1153","新潟県_柏崎市_荒浜村","1002","農林業経営体_個人経営","経営体","3"
"1153","新潟県_柏崎市_荒浜村","1003","農林業経営体_団体経営","経営体","-"
"1153","新潟県_柏崎市_荒浜村","1004","農林業経営体_団体経営_法人経営","経営体","-"
"1153","新潟県_柏崎市_荒浜村","1005","農業経営体_計","経営体","3"
"1153","新潟県_柏崎市_荒浜村","1006","農業経営体_個人経営","経営体","3"
"1153","新潟県_柏崎市_荒浜村","1007","農業経営体_団体経営","経営体","-"
"1153","新潟県_柏崎市_荒浜村","1008","農業経営体_団体経営_法人経営","経営体","-"
"1153","新潟県_柏崎市_荒浜村","1009","林業経営体_計","経営体","-"
"1153","新潟県_柏崎市_荒浜村","1010","林業経営体_個人経営","経営体","-"
"1153","新潟県_柏崎市_荒浜村","1011","林業経営体_団体経営","経営体","-"
"1153","新潟県_柏崎市_荒浜村","1012","林業経営体_団体経営_法人経営","経営体","-"
"1154","新潟県_柏崎市_北鯖石村","1001","農林業経営体_計","経営体","59"
"1154","新潟県_柏崎市_北鯖石村","1002","農林業経営体_個人経営","経営体","55"
"1154","新潟県_柏崎市_北鯖石村","1003","農林業経営体_団体経営","経営体","4"
"1154","新潟県_柏崎市_北鯖石村","1004","農林業経営体_団体経営_法人経営","経営体","4"
"1154","新潟県_柏崎市_北鯖石村","1005","農業経営体_計","経営体","58"
"1154","新潟県_柏崎市_北鯖石村","1006","農業経営体_個人経営","経営体","55"
"1154","新潟県_柏崎市_北鯖石村","1007","農業経営体_団体経営","経営体","3"
"1154","新潟県_柏崎市_北鯖石村","1008","農業経営体_団体経営_法人経営","経営体","3"
"1154","新潟県_柏崎市_北鯖石村","1009","林業経営体_計","経営体","1"
"1154","新潟県_柏崎市_北鯖石村","1010","林業経営体_個人経営","経営体","-"
"1154","新潟県_柏崎市_北鯖石村","1011","林業経営体_団体経営","経営体","1"
"1154","新潟県_柏崎市_北鯖石村","1012","林業経営体_団体経営_法人経営","経営体","1"
"1155","新潟県_柏崎市_田尻村","1001","農林業経営体_計","経営体","101"
"1155","新潟県_柏崎市_田尻村","1002","農林業経営体_個人経営","経営体","94"
"1155","新潟県_柏崎市_田尻村","1003","農林業経営体_団体経営","経営体","7"
"1155","新潟県_柏崎市_田尻村","1004","農林業経営体_団体経営_法人経営","経営体","7"
"1155","新潟県_柏崎市_田尻村","1005","農業経営体_計","経営体","101"
"1155","新潟県_柏崎市_田尻村","1006","農業経営体_個人経営","経営体","94"
"1155","新潟県_柏崎市_田尻村","1007","農業経営体_団体経営","経営体","7"
"1155","新潟県_柏崎市_田尻村","1008","農業経営体_団体経営_法人経営","経営体","7"
"1155","新潟県_柏崎市_田尻村","1009","林業経営体_計","経営体","1"
"1155","新潟県_柏崎市_田尻村","1010","林業経営体_個人経営","経営体","1"
"1155","新潟県_柏崎市_田尻村","1011","林業経営体_団体経営","経営体","-"
"1155","新潟県_柏崎市_田尻村","1012","林業経営体_団体経営_法人経営","経営体","-"
"1156","新潟県_柏崎市_高田村","1001","農林業経営体_計","経営体","86"
"1156","新潟県_柏崎市_高田村","1002","農林業経営体_個人経営","経営体","77"
"1156","新潟県_柏崎市_高田村","1003","農林業経営体_団体経営","経営体","9"
"1156","新潟県_柏崎市_高田村","1004","農林業経営体_団体経営_法人経営","経営体","7"
"1156","新潟県_柏崎市_高田村","1005","農業経営体_計","経営体","86"
"1156","新潟県_柏崎市_高田村","1006","農業経営体_個人経営","経営体","77"
"1156","新潟県_柏崎市_高田村","1007","農業経営体_団体経営","経営体","9"
"1156","新潟県_柏崎市_高田村","1008","農業経営体_団体経営_法人経営","経営体","7"
"1156","新潟県_柏崎市_高田村","1009","林業経営体_計","経営体","-"
"1156","新潟県_柏崎市_高田村","1010","林業経営体_個人経営","経営体","-"
"1156","新潟県_柏崎市_高田村","1011","林業経営体_団体経営","経営体","-"
"1156","新潟県_柏崎市_高田村","1012","林業経営体_団体経営_法人経営","経営体","-"
"1157","新潟県_柏崎市_中通村２－１","1001","農林業経営体_計","経営体","58"
"1157","新潟県_柏崎市_中通村２－１","1002","農林業経営体_個人経営","経営体","55"
"1157","新潟県_柏崎市_中通村２－１","1003","農林業経営体_団体経営","経営体","3"
"1157","新潟県_柏崎市_中通村２－１","1004","農林業経営体_団体経営_法人経営","経営体","2"
"1157","新潟県_柏崎市_中通村２－１","1005","農業経営体_計","経営体","58"
"1157","新潟県_柏崎市_中通村２－１","1006","農業経営体_個人経営","経営体","55"
"1157","新潟県_柏崎市_中通村２－１","1007","農業経営体_団体経営","経営体","3"
"1157","新潟県_柏崎市_中通村２－１","1008","農業経営体_団体経営_法人経営","経営体","2"
"1157","新潟県_柏崎市_中通村２－１","1009","林業経営体_計","経営体","1"
"1157","新潟県_柏崎市_中通村２－１","1010","林業経営体_個人経営","経営体","1"
"1157","新潟県_柏崎市_中通村２－１","1011","林業経営体_団体経営","経営体","-"
"1157","新潟県_柏崎市_中通村２－１","1012","林業経営体_団体経営_法人経営","経営体","-"
"1158","新潟県_柏崎市_上米山村","1001","農林業経営体_計","経営体","5"
"1158","新潟県_柏崎市_上米山村","1002","農林業経営体_個人経営","経営体","5"
"1158","新潟県_柏崎市_上米山村","1003","農林業経営体_団体経営","経営体","-"
"1158","新潟県_柏崎市_上米山村","1004","農林業経営体_団体経営_法人経営","経営体","-"
"1158","新潟県_柏崎市_上米山村","1005","農業経営体_計","経営体","5"
"1158","新潟県_柏崎市_上米山村","1006","農業経営体_個人経営","経営体","5"
"1158","新潟県_柏崎市_上米山村","1007","農業経営体_団体経営","経営体","-"
"1158","新潟県_柏崎市_上米山村","1008","農業経営体_団体経営_法人経営","経営体","-"
"1158","新潟県_柏崎市_上米山村","1009","林業経営体_計","経営体","-"
"1158","新潟県_柏崎市_上米山村","1010","林業経営体_個人経営","経営体","-"
"1158","新潟県_柏崎市_上米山村","1011","林業経営体_団体経営","経営体","-"
"1158","新潟県_柏崎市_上米山村","1012","林業経営体_団体経営_法人経営","経営体","-"
"1159","新潟県_柏崎市_米山村２－１","1001","農林業経営体_計","経営体","2"
"1159","新潟県_柏崎市_米山村２－１","1002","農林業経営体_個人経営","経営体","2"
"1159","新潟県_柏崎市_米山村２－１","1003","農林業経営体_団体経営","経営体","-"
"1159","新潟県_柏崎市_米山村２－１","1004","農林業経営体_団体経営_法人経営","経営体","-"
"1159","新潟県_柏崎市_米山村２－１","1005","農業経営体_計","経営体","2"
"1159","新潟県_柏崎市_米山村２－１","1006","農業経営体_個人経営","経営体","2"
"1159","新潟県_柏崎市_米山村２－１","1007","農業経営体_団体経営","経営体","-"
"1159","新潟県_柏崎市_米山村２－１","1008","農業経営体_団体経営_法人経営","経営体","-"
"1159","新潟県_柏崎市_米山村２－１","1009","林業経営体_計","経営体","-"
"1159","新潟県_柏崎市_米山村２－１","1010","林業経営体_個人経営","経営体","-"
"1159","新潟県_柏崎市_米山村２－１","1011","林業経営体_団体経営","経営体","-"
"1159","新潟県_柏崎市_米山村２－１","1012","林業経営体_団体経営_法人経営","経営体","-"
"1160","新潟県_柏崎市_高浜町","1001","農林業経営体_計","経営体","1"
"1160","新潟県_柏崎市_高浜町","1002","農林業経営体_個人経営","経営体","1"
"1160","新潟県_柏崎市_高浜町","1003","農林業経営体_団体経営","経営体","-"
"1160","新潟県_柏崎市_高浜町","1004","農林業経営体_団体経営_法人経営","経営体","-"
"1160","新潟県_柏崎市_高浜町","1005","農業経営体_計","経営体","1"
"1160","新潟県_柏崎市_高浜町","1006","農業経営体_個人経営","経営体","1"
"1160","新潟県_柏崎市_高浜町","1007","農業経営体_団体経営","経営体","-"
"1160","新潟県_柏崎市_高浜町","1008","農業経営体_団体経営_法人経営","経営体","-"
"1160","新潟県_柏崎市_高浜町","1009","林業経営体_計","経営体","-"
"1160","新潟県_柏崎市_高浜町","1010","林業経営体_個人経営","経営体","-"
"1160","新潟県_柏崎市_高浜町","1011","林業経営体_団体経営","経営体","-"
"1160","新潟県_柏崎市_高浜町","1012","林業経営体_団体経営_法人経営","経営体","-"
"1161","新潟県_柏崎市_上条村","1001","農林業経営体_計","経営体","87"
"1161","新潟県_柏崎市_上条村","1002","農林業経営体_個人経営","経営体","78"
"1161","新潟県_柏崎市_上条村","1003","農林業経営体_団体経営","経営体","9"
"1161","新潟県_柏崎市_上条村","1004","農林業経営体_団体経営_法人経営","経営体","9"
"1161","新潟県_柏崎市_上条村","1005","農業経営体_計","経営体","86"
"1161","新潟県_柏崎市_上条村","1006","農業経営体_個人経営","経営体","78"
"1161","新潟県_柏崎市_上条村","1007","農業経営体_団体経営","経営体","8"
"1161","新潟県_柏崎市_上条村","1008","農業経営体_団体経営_法人経営","経営体","8"
"1161","新潟県_柏崎市_上条村","1009","林業経営体_計","経営体","1"
"1161","新潟県_柏崎市_上条村","1010","林業経営体_個人経営","経営体","-"
"1161","新潟県_柏崎市_上条村","1011","林業経営体_団体経営","経営体","1"
"1161","新潟県_柏崎市_上条村","1012","林業経営体_団体経営_法人経営","経営体","1"
"1162","新潟県_柏崎市_南鯖石村","1001","農林業経営体_計","経営体","70"
"1162","新潟県_柏崎市_南鯖石村","1002","農林業経営体_個人経営","経営体","68"
"1162","新潟県_柏崎市_南鯖石村","1003","農林業経営体_団体経営","経営体","2"
"1162","新潟県_柏崎市_南鯖石村","1004","農林業経営体_団体経営_法人経営","経営体","2"
"1162","新潟県_柏崎市_南鯖石村","1005","農業経営体_計","経営体","70"
"1162","新潟県_柏崎市_南鯖石村","1006","農業経営体_個人経営","経営体","68"
"1162","新潟県_柏崎市_南鯖石村","1007","農業経営体_団体経営","経営体","2"
"1162","新潟県_柏崎市_南鯖石村","1008","農業経営体_団体経営_法人経営","経営体","2"
"1162","新潟県_柏崎市_南鯖石村","1009","林業経営体_計","経営体","-"
"1162","新潟県_柏崎市_南鯖石村","1010","林業経営体_個人経営","経営体","-"
"1162","新潟県_柏崎市_南鯖石村","1011","林業経営体_団体経営","経営体","-"
"1162","新潟県_柏崎市_南鯖石村","1012","林業経営体_団体経営_法人経営","経営体","-"
"1163","新潟県_柏崎市_中鯖石村","1001","農林業経営体_計","経営体","57"
"1163","新潟県_柏崎市_中鯖石村","1002","農林業経営体_個人経営","経営体","50"
"1163","新潟県_柏崎市_中鯖石村","1003","農林業経営体_団体経営","経営体","7"
"1163","新潟県_柏崎市_中鯖石村","1004","農林業経営体_団体経営_法人経営","経営体","4"
"1163","新潟県_柏崎市_中鯖石村","1005","農業経営体_計","経営体","57"
"1163","新潟県_柏崎市_中鯖石村","1006","農業経営体_個人経営","経営体","50"
"1163","新潟県_柏崎市_中鯖石村","1007","農業経営体_団体経営","経営体","7"
"1163","新潟県_柏崎市_中鯖石村","1008","農業経営体_団体経営_法人経営","経営体","4"
"1163","新潟県_柏崎市_中鯖石村","1009","林業経営体_計","経営体","1"
"1163","新潟県_柏崎市_中鯖石村","1010","林業経営体_個人経営","経営体","1"
"1163","新潟県_柏崎市_中鯖石村","1011","林業経営体_団体経営","経営体","-"
"1163","新潟県_柏崎市_中鯖石村","1012","林業経営体_団体経営_法人経営","経営体","-"
"1164","新潟県_柏崎市_野田村","1001","農林業経営体_計","経営体","41"
"1164","新潟県_柏崎市_野田村","1002","農林業経営体_個人経営","経営体","40"
"1164","新潟県_柏崎市_野田村","1003","農林業経営体_団体経営","経営体","1"
"1164","新潟県_柏崎市_野田村","1004","農林業経営体_団体経営_法人経営","経営体","1"
"1164","新潟県_柏崎市_野田村","1005","農業経営体_計","経営体","41"
"1164","新潟県_柏崎市_野田村","1006","農業経営体_個人経営","経営体","40"
"1164","新潟県_柏崎市_野田村","1007","農業経営体_団体経営","経営体","1"
"1164","新潟県_柏崎市_野田村","1008","農業経営体_団体経営_法人経営","経営体","1"
"1164","新潟県_柏崎市_野田村","1009","林業経営体_計","経営体","-"
"1164","新潟県_柏崎市_野田村","1010","林業経営体_個人経営","経営体","-"
"1164","新潟県_柏崎市_野田村","1011","林業経営体_団体経営","経営体","-"
"1164","新潟県_柏崎市_野田村","1012","林業経営体_団体経営_法人経営","経営体","-"
"1165","新潟県_柏崎市_鵜川村","1001","農林業経営体_計","経営体","14"
"1165","新潟県_柏崎市_鵜川村","1002","農林業経営体_個人経営","経営体","14"
"1165","新潟県_柏崎市_鵜川村","1003","農林業経営体_団体経営","経営体","-"
"1165","新潟県_柏崎市_鵜川村","1004","農林業経営体_団体経営_法人経営","経営体","-"
"1165","新潟県_柏崎市_鵜川村","1005","農業経営体_計","経営体","14"
"1165","新潟県_柏崎市_鵜川村","1006","農業経営体_個人経営","経営体","14"
"1165","新潟県_柏崎市_鵜川村","1007","農業経営体_団体経営","経営体","-"
"1165","新潟県_柏崎市_鵜川村","1008","農業経営体_団体経営_法人経営","経営体","-"
"1165","新潟県_柏崎市_鵜川村","1009","林業経営体_計","経営体","-"
"1165","新潟県_柏崎市_鵜川村","1010","林業経営体_個人経営","経営体","-"
"1165","新潟県_柏崎市_鵜川村","1011","林業経営体_団体経営","経営体","-"
"1165","新潟県_柏崎市_鵜川村","1012","林業経営体_団体経営_法人経営","経営体","-"
"1166","新潟県_柏崎市_北条村","1001","農林業経営体_計","経営体","100"
"1166","新潟県_柏崎市_北条村","1002","農林業経営体_個人経営","経営体","95"
"1166","新潟県_柏崎市_北条村","1003","農林業経営体_団体経営","経営体","5"
"1166","新潟県_柏崎市_北条村","1004","農林業経営体_団体経営_法人経営","経営体","1"
"1166","新潟県_柏崎市_北条村","1005","農業経営体_計","経営体","99"
"1166","新潟県_柏崎市_北条村","1006","農業経営体_個人経営","経営体","94"
"1166","新潟県_柏崎市_北条村","1007","農業経営体_団体経営","経営体","5"
"1166","新潟県_柏崎市_北条村","1008","農業経営体_団体経営_法人経営","経営体","1"
"1166","新潟県_柏崎市_北条村","1009","林業経営体_計","経営体","2"
"1166","新潟県_柏崎市_北条村","1010","林業経営体_個人経営","経営体","2"
"1166","新潟県_柏崎市_北条村","1011","林業経営体_団体経営","経営体","-"
"1166","新潟県_柏崎市_北条村","1012","林業経営体_団体経営_法人経営","経営体","-"
"1167","新潟県_柏崎市_米山村２－２－２","1001","農林業経営体_計","経営体","-"
"1167","新潟県_柏崎市_米山村２－２－２","1002","農林業経営体_個人経営","経営体","-"
"1167","新潟県_柏崎市_米山村２－２－２","1003","農林業経営体_団体経営","経営体","-"
"1167","新潟県_柏崎市_米山村２－２－２","1004","農林業経営体_団体経営_法人経営","経営体","-"
"1167","新潟県_柏崎市_米山村２－２－２","1005","農業経営体_計","経営体","-"
"1167","新潟県_柏崎市_米山村２－２－２","1006","農業経営体_個人経営","経営体","-"
"1167","新潟県_柏崎市_米山村２－２－２","1007","農業経営体_団体経営","経営体","-"
"1167","新潟県_柏崎市_米山村２－２－２","1008","農業経営体_団体経営_法人経営","経営体","-"
"1167","新潟県_柏崎市_米山村２－２－２","1009","林業経営体_計","経営体","-"
"1167","新潟県_柏崎市_米山村２－２－２","1010","林業経営体_個人経営","経営体","-"
"1167","新潟県_柏崎市_米山村２－２－２","1011","林業経営体_団体経営","経営体","-"
"1167","新潟県_柏崎市_米山村２－２－２","1012","林業経営体_団体経営_法人経営","経営体","-"
"1168","新潟県_柏崎市_高柳村","1001","農林業経営体_計","経営体","91"
"1168","新潟県_柏崎市_高柳村","1002","農林業経営体_個人経営","経営体","86"
"1168","新潟県_柏崎市_高柳村","1003","農林業経営体_団体経営","経営体","5"
"1168","新潟県_柏崎市_高柳村","1004","農林業経営体_団体経営_法人経営","経営体","1"
"1168","新潟県_柏崎市_高柳村","1005","農業経営体_計","経営体","91"
"1168","新潟県_柏崎市_高柳村","1006","農業経営体_個人経営","経営体","86"
"1168","新潟県_柏崎市_高柳村","1007","農業経営体_団体経営","経営体","5"
"1168","新潟県_柏崎市_高柳村","1008","農業経営体_団体経営_法人経営","経営体","1"
"1168","新潟県_柏崎市_高柳村","1009","林業経営体_計","経営体","-"
"1168","新潟県_柏崎市_高柳村","1010","林業経営体_個人経営","経営体","-"
"1168","新潟県_柏崎市_高柳村","1011","林業経営体_団体経営","経営体","-"
"1168","新潟県_柏崎市_高柳村","1012","林業経営体_団体経営_法人経営","経営体","-"
"1169","新潟県_柏崎市_石黒村","1001","農林業経営体_計","経営体","11"
"1169","新潟県_柏崎市_石黒村","1002","農林業経営体_個人経営","経営体","10"
"1169","新潟県_柏崎市_石黒村","1003","農林業経営体_団体経営","経営体","1"
"1169","新潟県_柏崎市_石黒村","1004","農林業経営体_団体経営_法人経営","経営体","1"
"1169","新潟県_柏崎市_石黒村","1005","農業経営体_計","経営体","11"
"1169","新潟県_柏崎市_石黒村","1006","農業経営体_個人経営","経営体","10"
"1169","新潟県_柏崎市_石黒村","1007","農業経営体_団体経営","経営体","1"
"1169","新潟県_柏崎市_石黒村","1008","農業経営体_団体経営_法人経営","経営体","1"
"1169","新潟県_柏崎市_石黒村","1009","林業経営体_計","経営体","-"
"1169","新潟県_柏崎市_石黒村","1010","林業経営体_個人経営","経営体","-"
"1169","新潟県_柏崎市_石黒村","1011","林業経営体_団体経営","経営体","-"
"1169","新潟県_柏崎市_石黒村","1012","林業経営体_団体経営_法人経営","経営体","-"
"1170","新潟県_柏崎市_山平村２－２","1001","農林業経営体_計","経営体","3"
"1170","新潟県_柏崎市_山平村２－２","1002","農林業経営体_個人経営","経営体","3"
"1170","新潟県_柏崎市_山平村２－２","1003","農林業経営体_団体経営","経営体","-"
"1170","新潟県_柏崎市_山平村２－２","1004","農林業経営体_団体経営_法人経営","経営体","-"
"1170","新潟県_柏崎市_山平村２－２","1005","農業経営体_計","経営体","3"
"1170","新潟県_柏崎市_山平村２－２","1006","農業経営体_個人経営","経営体","3"
"1170","新潟県_柏崎市_山平村２－２","1007","農業経営体_団体経営","経営体","-"
"1170","新潟県_柏崎市_山平村２－２","1008","農業経営体_団体経営_法人経営","経営体","-"
"1170","新潟県_柏崎市_山平村２－２","1009","林業経営体_計","経営体","-"
"1170","新潟県_柏崎市_山平村２－２","1010","林業経営体_個人経営","経営体","-"
"1170","新潟県_柏崎市_山平村２－２","1011","林業経営体_団体経営","経営体","-"
"1170","新潟県_柏崎市_山平村２－２","1012","林業経営体_団体経営_法人経営","経営体","-"
"1171","新潟県_柏崎市_内郷村","1001","農林業経営体_計","経営体","53"
"1171","新潟県_柏崎市_内郷村","1002","農林業経営体_個人経営","経営体","50"
"1171","新潟県_柏崎市_内郷村","1003","農林業経営体_団体経営","経営体","3"
"1171","新潟県_柏崎市_内郷村","1004","農林業経営体_団体経営_法人経営","経営体","2"
"1171","新潟県_柏崎市_内郷村","1005","農業経営体_計","経営体","53"
"1171","新潟県_柏崎市_内郷村","1006","農業経営体_個人経営","経営体","50"
"1171","新潟県_柏崎市_内郷村","1007","農業経営体_団体経営","経営体","3"
"1171","新潟県_柏崎市_内郷村","1008","農業経営体_団体経営_法人経営","経営体","2"
"1171","新潟県_柏崎市_内郷村","1009","林業経営体_計","経営体","1"
"1171","新潟県_柏崎市_内郷村","1010","林業経営体_個人経営","経営体","1"
"1171","新潟県_柏崎市_内郷村","1011","林業経営体_団体経営","経営体","-"
"1171","新潟県_柏崎市_内郷村","1012","林業経営体_団体経営_法人経営","経営体","-"
"1172","新潟県_柏崎市_石地町","1001","農林業経営体_計","経営体","29"
"1172","新潟県_柏崎市_石地町","1002","農林業経営体_個人経営","経営体","25"
"1172","新潟県_柏崎市_石地町","1003","農林業経営体_団体経営","経営体","4"
"1172","新潟県_柏崎市_石地町","1004","農林業経営体_団体経営_法人経営","経営体","4"
"1172","新潟県_柏崎市_石地町","1005","農業経営体_計","経営体","29"
"1172","新潟県_柏崎市_石地町","1006","農業経営体_個人経営","経営体","25"
"1172","新潟県_柏崎市_石地町","1007","農業経営体_団体経営","経営体","4"
"1172","新潟県_柏崎市_石地町","1008","農業経営体_団体経営_法人経営","経営体","4"
"1172","新潟県_柏崎市_石地町","1009","林業経営体_計","経営体","1"
"1172","新潟県_柏崎市_石地町","1010","林業経営体_個人経営","経営体","1"
"1172","新潟県_柏崎市_石地町","1011","林業経営体_団体経営","経営体","-"
"1172","新潟県_柏崎市_石地町","1012","林業経営体_団体経営_法人経営","経営体","-"
"1173","新潟県_柏崎市_二田村２－１","1001","農林業経営体_計","経営体","56"
"1173","新潟県_柏崎市_二田村２－１","1002","農林業経営体_個人経営","経営体","53"
"1173","新潟県_柏崎市_二田村２－１","1003","農林業経営体_団体経営","経営体","3"
"1173","新潟県_柏崎市_二田村２－１","1004","農林業経営体_団体経営_法人経営","経営体","2"
"1173","新潟県_柏崎市_二田村２－１","1005","農業経営体_計","経営体","56"
"1173","新潟県_柏崎市_二田村２－１","1006","農業経営体_個人経営","経営体","53"
"1173","新潟県_柏崎市_二田村２－１","1007","農業経営体_団体経営","経営体","3"
"1173","新潟県_柏崎市_二田村２－１","1008","農業経営体_団体経営_法人経営","経営体","2"
"1173","新潟県_柏崎市_二田村２－１","1009","林業経営体_計","経営体","-"
"1173","新潟県_柏崎市_二田村２－１","1010","林業経営体_個人経営","経営体","-"
"1173","新潟県_柏崎市_二田村２－１","1011","林業経営体_団体経営","経営体","-"
"1173","新潟県_柏崎市_二田村２－１","1012","林業経営体_団体経営_法人経営","経営体","-"
"1174","新潟県_新発田市","1001","農林業経営体_計","経営体","1866"
"1174","新潟県_新発田市","1002","農林業経営体_個人経営","経営体","1770"
"1174","新潟県_新発田市","1003","農林業経営体_団体経営","経営体","96"
"1174","新潟県_新発田市","1004","農林業経営体_団体経営_法人経営","経営体","81"
"1174","新潟県_新発田市","1005","農業経営体_計","経営体","1860"
"1174","新潟県_新発田市","1006","農業経営体_個人経営","経営体","1767"
"1174","新潟県_新発田市","1007","農業経営体_団体経営","経営体","93"
"1174","新潟県_新発田市","1008","農業経営体_団体経営_法人経営","経営体","80"
"1174","新潟県_新発田市","1009","林業経営体_計","経営体","10"
"1174","新潟県_新発田市","1010","林業経営体_個人経営","経営体","6"
"1174","新潟県_新発田市","1011","林業経営体_団体経営","経営体","4"
"1174","新潟県_新発田市","1012","林業経営体_団体経営_法人経営","経営体","1"
"1175","新潟県_新発田市_新発田市","1001","農林業経営体_計","経営体","126"
"1175","新潟県_新発田市_新発田市","1002","農林業経営体_個人経営","経営体","112"
"1175","新潟県_新発田市_新発田市","1003","農林業経営体_団体経営","経営体","14"
"1175","新潟県_新発田市_新発田市","1004","農林業経営体_団体経営_法人経営","経営体","11"
"1175","新潟県_新発田市_新発田市","1005","農業経営体_計","経営体","124"
"1175","新潟県_新発田市_新発田市","1006","農業経営体_個人経営","経営体","111"
"1175","新潟県_新発田市_新発田市","1007","農業経営体_団体経営","経営体","13"
"1175","新潟県_新発田市_新発田市","1008","農業経営体_団体経営_法人経営","経営体","11"
"1175","新潟県_新発田市_新発田市","1009","林業経営体_計","経営体","2"
"1175","新潟県_新発田市_新発田市","1010","林業経営体_個人経営","経営体","1"
"1175","新潟県_新発田市_新発田市","1011","林業経営体_団体経営","経営体","1"
"1175","新潟県_新発田市_新発田市","1012","林業経営体_団体経営_法人経営","経営体","-"
"1176","新潟県_新発田市_五十公野村","1001","農林業経営体_計","経営体","108"
"1176","新潟県_新発田市_五十公野村","1002","農林業経営体_個人経営","経営体","105"
"1176","新潟県_新発田市_五十公野村","1003","農林業経営体_団体経営","経営体","3"
"1176","新潟県_新発田市_五十公野村","1004","農林業経営体_団体経営_法人経営","経営体","3"
"1176","新潟県_新発田市_五十公野村","1005","農業経営体_計","経営体","107"
"1176","新潟県_新発田市_五十公野村","1006","農業経営体_個人経営","経営体","104"
"1176","新潟県_新発田市_五十公野村","1007","農業経営体_団体経営","経営体","3"
"1176","新潟県_新発田市_五十公野村","1008","農業経営体_団体経営_法人経営","経営体","3"
"1176","新潟県_新発田市_五十公野村","1009","林業経営体_計","経営体","1"
"1176","新潟県_新発田市_五十公野村","1010","林業経営体_個人経営","経営体","1"
"1176","新潟県_新発田市_五十公野村","1011","林業経営体_団体経営","経営体","-"
"1176","新潟県_新発田市_五十公野村","1012","林業経営体_団体経営_法人経営","経営体","-"
"1177","新潟県_新発田市_松浦村","1001","農林業経営体_計","経営体","107"
"1177","新潟県_新発田市_松浦村","1002","農林業経営体_個人経営","経営体","102"
"1177","新潟県_新発田市_松浦村","1003","農林業経営体_団体経営","経営体","5"
"1177","新潟県_新発田市_松浦村","1004","農林業経営体_団体経営_法人経営","経営体","4"
"1177","新潟県_新発田市_松浦村","1005","農業経営体_計","経営体","107"
"1177","新潟県_新発田市_松浦村","1006","農業経営体_個人経営","経営体","102"
"1177","新潟県_新発田市_松浦村","1007","農業経営体_団体経営","経営体","5"
"1177","新潟県_新発田市_松浦村","1008","農業経営体_団体経営_法人経営","経営体","4"
"1177","新潟県_新発田市_松浦村","1009","林業経営体_計","経営体","1"
"1177","新潟県_新発田市_松浦村","1010","林業経営体_個人経営","経営体","1"
"1177","新潟県_新発田市_松浦村","1011","林業経営体_団体経営","経営体","-"
"1177","新潟県_新発田市_松浦村","1012","林業経営体_団体経営_法人経営","経営体","-"
"1178","新潟県_新発田市_米倉村","1001","農林業経営体_計","経営体","34"
"1178","新潟県_新発田市_米倉村","1002","農林業経営体_個人経営","経営体","29"
"1178","新潟県_新発田市_米倉村","1003","農林業経営体_団体経営","経営体","5"
"1178","新潟県_新発田市_米倉村","1004","農林業経営体_団体経営_法人経営","経営体","5"
"1178","新潟県_新発田市_米倉村","1005","農業経営体_計","経営体","34"
"1178","新潟県_新発田市_米倉村","1006","農業経営体_個人経営","経営体","29"
"1178","新潟県_新発田市_米倉村","1007","農業経営体_団体経営","経営体","5"
"1178","新潟県_新発田市_米倉村","1008","農業経営体_団体経営_法人経営","経営体","5"
"1178","新潟県_新発田市_米倉村","1009","林業経営体_計","経営体","-"
"1178","新潟県_新発田市_米倉村","1010","林業経営体_個人経営","経営体","-"
"1178","新潟県_新発田市_米倉村","1011","林業経営体_団体経営","経営体","-"
"1178","新潟県_新発田市_米倉村","1012","林業経営体_団体経営_法人経営","経営体","-"
"1179","新潟県_新発田市_赤谷村","1001","農林業経営体_計","経営体","22"
"1179","新潟県_新発田市_赤谷村","1002","農林業経営体_個人経営","経営体","22"
"1179","新潟県_新発田市_赤谷村","1003","農林業経営体_団体経営","経営体","-"
"1179","新潟県_新発田市_赤谷村","1004","農林業経営体_団体経営_法人経営","経営体","-"
"1179","新潟県_新発田市_赤谷村","1005","農業経営体_計","経営体","22"
"1179","新潟県_新発田市_赤谷村","1006","農業経営体_個人経営","経営体","22"
"1179","新潟県_新発田市_赤谷村","1007","農業経営体_団体経営","経営体","-"
"1179","新潟県_新発田市_赤谷村","1008","農業経営体_団体経営_法人経営","経営体","-"
"1179","新潟県_新発田市_赤谷村","1009","林業経営体_計","経営体","-"
"1179","新潟県_新発田市_赤谷村","1010","林業経営体_個人経営","経営体","-"
"1179","新潟県_新発田市_赤谷村","1011","林業経営体_団体経営","経営体","-"
"1179","新潟県_新発田市_赤谷村","1012","林業経営体_団体経営_法人経営","経営体","-"
"1180","新潟県_新発田市_川東村","1001","農林業経営体_計","経営体","326"
"1180","新潟県_新発田市_川東村","1002","農林業経営体_個人経営","経営体","317"
"1180","新潟県_新発田市_川東村","1003","農林業経営体_団体経営","経営体","9"
"1180","新潟県_新発田市_川東村","1004","農林業経営体_団体経営_法人経営","経営体","8"
"1180","新潟県_新発田市_川東村","1005","農業経営体_計","経営体","326"
"1180","新潟県_新発田市_川東村","1006","農業経営体_個人経営","経営体","317"
"1180","新潟県_新発田市_川東村","1007","農業経営体_団体経営","経営体","9"
"1180","新潟県_新発田市_川東村","1008","農業経営体_団体経営_法人経営","経営体","8"
"1180","新潟県_新発田市_川東村","1009","林業経営体_計","経営体","-"
"1180","新潟県_新発田市_川東村","1010","林業経営体_個人経営","経営体","-"
"1180","新潟県_新発田市_川東村","1011","林業経営体_団体経営","経営体","-"
"1180","新潟県_新発田市_川東村","1012","林業経営体_団体経営_法人経営","経営体","-"
"1181","新潟県_新発田市_菅谷村","1001","農林業経営体_計","経営体","183"
"1181","新潟県_新発田市_菅谷村","1002","農林業経営体_個人経営","経営体","177"
"1181","新潟県_新発田市_菅谷村","1003","農林業経営体_団体経営","経営体","6"
"1181","新潟県_新発田市_菅谷村","1004","農林業経営体_団体経営_法人経営","経営体","5"
"1181","新潟県_新発田市_菅谷村","1005","農業経営体_計","経営体","182"
"1181","新潟県_新発田市_菅谷村","1006","農業経営体_個人経営","経営体","177"
"1181","新潟県_新発田市_菅谷村","1007","農業経営体_団体経営","経営体","5"
"1181","新潟県_新発田市_菅谷村","1008","農業経営体_団体経営_法人経営","経営体","4"
"1181","新潟県_新発田市_菅谷村","1009","林業経営体_計","経営体","3"
"1181","新潟県_新発田市_菅谷村","1010","林業経営体_個人経営","経営体","2"
"1181","新潟県_新発田市_菅谷村","1011","林業経営体_団体経営","経営体","1"
"1181","新潟県_新発田市_菅谷村","1012","林業経営体_団体経営_法人経営","経営体","1"
"1182","新潟県_新発田市_加治村２－２","1001","農林業経営体_計","経営体","31"
"1182","新潟県_新発田市_加治村２－２","1002","農林業経営体_個人経営","経営体","26"
"1182","新潟県_新発田市_加治村２－２","1003","農林業経営体_団体経営","経営体","5"
"1182","新潟県_新発田市_加治村２－２","1004","農林業経営体_団体経営_法人経営","経営体","3"
"1182","新潟県_新発田市_加治村２－２","1005","農業経営体_計","経営体","31"
"1182","新潟県_新発田市_加治村２－２","1006","農業経営体_個人経営","経営体","26"
"1182","新潟県_新発田市_加治村２－２","1007","農業経営体_団体経営","経営体","5"
"1182","新潟県_新発田市_加治村２－２","1008","農業経営体_団体経営_法人経営","経営体","3"
"1182","新潟県_新発田市_加治村２－２","1009","林業経営体_計","経営体","-"
"1182","新潟県_新発田市_加治村２－２","1010","林業経営体_個人経営","経営体","-"
"1182","新潟県_新発田市_加治村２－２","1011","林業経営体_団体経営","経営体","-"
"1182","新潟県_新発田市_加治村２－２","1012","林業経営体_団体経営_法人経営","経営体","-"
"1183","新潟県_新発田市_佐々木村","1001","農林業経営体_計","経営体","132"
"1183","新潟県_新発田市_佐々木村","1002","農林業経営体_個人経営","経営体","121"
"1183","新潟県_新発田市_佐々木村","1003","農林業経営体_団体経営","経営体","11"
"1183","新潟県_新発田市_佐々木村","1004","農林業経営体_団体経営_法人経営","経営体","11"
"1183","新潟県_新発田市_佐々木村","1005","農業経営体_計","経営体","132"
"1183","新潟県_新発田市_佐々木村","1006","農業経営体_個人経営","経営体","121"
"1183","新潟県_新発田市_佐々木村","1007","農業経営体_団体経営","経営体","11"
"1183","新潟県_新発田市_佐々木村","1008","農業経営体_団体経営_法人経営","経営体","11"
"1183","新潟県_新発田市_佐々木村","1009","林業経営体_計","経営体","-"
"1183","新潟県_新発田市_佐々木村","1010","林業経営体_個人経営","経営体","-"
"1183","新潟県_新発田市_佐々木村","1011","林業経営体_団体経営","経営体","-"
"1183","新潟県_新発田市_佐々木村","1012","林業経営体_団体経営_法人経営","経営体","-"
"1184","新潟県_新発田市_中浦村２－２","1001","農林業経営体_計","経営体","-"
"1184","新潟県_新発田市_中浦村２－２","1002","農林業経営体_個人経営","経営体","-"
"1184","新潟県_新発田市_中浦村２－２","1003","農林業経営体_団体経営","経営体","-"
"1184","新潟県_新発田市_中浦村２－２","1004","農林業経営体_団体経営_法人経営","経営体","-"
"1184","新潟県_新発田市_中浦村２－２","1005","農業経営体_計","経営体","-"
"1184","新潟県_新発田市_中浦村２－２","1006","農業経営体_個人経営","経営体","-"
"1184","新潟県_新発田市_中浦村２－２","1007","農業経営体_団体経営","経営体","-"
"1184","新潟県_新発田市_中浦村２－２","1008","農業経営体_団体経営_法人経営","経営体","-"
"1184","新潟県_新発田市_中浦村２－２","1009","林業経営体_計","経営体","-"
"1184","新潟県_新発田市_中浦村２－２","1010","林業経営体_個人経営","経営体","-"
"1184","新潟県_新発田市_中浦村２－２","1011","林業経営体_団体経営","経営体","-"
"1184","新潟県_新発田市_中浦村２－２","1012","林業経営体_団体経営_法人経営","経営体","-"
"1185","新潟県_新発田市_中浦村２－１","1001","農林業経営体_計","経営体","241"
"1185","新潟県_新発田市_中浦村２－１","1002","農林業経営体_個人経営","経営体","233"
"1185","新潟県_新発田市_中浦村２－１","1003","農林業経営体_団体経営","経営体","8"
"1185","新潟県_新発田市_中浦村２－１","1004","農林業経営体_団体経営_法人経営","経営体","7"
"1185","新潟県_新発田市_中浦村２－１","1005","農業経営体_計","経営体","241"
"1185","新潟県_新発田市_中浦村２－１","1006","農業経営体_個人経営","経営体","233"
"1185","新潟県_新発田市_中浦村２－１","1007","農業経営体_団体経営","経営体","8"
"1185","新潟県_新発田市_中浦村２－１","1008","農業経営体_団体経営_法人経営","経営体","7"
"1185","新潟県_新発田市_中浦村２－１","1009","林業経営体_計","経営体","1"
"1185","新潟県_新発田市_中浦村２－１","1010","林業経営体_個人経営","経営体","-"
"1185","新潟県_新発田市_中浦村２－１","1011","林業経営体_団体経営","経営体","1"
"1185","新潟県_新発田市_中浦村２－１","1012","林業経営体_団体経営_法人経営","経営体","-"
"1186","新潟県_新発田市_本田村","1001","農林業経営体_計","経営体","82"
"1186","新潟県_新発田市_本田村","1002","農林業経営体_個人経営","経営体","79"
"1186","新潟県_新発田市_本田村","1003","農林業経営体_団体経営","経営体","3"
"1186","新潟県_新発田市_本田村","1004","農林業経営体_団体経営_法人経営","経営体","3"
"1186","新潟県_新発田市_本田村","1005","農業経営体_計","経営体","82"
"1186","新潟県_新発田市_本田村","1006","農業経営体_個人経営","経営体","79"
"1186","新潟県_新発田市_本田村","1007","農業経営体_団体経営","経営体","3"
"1186","新潟県_新発田市_本田村","1008","農業経営体_団体経営_法人経営","経営体","3"
"1186","新潟県_新発田市_本田村","1009","林業経営体_計","経営体","-"
"1186","新潟県_新発田市_本田村","1010","林業経営体_個人経営","経営体","-"
"1186","新潟県_新発田市_本田村","1011","林業経営体_団体経営","経営体","-"
"1186","新潟県_新発田市_本田村","1012","林業経営体_団体経営_法人経営","経営体","-"
"1187","新潟県_新発田市_神山村３－３","1001","農林業経営体_計","経営体","15"
"1187","新潟県_新発田市_神山村３－３","1002","農林業経営体_個人経営","経営体","15"
"1187","新潟県_新発田市_神山村３－３","1003","農林業経営体_団体経営","経営体","-"
"1187","新潟県_新発田市_神山村３－３","1004","農林業経営体_団体経営_法人経営","経営体","-"
"1187","新潟県_新発田市_神山村３－３","1005","農業経営体_計","経営体","15"
"1187","新潟県_新発田市_神山村３－３","1006","農業経営体_個人経営","経営体","15"
"1187","新潟県_新発田市_神山村３－３","1007","農業経営体_団体経営","経営体","-"
"1187","新潟県_新発田市_神山村３－３","1008","農業経営体_団体経営_法人経営","経営体","-"
"1187","新潟県_新発田市_神山村３－３","1009","林業経営体_計","経営体","-"
"1187","新潟県_新発田市_神山村３－３","1010","林業経営体_個人経営","経営体","-"
"1187","新潟県_新発田市_神山村３－３","1011","林業経営体_団体経営","経営体","-"
"1187","新潟県_新発田市_神山村３－３","1012","林業経営体_団体経営_法人経営","経営体","-"
"1188","新潟県_新発田市_加治村２－１","1001","農林業経営体_計","経営体","156"
"1188","新潟県_新発田市_加治村２－１","1002","農林業経営体_個人経営","経営体","146"
"1188","新潟県_新発田市_加治村２－１","1003","農林業経営体_団体経営","経営体","10"
"1188","新潟県_新発田市_加治村２－１","1004","農林業経営体_団体経営_法人経営","経営体","8"
"1188","新潟県_新発田市_加治村２－１","1005","農業経営体_計","経営体","156"
"1188","新潟県_新発田市_加治村２－１","1006","農業経営体_個人経営","経営体","146"
"1188","新潟県_新発田市_加治村２－１","1007","農業経営体_団体経営","経営体","10"
"1188","新潟県_新発田市_加治村２－１","1008","農業経営体_団体経営_法人経営","経営体","8"
"1188","新潟県_新発田市_加治村２－１","1009","林業経営体_計","経営体","-"
"1188","新潟県_新発田市_加治村２－１","1010","林業経営体_個人経営","経営体","-"
"1188","新潟県_新発田市_加治村２－１","1011","林業経営体_団体経営","経営体","-"
"1188","新潟県_新発田市_加治村２－１","1012","林業経営体_団体経営_法人経営","経営体","-"
"1189","新潟県_新発田市_金塚村２－１","1001","農林業経営体_計","経営体","102"
"1189","新潟県_新発田市_金塚村２－１","1002","農林業経営体_個人経営","経営体","93"
"1189","新潟県_新発田市_金塚村２－１","1003","農林業経営体_団体経営","経営体","9"
"1189","新潟県_新発田市_金塚村２－１","1004","農林業経営体_団体経営_法人経営","経営体","5"
"1189","新潟県_新発田市_金塚村２－１","1005","農業経営体_計","経営体","100"
"1189","新潟県_新発田市_金塚村２－１","1006","農業経営体_個人経営","経営体","92"
"1189","新潟県_新発田市_金塚村２－１","1007","農業経営体_団体経営","経営体","8"
"1189","新潟県_新発田市_金塚村２－１","1008","農業経営体_団体経営_法人経営","経営体","5"
"1189","新潟県_新発田市_金塚村２－１","1009","林業経営体_計","経営体","2"
"1189","新潟県_新発田市_金塚村２－１","1010","林業経営体_個人経営","経営体","1"
"1189","新潟県_新発田市_金塚村２－１","1011","林業経営体_団体経営","経営体","1"
"1189","新潟県_新発田市_金塚村２－１","1012","林業経営体_団体経営_法人経営","経営体","-"
"1190","新潟県_新発田市_紫雲寺村","1001","農林業経営体_計","経営体","198"
"1190","新潟県_新発田市_紫雲寺村","1002","農林業経営体_個人経営","経営体","192"
"1190","新潟県_新発田市_紫雲寺村","1003","農林業経営体_団体経営","経営体","6"
"1190","新潟県_新発田市_紫雲寺村","1004","農林業経営体_団体経営_法人経営","経営体","6"
"1190","新潟県_新発田市_紫雲寺村","1005","農業経営体_計","経営体","198"
"1190","新潟県_新発田市_紫雲寺村","1006","農業経営体_個人経営","経営体","192"
"1190","新潟県_新発田市_紫雲寺村","1007","農業経営体_団体経営","経営体","6"
"1190","新潟県_新発田市_紫雲寺村","1008","農業経営体_団体経営_法人経営","経営体","6"
"1190","新潟県_新発田市_紫雲寺村","1009","林業経営体_計","経営体","-"
"1190","新潟県_新発田市_紫雲寺村","1010","林業経営体_個人経営","経営体","-"
"1190","新潟県_新発田市_紫雲寺村","1011","林業経営体_団体経営","経営体","-"
"1190","新潟県_新発田市_紫雲寺村","1012","林業経営体_団体経営_法人経営","経営体","-"
"1191","新潟県_新発田市_松塚村２－１","1001","農林業経営体_計","経営体","3"
"1191","新潟県_新発田市_松塚村２－１","1002","農林業経営体_個人経営","経営体","1"
"1191","新潟県_新発田市_松塚村２－１","1003","農林業経営体_団体経営","経営体","2"
"1191","新潟県_新発田市_松塚村２－１","1004","農林業経営体_団体経営_法人経営","経営体","2"
"1191","新潟県_新発田市_松塚村２－１","1005","農業経営体_計","経営体","3"
"1191","新潟県_新発田市_松塚村２－１","1006","農業経営体_個人経営","経営体","1"
"1191","新潟県_新発田市_松塚村２－１","1007","農業経営体_団体経営","経営体","2"
"1191","新潟県_新発田市_松塚村２－１","1008","農業経営体_団体経営_法人経営","経営体","2"
"1191","新潟県_新発田市_松塚村２－１","1009","林業経営体_計","経営体","-"
"1191","新潟県_新発田市_松塚村２－１","1010","林業経営体_個人経営","経営体","-"
"1191","新潟県_新発田市_松塚村２－１","1011","林業経営体_団体経営","経営体","-"
"1191","新潟県_新発田市_松塚村２－１","1012","林業経営体_団体経営_法人経営","経営体","-"
"1192","新潟県_小千谷市","1001","農林業経営体_計","経営体","1152"
"1192","新潟県_小千谷市","1002","農林業経営体_個人経営","経営体","1127"
"1192","新潟県_小千谷市","1003","農林業経営体_団体経営","経営体","25"
"1192","新潟県_小千谷市","1004","農林業経営体_団体経営_法人経営","経営体","14"
"1192","新潟県_小千谷市","1005","農業経営体_計","経営体","1152"
"1192","新潟県_小千谷市","1006","農業経営体_個人経営","経営体","1127"
"1192","新潟県_小千谷市","1007","農業経営体_団体経営","経営体","25"
"1192","新潟県_小千谷市","1008","農業経営体_団体経営_法人経営","経営体","14"
"1192","新潟県_小千谷市","1009","林業経営体_計","経営体","3"
"1192","新潟県_小千谷市","1010","林業経営体_個人経営","経営体","3"
"1192","新潟県_小千谷市","1011","林業経営体_団体経営","経営体","-"
"1192","新潟県_小千谷市","1012","林業経営体_団体経営_法人経営","経営体","-"
"1193","新潟県_小千谷市_小千谷町","1001","農林業経営体_計","経営体","372"
"1193","新潟県_小千谷市_小千谷町","1002","農林業経営体_個人経営","経営体","368"
"1193","新潟県_小千谷市_小千谷町","1003","農林業経営体_団体経営","経営体","4"
"1193","新潟県_小千谷市_小千谷町","1004","農林業経営体_団体経営_法人経営","経営体","2"
"1193","新潟県_小千谷市_小千谷町","1005","農業経営体_計","経営体","372"
"1193","新潟県_小千谷市_小千谷町","1006","農業経営体_個人経営","経営体","368"
"1193","新潟県_小千谷市_小千谷町","1007","農業経営体_団体経営","経営体","4"
"1193","新潟県_小千谷市_小千谷町","1008","農業経営体_団体経営_法人経営","経営体","2"
"1193","新潟県_小千谷市_小千谷町","1009","林業経営体_計","経営体","-"
"1193","新潟県_小千谷市_小千谷町","1010","林業経営体_個人経営","経営体","-"
"1193","新潟県_小千谷市_小千谷町","1011","林業経営体_団体経営","経営体","-"
"1193","新潟県_小千谷市_小千谷町","1012","林業経営体_団体経営_法人経営","経営体","-"
"1194","新潟県_小千谷市_城川村","1001","農林業経営体_計","経営体","176"
"1194","新潟県_小千谷市_城川村","1002","農林業経営体_個人経営","経営体","171"
"1194","新潟県_小千谷市_城川村","1003","農林業経営体_団体経営","経営体","5"
"1194","新潟県_小千谷市_城川村","1004","農林業経営体_団体経営_法人経営","経営体","4"
"1194","新潟県_小千谷市_城川村","1005","農業経営体_計","経営体","176"
"1194","新潟県_小千谷市_城川村","1006","農業経営体_個人経営","経営体","171"
"1194","新潟県_小千谷市_城川村","1007","農業経営体_団体経営","経営体","5"
"1194","新潟県_小千谷市_城川村","1008","農業経営体_団体経営_法人経営","経営体","4"
"1194","新潟県_小千谷市_城川村","1009","林業経営体_計","経営体","1"
"1194","新潟県_小千谷市_城川村","1010","林業経営体_個人経営","経営体","1"
"1194","新潟県_小千谷市_城川村","1011","林業経営体_団体経営","経営体","-"
"1194","新潟県_小千谷市_城川村","1012","林業経営体_団体経営_法人経営","経営体","-"
"1195","新潟県_小千谷市_千田村","1001","農林業経営体_計","経営体","215"
"1195","新潟県_小千谷市_千田村","1002","農林業経営体_個人経営","経営体","208"
"1195","新潟県_小千谷市_千田村","1003","農林業経営体_団体経営","経営体","7"
"1195","新潟県_小千谷市_千田村","1004","農林業経営体_団体経営_法人経営","経営体","3"
"1195","新潟県_小千谷市_千田村","1005","農業経営体_計","経営体","215"
"1195","新潟県_小千谷市_千田村","1006","農業経営体_個人経営","経営体","208"
"1195","新潟県_小千谷市_千田村","1007","農業経営体_団体経営","経営体","7"
"1195","新潟県_小千谷市_千田村","1008","農業経営体_団体経営_法人経営","経営体","3"
"1195","新潟県_小千谷市_千田村","1009","林業経営体_計","経営体","-"
"1195","新潟県_小千谷市_千田村","1010","林業経営体_個人経営","経営体","-"
"1195","新潟県_小千谷市_千田村","1011","林業経営体_団体経営","経営体","-"
"1195","新潟県_小千谷市_千田村","1012","林業経営体_団体経営_法人経営","経営体","-"
"1196","新潟県_小千谷市_川井村","1001","農林業経営体_計","経営体","48"
"1196","新潟県_小千谷市_川井村","1002","農林業経営体_個人経営","経営体","45"
"1196","新潟県_小千谷市_川井村","1003","農林業経営体_団体経営","経営体","3"
"1196","新潟県_小千谷市_川井村","1004","農林業経営体_団体経営_法人経営","経営体","2"
"1196","新潟県_小千谷市_川井村","1005","農業経営体_計","経営体","48"
"1196","新潟県_小千谷市_川井村","1006","農業経営体_個人経営","経営体","45"
"1196","新潟県_小千谷市_川井村","1007","農業経営体_団体経営","経営体","3"
"1196","新潟県_小千谷市_川井村","1008","農業経営体_団体経営_法人経営","経営体","2"
"1196","新潟県_小千谷市_川井村","1009","林業経営体_計","経営体","1"
"1196","新潟県_小千谷市_川井村","1010","林業経営体_個人経営","経営体","1"
"1196","新潟県_小千谷市_川井村","1011","林業経営体_団体経営","経営体","-"
"1196","新潟県_小千谷市_川井村","1012","林業経営体_団体経営_法人経営","経営体","-"
"1197","新潟県_小千谷市_六日市村２－２","1001","農林業経営体_計","経営体","8"
"1197","新潟県_小千谷市_六日市村２－２","1002","農林業経営体_個人経営","経営体","8"
"1197","新潟県_小千谷市_六日市村２－２","1003","農林業経営体_団体経営","経営体","-"
"1197","新潟県_小千谷市_六日市村２－２","1004","農林業経営体_団体経営_法人経営","経営体","-"
"1197","新潟県_小千谷市_六日市村２－２","1005","農業経営体_計","経営体","8"
"1197","新潟県_小千谷市_六日市村２－２","1006","農業経営体_個人経営","経営体","8"
"1197","新潟県_小千谷市_六日市村２－２","1007","農業経営体_団体経営","経営体","-"
"1197","新潟県_小千谷市_六日市村２－２","1008","農業経営体_団体経営_法人経営","経営体","-"
"1197","新潟県_小千谷市_六日市村２－２","1009","林業経営体_計","経営体","-"
"1197","新潟県_小千谷市_六日市村２－２","1010","林業経営体_個人経営","経営体","-"
"1197","新潟県_小千谷市_六日市村２－２","1011","林業経営体_団体経営","経営体","-"
"1197","新潟県_小千谷市_六日市村２－２","1012","林業経営体_団体経営_法人経営","経営体","-"
"1198","新潟県_小千谷市_東山村２－１","1001","農林業経営体_計","経営体","7"
"1198","新潟県_小千谷市_東山村２－１","1002","農林業経営体_個人経営","経営体","7"
"1198","新潟県_小千谷市_東山村２－１","1003","農林業経営体_団体経営","経営体","-"
"1198","新潟県_小千谷市_東山村２－１","1004","農林業経営体_団体経営_法人経営","経営体","-"
"1198","新潟県_小千谷市_東山村２－１","1005","農業経営体_計","経営体","7"
"1198","新潟県_小千谷市_東山村２－１","1006","農業経営体_個人経営","経営体","7"
"1198","新潟県_小千谷市_東山村２－１","1007","農業経営体_団体経営","経営体","-"
"1198","新潟県_小千谷市_東山村２－１","1008","農業経営体_団体経営_法人経営","経営体","-"
"1198","新潟県_小千谷市_東山村２－１","1009","林業経営体_計","経営体","-"
"1198","新潟県_小千谷市_東山村２－１","1010","林業経営体_個人経営","経営体","-"
"1198","新潟県_小千谷市_東山村２－１","1011","林業経営体_団体経営","経営体","-"
"1198","新潟県_小千谷市_東山村２－１","1012","林業経営体_団体経営_法人経営","経営体","-"
"1199","新潟県_小千谷市_岩沢村","1001","農林業経営体_計","経営体","47"
"1199","新潟県_小千谷市_岩沢村","1002","農林業経営体_個人経営","経営体","46"
"1199","新潟県_小千谷市_岩沢村","1003","農林業経営体_団体経営","経営体","1"
"1199","新潟県_小千谷市_岩沢村","1004","農林業経営体_団体経営_法人経営","経営体","-"
"1199","新潟県_小千谷市_岩沢村","1005","農業経営体_計","経営体","47"
"1199","新潟県_小千谷市_岩沢村","1006","農業経営体_個人経営","経営体","46"
"1199","新潟県_小千谷市_岩沢村","1007","農業経営体_団体経営","経営体","1"
"1199","新潟県_小千谷市_岩沢村","1008","農業経営体_団体経営_法人経営","経営体","-"
"1199","新潟県_小千谷市_岩沢村","1009","林業経営体_計","経営体","-"
"1199","新潟県_小千谷市_岩沢村","1010","林業経営体_個人経営","経営体","-"
"1199","新潟県_小千谷市_岩沢村","1011","林業経営体_団体経営","経営体","-"
"1199","新潟県_小千谷市_岩沢村","1012","林業経営体_団体経営_法人経営","経営体","-"
"1200","新潟県_小千谷市_真人村","1001","農林業経営体_計","経営体","152"
"1200","新潟県_小千谷市_真人村","1002","農林業経営体_個人経営","経営体","151"
"1200","新潟県_小千谷市_真人村","1003","農林業経営体_団体経営","経営体","1"
"1200","新潟県_小千谷市_真人村","1004","農林業経営体_団体経営_法人経営","経営体","1"
"1200","新潟県_小千谷市_真人村","1005","農業経営体_計","経営体","152"
"1200","新潟県_小千谷市_真人村","1006","農業経営体_個人経営","経営体","151"
"1200","新潟県_小千谷市_真人村","1007","農業経営体_団体経営","経営体","1"
"1200","新潟県_小千谷市_真人村","1008","農業経営体_団体経営_法人経営","経営体","1"
"1200","新潟県_小千谷市_真人村","1009","林業経営体_計","経営体","-"
"1200","新潟県_小千谷市_真人村","1010","林業経営体_個人経営","経営体","-"
"1200","新潟県_小千谷市_真人村","1011","林業経営体_団体経営","経営体","-"
"1200","新潟県_小千谷市_真人村","1012","林業経営体_団体経営_法人経営","経営体","-"
"1201","新潟県_小千谷市_片貝町","1001","農林業経営体_計","経営体","127"
"1201","新潟県_小千谷市_片貝町","1002","農林業経営体_個人経営","経営体","123"
"1201","新潟県_小千谷市_片貝町","1003","農林業経営体_団体経営","経営体","4"
"1201","新潟県_小千谷市_片貝町","1004","農林業経営体_団体経営_法人経営","経営体","2"
"1201","新潟県_小千谷市_片貝町","1005","農業経営体_計","経営体","127"
"1201","新潟県_小千谷市_片貝町","1006","農業経営体_個人経営","経営体","123"
"1201","新潟県_小千谷市_片貝町","1007","農業経営体_団体経営","経営体","4"
"1201","新潟県_小千谷市_片貝町","1008","農業経営体_団体経営_法人経営","経営体","2"
"1201","新潟県_小千谷市_片貝町","1009","林業経営体_計","経営体","1"
"1201","新潟県_小千谷市_片貝町","1010","林業経営体_個人経営","経営体","1"
"1201","新潟県_小千谷市_片貝町","1011","林業経営体_団体経営","経営体","-"
"1201","新潟県_小千谷市_片貝町","1012","林業経営体_団体経営_法人経営","経営体","-"
"1202","新潟県_加茂市","1001","農林業経営体_計","経営体","599"
"1202","新潟県_加茂市","1002","農林業経営体_個人経営","経営体","591"
"1202","新潟県_加茂市","1003","農林業経営体_団体経営","経営体","8"
"1202","新潟県_加茂市","1004","農林業経営体_団体経営_法人経営","経営体","7"
"1202","新潟県_加茂市","1005","農業経営体_計","経営体","596"
"1202","新潟県_加茂市","1006","農業経営体_個人経営","経営体","590"
"1202","新潟県_加茂市","1007","農業経営体_団体経営","経営体","6"
"1202","新潟県_加茂市","1008","農業経営体_団体経営_法人経営","経営体","5"
"1202","新潟県_加茂市","1009","林業経営体_計","経営体","13"
"1202","新潟県_加茂市","1010","林業経営体_個人経営","経営体","11"
"1202","新潟県_加茂市","1011","林業経営体_団体経営","経営体","2"
"1202","新潟県_加茂市","1012","林業経営体_団体経営_法人経営","経営体","2"
"1203","新潟県_加茂市_加茂町","1001","農林業経営体_計","経営体","201"
"1203","新潟県_加茂市_加茂町","1002","農林業経営体_個人経営","経営体","197"
"1203","新潟県_加茂市_加茂町","1003","農林業経営体_団体経営","経営体","4"
"1203","新潟県_加茂市_加茂町","1004","農林業経営体_団体経営_法人経営","経営体","4"
"1203","新潟県_加茂市_加茂町","1005","農業経営体_計","経営体","200"
"1203","新潟県_加茂市_加茂町","1006","農業経営体_個人経営","経営体","197"
"1203","新潟県_加茂市_加茂町","1007","農業経営体_団体経営","経営体","3"
"1203","新潟県_加茂市_加茂町","1008","農業経営体_団体経営_法人経営","経営体","3"
"1203","新潟県_加茂市_加茂町","1009","林業経営体_計","経営体","3"
"1203","新潟県_加茂市_加茂町","1010","林業経営体_個人経営","経営体","2"
"1203","新潟県_加茂市_加茂町","1011","林業経営体_団体経営","経営体","1"
"1203","新潟県_加茂市_加茂町","1012","林業経営体_団体経営_法人経営","経営体","1"
"1204","新潟県_加茂市_下条村","1001","農林業経営体_計","経営体","87"
"1204","新潟県_加茂市_下条村","1002","農林業経営体_個人経営","経営体","87"
"1204","新潟県_加茂市_下条村","1003","農林業経営体_団体経営","経営体","-"
"1204","新潟県_加茂市_下条村","1004","農林業経営体_団体経営_法人経営","経営体","-"
"1204","新潟県_加茂市_下条村","1005","農業経営体_計","経営体","87"
"1204","新潟県_加茂市_下条村","1006","農業経営体_個人経営","経営体","87"
"1204","新潟県_加茂市_下条村","1007","農業経営体_団体経営","経営体","-"
"1204","新潟県_加茂市_下条村","1008","農業経営体_団体経営_法人経営","経営体","-"
"1204","新潟県_加茂市_下条村","1009","林業経営体_計","経営体","3"
"1204","新潟県_加茂市_下条村","1010","林業経営体_個人経営","経営体","3"
"1204","新潟県_加茂市_下条村","1011","林業経営体_団体経営","経営体","-"
"1204","新潟県_加茂市_下条村","1012","林業経営体_団体経営_法人経営","経営体","-"
"1205","新潟県_加茂市_七谷村","1001","農林業経営体_計","経営体","147"
"1205","新潟県_加茂市_七谷村","1002","農林業経営体_個人経営","経営体","145"
"1205","新潟県_加茂市_七谷村","1003","農林業経営体_団体経営","経営体","2"
"1205","新潟県_加茂市_七谷村","1004","農林業経営体_団体経営_法人経営","経営体","1"
"1205","新潟県_加茂市_七谷村","1005","農業経営体_計","経営体","145"
"1205","新潟県_加茂市_七谷村","1006","農業経営体_個人経営","経営体","144"
"1205","新潟県_加茂市_七谷村","1007","農業経営体_団体経営","経営体","1"
"1205","新潟県_加茂市_七谷村","1008","農業経営体_団体経営_法人経営","経営体","-"
"1205","新潟県_加茂市_七谷村","1009","林業経営体_計","経営体","7"
"1205","新潟県_加茂市_七谷村","1010","林業経営体_個人経営","経営体","6"
"1205","新潟県_加茂市_七谷村","1011","林業経営体_団体経営","経営体","1"
"1205","新潟県_加茂市_七谷村","1012","林業経営体_団体経営_法人経営","経営体","1"
"1206","新潟県_加茂市_須田村２－１","1001","農林業経営体_計","経営体","164"
"1206","新潟県_加茂市_須田村２－１","1002","農林業経営体_個人経営","経営体","162"
"1206","新潟県_加茂市_須田村２－１","1003","農林業経営体_団体経営","経営体","2"
"1206","新潟県_加茂市_須田村２－１","1004","農林業経営体_団体経営_法人経営","経営体","2"
"1206","新潟県_加茂市_須田村２－１","1005","農業経営体_計","経営体","164"
"1206","新潟県_加茂市_須田村２－１","1006","農業経営体_個人経営","経営体","162"
"1206","新潟県_加茂市_須田村２－１","1007","農業経営体_団体経営","経営体","2"
"1206","新潟県_加茂市_須田村２－１","1008","農業経営体_団体経営_法人経営","経営体","2"
"1206","新潟県_加茂市_須田村２－１","1009","林業経営体_計","経営体","-"
"1206","新潟県_加茂市_須田村２－１","1010","林業経営体_個人経営","経営体","-"
"1206","新潟県_加茂市_須田村２－１","1011","林業経営体_団体経営","経営体","-"
"1206","新潟県_加茂市_須田村２－１","1012","林業経営体_団体経営_法人経営","経営体","-"
"1207","新潟県_十日町市","1001","農林業経営体_計","経営体","2713"
"1207","新潟県_十日町市","1002","農林業経営体_個人経営","経営体","2623"
"1207","新潟県_十日町市","1003","農林業経営体_団体経営","経営体","90"
"1207","新潟県_十日町市","1004","農林業経営体_団体経営_法人経営","経営体","70"
"1207","新潟県_十日町市","1005","農業経営体_計","経営体","2705"
"1207","新潟県_十日町市","1006","農業経営体_個人経営","経営体","2622"
"1207","新潟県_十日町市","1007","農業経営体_団体経営","経営体","83"
"1207","新潟県_十日町市","1008","農業経営体_団体経営_法人経営","経営体","63"
"1207","新潟県_十日町市","1009","林業経営体_計","経営体","16"
"1207","新潟県_十日町市","1010","林業経営体_個人経営","経営体","9"
"1207","新潟県_十日町市","1011","林業経営体_団体経営","経営体","7"
"1207","新潟県_十日町市","1012","林業経営体_団体経営_法人経営","経営体","7"
"1208","新潟県_十日町市_十日町","1001","農林業経営体_計","経営体","67"
"1208","新潟県_十日町市_十日町","1002","農林業経営体_個人経営","経営体","66"
"1208","新潟県_十日町市_十日町","1003","農林業経営体_団体経営","経営体","1"
"1208","新潟県_十日町市_十日町","1004","農林業経営体_団体経営_法人経営","経営体","1"
"1208","新潟県_十日町市_十日町","1005","農業経営体_計","経営体","67"
"1208","新潟県_十日町市_十日町","1006","農業経営体_個人経営","経営体","66"
"1208","新潟県_十日町市_十日町","1007","農業経営体_団体経営","経営体","1"
"1208","新潟県_十日町市_十日町","1008","農業経営体_団体経営_法人経営","経営体","1"
"1208","新潟県_十日町市_十日町","1009","林業経営体_計","経営体","-"
"1208","新潟県_十日町市_十日町","1010","林業経営体_個人経営","経営体","-"
"1208","新潟県_十日町市_十日町","1011","林業経営体_団体経営","経営体","-"
"1208","新潟県_十日町市_十日町","1012","林業経営体_団体経営_法人経営","経営体","-"
"1209","新潟県_十日町市_中条村","1001","農林業経営体_計","経営体","247"
"1209","新潟県_十日町市_中条村","1002","農林業経営体_個人経営","経営体","235"
"1209","新潟県_十日町市_中条村","1003","農林業経営体_団体経営","経営体","12"
"1209","新潟県_十日町市_中条村","1004","農林業経営体_団体経営_法人経営","経営体","11"
"1209","新潟県_十日町市_中条村","1005","農業経営体_計","経営体","246"
"1209","新潟県_十日町市_中条村","1006","農業経営体_個人経営","経営体","235"
"1209","新潟県_十日町市_中条村","1007","農業経営体_団体経営","経営体","11"
"1209","新潟県_十日町市_中条村","1008","農業経営体_団体経営_法人経営","経営体","10"
"1209","新潟県_十日町市_中条村","1009","林業経営体_計","経営体","1"
"1209","新潟県_十日町市_中条村","1010","林業経営体_個人経営","経営体","-"
"1209","新潟県_十日町市_中条村","1011","林業経営体_団体経営","経営体","1"
"1209","新潟県_十日町市_中条村","1012","林業経営体_団体経営_法人経営","経営体","1"
"1210","新潟県_十日町市_川治村","1001","農林業経営体_計","経営体","142"
"1210","新潟県_十日町市_川治村","1002","農林業経営体_個人経営","経営体","139"
"1210","新潟県_十日町市_川治村","1003","農林業経営体_団体経営","経営体","3"
"1210","新潟県_十日町市_川治村","1004","農林業経営体_団体経営_法人経営","経営体","3"
"1210","新潟県_十日町市_川治村","1005","農業経営体_計","経営体","141"
"1210","新潟県_十日町市_川治村","1006","農業経営体_個人経営","経営体","139"
"1210","新潟県_十日町市_川治村","1007","農業経営体_団体経営","経営体","2"
"1210","新潟県_十日町市_川治村","1008","農業経営体_団体経営_法人経営","経営体","2"
"1210","新潟県_十日町市_川治村","1009","林業経営体_計","経営体","2"
"1210","新潟県_十日町市_川治村","1010","林業経営体_個人経営","経営体","1"
"1210","新潟県_十日町市_川治村","1011","林業経営体_団体経営","経営体","1"
"1210","新潟県_十日町市_川治村","1012","林業経営体_団体経営_法人経営","経営体","1"
"1211","新潟県_十日町市_六箇村","1001","農林業経営体_計","経営体","51"
"1211","新潟県_十日町市_六箇村","1002","農林業経営体_個人経営","経営体","50"
"1211","新潟県_十日町市_六箇村","1003","農林業経営体_団体経営","経営体","1"
"1211","新潟県_十日町市_六箇村","1004","農林業経営体_団体経営_法人経営","経営体","1"
"1211","新潟県_十日町市_六箇村","1005","農業経営体_計","経営体","51"
"1211","新潟県_十日町市_六箇村","1006","農業経営体_個人経営","経営体","50"
"1211","新潟県_十日町市_六箇村","1007","農業経営体_団体経営","経営体","1"
"1211","新潟県_十日町市_六箇村","1008","農業経営体_団体経営_法人経営","経営体","1"
"1211","新潟県_十日町市_六箇村","1009","林業経営体_計","経営体","-"
"1211","新潟県_十日町市_六箇村","1010","林業経営体_個人経営","経営体","-"
"1211","新潟県_十日町市_六箇村","1011","林業経営体_団体経営","経営体","-"
"1211","新潟県_十日町市_六箇村","1012","林業経営体_団体経営_法人経営","経営体","-"
"1212","新潟県_十日町市_吉田村","1001","農林業経営体_計","経営体","285"
"1212","新潟県_十日町市_吉田村","1002","農林業経営体_個人経営","経営体","279"
"1212","新潟県_十日町市_吉田村","1003","農林業経営体_団体経営","経営体","6"
"1212","新潟県_十日町市_吉田村","1004","農林業経営体_団体経営_法人経営","経営体","5"
"1212","新潟県_十日町市_吉田村","1005","農業経営体_計","経営体","282"
"1212","新潟県_十日町市_吉田村","1006","農業経営体_個人経営","経営体","278"
"1212","新潟県_十日町市_吉田村","1007","農業経営体_団体経営","経営体","4"
"1212","新潟県_十日町市_吉田村","1008","農業経営体_団体経営_法人経営","経営体","3"
"1212","新潟県_十日町市_吉田村","1009","林業経営体_計","経営体","3"
"1212","新潟県_十日町市_吉田村","1010","林業経営体_個人経営","経営体","1"
"1212","新潟県_十日町市_吉田村","1011","林業経営体_団体経営","経営体","2"
"1212","新潟県_十日町市_吉田村","1012","林業経営体_団体経営_法人経営","経営体","2"
"1213","新潟県_十日町市_下条村","1001","農林業経営体_計","経営体","166"
"1213","新潟県_十日町市_下条村","1002","農林業経営体_個人経営","経営体","162"
"1213","新潟県_十日町市_下条村","1003","農林業経営体_団体経営","経営体","4"
"1213","新潟県_十日町市_下条村","1004","農林業経営体_団体経営_法人経営","経営体","4"
"1213","新潟県_十日町市_下条村","1005","農業経営体_計","経営体","166"
"1213","新潟県_十日町市_下条村","1006","農業経営体_個人経営","経営体","162"
"1213","新潟県_十日町市_下条村","1007","農業経営体_団体経営","経営体","4"
"1213","新潟県_十日町市_下条村","1008","農業経営体_団体経営_法人経営","経営体","4"
"1213","新潟県_十日町市_下条村","1009","林業経営体_計","経営体","-"
"1213","新潟県_十日町市_下条村","1010","林業経営体_個人経営","経営体","-"
"1213","新潟県_十日町市_下条村","1011","林業経営体_団体経営","経営体","-"
"1213","新潟県_十日町市_下条村","1012","林業経営体_団体経営_法人経営","経営体","-"
"1214","新潟県_十日町市_水沢村","1001","農林業経営体_計","経営体","274"
"1214","新潟県_十日町市_水沢村","1002","農林業経営体_個人経営","経営体","265"
"1214","新潟県_十日町市_水沢村","1003","農林業経営体_団体経営","経営体","9"
"1214","新潟県_十日町市_水沢村","1004","農林業経営体_団体経営_法人経営","経営体","5"
"1214","新潟県_十日町市_水沢村","1005","農業経営体_計","経営体","273"
"1214","新潟県_十日町市_水沢村","1006","農業経営体_個人経営","経営体","265"
"1214","新潟県_十日町市_水沢村","1007","農業経営体_団体経営","経営体","8"
"1214","新潟県_十日町市_水沢村","1008","農業経営体_団体経営_法人経営","経営体","4"
"1214","新潟県_十日町市_水沢村","1009","林業経営体_計","経営体","3"
"1214","新潟県_十日町市_水沢村","1010","林業経営体_個人経営","経営体","2"
"1214","新潟県_十日町市_水沢村","1011","林業経営体_団体経営","経営体","1"
"1214","新潟県_十日町市_水沢村","1012","林業経営体_団体経営_法人経営","経営体","1"
"1215","新潟県_十日町市_貝野村２－２","1001","農林業経営体_計","経営体","29"
"1215","新潟県_十日町市_貝野村２－２","1002","農林業経営体_個人経営","経営体","27"
"1215","新潟県_十日町市_貝野村２－２","1003","農林業経営体_団体経営","経営体","2"
"1215","新潟県_十日町市_貝野村２－２","1004","農林業経営体_団体経営_法人経営","経営体","1"
"1215","新潟県_十日町市_貝野村２－２","1005","農業経営体_計","経営体","29"
"1215","新潟県_十日町市_貝野村２－２","1006","農業経営体_個人経営","経営体","27"
"1215","新潟県_十日町市_貝野村２－２","1007","農業経営体_団体経営","経営体","2"
"1215","新潟県_十日町市_貝野村２－２","1008","農業経営体_団体経営_法人経営","経営体","1"
"1215","新潟県_十日町市_貝野村２－２","1009","林業経営体_計","経営体","-"
"1215","新潟県_十日町市_貝野村２－２","1010","林業経営体_個人経営","経営体","-"
"1215","新潟県_十日町市_貝野村２－２","1011","林業経営体_団体経営","経営体","-"
"1215","新潟県_十日町市_貝野村２－２","1012","林業経営体_団体経営_法人経営","経営体","-"
"1216","新潟県_十日町市_千手町","1001","農林業経営体_計","経営体","170"
"1216","新潟県_十日町市_千手町","1002","農林業経営体_個人経営","経営体","169"
"1216","新潟県_十日町市_千手町","1003","農林業経営体_団体経営","経営体","1"
"1216","新潟県_十日町市_千手町","1004","農林業経営体_団体経営_法人経営","経営体","1"
"1216","新潟県_十日町市_千手町","1005","農業経営体_計","経営体","170"
"1216","新潟県_十日町市_千手町","1006","農業経営体_個人経営","経営体","169"
"1216","新潟県_十日町市_千手町","1007","農業経営体_団体経営","経営体","1"
"1216","新潟県_十日町市_千手町","1008","農業経営体_団体経営_法人経営","経営体","1"
"1216","新潟県_十日町市_千手町","1009","林業経営体_計","経営体","-"
"1216","新潟県_十日町市_千手町","1010","林業経営体_個人経営","経営体","-"
"1216","新潟県_十日町市_千手町","1011","林業経営体_団体経営","経営体","-"
"1216","新潟県_十日町市_千手町","1012","林業経営体_団体経営_法人経営","経営体","-"
"1217","新潟県_十日町市_上野村","1001","農林業経営体_計","経営体","96"
"1217","新潟県_十日町市_上野村","1002","農林業経営体_個人経営","経営体","94"
"1217","新潟県_十日町市_上野村","1003","農林業経営体_団体経営","経営体","2"
"1217","新潟県_十日町市_上野村","1004","農林業経営体_団体経営_法人経営","経営体","2"
"1217","新潟県_十日町市_上野村","1005","農業経営体_計","経営体","96"
"1217","新潟県_十日町市_上野村","1006","農業経営体_個人経営","経営体","94"
"1217","新潟県_十日町市_上野村","1007","農業経営体_団体経営","経営体","2"
"1217","新潟県_十日町市_上野村","1008","農業経営体_団体経営_法人経営","経営体","2"
"1217","新潟県_十日町市_上野村","1009","林業経営体_計","経営体","-"
"1217","新潟県_十日町市_上野村","1010","林業経営体_個人経営","経営体","-"
"1217","新潟県_十日町市_上野村","1011","林業経営体_団体経営","経営体","-"
"1217","新潟県_十日町市_上野村","1012","林業経営体_団体経営_法人経営","経営体","-"
"1218","新潟県_十日町市_橘村","1001","農林業経営体_計","経営体","141"
"1218","新潟県_十日町市_橘村","1002","農林業経営体_個人経営","経営体","132"
"1218","新潟県_十日町市_橘村","1003","農林業経営体_団体経営","経営体","9"
"1218","新潟県_十日町市_橘村","1004","農林業経営体_団体経営_法人経営","経営体","7"
"1218","新潟県_十日町市_橘村","1005","農業経営体_計","経営体","141"
"1218","新潟県_十日町市_橘村","1006","農業経営体_個人経営","経営体","132"
"1218","新潟県_十日町市_橘村","1007","農業経営体_団体経営","経営体","9"
"1218","新潟県_十日町市_橘村","1008","農業経営体_団体経営_法人経営","経営体","7"
"1218","新潟県_十日町市_橘村","1009","林業経営体_計","経営体","-"
"1218","新潟県_十日町市_橘村","1010","林業経営体_個人経営","経営体","-"
"1218","新潟県_十日町市_橘村","1011","林業経営体_団体経営","経営体","-"
"1218","新潟県_十日町市_橘村","1012","林業経営体_団体経営_法人経営","経営体","-"
"1219","新潟県_十日町市_仙田村３－１","1001","農林業経営体_計","経営体","85"
"1219","新潟県_十日町市_仙田村３－１","1002","農林業経営体_個人経営","経営体","83"
"1219","新潟県_十日町市_仙田村３－１","1003","農林業経営体_団体経営","経営体","2"
"1219","新潟県_十日町市_仙田村３－１","1004","農林業経営体_団体経営_法人経営","経営体","1"
"1219","新潟県_十日町市_仙田村３－１","1005","農業経営体_計","経営体","85"
"1219","新潟県_十日町市_仙田村３－１","1006","農業経営体_個人経営","経営体","83"
"1219","新潟県_十日町市_仙田村３－１","1007","農業経営体_団体経営","経営体","2"
"1219","新潟県_十日町市_仙田村３－１","1008","農業経営体_団体経営_法人経営","経営体","1"
"1219","新潟県_十日町市_仙田村３－１","1009","林業経営体_計","経営体","2"
"1219","新潟県_十日町市_仙田村３－１","1010","林業経営体_個人経営","経営体","2"
"1219","新潟県_十日町市_仙田村３－１","1011","林業経営体_団体経営","経営体","-"
"1219","新潟県_十日町市_仙田村３－１","1012","林業経営体_団体経営_法人経営","経営体","-"
"1220","新潟県_十日町市_田沢村","1001","農林業経営体_計","経営体","248"
"1220","新潟県_十日町市_田沢村","1002","農林業経営体_個人経営","経営体","237"
"1220","新潟県_十日町市_田沢村","1003","農林業経営体_団体経営","経営体","11"
"1220","新潟県_十日町市_田沢村","1004","農林業経営体_団体経営_法人経営","経営体","7"
"1220","新潟県_十日町市_田沢村","1005","農業経営体_計","経営体","248"
"1220","新潟県_十日町市_田沢村","1006","農業経営体_個人経営","経営体","237"
"1220","新潟県_十日町市_田沢村","1007","農業経営体_団体経営","経営体","11"
"1220","新潟県_十日町市_田沢村","1008","農業経営体_団体経営_法人経営","経営体","7"
"1220","新潟県_十日町市_田沢村","1009","林業経営体_計","経営体","3"
"1220","新潟県_十日町市_田沢村","1010","林業経営体_個人経営","経営体","3"
"1220","新潟県_十日町市_田沢村","1011","林業経営体_団体経営","経営体","-"
"1220","新潟県_十日町市_田沢村","1012","林業経営体_団体経営_法人経営","経営体","-"
"1221","新潟県_十日町市_倉俣村２－１","1001","農林業経営体_計","経営体","114"
"1221","新潟県_十日町市_倉俣村２－１","1002","農林業経営体_個人経営","経営体","110"
"1221","新潟県_十日町市_倉俣村２－１","1003","農林業経営体_団体経営","経営体","4"
"1221","新潟県_十日町市_倉俣村２－１","1004","農林業経営体_団体経営_法人経営","経営体","4"
"1221","新潟県_十日町市_倉俣村２－１","1005","農業経営体_計","経営体","114"
"1221","新潟県_十日町市_倉俣村２－１","1006","農業経営体_個人経営","経営体","110"
"1221","新潟県_十日町市_倉俣村２－１","1007","農業経営体_団体経営","経営体","4"
"1221","新潟県_十日町市_倉俣村２－１","1008","農業経営体_団体経営_法人経営","経営体","4"
"1221","新潟県_十日町市_倉俣村２－１","1009","林業経営体_計","経営体","-"
"1221","新潟県_十日町市_倉俣村２－１","1010","林業経営体_個人経営","経営体","-"
"1221","新潟県_十日町市_倉俣村２－１","1011","林業経営体_団体経営","経営体","-"
"1221","新潟県_十日町市_倉俣村２－１","1012","林業経営体_団体経営_法人経営","経営体","-"
"1222","新潟県_十日町市_貝野村２－１","1001","農林業経営体_計","経営体","49"
"1222","新潟県_十日町市_貝野村２－１","1002","農林業経営体_個人経営","経営体","47"
"1222","新潟県_十日町市_貝野村２－１","1003","農林業経営体_団体経営","経営体","2"
"1222","新潟県_十日町市_貝野村２－１","1004","農林業経営体_団体経営_法人経営","経営体","1"
"1222","新潟県_十日町市_貝野村２－１","1005","農業経営体_計","経営体","48"
"1222","新潟県_十日町市_貝野村２－１","1006","農業経営体_個人経営","経営体","47"
"1222","新潟県_十日町市_貝野村２－１","1007","農業経営体_団体経営","経営体","1"
"1222","新潟県_十日町市_貝野村２－１","1008","農業経営体_団体経営_法人経営","経営体","-"
"1222","新潟県_十日町市_貝野村２－１","1009","林業経営体_計","経営体","1"
"1222","新潟県_十日町市_貝野村２－１","1010","林業経営体_個人経営","経営体","-"
"1222","新潟県_十日町市_貝野村２－１","1011","林業経営体_団体経営","経営体","1"
"1222","新潟県_十日町市_貝野村２－１","1012","林業経営体_団体経営_法人経営","経営体","1"
"1223","新潟県_十日町市_中深見村２－２","1001","農林業経営体_計","経営体","7"
"1223","新潟県_十日町市_中深見村２－２","1002","農林業経営体_個人経営","経営体","7"
"1223","新潟県_十日町市_中深見村２－２","1003","農林業経営体_団体経営","経営体","-"
"1223","新潟県_十日町市_中深見村２－２","1004","農林業経営体_団体経営_法人経営","経営体","-"
"1223","新潟県_十日町市_中深見村２－２","1005","農業経営体_計","経営体","7"
"1223","新潟県_十日町市_中深見村２－２","1006","農業経営体_個人経営","経営体","7"
"1223","新潟県_十日町市_中深見村２－２","1007","農業経営体_団体経営","経営体","-"
"1223","新潟県_十日町市_中深見村２－２","1008","農業経営体_団体経営_法人経営","経営体","-"
"1223","新潟県_十日町市_中深見村２－２","1009","林業経営体_計","経営体","-"
"1223","新潟県_十日町市_中深見村２－２","1010","林業経営体_個人経営","経営体","-"
"1223","新潟県_十日町市_中深見村２－２","1011","林業経営体_団体経営","経営体","-"
"1223","新潟県_十日町市_中深見村２－２","1012","林業経営体_団体経営_法人経営","経営体","-"
"1224","新潟県_十日町市_松代村","1001","農林業経営体_計","経営体","179"
"1224","新潟県_十日町市_松代村","1002","農林業経営体_個人経営","経営体","172"
"1224","新潟県_十日町市_松代村","1003","農林業経営体_団体経営","経営体","7"
"1224","新潟県_十日町市_松代村","1004","農林業経営体_団体経営_法人経営","経営体","4"
"1224","新潟県_十日町市_松代村","1005","農業経営体_計","経営体","178"
"1224","新潟県_十日町市_松代村","1006","農業経営体_個人経営","経営体","172"
"1224","新潟県_十日町市_松代村","1007","農業経営体_団体経営","経営体","6"
"1224","新潟県_十日町市_松代村","1008","農業経営体_団体経営_法人経営","経営体","3"
"1224","新潟県_十日町市_松代村","1009","林業経営体_計","経営体","1"
"1224","新潟県_十日町市_松代村","1010","林業経営体_個人経営","経営体","-"
"1224","新潟県_十日町市_松代村","1011","林業経営体_団体経営","経営体","1"
"1224","新潟県_十日町市_松代村","1012","林業経営体_団体経営_法人経営","経営体","1"
"1225","新潟県_十日町市_山平村２－１","1001","農林業経営体_計","経営体","58"
"1225","新潟県_十日町市_山平村２－１","1002","農林業経営体_個人経営","経営体","57"
"1225","新潟県_十日町市_山平村２－１","1003","農林業経営体_団体経営","経営体","1"
"1225","新潟県_十日町市_山平村２－１","1004","農林業経営体_団体経営_法人経営","経営体","1"
"1225","新潟県_十日町市_山平村２－１","1005","農業経営体_計","経営体","58"
"1225","新潟県_十日町市_山平村２－１","1006","農業経営体_個人経営","経営体","57"
"1225","新潟県_十日町市_山平村２－１","1007","農業経営体_団体経営","経営体","1"
"1225","新潟県_十日町市_山平村２－１","1008","農業経営体_団体経営_法人経営","経営体","1"
"1225","新潟県_十日町市_山平村２－１","1009","林業経営体_計","経営体","-"
"1225","新潟県_十日町市_山平村２－１","1010","林業経営体_個人経営","経営体","-"
"1225","新潟県_十日町市_山平村２－１","1011","林業経営体_団体経営","経営体","-"
"1225","新潟県_十日町市_山平村２－１","1012","林業経営体_団体経営_法人経営","経営体","-"
"1226","新潟県_十日町市_奴奈川村","1001","農林業経営体_計","経営体","39"
"1226","新潟県_十日町市_奴奈川村","1002","農林業経営体_個人経営","経営体","37"
"1226","新潟県_十日町市_奴奈川村","1003","農林業経営体_団体経営","経営体","2"
"1226","新潟県_十日町市_奴奈川村","1004","農林業経営体_団体経営_法人経営","経営体","1"
"1226","新潟県_十日町市_奴奈川村","1005","農業経営体_計","経営体","39"
"1226","新潟県_十日町市_奴奈川村","1006","農業経営体_個人経営","経営体","37"
"1226","新潟県_十日町市_奴奈川村","1007","農業経営体_団体経営","経営体","2"
"1226","新潟県_十日町市_奴奈川村","1008","農業経営体_団体経営_法人経営","経営体","1"
"1226","新潟県_十日町市_奴奈川村","1009","林業経営体_計","経営体","-"
"1226","新潟県_十日町市_奴奈川村","1010","林業経営体_個人経営","経営体","-"
"1226","新潟県_十日町市_奴奈川村","1011","林業経営体_団体経営","経営体","-"
"1226","新潟県_十日町市_奴奈川村","1012","林業経営体_団体経営_法人経営","経営体","-"
"1227","新潟県_十日町市_仙田村３－３","1001","農林業経営体_計","経営体","-"
"1227","新潟県_十日町市_仙田村３－３","1002","農林業経営体_個人経営","経営体","-"
"1227","新潟県_十日町市_仙田村３－３","1003","農林業経営体_団体経営","経営体","-"
"1227","新潟県_十日町市_仙田村３－３","1004","農林業経営体_団体経営_法人経営","経営体","-"
"1227","新潟県_十日町市_仙田村３－３","1005","農業経営体_計","経営体","-"
"1227","新潟県_十日町市_仙田村３－３","1006","農業経営体_個人経営","経営体","-"
"1227","新潟県_十日町市_仙田村３－３","1007","農業経営体_団体経営","経営体","-"
"1227","新潟県_十日町市_仙田村３－３","1008","農業経営体_団体経営_法人経営","経営体","-"
"1227","新潟県_十日町市_仙田村３－３","1009","林業経営体_計","経営体","-"
"1227","新潟県_十日町市_仙田村３－３","1010","林業経営体_個人経営","経営体","-"
"1227","新潟県_十日町市_仙田村３－３","1011","林業経営体_団体経営","経営体","-"
"1227","新潟県_十日町市_仙田村３－３","1012","林業経営体_団体経営_法人経営","経営体","-"
"1228","新潟県_十日町市_松之山村","1001","農林業経営体_計","経営体","201"
"1228","新潟県_十日町市_松之山村","1002","農林業経営体_個人経営","経営体","192"
"1228","新潟県_十日町市_松之山村","1003","農林業経営体_団体経営","経営体","9"
"1228","新潟県_十日町市_松之山村","1004","農林業経営体_団体経営_法人経営","経営体","8"
"1228","新潟県_十日町市_松之山村","1005","農業経営体_計","経営体","201"
"1228","新潟県_十日町市_松之山村","1006","農業経営体_個人経営","経営体","192"
"1228","新潟県_十日町市_松之山村","1007","農業経営体_団体経営","経営体","9"
"1228","新潟県_十日町市_松之山村","1008","農業経営体_団体経営_法人経営","経営体","8"
"1228","新潟県_十日町市_松之山村","1009","林業経営体_計","経営体","-"
"1228","新潟県_十日町市_松之山村","1010","林業経営体_個人経営","経営体","-"
"1228","新潟県_十日町市_松之山村","1011","林業経営体_団体経営","経営体","-"
"1228","新潟県_十日町市_松之山村","1012","林業経営体_団体経営_法人経営","経営体","-"
"1229","新潟県_十日町市_浦田村","1001","農林業経営体_計","経営体","65"
"1229","新潟県_十日町市_浦田村","1002","農林業経営体_個人経営","経営体","63"
"1229","新潟県_十日町市_浦田村","1003","農林業経営体_団体経営","経営体","2"
"1229","新潟県_十日町市_浦田村","1004","農林業経営体_団体経営_法人経営","経営体","2"
"1229","新潟県_十日町市_浦田村","1005","農業経営体_計","経営体","65"
"1229","新潟県_十日町市_浦田村","1006","農業経営体_個人経営","経営体","63"
"1229","新潟県_十日町市_浦田村","1007","農業経営体_団体経営","経営体","2"
"1229","新潟県_十日町市_浦田村","1008","農業経営体_団体経営_法人経営","経営体","2"
"1229","新潟県_十日町市_浦田村","1009","林業経営体_計","経営体","-"
"1229","新潟県_十日町市_浦田村","1010","林業経営体_個人経営","経営体","-"
"1229","新潟県_十日町市_浦田村","1011","林業経営体_団体経営","経営体","-"
"1229","新潟県_十日町市_浦田村","1012","林業経営体_団体経営_法人経営","経営体","-"
"1230","新潟県_見附市","1001","農林業経営体_計","経営体","701"
"1230","新潟県_見附市","1002","農林業経営体_個人経営","経営体","687"
"1230","新潟県_見附市","1003","農林業経営体_団体経営","経営体","14"
"1230","新潟県_見附市","1004","農林業経営体_団体経営_法人経営","経営体","12"
"1230","新潟県_見附市","1005","農業経営体_計","経営体","700"
"1230","新潟県_見附市","1006","農業経営体_個人経営","経営体","687"
"1230","新潟県_見附市","1007","農業経営体_団体経営","経営体","13"
"1230","新潟県_見附市","1008","農業経営体_団体経営_法人経営","経営体","11"
"1230","新潟県_見附市","1009","林業経営体_計","経営体","1"
"1230","新潟県_見附市","1010","林業経営体_個人経営","経営体","-"
"1230","新潟県_見附市","1011","林業経営体_団体経営","経営体","1"
"1230","新潟県_見附市","1012","林業経営体_団体経営_法人経営","経営体","1"
"1231","新潟県_見附市_見附町","1001","農林業経営体_計","経営体","125"
"1231","新潟県_見附市_見附町","1002","農林業経営体_個人経営","経営体","125"
"1231","新潟県_見附市_見附町","1003","農林業経営体_団体経営","経営体","-"
"1231","新潟県_見附市_見附町","1004","農林業経営体_団体経営_法人経営","経営体","-"
"1231","新潟県_見附市_見附町","1005","農業経営体_計","経営体","125"
"1231","新潟県_見附市_見附町","1006","農業経営体_個人経営","経営体","125"
"1231","新潟県_見附市_見附町","1007","農業経営体_団体経営","経営体","-"
"1231","新潟県_見附市_見附町","1008","農業経営体_団体経営_法人経営","経営体","-"
"1231","新潟県_見附市_見附町","1009","林業経営体_計","経営体","-"
"1231","新潟県_見附市_見附町","1010","林業経営体_個人経営","経営体","-"
"1231","新潟県_見附市_見附町","1011","林業経営体_団体経営","経営体","-"
"1231","新潟県_見附市_見附町","1012","林業経営体_団体経営_法人経営","経営体","-"
"1232","新潟県_見附市_上北谷村２－１","1001","農林業経営体_計","経営体","69"
"1232","新潟県_見附市_上北谷村２－１","1002","農林業経営体_個人経営","経営体","67"
"1232","新潟県_見附市_上北谷村２－１","1003","農林業経営体_団体経営","経営体","2"
"1232","新潟県_見附市_上北谷村２－１","1004","農林業経営体_団体経営_法人経営","経営体","2"
"1232","新潟県_見附市_上北谷村２－１","1005","農業経営体_計","経営体","68"
"1232","新潟県_見附市_上北谷村２－１","1006","農業経営体_個人経営","経営体","67"
"1232","新潟県_見附市_上北谷村２－１","1007","農業経営体_団体経営","経営体","1"
"1232","新潟県_見附市_上北谷村２－１","1008","農業経営体_団体経営_法人経営","経営体","1"
"1232","新潟県_見附市_上北谷村２－１","1009","林業経営体_計","経営体","1"
"1232","新潟県_見附市_上北谷村２－１","1010","林業経営体_個人経営","経営体","-"
"1232","新潟県_見附市_上北谷村２－１","1011","林業経営体_団体経営","経営体","1"
"1232","新潟県_見附市_上北谷村２－１","1012","林業経営体_団体経営_法人経営","経営体","1"
"1233","新潟県_見附市_北谷村","1001","農林業経営体_計","経営体","82"
"1233","新潟県_見附市_北谷村","1002","農林業経営体_個人経営","経営体","79"
"1233","新潟県_見附市_北谷村","1003","農林業経営体_団体経営","経営体","3"
"1233","新潟県_見附市_北谷村","1004","農林業経営体_団体経営_法人経営","経営体","3"
"1233","新潟県_見附市_北谷村","1005","農業経営体_計","経営体","82"
"1233","新潟県_見附市_北谷村","1006","農業経営体_個人経営","経営体","79"
"1233","新潟県_見附市_北谷村","1007","農業経営体_団体経営","経営体","3"
"1233","新潟県_見附市_北谷村","1008","農業経営体_団体経営_法人経営","経営体","3"
"1233","新潟県_見附市_北谷村","1009","林業経営体_計","経営体","-"
"1233","新潟県_見附市_北谷村","1010","林業経営体_個人経営","経営体","-"
"1233","新潟県_見附市_北谷村","1011","林業経営体_団体経営","経営体","-"
"1233","新潟県_見附市_北谷村","1012","林業経営体_団体経営_法人経営","経営体","-"
"1234","新潟県_見附市_葛巻村","1001","農林業経営体_計","経営体","140"
"1234","新潟県_見附市_葛巻村","1002","農林業経営体_個人経営","経営体","137"
"1234","新潟県_見附市_葛巻村","1003","農林業経営体_団体経営","経営体","3"
"1234","新潟県_見附市_葛巻村","1004","農林業経営体_団体経営_法人経営","経営体","2"
"1234","新潟県_見附市_葛巻村","1005","農業経営体_計","経営体","140"
"1234","新潟県_見附市_葛巻村","1006","農業経営体_個人経営","経営体","137"
"1234","新潟県_見附市_葛巻村","1007","農業経営体_団体経営","経営体","3"
"1234","新潟県_見附市_葛巻村","1008","農業経営体_団体経営_法人経営","経営体","2"
"1234","新潟県_見附市_葛巻村","1009","林業経営体_計","経営体","-"
"1234","新潟県_見附市_葛巻村","1010","林業経営体_個人経営","経営体","-"
"1234","新潟県_見附市_葛巻村","1011","林業経営体_団体経営","経営体","-"
"1234","新潟県_見附市_葛巻村","1012","林業経営体_団体経営_法人経営","経営体","-"
"1235","新潟県_見附市_新潟村","1001","農林業経営体_計","経営体","101"
"1235","新潟県_見附市_新潟村","1002","農林業経営体_個人経営","経営体","100"
"1235","新潟県_見附市_新潟村","1003","農林業経営体_団体経営","経営体","1"
"1235","新潟県_見附市_新潟村","1004","農林業経営体_団体経営_法人経営","経営体","1"
"1235","新潟県_見附市_新潟村","1005","農業経営体_計","経営体","101"
"1235","新潟県_見附市_新潟村","1006","農業経営体_個人経営","経営体","100"
"1235","新潟県_見附市_新潟村","1007","農業経営体_団体経営","経営体","1"
"1235","新潟県_見附市_新潟村","1008","農業経営体_団体経営_法人経営","経営体","1"
"1235","新潟県_見附市_新潟村","1009","林業経営体_計","経営体","-"
"1235","新潟県_見附市_新潟村","1010","林業経営体_個人経営","経営体","-"
"1235","新潟県_見附市_新潟村","1011","林業経営体_団体経営","経営体","-"
"1235","新潟県_見附市_新潟村","1012","林業経営体_団体経営_法人経営","経営体","-"
"1236","新潟県_見附市_新組村２－２","1001","農林業経営体_計","経営体","22"
"1236","新潟県_見附市_新組村２－２","1002","農林業経営体_個人経営","経営体","22"
"1236","新潟県_見附市_新組村２－２","1003","農林業経営体_団体経営","経営体","-"
"1236","新潟県_見附市_新組村２－２","1004","農林業経営体_団体経営_法人経営","経営体","-"
"1236","新潟県_見附市_新組村２－２","1005","農業経営体_計","経営体","22"
"1236","新潟県_見附市_新組村２－２","1006","農業経営体_個人経営","経営体","22"
"1236","新潟県_見附市_新組村２－２","1007","農業経営体_団体経営","経営体","-"
"1236","新潟県_見附市_新組村２－２","1008","農業経営体_団体経営_法人経営","経営体","-"
"1236","新潟県_見附市_新組村２－２","1009","林業経営体_計","経営体","-"
"1236","新潟県_見附市_新組村２－２","1010","林業経営体_個人経営","経営体","-"
"1236","新潟県_見附市_新組村２－２","1011","林業経営体_団体経営","経営体","-"
"1236","新潟県_見附市_新組村２－２","1012","林業経営体_団体経営_法人経営","経営体","-"
"1237","新潟県_見附市_今町","1001","農林業経営体_計","経営体","162"
"1237","新潟県_見附市_今町","1002","農林業経営体_個人経営","経営体","157"
"1237","新潟県_見附市_今町","1003","農林業経営体_団体経営","経営体","5"
"1237","新潟県_見附市_今町","1004","農林業経営体_団体経営_法人経営","経営体","4"
"1237","新潟県_見附市_今町","1005","農業経営体_計","経営体","162"
"1237","新潟県_見附市_今町","1006","農業経営体_個人経営","経営体","157"
"1237","新潟県_見附市_今町","1007","農業経営体_団体経営","経営体","5"
"1237","新潟県_見附市_今町","1008","農業経営体_団体経営_法人経営","経営体","4"
"1237","新潟県_見附市_今町","1009","林業経営体_計","経営体","-"
"1237","新潟県_見附市_今町","1010","林業経営体_個人経営","経営体","-"
"1237","新潟県_見附市_今町","1011","林業経営体_団体経営","経営体","-"
"1237","新潟県_見附市_今町","1012","林業経営体_団体経営_法人経営","経営体","-"
"1238","新潟県_村上市","1001","農林業経営体_計","経営体","1759"
"1238","新潟県_村上市","1002","農林業経営体_個人経営","経営体","1626"
"1238","新潟県_村上市","1003","農林業経営体_団体経営","経営体","133"
"1238","新潟県_村上市","1004","農林業経営体_団体経営_法人経営","経営体","102"
"1238","新潟県_村上市","1005","農業経営体_計","経営体","1653"
"1238","新潟県_村上市","1006","農業経営体_個人経営","経営体","1557"
"1238","新潟県_村上市","1007","農業経営体_団体経営","経営体","96"
"1238","新潟県_村上市","1008","農業経営体_団体経営_法人経営","経営体","73"
"1238","新潟県_村上市","1009","林業経営体_計","経営体","161"
"1238","新潟県_村上市","1010","林業経営体_個人経営","経営体","123"
"1238","新潟県_村上市","1011","林業経営体_団体経営","経営体","38"
"1238","新潟県_村上市","1012","林業経営体_団体経営_法人経営","経営体","30"
"1239","新潟県_村上市_村上町","1001","農林業経営体_計","経営体","16"
"1239","新潟県_村上市_村上町","1002","農林業経営体_個人経営","経営体","11"
"1239","新潟県_村上市_村上町","1003","農林業経営体_団体経営","経営体","5"
"1239","新潟県_村上市_村上町","1004","農林業経営体_団体経営_法人経営","経営体","4"
"1239","新潟県_村上市_村上町","1005","農業経営体_計","経営体","12"
"1239","新潟県_村上市_村上町","1006","農業経営体_個人経営","経営体","9"
"1239","新潟県_村上市_村上町","1007","農業経営体_団体経営","経営体","3"
"1239","新潟県_村上市_村上町","1008","農業経営体_団体経営_法人経営","経営体","3"
"1239","新潟県_村上市_村上町","1009","林業経営体_計","経営体","5"
"1239","新潟県_村上市_村上町","1010","林業経営体_個人経営","経営体","3"
"1239","新潟県_村上市_村上町","1011","林業経営体_団体経営","経営体","2"
"1239","新潟県_村上市_村上町","1012","林業経営体_団体経営_法人経営","経営体","1"
"1240","新潟県_村上市_瀬波町","1001","農林業経営体_計","経営体","48"
"1240","新潟県_村上市_瀬波町","1002","農林業経営体_個人経営","経営体","46"
"1240","新潟県_村上市_瀬波町","1003","農林業経営体_団体経営","経営体","2"
"1240","新潟県_村上市_瀬波町","1004","農林業経営体_団体経営_法人経営","経営体","2"
"1240","新潟県_村上市_瀬波町","1005","農業経営体_計","経営体","47"
"1240","新潟県_村上市_瀬波町","1006","農業経営体_個人経営","経営体","46"
"1240","新潟県_村上市_瀬波町","1007","農業経営体_団体経営","経営体","1"
"1240","新潟県_村上市_瀬波町","1008","農業経営体_団体経営_法人経営","経営体","1"
"1240","新潟県_村上市_瀬波町","1009","林業経営体_計","経営体","1"
"1240","新潟県_村上市_瀬波町","1010","林業経営体_個人経営","経営体","-"
"1240","新潟県_村上市_瀬波町","1011","林業経営体_団体経営","経営体","1"
"1240","新潟県_村上市_瀬波町","1012","林業経営体_団体経営_法人経営","経営体","1"
"1241","新潟県_村上市_岩船町２－１","1001","農林業経営体_計","経営体","37"
"1241","新潟県_村上市_岩船町２－１","1002","農林業経営体_個人経営","経営体","34"
"1241","新潟県_村上市_岩船町２－１","1003","農林業経営体_団体経営","経営体","3"
"1241","新潟県_村上市_岩船町２－１","1004","農林業経営体_団体経営_法人経営","経営体","2"
"1241","新潟県_村上市_岩船町２－１","1005","農業経営体_計","経営体","36"
"1241","新潟県_村上市_岩船町２－１","1006","農業経営体_個人経営","経営体","34"
"1241","新潟県_村上市_岩船町２－１","1007","農業経営体_団体経営","経営体","2"
"1241","新潟県_村上市_岩船町２－１","1008","農業経営体_団体経営_法人経営","経営体","1"
"1241","新潟県_村上市_岩船町２－１","1009","林業経営体_計","経営体","1"
"1241","新潟県_村上市_岩船町２－１","1010","林業経営体_個人経営","経営体","-"
"1241","新潟県_村上市_岩船町２－１","1011","林業経営体_団体経営","経営体","1"
"1241","新潟県_村上市_岩船町２－１","1012","林業経営体_団体経営_法人経営","経営体","1"
"1242","新潟県_村上市_山辺里村","1001","農林業経営体_計","経営体","199"
"1242","新潟県_村上市_山辺里村","1002","農林業経営体_個人経営","経営体","191"
"1242","新潟県_村上市_山辺里村","1003","農林業経営体_団体経営","経営体","8"
"1242","新潟県_村上市_山辺里村","1004","農林業経営体_団体経営_法人経営","経営体","4"
"1242","新潟県_村上市_山辺里村","1005","農業経営体_計","経営体","197"
"1242","新潟県_村上市_山辺里村","1006","農業経営体_個人経営","経営体","190"
"1242","新潟県_村上市_山辺里村","1007","農業経営体_団体経営","経営体","7"
"1242","新潟県_村上市_山辺里村","1008","農業経営体_団体経営_法人経営","経営体","4"
"1242","新潟県_村上市_山辺里村","1009","林業経営体_計","経営体","8"
"1242","新潟県_村上市_山辺里村","1010","林業経営体_個人経営","経営体","7"
"1242","新潟県_村上市_山辺里村","1011","林業経営体_団体経営","経営体","1"
"1242","新潟県_村上市_山辺里村","1012","林業経営体_団体経営_法人経営","経営体","-"
"1243","新潟県_村上市_上海府村","1001","農林業経営体_計","経営体","4"
"1243","新潟県_村上市_上海府村","1002","農林業経営体_個人経営","経営体","4"
"1243","新潟県_村上市_上海府村","1003","農林業経営体_団体経営","経営体","-"
"1243","新潟県_村上市_上海府村","1004","農林業経営体_団体経営_法人経営","経営体","-"
"1243","新潟県_村上市_上海府村","1005","農業経営体_計","経営体","4"
"1243","新潟県_村上市_上海府村","1006","農業経営体_個人経営","経営体","4"
"1243","新潟県_村上市_上海府村","1007","農業経営体_団体経営","経営体","-"
"1243","新潟県_村上市_上海府村","1008","農業経営体_団体経営_法人経営","経営体","-"
"1243","新潟県_村上市_上海府村","1009","林業経営体_計","経営体","-"
"1243","新潟県_村上市_上海府村","1010","林業経営体_個人経営","経営体","-"
"1243","新潟県_村上市_上海府村","1011","林業経営体_団体経営","経営体","-"
"1243","新潟県_村上市_上海府村","1012","林業経営体_団体経営_法人経営","経営体","-"
"1244","新潟県_村上市_保内村","1001","農林業経営体_計","経営体","97"
"1244","新潟県_村上市_保内村","1002","農林業経営体_個人経営","経営体","89"
"1244","新潟県_村上市_保内村","1003","農林業経営体_団体経営","経営体","8"
"1244","新潟県_村上市_保内村","1004","農林業経営体_団体経営_法人経営","経営体","6"
"1244","新潟県_村上市_保内村","1005","農業経営体_計","経営体","97"
"1244","新潟県_村上市_保内村","1006","農業経営体_個人経営","経営体","89"
"1244","新潟県_村上市_保内村","1007","農業経営体_団体経営","経営体","8"
"1244","新潟県_村上市_保内村","1008","農業経営体_団体経営_法人経営","経営体","6"
"1244","新潟県_村上市_保内村","1009","林業経営体_計","経営体","-"
"1244","新潟県_村上市_保内村","1010","林業経営体_個人経営","経営体","-"
"1244","新潟県_村上市_保内村","1011","林業経営体_団体経営","経営体","-"
"1244","新潟県_村上市_保内村","1012","林業経営体_団体経営_法人経営","経営体","-"
"1245","新潟県_村上市_金屋村","1001","農林業経営体_計","経営体","147"
"1245","新潟県_村上市_金屋村","1002","農林業経営体_個人経営","経営体","138"
"1245","新潟県_村上市_金屋村","1003","農林業経営体_団体経営","経営体","9"
"1245","新潟県_村上市_金屋村","1004","農林業経営体_団体経営_法人経営","経営体","7"
"1245","新潟県_村上市_金屋村","1005","農業経営体_計","経営体","147"
"1245","新潟県_村上市_金屋村","1006","農業経営体_個人経営","経営体","138"
"1245","新潟県_村上市_金屋村","1007","農業経営体_団体経営","経営体","9"
"1245","新潟県_村上市_金屋村","1008","農業経営体_団体経営_法人経営","経営体","7"
"1245","新潟県_村上市_金屋村","1009","林業経営体_計","経営体","-"
"1245","新潟県_村上市_金屋村","1010","林業経営体_個人経営","経営体","-"
"1245","新潟県_村上市_金屋村","1011","林業経営体_団体経営","経営体","-"
"1245","新潟県_村上市_金屋村","1012","林業経営体_団体経営_法人経営","経営体","-"
"1246","新潟県_村上市_西神納村","1001","農林業経営体_計","経営体","70"
"1246","新潟県_村上市_西神納村","1002","農林業経営体_個人経営","経営体","63"
"1246","新潟県_村上市_西神納村","1003","農林業経営体_団体経営","経営体","7"
"1246","新潟県_村上市_西神納村","1004","農林業経営体_団体経営_法人経営","経営体","6"
"1246","新潟県_村上市_西神納村","1005","農業経営体_計","経営体","68"
"1246","新潟県_村上市_西神納村","1006","農業経営体_個人経営","経営体","62"
"1246","新潟県_村上市_西神納村","1007","農業経営体_団体経営","経営体","6"
"1246","新潟県_村上市_西神納村","1008","農業経営体_団体経営_法人経営","経営体","5"
"1246","新潟県_村上市_西神納村","1009","林業経営体_計","経営体","3"
"1246","新潟県_村上市_西神納村","1010","林業経営体_個人経営","経営体","2"
"1246","新潟県_村上市_西神納村","1011","林業経営体_団体経営","経営体","1"
"1246","新潟県_村上市_西神納村","1012","林業経営体_団体経営_法人経営","経営体","1"
"1247","新潟県_村上市_神納村","1001","農林業経営体_計","経営体","278"
"1247","新潟県_村上市_神納村","1002","農林業経営体_個人経営","経営体","257"
"1247","新潟県_村上市_神納村","1003","農林業経営体_団体経営","経営体","21"
"1247","新潟県_村上市_神納村","1004","農林業経営体_団体経営_法人経営","経営体","19"
"1247","新潟県_村上市_神納村","1005","農業経営体_計","経営体","265"
"1247","新潟県_村上市_神納村","1006","農業経営体_個人経営","経営体","257"
"1247","新潟県_村上市_神納村","1007","農業経営体_団体経営","経営体","8"
"1247","新潟県_村上市_神納村","1008","農業経営体_団体経営_法人経営","経営体","7"
"1247","新潟県_村上市_神納村","1009","林業経営体_計","経営体","21"
"1247","新潟県_村上市_神納村","1010","林業経営体_個人経営","経営体","8"
"1247","新潟県_村上市_神納村","1011","林業経営体_団体経営","経営体","13"
"1247","新潟県_村上市_神納村","1012","林業経営体_団体経営_法人経営","経営体","12"
"1248","新潟県_村上市_平林村","1001","農林業経営体_計","経営体","163"
"1248","新潟県_村上市_平林村","1002","農林業経営体_個人経営","経営体","155"
"1248","新潟県_村上市_平林村","1003","農林業経営体_団体経営","経営体","8"
"1248","新潟県_村上市_平林村","1004","農林業経営体_団体経営_法人経営","経営体","5"
"1248","新潟県_村上市_平林村","1005","農業経営体_計","経営体","163"
"1248","新潟県_村上市_平林村","1006","農業経営体_個人経営","経営体","155"
"1248","新潟県_村上市_平林村","1007","農業経営体_団体経営","経営体","8"
"1248","新潟県_村上市_平林村","1008","農業経営体_団体経営_法人経営","経営体","5"
"1248","新潟県_村上市_平林村","1009","林業経営体_計","経営体","3"
"1248","新潟県_村上市_平林村","1010","林業経営体_個人経営","経営体","2"
"1248","新潟県_村上市_平林村","1011","林業経営体_団体経営","経営体","1"
"1248","新潟県_村上市_平林村","1012","林業経営体_団体経営_法人経営","経営体","1"
"1249","新潟県_村上市_岩船町２－２","1001","農林業経営体_計","経営体","-"
"1249","新潟県_村上市_岩船町２－２","1002","農林業経営体_個人経営","経営体","-"
"1249","新潟県_村上市_岩船町２－２","1003","農林業経営体_団体経営","経営体","-"
"1249","新潟県_村上市_岩船町２－２","1004","農林業経営体_団体経営_法人経営","経営体","-"
"1249","新潟県_村上市_岩船町２－２","1005","農業経営体_計","経営体","-"
"1249","新潟県_村上市_岩船町２－２","1006","農業経営体_個人経営","経営体","-"
"1249","新潟県_村上市_岩船町２－２","1007","農業経営体_団体経営","経営体","-"
"1249","新潟県_村上市_岩船町２－２","1008","農業経営体_団体経営_法人経営","経営体","-"
"1249","新潟県_村上市_岩船町２－２","1009","林業経営体_計","経営体","-"
"1249","新潟県_村上市_岩船町２－２","1010","林業経営体_個人経営","経営体","-"
"1249","新潟県_村上市_岩船町２－２","1011","林業経営体_団体経営","経営体","-"
"1249","新潟県_村上市_岩船町２－２","1012","林業経営体_団体経営_法人経営","経営体","-"
"1250","新潟県_村上市_高根村","1001","農林業経営体_計","経営体","149"
"1250","新潟県_村上市_高根村","1002","農林業経営体_個人経営","経営体","129"
"1250","新潟県_村上市_高根村","1003","農林業経営体_団体経営","経営体","20"
"1250","新潟県_村上市_高根村","1004","農林業経営体_団体経営_法人経営","経営体","16"
"1250","新潟県_村上市_高根村","1005","農業経営体_計","経営体","145"
"1250","新潟県_村上市_高根村","1006","農業経営体_個人経営","経営体","129"
"1250","新潟県_村上市_高根村","1007","農業経営体_団体経営","経営体","16"
"1250","新潟県_村上市_高根村","1008","農業経営体_団体経営_法人経営","経営体","13"
"1250","新潟県_村上市_高根村","1009","林業経営体_計","経営体","4"
"1250","新潟県_村上市_高根村","1010","林業経営体_個人経営","経営体","-"
"1250","新潟県_村上市_高根村","1011","林業経営体_団体経営","経営体","4"
"1250","新潟県_村上市_高根村","1012","林業経営体_団体経営_法人経営","経営体","3"
"1251","新潟県_村上市_猿沢村","1001","農林業経営体_計","経営体","59"
"1251","新潟県_村上市_猿沢村","1002","農林業経営体_個人経営","経営体","50"
"1251","新潟県_村上市_猿沢村","1003","農林業経営体_団体経営","経営体","9"
"1251","新潟県_村上市_猿沢村","1004","農林業経営体_団体経営_法人経営","経営体","5"
"1251","新潟県_村上市_猿沢村","1005","農業経営体_計","経営体","58"
"1251","新潟県_村上市_猿沢村","1006","農業経営体_個人経営","経営体","49"
"1251","新潟県_村上市_猿沢村","1007","農業経営体_団体経営","経営体","9"
"1251","新潟県_村上市_猿沢村","1008","農業経営体_団体経営_法人経営","経営体","5"
"1251","新潟県_村上市_猿沢村","1009","林業経営体_計","経営体","2"
"1251","新潟県_村上市_猿沢村","1010","林業経営体_個人経営","経営体","2"
"1251","新潟県_村上市_猿沢村","1011","林業経営体_団体経営","経営体","-"
"1251","新潟県_村上市_猿沢村","1012","林業経営体_団体経営_法人経営","経営体","-"
"1252","新潟県_村上市_塩野町村","1001","農林業経営体_計","経営体","81"
"1252","新潟県_村上市_塩野町村","1002","農林業経営体_個人経営","経営体","71"
"1252","新潟県_村上市_塩野町村","1003","農林業経営体_団体経営","経営体","10"
"1252","新潟県_村上市_塩野町村","1004","農林業経営体_団体経営_法人経営","経営体","7"
"1252","新潟県_村上市_塩野町村","1005","農業経営体_計","経営体","79"
"1252","新潟県_村上市_塩野町村","1006","農業経営体_個人経営","経営体","71"
"1252","新潟県_村上市_塩野町村","1007","農業経営体_団体経営","経営体","8"
"1252","新潟県_村上市_塩野町村","1008","農業経営体_団体経営_法人経営","経営体","5"
"1252","新潟県_村上市_塩野町村","1009","林業経営体_計","経営体","3"
"1252","新潟県_村上市_塩野町村","1010","林業経営体_個人経営","経営体","1"
"1252","新潟県_村上市_塩野町村","1011","林業経営体_団体経営","経営体","2"
"1252","新潟県_村上市_塩野町村","1012","林業経営体_団体経営_法人経営","経営体","2"
"1253","新潟県_村上市_三面村","1001","農林業経営体_計","経営体","60"
"1253","新潟県_村上市_三面村","1002","農林業経営体_個人経営","経営体","56"
"1253","新潟県_村上市_三面村","1003","農林業経営体_団体経営","経営体","4"
"1253","新潟県_村上市_三面村","1004","農林業経営体_団体経営_法人経営","経営体","3"
"1253","新潟県_村上市_三面村","1005","農業経営体_計","経営体","54"
"1253","新潟県_村上市_三面村","1006","農業経営体_個人経営","経営体","52"
"1253","新潟県_村上市_三面村","1007","農業経営体_団体経営","経営体","2"
"1253","新潟県_村上市_三面村","1008","農業経営体_団体経営_法人経営","経営体","2"
"1253","新潟県_村上市_三面村","1009","林業経営体_計","経営体","9"
"1253","新潟県_村上市_三面村","1010","林業経営体_個人経営","経営体","7"
"1253","新潟県_村上市_三面村","1011","林業経営体_団体経営","経営体","2"
"1253","新潟県_村上市_三面村","1012","林業経営体_団体経営_法人経営","経営体","1"
"1254","新潟県_村上市_舘腰村","1001","農林業経営体_計","経営体","111"
"1254","新潟県_村上市_舘腰村","1002","農林業経営体_個人経営","経営体","107"
"1254","新潟県_村上市_舘腰村","1003","農林業経営体_団体経営","経営体","4"
"1254","新潟県_村上市_舘腰村","1004","農林業経営体_団体経営_法人経営","経営体","4"
"1254","新潟県_村上市_舘腰村","1005","農業経営体_計","経営体","111"
"1254","新潟県_村上市_舘腰村","1006","農業経営体_個人経営","経営体","107"
"1254","新潟県_村上市_舘腰村","1007","農業経営体_団体経営","経営体","4"
"1254","新潟県_村上市_舘腰村","1008","農業経営体_団体経営_法人経営","経営体","4"
"1254","新潟県_村上市_舘腰村","1009","林業経営体_計","経営体","1"
"1254","新潟県_村上市_舘腰村","1010","林業経営体_個人経営","経営体","1"
"1254","新潟県_村上市_舘腰村","1011","林業経営体_団体経営","経営体","-"
"1254","新潟県_村上市_舘腰村","1012","林業経営体_団体経営_法人経営","経営体","-"
"1255","新潟県_村上市_大川谷村","1001","農林業経営体_計","経営体","60"
"1255","新潟県_村上市_大川谷村","1002","農林業経営体_個人経営","経営体","53"
"1255","新潟県_村上市_大川谷村","1003","農林業経営体_団体経営","経営体","7"
"1255","新潟県_村上市_大川谷村","1004","農林業経営体_団体経営_法人経営","経営体","7"
"1255","新潟県_村上市_大川谷村","1005","農業経営体_計","経営体","38"
"1255","新潟県_村上市_大川谷村","1006","農業経営体_個人経営","経営体","34"
"1255","新潟県_村上市_大川谷村","1007","農業経営体_団体経営","経営体","4"
"1255","新潟県_村上市_大川谷村","1008","農業経営体_団体経営_法人経営","経営体","4"
"1255","新潟県_村上市_大川谷村","1009","林業経営体_計","経営体","26"
"1255","新潟県_村上市_大川谷村","1010","林業経営体_個人経営","経営体","23"
"1255","新潟県_村上市_大川谷村","1011","林業経営体_団体経営","経営体","3"
"1255","新潟県_村上市_大川谷村","1012","林業経営体_団体経営_法人経営","経営体","3"
"1256","新潟県_村上市_中俣村","1001","農林業経営体_計","経営体","76"
"1256","新潟県_村上市_中俣村","1002","農林業経営体_個人経営","経営体","73"
"1256","新潟県_村上市_中俣村","1003","農林業経営体_団体経営","経営体","3"
"1256","新潟県_村上市_中俣村","1004","農林業経営体_団体経営_法人経営","経営体","3"
"1256","新潟県_村上市_中俣村","1005","農業経営体_計","経営体","51"
"1256","新潟県_村上市_中俣村","1006","農業経営体_個人経営","経営体","51"
"1256","新潟県_村上市_中俣村","1007","農業経営体_団体経営","経営体","-"
"1256","新潟県_村上市_中俣村","1008","農業経営体_団体経営_法人経営","経営体","-"
"1256","新潟県_村上市_中俣村","1009","林業経営体_計","経営体","40"
"1256","新潟県_村上市_中俣村","1010","林業経営体_個人経営","経営体","37"
"1256","新潟県_村上市_中俣村","1011","林業経営体_団体経営","経営体","3"
"1256","新潟県_村上市_中俣村","1012","林業経営体_団体経営_法人経営","経営体","3"
"1257","新潟県_村上市_黒川俣村","1001","農林業経営体_計","経営体","61"
"1257","新潟県_村上市_黒川俣村","1002","農林業経営体_個人経営","経営体","59"
"1257","新潟県_村上市_黒川俣村","1003","農林業経営体_団体経営","経営体","2"
"1257","新潟県_村上市_黒川俣村","1004","農林業経営体_団体経営_法人経営","経営体","1"
"1257","新潟県_村上市_黒川俣村","1005","農業経営体_計","経営体","53"
"1257","新潟県_村上市_黒川俣村","1006","農業経営体_個人経営","経営体","52"
"1257","新潟県_村上市_黒川俣村","1007","農業経営体_団体経営","経営体","1"
"1257","新潟県_村上市_黒川俣村","1008","農業経営体_団体経営_法人経営","経営体","1"
"1257","新潟県_村上市_黒川俣村","1009","林業経営体_計","経営体","14"
"1257","新潟県_村上市_黒川俣村","1010","林業経営体_個人経営","経営体","13"
"1257","新潟県_村上市_黒川俣村","1011","林業経営体_団体経営","経営体","1"
"1257","新潟県_村上市_黒川俣村","1012","林業経営体_団体経営_法人経営","経営体","-"
"1258","新潟県_村上市_八幡村","1001","農林業経営体_計","経営体","21"
"1258","新潟県_村上市_八幡村","1002","農林業経営体_個人経営","経営体","20"
"1258","新潟県_村上市_八幡村","1003","農林業経営体_団体経営","経営体","1"
"1258","新潟県_村上市_八幡村","1004","農林業経営体_団体経営_法人経営","経営体","1"
"1258","新潟県_村上市_八幡村","1005","農業経営体_計","経営体","10"
"1258","新潟県_村上市_八幡村","1006","農業経営体_個人経営","経営体","10"
"1258","新潟県_村上市_八幡村","1007","農業経営体_団体経営","経営体","-"
"1258","新潟県_村上市_八幡村","1008","農業経営体_団体経営_法人経営","経営体","-"
"1258","新潟県_村上市_八幡村","1009","林業経営体_計","経営体","13"
"1258","新潟県_村上市_八幡村","1010","林業経営体_個人経営","経営体","12"
"1258","新潟県_村上市_八幡村","1011","林業経営体_団体経営","経営体","1"
"1258","新潟県_村上市_八幡村","1012","林業経営体_団体経営_法人経営","経営体","1"
"1259","新潟県_村上市_下海府村","1001","農林業経営体_計","経営体","22"
"1259","新潟県_村上市_下海府村","1002","農林業経営体_個人経営","経営体","20"
"1259","新潟県_村上市_下海府村","1003","農林業経営体_団体経営","経営体","2"
"1259","新潟県_村上市_下海府村","1004","農林業経営体_団体経営_法人経営","経営体","-"
"1259","新潟県_村上市_下海府村","1005","農業経営体_計","経営体","18"
"1259","新潟県_村上市_下海府村","1006","農業経営体_個人経営","経営体","18"
"1259","新潟県_村上市_下海府村","1007","農業経営体_団体経営","経営体","-"
"1259","新潟県_村上市_下海府村","1008","農業経営体_団体経営_法人経営","経営体","-"
"1259","新潟県_村上市_下海府村","1009","林業経営体_計","経営体","7"
"1259","新潟県_村上市_下海府村","1010","林業経営体_個人経営","経営体","5"
"1259","新潟県_村上市_下海府村","1011","林業経営体_団体経営","経営体","2"
"1259","新潟県_村上市_下海府村","1012","林業経営体_団体経営_法人経営","経営体","-"
"1260","新潟県_燕市","1001","農林業経営体_計","経営体","1159"
"1260","新潟県_燕市","1002","農林業経営体_個人経営","経営体","1128"
"1260","新潟県_燕市","1003","農林業経営体_団体経営","経営体","31"
"1260","新潟県_燕市","1004","農林業経営体_団体経営_法人経営","経営体","26"
"1260","新潟県_燕市","1005","農業経営体_計","経営体","1159"
"1260","新潟県_燕市","1006","農業経営体_個人経営","経営体","1128"
"1260","新潟県_燕市","1007","農業経営体_団体経営","経営体","31"
"1260","新潟県_燕市","1008","農業経営体_団体経営_法人経営","経営体","26"
"1260","新潟県_燕市","1009","林業経営体_計","経営体","-"
"1260","新潟県_燕市","1010","林業経営体_個人経営","経営体","-"
"1260","新潟県_燕市","1011","林業経営体_団体経営","経営体","-"
"1260","新潟県_燕市","1012","林業経営体_団体経営_法人経営","経営体","-"
"1261","新潟県_燕市_燕町","1001","農林業経営体_計","経営体","138"
"1261","新潟県_燕市_燕町","1002","農林業経営体_個人経営","経営体","135"
"1261","新潟県_燕市_燕町","1003","農林業経営体_団体経営","経営体","3"
"1261","新潟県_燕市_燕町","1004","農林業経営体_団体経営_法人経営","経営体","2"
"1261","新潟県_燕市_燕町","1005","農業経営体_計","経営体","138"
"1261","新潟県_燕市_燕町","1006","農業経営体_個人経営","経営体","135"
"1261","新潟県_燕市_燕町","1007","農業経営体_団体経営","経営体","3"
"1261","新潟県_燕市_燕町","1008","農業経営体_団体経営_法人経営","経営体","2"
"1261","新潟県_燕市_燕町","1009","林業経営体_計","経営体","-"
"1261","新潟県_燕市_燕町","1010","林業経営体_個人経営","経営体","-"
"1261","新潟県_燕市_燕町","1011","林業経営体_団体経営","経営体","-"
"1261","新潟県_燕市_燕町","1012","林業経営体_団体経営_法人経営","経営体","-"
"1262","新潟県_燕市_小池村","1001","農林業経営体_計","経営体","121"
"1262","新潟県_燕市_小池村","1002","農林業経営体_個人経営","経営体","119"
"1262","新潟県_燕市_小池村","1003","農林業経営体_団体経営","経営体","2"
"1262","新潟県_燕市_小池村","1004","農林業経営体_団体経営_法人経営","経営体","2"
"1262","新潟県_燕市_小池村","1005","農業経営体_計","経営体","121"
"1262","新潟県_燕市_小池村","1006","農業経営体_個人経営","経営体","119"
"1262","新潟県_燕市_小池村","1007","農業経営体_団体経営","経営体","2"
"1262","新潟県_燕市_小池村","1008","農業経営体_団体経営_法人経営","経営体","2"
"1262","新潟県_燕市_小池村","1009","林業経営体_計","経営体","-"
"1262","新潟県_燕市_小池村","1010","林業経営体_個人経営","経営体","-"
"1262","新潟県_燕市_小池村","1011","林業経営体_団体経営","経営体","-"
"1262","新潟県_燕市_小池村","1012","林業経営体_団体経営_法人経営","経営体","-"
"1263","新潟県_燕市_小中川村","1001","農林業経営体_計","経営体","127"
"1263","新潟県_燕市_小中川村","1002","農林業経営体_個人経営","経営体","123"
"1263","新潟県_燕市_小中川村","1003","農林業経営体_団体経営","経営体","4"
"1263","新潟県_燕市_小中川村","1004","農林業経営体_団体経営_法人経営","経営体","3"
"1263","新潟県_燕市_小中川村","1005","農業経営体_計","経営体","127"
"1263","新潟県_燕市_小中川村","1006","農業経営体_個人経営","経営体","123"
"1263","新潟県_燕市_小中川村","1007","農業経営体_団体経営","経営体","4"
"1263","新潟県_燕市_小中川村","1008","農業経営体_団体経営_法人経営","経営体","3"
"1263","新潟県_燕市_小中川村","1009","林業経営体_計","経営体","-"
"1263","新潟県_燕市_小中川村","1010","林業経営体_個人経営","経営体","-"
"1263","新潟県_燕市_小中川村","1011","林業経営体_団体経営","経営体","-"
"1263","新潟県_燕市_小中川村","1012","林業経営体_団体経営_法人経営","経営体","-"
"1264","新潟県_燕市_大島村２－２","1001","農林業経営体_計","経営体","15"
"1264","新潟県_燕市_大島村２－２","1002","農林業経営体_個人経営","経営体","15"
"1264","新潟県_燕市_大島村２－２","1003","農林業経営体_団体経営","経営体","-"
"1264","新潟県_燕市_大島村２－２","1004","農林業経営体_団体経営_法人経営","経営体","-"
"1264","新潟県_燕市_大島村２－２","1005","農業経営体_計","経営体","15"
"1264","新潟県_燕市_大島村２－２","1006","農業経営体_個人経営","経営体","15"
"1264","新潟県_燕市_大島村２－２","1007","農業経営体_団体経営","経営体","-"
"1264","新潟県_燕市_大島村２－２","1008","農業経営体_団体経営_法人経営","経営体","-"
"1264","新潟県_燕市_大島村２－２","1009","林業経営体_計","経営体","-"
"1264","新潟県_燕市_大島村２－２","1010","林業経営体_個人経営","経営体","-"
"1264","新潟県_燕市_大島村２－２","1011","林業経営体_団体経営","経営体","-"
"1264","新潟県_燕市_大島村２－２","1012","林業経営体_団体経営_法人経営","経営体","-"
"1265","新潟県_燕市_松長村２－１","1001","農林業経営体_計","経営体","64"
"1265","新潟県_燕市_松長村２－１","1002","農林業経営体_個人経営","経営体","61"
"1265","新潟県_燕市_松長村２－１","1003","農林業経営体_団体経営","経営体","3"
"1265","新潟県_燕市_松長村２－１","1004","農林業経営体_団体経営_法人経営","経営体","2"
"1265","新潟県_燕市_松長村２－１","1005","農業経営体_計","経営体","64"
"1265","新潟県_燕市_松長村２－１","1006","農業経営体_個人経営","経営体","61"
"1265","新潟県_燕市_松長村２－１","1007","農業経営体_団体経営","経営体","3"
"1265","新潟県_燕市_松長村２－１","1008","農業経営体_団体経営_法人経営","経営体","2"
"1265","新潟県_燕市_松長村２－１","1009","林業経営体_計","経営体","-"
"1265","新潟県_燕市_松長村２－１","1010","林業経営体_個人経営","経営体","-"
"1265","新潟県_燕市_松長村２－１","1011","林業経営体_団体経営","経営体","-"
"1265","新潟県_燕市_松長村２－１","1012","林業経営体_団体経営_法人経営","経営体","-"
"1266","新潟県_燕市_島上村","1001","農林業経営体_計","経営体","136"
"1266","新潟県_燕市_島上村","1002","農林業経営体_個人経営","経営体","131"
"1266","新潟県_燕市_島上村","1003","農林業経営体_団体経営","経営体","5"
"1266","新潟県_燕市_島上村","1004","農林業経営体_団体経営_法人経営","経営体","3"
"1266","新潟県_燕市_島上村","1005","農業経営体_計","経営体","136"
"1266","新潟県_燕市_島上村","1006","農業経営体_個人経営","経営体","131"
"1266","新潟県_燕市_島上村","1007","農業経営体_団体経営","経営体","5"
"1266","新潟県_燕市_島上村","1008","農業経営体_団体経営_法人経営","経営体","3"
"1266","新潟県_燕市_島上村","1009","林業経営体_計","経営体","-"
"1266","新潟県_燕市_島上村","1010","林業経営体_個人経営","経営体","-"
"1266","新潟県_燕市_島上村","1011","林業経営体_団体経営","経営体","-"
"1266","新潟県_燕市_島上村","1012","林業経営体_団体経営_法人経営","経営体","-"
"1267","新潟県_燕市_大河津村３－２","1001","農林業経営体_計","経営体","26"
"1267","新潟県_燕市_大河津村３－２","1002","農林業経営体_個人経営","経営体","25"
"1267","新潟県_燕市_大河津村３－２","1003","農林業経営体_団体経営","経営体","1"
"1267","新潟県_燕市_大河津村３－２","1004","農林業経営体_団体経営_法人経営","経営体","1"
"1267","新潟県_燕市_大河津村３－２","1005","農業経営体_計","経営体","26"
"1267","新潟県_燕市_大河津村３－２","1006","農業経営体_個人経営","経営体","25"
"1267","新潟県_燕市_大河津村３－２","1007","農業経営体_団体経営","経営体","1"
"1267","新潟県_燕市_大河津村３－２","1008","農業経営体_団体経営_法人経営","経営体","1"
"1267","新潟県_燕市_大河津村３－２","1009","林業経営体_計","経営体","-"
"1267","新潟県_燕市_大河津村３－２","1010","林業経営体_個人経営","経営体","-"
"1267","新潟県_燕市_大河津村３－２","1011","林業経営体_団体経営","経営体","-"
"1267","新潟県_燕市_大河津村３－２","1012","林業経営体_団体経営_法人経営","経営体","-"
"1268","新潟県_燕市_地蔵堂町","1001","農林業経営体_計","経営体","-"
"1268","新潟県_燕市_地蔵堂町","1002","農林業経営体_個人経営","経営体","-"
"1268","新潟県_燕市_地蔵堂町","1003","農林業経営体_団体経営","経営体","-"
"1268","新潟県_燕市_地蔵堂町","1004","農林業経営体_団体経営_法人経営","経営体","-"
"1268","新潟県_燕市_地蔵堂町","1005","農業経営体_計","経営体","-"
"1268","新潟県_燕市_地蔵堂町","1006","農業経営体_個人経営","経営体","-"
"1268","新潟県_燕市_地蔵堂町","1007","農業経営体_団体経営","経営体","-"
"1268","新潟県_燕市_地蔵堂町","1008","農業経営体_団体経営_法人経営","経営体","-"
"1268","新潟県_燕市_地蔵堂町","1009","林業経営体_計","経営体","-"
"1268","新潟県_燕市_地蔵堂町","1010","林業経営体_個人経営","経営体","-"
"1268","新潟県_燕市_地蔵堂町","1011","林業経営体_団体経営","経営体","-"
"1268","新潟県_燕市_地蔵堂町","1012","林業経営体_団体経営_法人経営","経営体","-"
"1269","新潟県_燕市_国上村２－１","1001","農林業経営体_計","経営体","147"
"1269","新潟県_燕市_国上村２－１","1002","農林業経営体_個人経営","経営体","140"
"1269","新潟県_燕市_国上村２－１","1003","農林業経営体_団体経営","経営体","7"
"1269","新潟県_燕市_国上村２－１","1004","農林業経営体_団体経営_法人経営","経営体","7"
"1269","新潟県_燕市_国上村２－１","1005","農業経営体_計","経営体","147"
"1269","新潟県_燕市_国上村２－１","1006","農業経営体_個人経営","経営体","140"
"1269","新潟県_燕市_国上村２－１","1007","農業経営体_団体経営","経営体","7"
"1269","新潟県_燕市_国上村２－１","1008","農業経営体_団体経営_法人経営","経営体","7"
"1269","新潟県_燕市_国上村２－１","1009","林業経営体_計","経営体","-"
"1269","新潟県_燕市_国上村２－１","1010","林業経営体_個人経営","経営体","-"
"1269","新潟県_燕市_国上村２－１","1011","林業経営体_団体経営","経営体","-"
"1269","新潟県_燕市_国上村２－１","1012","林業経営体_団体経営_法人経営","経営体","-"
"1270","新潟県_燕市_吉田町","1001","農林業経営体_計","経営体","96"
"1270","新潟県_燕市_吉田町","1002","農林業経営体_個人経営","経営体","93"
"1270","新潟県_燕市_吉田町","1003","農林業経営体_団体経営","経営体","3"
"1270","新潟県_燕市_吉田町","1004","農林業経営体_団体経営_法人経営","経営体","3"
"1270","新潟県_燕市_吉田町","1005","農業経営体_計","経営体","96"
"1270","新潟県_燕市_吉田町","1006","農業経営体_個人経営","経営体","93"
"1270","新潟県_燕市_吉田町","1007","農業経営体_団体経営","経営体","3"
"1270","新潟県_燕市_吉田町","1008","農業経営体_団体経営_法人経営","経営体","3"
"1270","新潟県_燕市_吉田町","1009","林業経営体_計","経営体","-"
"1270","新潟県_燕市_吉田町","1010","林業経営体_個人経営","経営体","-"
"1270","新潟県_燕市_吉田町","1011","林業経営体_団体経営","経営体","-"
"1270","新潟県_燕市_吉田町","1012","林業経営体_団体経営_法人経営","経営体","-"
"1271","新潟県_燕市_米納津村","1001","農林業経営体_計","経営体","145"
"1271","新潟県_燕市_米納津村","1002","農林業経営体_個人経営","経営体","144"
"1271","新潟県_燕市_米納津村","1003","農林業経営体_団体経営","経営体","1"
"1271","新潟県_燕市_米納津村","1004","農林業経営体_団体経営_法人経営","経営体","1"
"1271","新潟県_燕市_米納津村","1005","農業経営体_計","経営体","145"
"1271","新潟県_燕市_米納津村","1006","農業経営体_個人経営","経営体","144"
"1271","新潟県_燕市_米納津村","1007","農業経営体_団体経営","経営体","1"
"1271","新潟県_燕市_米納津村","1008","農業経営体_団体経営_法人経営","経営体","1"
"1271","新潟県_燕市_米納津村","1009","林業経営体_計","経営体","-"
"1271","新潟県_燕市_米納津村","1010","林業経営体_個人経営","経営体","-"
"1271","新潟県_燕市_米納津村","1011","林業経営体_団体経営","経営体","-"
"1271","新潟県_燕市_米納津村","1012","林業経営体_団体経営_法人経営","経営体","-"
"1272","新潟県_燕市_粟生津村","1001","農林業経営体_計","経営体","103"
"1272","新潟県_燕市_粟生津村","1002","農林業経営体_個人経営","経営体","101"
"1272","新潟県_燕市_粟生津村","1003","農林業経営体_団体経営","経営体","2"
"1272","新潟県_燕市_粟生津村","1004","農林業経営体_団体経営_法人経営","経営体","2"
"1272","新潟県_燕市_粟生津村","1005","農業経営体_計","経営体","103"
"1272","新潟県_燕市_粟生津村","1006","農業経営体_個人経営","経営体","101"
"1272","新潟県_燕市_粟生津村","1007","農業経営体_団体経営","経営体","2"
"1272","新潟県_燕市_粟生津村","1008","農業経営体_団体経営_法人経営","経営体","2"
"1272","新潟県_燕市_粟生津村","1009","林業経営体_計","経営体","-"
"1272","新潟県_燕市_粟生津村","1010","林業経営体_個人経営","経営体","-"
"1272","新潟県_燕市_粟生津村","1011","林業経営体_団体経営","経営体","-"
"1272","新潟県_燕市_粟生津村","1012","林業経営体_団体経営_法人経営","経営体","-"
"1273","新潟県_燕市_国上村２－２","1001","農林業経営体_計","経営体","20"
"1273","新潟県_燕市_国上村２－２","1002","農林業経営体_個人経営","経営体","20"
"1273","新潟県_燕市_国上村２－２","1003","農林業経営体_団体経営","経営体","-"
"1273","新潟県_燕市_国上村２－２","1004","農林業経営体_団体経営_法人経営","経営体","-"
"1273","新潟県_燕市_国上村２－２","1005","農業経営体_計","経営体","20"
"1273","新潟県_燕市_国上村２－２","1006","農業経営体_個人経営","経営体","20"
"1273","新潟県_燕市_国上村２－２","1007","農業経営体_団体経営","経営体","-"
"1273","新潟県_燕市_国上村２－２","1008","農業経営体_団体経営_法人経営","経営体","-"
"1273","新潟県_燕市_国上村２－２","1009","林業経営体_計","経営体","-"
"1273","新潟県_燕市_国上村２－２","1010","林業経営体_個人経営","経営体","-"
"1273","新潟県_燕市_国上村２－２","1011","林業経営体_団体経営","経営体","-"
"1273","新潟県_燕市_国上村２－２","1012","林業経営体_団体経営_法人経営","経営体","-"
"1274","新潟県_燕市_弥彦村２－２","1001","農林業経営体_計","経営体","3"
"1274","新潟県_燕市_弥彦村２－２","1002","農林業経営体_個人経営","経営体","3"
"1274","新潟県_燕市_弥彦村２－２","1003","農林業経営体_団体経営","経営体","-"
"1274","新潟県_燕市_弥彦村２－２","1004","農林業経営体_団体経営_法人経営","経営体","-"
"1274","新潟県_燕市_弥彦村２－２","1005","農業経営体_計","経営体","3"
"1274","新潟県_燕市_弥彦村２－２","1006","農業経営体_個人経営","経営体","3"
"1274","新潟県_燕市_弥彦村２－２","1007","農業経営体_団体経営","経営体","-"
"1274","新潟県_燕市_弥彦村２－２","1008","農業経営体_団体経営_法人経営","経営体","-"
"1274","新潟県_燕市_弥彦村２－２","1009","林業経営体_計","経営体","-"
"1274","新潟県_燕市_弥彦村２－２","1010","林業経営体_個人経営","経営体","-"
"1274","新潟県_燕市_弥彦村２－２","1011","林業経営体_団体経営","経営体","-"
"1274","新潟県_燕市_弥彦村２－２","1012","林業経営体_団体経営_法人経営","経営体","-"
"1275","新潟県_燕市_和納村３－２","1001","農林業経営体_計","経営体","18"
"1275","新潟県_燕市_和納村３－２","1002","農林業経営体_個人経営","経営体","18"
"1275","新潟県_燕市_和納村３－２","1003","農林業経営体_団体経営","経営体","-"
"1275","新潟県_燕市_和納村３－２","1004","農林業経営体_団体経営_法人経営","経営体","-"
"1275","新潟県_燕市_和納村３－２","1005","農業経営体_計","経営体","18"
"1275","新潟県_燕市_和納村３－２","1006","農業経営体_個人経営","経営体","18"
"1275","新潟県_燕市_和納村３－２","1007","農業経営体_団体経営","経営体","-"
"1275","新潟県_燕市_和納村３－２","1008","農業経営体_団体経営_法人経営","経営体","-"
"1275","新潟県_燕市_和納村３－２","1009","林業経営体_計","経営体","-"
"1275","新潟県_燕市_和納村３－２","1010","林業経営体_個人経営","経営体","-"
"1275","新潟県_燕市_和納村３－２","1011","林業経営体_団体経営","経営体","-"
"1275","新潟県_燕市_和納村３－２","1012","林業経営体_団体経営_法人経営","経営体","-"
"1276","新潟県_糸魚川市","1001","農林業経営体_計","経営体","897"
"1276","新潟県_糸魚川市","1002","農林業経営体_個人経営","経営体","855"
"1276","新潟県_糸魚川市","1003","農林業経営体_団体経営","経営体","42"
"1276","新潟県_糸魚川市","1004","農林業経営体_団体経営_法人経営","経営体","28"
"1276","新潟県_糸魚川市","1005","農業経営体_計","経営体","881"
"1276","新潟県_糸魚川市","1006","農業経営体_個人経営","経営体","847"
"1276","新潟県_糸魚川市","1007","農業経営体_団体経営","経営体","34"
"1276","新潟県_糸魚川市","1008","農業経営体_団体経営_法人経営","経営体","22"
"1276","新潟県_糸魚川市","1009","林業経営体_計","経営体","25"
"1276","新潟県_糸魚川市","1010","林業経営体_個人経営","経営体","17"
"1276","新潟県_糸魚川市","1011","林業経営体_団体経営","経営体","8"
"1276","新潟県_糸魚川市","1012","林業経営体_団体経営_法人経営","経営体","6"
"1277","新潟県_糸魚川市_糸魚川町","1001","農林業経営体_計","経営体","66"
"1277","新潟県_糸魚川市_糸魚川町","1002","農林業経営体_個人経営","経営体","62"
"1277","新潟県_糸魚川市_糸魚川町","1003","農林業経営体_団体経営","経営体","4"
"1277","新潟県_糸魚川市_糸魚川町","1004","農林業経営体_団体経営_法人経営","経営体","3"
"1277","新潟県_糸魚川市_糸魚川町","1005","農業経営体_計","経営体","63"
"1277","新潟県_糸魚川市_糸魚川町","1006","農業経営体_個人経営","経営体","61"
"1277","新潟県_糸魚川市_糸魚川町","1007","農業経営体_団体経営","経営体","2"
"1277","新潟県_糸魚川市_糸魚川町","1008","農業経営体_団体経営_法人経営","経営体","2"
"1277","新潟県_糸魚川市_糸魚川町","1009","林業経営体_計","経営体","4"
"1277","新潟県_糸魚川市_糸魚川町","1010","林業経営体_個人経営","経営体","2"
"1277","新潟県_糸魚川市_糸魚川町","1011","林業経営体_団体経営","経営体","2"
"1277","新潟県_糸魚川市_糸魚川町","1012","林業経営体_団体経営_法人経営","経営体","1"
"1278","新潟県_糸魚川市_浦本村","1001","農林業経営体_計","経営体","1"
"1278","新潟県_糸魚川市_浦本村","1002","農林業経営体_個人経営","経営体","1"
"1278","新潟県_糸魚川市_浦本村","1003","農林業経営体_団体経営","経営体","-"
"1278","新潟県_糸魚川市_浦本村","1004","農林業経営体_団体経営_法人経営","経営体","-"
"1278","新潟県_糸魚川市_浦本村","1005","農業経営体_計","経営体","1"
"1278","新潟県_糸魚川市_浦本村","1006","農業経営体_個人経営","経営体","1"
"1278","新潟県_糸魚川市_浦本村","1007","農業経営体_団体経営","経営体","-"
"1278","新潟県_糸魚川市_浦本村","1008","農業経営体_団体経営_法人経営","経営体","-"
"1278","新潟県_糸魚川市_浦本村","1009","林業経営体_計","経営体","-"
"1278","新潟県_糸魚川市_浦本村","1010","林業経営体_個人経営","経営体","-"
"1278","新潟県_糸魚川市_浦本村","1011","林業経営体_団体経営","経営体","-"
"1278","新潟県_糸魚川市_浦本村","1012","林業経営体_団体経営_法人経営","経営体","-"
"1279","新潟県_糸魚川市_下早川村","1001","農林業経営体_計","経営体","158"
"1279","新潟県_糸魚川市_下早川村","1002","農林業経営体_個人経営","経営体","148"
"1279","新潟県_糸魚川市_下早川村","1003","農林業経営体_団体経営","経営体","10"
"1279","新潟県_糸魚川市_下早川村","1004","農林業経営体_団体経営_法人経営","経営体","6"
"1279","新潟県_糸魚川市_下早川村","1005","農業経営体_計","経営体","158"
"1279","新潟県_糸魚川市_下早川村","1006","農業経営体_個人経営","経営体","148"
"1279","新潟県_糸魚川市_下早川村","1007","農業経営体_団体経営","経営体","10"
"1279","新潟県_糸魚川市_下早川村","1008","農業経営体_団体経営_法人経営","経営体","6"
"1279","新潟県_糸魚川市_下早川村","1009","林業経営体_計","経営体","2"
"1279","新潟県_糸魚川市_下早川村","1010","林業経営体_個人経営","経営体","2"
"1279","新潟県_糸魚川市_下早川村","1011","林業経営体_団体経営","経営体","-"
"1279","新潟県_糸魚川市_下早川村","1012","林業経営体_団体経営_法人経営","経営体","-"
"1280","新潟県_糸魚川市_上早川村","1001","農林業経営体_計","経営体","68"
"1280","新潟県_糸魚川市_上早川村","1002","農林業経営体_個人経営","経営体","66"
"1280","新潟県_糸魚川市_上早川村","1003","農林業経営体_団体経営","経営体","2"
"1280","新潟県_糸魚川市_上早川村","1004","農林業経営体_団体経営_法人経営","経営体","2"
"1280","新潟県_糸魚川市_上早川村","1005","農業経営体_計","経営体","68"
"1280","新潟県_糸魚川市_上早川村","1006","農業経営体_個人経営","経営体","66"
"1280","新潟県_糸魚川市_上早川村","1007","農業経営体_団体経営","経営体","2"
"1280","新潟県_糸魚川市_上早川村","1008","農業経営体_団体経営_法人経営","経営体","2"
"1280","新潟県_糸魚川市_上早川村","1009","林業経営体_計","経営体","-"
"1280","新潟県_糸魚川市_上早川村","1010","林業経営体_個人経営","経営体","-"
"1280","新潟県_糸魚川市_上早川村","1011","林業経営体_団体経営","経営体","-"
"1280","新潟県_糸魚川市_上早川村","1012","林業経営体_団体経営_法人経営","経営体","-"
"1281","新潟県_糸魚川市_大和川村","1001","農林業経営体_計","経営体","30"
"1281","新潟県_糸魚川市_大和川村","1002","農林業経営体_個人経営","経営体","28"
"1281","新潟県_糸魚川市_大和川村","1003","農林業経営体_団体経営","経営体","2"
"1281","新潟県_糸魚川市_大和川村","1004","農林業経営体_団体経営_法人経営","経営体","2"
"1281","新潟県_糸魚川市_大和川村","1005","農業経営体_計","経営体","28"
"1281","新潟県_糸魚川市_大和川村","1006","農業経営体_個人経営","経営体","27"
"1281","新潟県_糸魚川市_大和川村","1007","農業経営体_団体経営","経営体","1"
"1281","新潟県_糸魚川市_大和川村","1008","農業経営体_団体経営_法人経営","経営体","1"
"1281","新潟県_糸魚川市_大和川村","1009","林業経営体_計","経営体","2"
"1281","新潟県_糸魚川市_大和川村","1010","林業経営体_個人経営","経営体","1"
"1281","新潟県_糸魚川市_大和川村","1011","林業経営体_団体経営","経営体","1"
"1281","新潟県_糸魚川市_大和川村","1012","林業経営体_団体経営_法人経営","経営体","1"
"1282","新潟県_糸魚川市_西海村","1001","農林業経営体_計","経営体","66"
"1282","新潟県_糸魚川市_西海村","1002","農林業経営体_個人経営","経営体","64"
"1282","新潟県_糸魚川市_西海村","1003","農林業経営体_団体経営","経営体","2"
"1282","新潟県_糸魚川市_西海村","1004","農林業経営体_団体経営_法人経営","経営体","1"
"1282","新潟県_糸魚川市_西海村","1005","農業経営体_計","経営体","65"
"1282","新潟県_糸魚川市_西海村","1006","農業経営体_個人経営","経営体","64"
"1282","新潟県_糸魚川市_西海村","1007","農業経営体_団体経営","経営体","1"
"1282","新潟県_糸魚川市_西海村","1008","農業経営体_団体経営_法人経営","経営体","1"
"1282","新潟県_糸魚川市_西海村","1009","林業経営体_計","経営体","2"
"1282","新潟県_糸魚川市_西海村","1010","林業経営体_個人経営","経営体","1"
"1282","新潟県_糸魚川市_西海村","1011","林業経営体_団体経営","経営体","1"
"1282","新潟県_糸魚川市_西海村","1012","林業経営体_団体経営_法人経営","経営体","-"
"1283","新潟県_糸魚川市_大野村","1001","農林業経営体_計","経営体","58"
"1283","新潟県_糸魚川市_大野村","1002","農林業経営体_個人経営","経営体","56"
"1283","新潟県_糸魚川市_大野村","1003","農林業経営体_団体経営","経営体","2"
"1283","新潟県_糸魚川市_大野村","1004","農林業経営体_団体経営_法人経営","経営体","2"
"1283","新潟県_糸魚川市_大野村","1005","農業経営体_計","経営体","57"
"1283","新潟県_糸魚川市_大野村","1006","農業経営体_個人経営","経営体","56"
"1283","新潟県_糸魚川市_大野村","1007","農業経営体_団体経営","経営体","1"
"1283","新潟県_糸魚川市_大野村","1008","農業経営体_団体経営_法人経営","経営体","1"
"1283","新潟県_糸魚川市_大野村","1009","林業経営体_計","経営体","2"
"1283","新潟県_糸魚川市_大野村","1010","林業経営体_個人経営","経営体","1"
"1283","新潟県_糸魚川市_大野村","1011","林業経営体_団体経営","経営体","1"
"1283","新潟県_糸魚川市_大野村","1012","林業経営体_団体経営_法人経営","経営体","1"
"1284","新潟県_糸魚川市_根知村","1001","農林業経営体_計","経営体","68"
"1284","新潟県_糸魚川市_根知村","1002","農林業経営体_個人経営","経営体","64"
"1284","新潟県_糸魚川市_根知村","1003","農林業経営体_団体経営","経営体","4"
"1284","新潟県_糸魚川市_根知村","1004","農林業経営体_団体経営_法人経営","経営体","4"
"1284","新潟県_糸魚川市_根知村","1005","農業経営体_計","経営体","68"
"1284","新潟県_糸魚川市_根知村","1006","農業経営体_個人経営","経営体","64"
"1284","新潟県_糸魚川市_根知村","1007","農業経営体_団体経営","経営体","4"
"1284","新潟県_糸魚川市_根知村","1008","農業経営体_団体経営_法人経営","経営体","4"
"1284","新潟県_糸魚川市_根知村","1009","林業経営体_計","経営体","-"
"1284","新潟県_糸魚川市_根知村","1010","林業経営体_個人経営","経営体","-"
"1284","新潟県_糸魚川市_根知村","1011","林業経営体_団体経営","経営体","-"
"1284","新潟県_糸魚川市_根知村","1012","林業経営体_団体経営_法人経営","経営体","-"
"1285","新潟県_糸魚川市_小滝村","1001","農林業経営体_計","経営体","2"
"1285","新潟県_糸魚川市_小滝村","1002","農林業経営体_個人経営","経営体","-"
"1285","新潟県_糸魚川市_小滝村","1003","農林業経営体_団体経営","経営体","2"
"1285","新潟県_糸魚川市_小滝村","1004","農林業経営体_団体経営_法人経営","経営体","1"
"1285","新潟県_糸魚川市_小滝村","1005","農業経営体_計","経営体","1"
"1285","新潟県_糸魚川市_小滝村","1006","農業経営体_個人経営","経営体","-"
"1285","新潟県_糸魚川市_小滝村","1007","農業経営体_団体経営","経営体","1"
"1285","新潟県_糸魚川市_小滝村","1008","農業経営体_団体経営_法人経営","経営体","-"
"1285","新潟県_糸魚川市_小滝村","1009","林業経営体_計","経営体","1"
"1285","新潟県_糸魚川市_小滝村","1010","林業経営体_個人経営","経営体","-"
"1285","新潟県_糸魚川市_小滝村","1011","林業経営体_団体経営","経営体","1"
"1285","新潟県_糸魚川市_小滝村","1012","林業経営体_団体経営_法人経営","経営体","1"
"1286","新潟県_糸魚川市_今井村２－１","1001","農林業経営体_計","経営体","58"
"1286","新潟県_糸魚川市_今井村２－１","1002","農林業経営体_個人経営","経営体","56"
"1286","新潟県_糸魚川市_今井村２－１","1003","農林業経営体_団体経営","経営体","2"
"1286","新潟県_糸魚川市_今井村２－１","1004","農林業経営体_団体経営_法人経営","経営体","1"
"1286","新潟県_糸魚川市_今井村２－１","1005","農業経営体_計","経営体","56"
"1286","新潟県_糸魚川市_今井村２－１","1006","農業経営体_個人経営","経営体","55"
"1286","新潟県_糸魚川市_今井村２－１","1007","農業経営体_団体経営","経営体","1"
"1286","新潟県_糸魚川市_今井村２－１","1008","農業経営体_団体経営_法人経営","経営体","-"
"1286","新潟県_糸魚川市_今井村２－１","1009","林業経営体_計","経営体","2"
"1286","新潟県_糸魚川市_今井村２－１","1010","林業経営体_個人経営","経営体","1"
"1286","新潟県_糸魚川市_今井村２－１","1011","林業経営体_団体経営","経営体","1"
"1286","新潟県_糸魚川市_今井村２－１","1012","林業経営体_団体経営_法人経営","経営体","1"
"1287","新潟県_糸魚川市_能生谷村","1001","農林業経営体_計","経営体","218"
"1287","新潟県_糸魚川市_能生谷村","1002","農林業経営体_個人経営","経営体","209"
"1287","新潟県_糸魚川市_能生谷村","1003","農林業経営体_団体経営","経営体","9"
"1287","新潟県_糸魚川市_能生谷村","1004","農林業経営体_団体経営_法人経営","経営体","5"
"1287","新潟県_糸魚川市_能生谷村","1005","農業経営体_計","経営体","216"
"1287","新潟県_糸魚川市_能生谷村","1006","農業経営体_個人経営","経営体","207"
"1287","新潟県_糸魚川市_能生谷村","1007","農業経営体_団体経営","経営体","9"
"1287","新潟県_糸魚川市_能生谷村","1008","農業経営体_団体経営_法人経営","経営体","5"
"1287","新潟県_糸魚川市_能生谷村","1009","林業経営体_計","経営体","6"
"1287","新潟県_糸魚川市_能生谷村","1010","林業経営体_個人経営","経営体","6"
"1287","新潟県_糸魚川市_能生谷村","1011","林業経営体_団体経営","経営体","-"
"1287","新潟県_糸魚川市_能生谷村","1012","林業経営体_団体経営_法人経営","経営体","-"
"1288","新潟県_糸魚川市_木浦村","1001","農林業経営体_計","経営体","11"
"1288","新潟県_糸魚川市_木浦村","1002","農林業経営体_個人経営","経営体","10"
"1288","新潟県_糸魚川市_木浦村","1003","農林業経営体_団体経営","経営体","1"
"1288","新潟県_糸魚川市_木浦村","1004","農林業経営体_団体経営_法人経営","経営体","1"
"1288","新潟県_糸魚川市_木浦村","1005","農業経営体_計","経営体","10"
"1288","新潟県_糸魚川市_木浦村","1006","農業経営体_個人経営","経営体","10"
"1288","新潟県_糸魚川市_木浦村","1007","農業経営体_団体経営","経営体","-"
"1288","新潟県_糸魚川市_木浦村","1008","農業経営体_団体経営_法人経営","経営体","-"
"1288","新潟県_糸魚川市_木浦村","1009","林業経営体_計","経営体","1"
"1288","新潟県_糸魚川市_木浦村","1010","林業経営体_個人経営","経営体","-"
"1288","新潟県_糸魚川市_木浦村","1011","林業経営体_団体経営","経営体","1"
"1288","新潟県_糸魚川市_木浦村","1012","林業経営体_団体経営_法人経営","経営体","1"
"1289","新潟県_糸魚川市_能生町","1001","農林業経営体_計","経営体","21"
"1289","新潟県_糸魚川市_能生町","1002","農林業経営体_個人経営","経営体","21"
"1289","新潟県_糸魚川市_能生町","1003","農林業経営体_団体経営","経営体","-"
"1289","新潟県_糸魚川市_能生町","1004","農林業経営体_団体経営_法人経営","経営体","-"
"1289","新潟県_糸魚川市_能生町","1005","農業経営体_計","経営体","21"
"1289","新潟県_糸魚川市_能生町","1006","農業経営体_個人経営","経営体","21"
"1289","新潟県_糸魚川市_能生町","1007","農業経営体_団体経営","経営体","-"
"1289","新潟県_糸魚川市_能生町","1008","農業経営体_団体経営_法人経営","経営体","-"
"1289","新潟県_糸魚川市_能生町","1009","林業経営体_計","経営体","-"
"1289","新潟県_糸魚川市_能生町","1010","林業経営体_個人経営","経営体","-"
"1289","新潟県_糸魚川市_能生町","1011","林業経営体_団体経営","経営体","-"
"1289","新潟県_糸魚川市_能生町","1012","林業経営体_団体経営_法人経営","経営体","-"
"1290","新潟県_糸魚川市_磯部村","1001","農林業経営体_計","経営体","57"
"1290","新潟県_糸魚川市_磯部村","1002","農林業経営体_個人経営","経営体","56"
"1290","新潟県_糸魚川市_磯部村","1003","農林業経営体_団体経営","経営体","1"
"1290","新潟県_糸魚川市_磯部村","1004","農林業経営体_団体経営_法人経営","経営体","-"
"1290","新潟県_糸魚川市_磯部村","1005","農業経営体_計","経営体","55"
"1290","新潟県_糸魚川市_磯部村","1006","農業経営体_個人経営","経営体","54"
"1290","新潟県_糸魚川市_磯部村","1007","農業経営体_団体経営","経営体","1"
"1290","新潟県_糸魚川市_磯部村","1008","農業経営体_団体経営_法人経営","経営体","-"
"1290","新潟県_糸魚川市_磯部村","1009","林業経営体_計","経営体","2"
"1290","新潟県_糸魚川市_磯部村","1010","林業経営体_個人経営","経営体","2"
"1290","新潟県_糸魚川市_磯部村","1011","林業経営体_団体経営","経営体","-"
"1290","新潟県_糸魚川市_磯部村","1012","林業経営体_団体経営_法人経営","経営体","-"
"1291","新潟県_糸魚川市_青海町","1001","農林業経営体_計","経営体","5"
"1291","新潟県_糸魚川市_青海町","1002","農林業経営体_個人経営","経営体","5"
"1291","新潟県_糸魚川市_青海町","1003","農林業経営体_団体経営","経営体","-"
"1291","新潟県_糸魚川市_青海町","1004","農林業経営体_団体経営_法人経営","経営体","-"
"1291","新潟県_糸魚川市_青海町","1005","農業経営体_計","経営体","5"
"1291","新潟県_糸魚川市_青海町","1006","農業経営体_個人経営","経営体","5"
"1291","新潟県_糸魚川市_青海町","1007","農業経営体_団体経営","経営体","-"
"1291","新潟県_糸魚川市_青海町","1008","農業経営体_団体経営_法人経営","経営体","-"
"1291","新潟県_糸魚川市_青海町","1009","林業経営体_計","経営体","-"
"1291","新潟県_糸魚川市_青海町","1010","林業経営体_個人経営","経営体","-"
"1291","新潟県_糸魚川市_青海町","1011","林業経営体_団体経営","経営体","-"
"1291","新潟県_糸魚川市_青海町","1012","林業経営体_団体経営_法人経営","経営体","-"
"1292","新潟県_糸魚川市_今井村２－２","1001","農林業経営体_計","経営体","8"
"1292","新潟県_糸魚川市_今井村２－２","1002","農林業経営体_個人経営","経営体","7"
"1292","新潟県_糸魚川市_今井村２－２","1003","農林業経営体_団体経営","経営体","1"
"1292","新潟県_糸魚川市_今井村２－２","1004","農林業経営体_団体経営_法人経営","経営体","-"
"1292","新潟県_糸魚川市_今井村２－２","1005","農業経営体_計","経営体","8"
"1292","新潟県_糸魚川市_今井村２－２","1006","農業経営体_個人経営","経営体","7"
"1292","新潟県_糸魚川市_今井村２－２","1007","農業経営体_団体経営","経営体","1"
"1292","新潟県_糸魚川市_今井村２－２","1008","農業経営体_団体経営_法人経営","経営体","-"
"1292","新潟県_糸魚川市_今井村２－２","1009","林業経営体_計","経営体","-"
"1292","新潟県_糸魚川市_今井村２－２","1010","林業経営体_個人経営","経営体","-"
"1292","新潟県_糸魚川市_今井村２－２","1011","林業経営体_団体経営","経営体","-"
"1292","新潟県_糸魚川市_今井村２－２","1012","林業経営体_団体経営_法人経営","経営体","-"
"1293","新潟県_糸魚川市_歌外波村","1001","農林業経営体_計","経営体","-"
"1293","新潟県_糸魚川市_歌外波村","1002","農林業経営体_個人経営","経営体","-"
"1293","新潟県_糸魚川市_歌外波村","1003","農林業経営体_団体経営","経営体","-"
"1293","新潟県_糸魚川市_歌外波村","1004","農林業経営体_団体経営_法人経営","経営体","-"
"1293","新潟県_糸魚川市_歌外波村","1005","農業経営体_計","経営体","-"
"1293","新潟県_糸魚川市_歌外波村","1006","農業経営体_個人経営","経営体","-"
"1293","新潟県_糸魚川市_歌外波村","1007","農業経営体_団体経営","経営体","-"
"1293","新潟県_糸魚川市_歌外波村","1008","農業経営体_団体経営_法人経営","経営体","-"
"1293","新潟県_糸魚川市_歌外波村","1009","林業経営体_計","経営体","-"
"1293","新潟県_糸魚川市_歌外波村","1010","林業経営体_個人経営","経営体","-"
"1293","新潟県_糸魚川市_歌外波村","1011","林業経営体_団体経営","経営体","-"
"1293","新潟県_糸魚川市_歌外波村","1012","林業経営体_団体経営_法人経営","経営体","-"
"1294","新潟県_糸魚川市_市振村","1001","農林業経営体_計","経営体","-"
"1294","新潟県_糸魚川市_市振村","1002","農林業経営体_個人経営","経営体","-"
"1294","新潟県_糸魚川市_市振村","1003","農林業経営体_団体経営","経営体","-"
"1294","新潟県_糸魚川市_市振村","1004","農林業経営体_団体経営_法人経営","経営体","-"
"1294","新潟県_糸魚川市_市振村","1005","農業経営体_計","経営体","-"
"1294","新潟県_糸魚川市_市振村","1006","農業経営体_個人経営","経営体","-"
"1294","新潟県_糸魚川市_市振村","1007","農業経営体_団体経営","経営体","-"
"1294","新潟県_糸魚川市_市振村","1008","農業経営体_団体経営_法人経営","経営体","-"
"1294","新潟県_糸魚川市_市振村","1009","林業経営体_計","経営体","-"
"1294","新潟県_糸魚川市_市振村","1010","林業経営体_個人経営","経営体","-"
"1294","新潟県_糸魚川市_市振村","1011","林業経営体_団体経営","経営体","-"
"1294","新潟県_糸魚川市_市振村","1012","林業経営体_団体経営_法人経営","経営体","-"
"1295","新潟県_糸魚川市_上路村","1001","農林業経営体_計","経営体","2"
"1295","新潟県_糸魚川市_上路村","1002","農林業経営体_個人経営","経営体","2"
"1295","新潟県_糸魚川市_上路村","1003","農林業経営体_団体経営","経営体","-"
"1295","新潟県_糸魚川市_上路村","1004","農林業経営体_団体経営_法人経営","経営体","-"
"1295","新潟県_糸魚川市_上路村","1005","農業経営体_計","経営体","1"
"1295","新潟県_糸魚川市_上路村","1006","農業経営体_個人経営","経営体","1"
"1295","新潟県_糸魚川市_上路村","1007","農業経営体_団体経営","経営体","-"
"1295","新潟県_糸魚川市_上路村","1008","農業経営体_団体経営_法人経営","経営体","-"
"1295","新潟県_糸魚川市_上路村","1009","林業経営体_計","経営体","1"
"1295","新潟県_糸魚川市_上路村","1010","林業経営体_個人経営","経営体","1"
"1295","新潟県_糸魚川市_上路村","1011","林業経営体_団体経営","経営体","-"
"1295","新潟県_糸魚川市_上路村","1012","林業経営体_団体経営_法人経営","経営体","-"
"1296","新潟県_妙高市","1001","農林業経営体_計","経営体","864"
"1296","新潟県_妙高市","1002","農林業経営体_個人経営","経営体","839"
"1296","新潟県_妙高市","1003","農林業経営体_団体経営","経営体","25"
"1296","新潟県_妙高市","1004","農林業経営体_団体経営_法人経営","経営体","24"
"1296","新潟県_妙高市","1005","農業経営体_計","経営体","862"
"1296","新潟県_妙高市","1006","農業経営体_個人経営","経営体","839"
"1296","新潟県_妙高市","1007","農業経営体_団体経営","経営体","23"
"1296","新潟県_妙高市","1008","農業経営体_団体経営_法人経営","経営体","22"
"1296","新潟県_妙高市","1009","林業経営体_計","経営体","4"
"1296","新潟県_妙高市","1010","林業経営体_個人経営","経営体","2"
"1296","新潟県_妙高市","1011","林業経営体_団体経営","経営体","2"
"1296","新潟県_妙高市","1012","林業経営体_団体経営_法人経営","経営体","2"
"1297","新潟県_妙高市_新井町","1001","農林業経営体_計","経営体","72"
"1297","新潟県_妙高市_新井町","1002","農林業経営体_個人経営","経営体","68"
"1297","新潟県_妙高市_新井町","1003","農林業経営体_団体経営","経営体","4"
"1297","新潟県_妙高市_新井町","1004","農林業経営体_団体経営_法人経営","経営体","4"
"1297","新潟県_妙高市_新井町","1005","農業経営体_計","経営体","72"
"1297","新潟県_妙高市_新井町","1006","農業経営体_個人経営","経営体","68"
"1297","新潟県_妙高市_新井町","1007","農業経営体_団体経営","経営体","4"
"1297","新潟県_妙高市_新井町","1008","農業経営体_団体経営_法人経営","経営体","4"
"1297","新潟県_妙高市_新井町","1009","林業経営体_計","経営体","-"
"1297","新潟県_妙高市_新井町","1010","林業経営体_個人経営","経営体","-"
"1297","新潟県_妙高市_新井町","1011","林業経営体_団体経営","経営体","-"
"1297","新潟県_妙高市_新井町","1012","林業経営体_団体経営_法人経営","経営体","-"
"1298","新潟県_妙高市_斐太村２－１","1001","農林業経営体_計","経営体","111"
"1298","新潟県_妙高市_斐太村２－１","1002","農林業経営体_個人経営","経営体","108"
"1298","新潟県_妙高市_斐太村２－１","1003","農林業経営体_団体経営","経営体","3"
"1298","新潟県_妙高市_斐太村２－１","1004","農林業経営体_団体経営_法人経営","経営体","3"
"1298","新潟県_妙高市_斐太村２－１","1005","農業経営体_計","経営体","111"
"1298","新潟県_妙高市_斐太村２－１","1006","農業経営体_個人経営","経営体","108"
"1298","新潟県_妙高市_斐太村２－１","1007","農業経営体_団体経営","経営体","3"
"1298","新潟県_妙高市_斐太村２－１","1008","農業経営体_団体経営_法人経営","経営体","3"
"1298","新潟県_妙高市_斐太村２－１","1009","林業経営体_計","経営体","-"
"1298","新潟県_妙高市_斐太村２－１","1010","林業経営体_個人経営","経営体","-"
"1298","新潟県_妙高市_斐太村２－１","1011","林業経営体_団体経営","経営体","-"
"1298","新潟県_妙高市_斐太村２－１","1012","林業経営体_団体経営_法人経営","経営体","-"
"1299","新潟県_妙高市_和田村２－２","1001","農林業経営体_計","経営体","61"
"1299","新潟県_妙高市_和田村２－２","1002","農林業経営体_個人経営","経営体","59"
"1299","新潟県_妙高市_和田村２－２","1003","農林業経営体_団体経営","経営体","2"
"1299","新潟県_妙高市_和田村２－２","1004","農林業経営体_団体経営_法人経営","経営体","2"
"1299","新潟県_妙高市_和田村２－２","1005","農業経営体_計","経営体","61"
"1299","新潟県_妙高市_和田村２－２","1006","農業経営体_個人経営","経営体","59"
"1299","新潟県_妙高市_和田村２－２","1007","農業経営体_団体経営","経営体","2"
"1299","新潟県_妙高市_和田村２－２","1008","農業経営体_団体経営_法人経営","経営体","2"
"1299","新潟県_妙高市_和田村２－２","1009","林業経営体_計","経営体","-"
"1299","新潟県_妙高市_和田村２－２","1010","林業経営体_個人経営","経営体","-"
"1299","新潟県_妙高市_和田村２－２","1011","林業経営体_団体経営","経営体","-"
"1299","新潟県_妙高市_和田村２－２","1012","林業経営体_団体経営_法人経営","経営体","-"
"1300","新潟県_妙高市_水上村","1001","農林業経営体_計","経営体","90"
"1300","新潟県_妙高市_水上村","1002","農林業経営体_個人経営","経営体","89"
"1300","新潟県_妙高市_水上村","1003","農林業経営体_団体経営","経営体","1"
"1300","新潟県_妙高市_水上村","1004","農林業経営体_団体経営_法人経営","経営体","1"
"1300","新潟県_妙高市_水上村","1005","農業経営体_計","経営体","90"
"1300","新潟県_妙高市_水上村","1006","農業経営体_個人経営","経営体","89"
"1300","新潟県_妙高市_水上村","1007","農業経営体_団体経営","経営体","1"
"1300","新潟県_妙高市_水上村","1008","農業経営体_団体経営_法人経営","経営体","1"
"1300","新潟県_妙高市_水上村","1009","林業経営体_計","経営体","-"
"1300","新潟県_妙高市_水上村","1010","林業経営体_個人経営","経営体","-"
"1300","新潟県_妙高市_水上村","1011","林業経営体_団体経営","経営体","-"
"1300","新潟県_妙高市_水上村","1012","林業経営体_団体経営_法人経営","経営体","-"
"1301","新潟県_妙高市_泉村","1001","農林業経営体_計","経営体","26"
"1301","新潟県_妙高市_泉村","1002","農林業経営体_個人経営","経営体","26"
"1301","新潟県_妙高市_泉村","1003","農林業経営体_団体経営","経営体","-"
"1301","新潟県_妙高市_泉村","1004","農林業経営体_団体経営_法人経営","経営体","-"
"1301","新潟県_妙高市_泉村","1005","農業経営体_計","経営体","26"
"1301","新潟県_妙高市_泉村","1006","農業経営体_個人経営","経営体","26"
"1301","新潟県_妙高市_泉村","1007","農業経営体_団体経営","経営体","-"
"1301","新潟県_妙高市_泉村","1008","農業経営体_団体経営_法人経営","経営体","-"
"1301","新潟県_妙高市_泉村","1009","林業経営体_計","経営体","-"
"1301","新潟県_妙高市_泉村","1010","林業経営体_個人経営","経営体","-"
"1301","新潟県_妙高市_泉村","1011","林業経営体_団体経営","経営体","-"
"1301","新潟県_妙高市_泉村","1012","林業経営体_団体経営_法人経営","経営体","-"
"1302","新潟県_妙高市_水原村","1001","農林業経営体_計","経営体","22"
"1302","新潟県_妙高市_水原村","1002","農林業経営体_個人経営","経営体","22"
"1302","新潟県_妙高市_水原村","1003","農林業経営体_団体経営","経営体","-"
"1302","新潟県_妙高市_水原村","1004","農林業経営体_団体経営_法人経営","経営体","-"
"1302","新潟県_妙高市_水原村","1005","農業経営体_計","経営体","22"
"1302","新潟県_妙高市_水原村","1006","農業経営体_個人経営","経営体","22"
"1302","新潟県_妙高市_水原村","1007","農業経営体_団体経営","経営体","-"
"1302","新潟県_妙高市_水原村","1008","農業経営体_団体経営_法人経営","経営体","-"
"1302","新潟県_妙高市_水原村","1009","林業経営体_計","経営体","-"
"1302","新潟県_妙高市_水原村","1010","林業経営体_個人経営","経営体","-"
"1302","新潟県_妙高市_水原村","1011","林業経営体_団体経営","経営体","-"
"1302","新潟県_妙高市_水原村","1012","林業経営体_団体経営_法人経営","経営体","-"
"1303","新潟県_妙高市_平丸村","1001","農林業経営体_計","経営体","4"
"1303","新潟県_妙高市_平丸村","1002","農林業経営体_個人経営","経営体","4"
"1303","新潟県_妙高市_平丸村","1003","農林業経営体_団体経営","経営体","-"
"1303","新潟県_妙高市_平丸村","1004","農林業経営体_団体経営_法人経営","経営体","-"
"1303","新潟県_妙高市_平丸村","1005","農業経営体_計","経営体","4"
"1303","新潟県_妙高市_平丸村","1006","農業経営体_個人経営","経営体","4"
"1303","新潟県_妙高市_平丸村","1007","農業経営体_団体経営","経営体","-"
"1303","新潟県_妙高市_平丸村","1008","農業経営体_団体経営_法人経営","経営体","-"
"1303","新潟県_妙高市_平丸村","1009","林業経営体_計","経営体","-"
"1303","新潟県_妙高市_平丸村","1010","林業経営体_個人経営","経営体","-"
"1303","新潟県_妙高市_平丸村","1011","林業経営体_団体経営","経営体","-"
"1303","新潟県_妙高市_平丸村","1012","林業経営体_団体経営_法人経営","経営体","-"
"1304","新潟県_妙高市_上郷村","1001","農林業経営体_計","経営体","31"
"1304","新潟県_妙高市_上郷村","1002","農林業経営体_個人経営","経営体","29"
"1304","新潟県_妙高市_上郷村","1003","農林業経営体_団体経営","経営体","2"
"1304","新潟県_妙高市_上郷村","1004","農林業経営体_団体経営_法人経営","経営体","2"
"1304","新潟県_妙高市_上郷村","1005","農業経営体_計","経営体","30"
"1304","新潟県_妙高市_上郷村","1006","農業経営体_個人経営","経営体","29"
"1304","新潟県_妙高市_上郷村","1007","農業経営体_団体経営","経営体","1"
"1304","新潟県_妙高市_上郷村","1008","農業経営体_団体経営_法人経営","経営体","1"
"1304","新潟県_妙高市_上郷村","1009","林業経営体_計","経営体","1"
"1304","新潟県_妙高市_上郷村","1010","林業経営体_個人経営","経営体","-"
"1304","新潟県_妙高市_上郷村","1011","林業経営体_団体経営","経営体","1"
"1304","新潟県_妙高市_上郷村","1012","林業経営体_団体経営_法人経営","経営体","1"
"1305","新潟県_妙高市_原通村２－２","1001","農林業経営体_計","経営体","34"
"1305","新潟県_妙高市_原通村２－２","1002","農林業経営体_個人経営","経営体","32"
"1305","新潟県_妙高市_原通村２－２","1003","農林業経営体_団体経営","経営体","2"
"1305","新潟県_妙高市_原通村２－２","1004","農林業経営体_団体経営_法人経営","経営体","2"
"1305","新潟県_妙高市_原通村２－２","1005","農業経営体_計","経営体","34"
"1305","新潟県_妙高市_原通村２－２","1006","農業経営体_個人経営","経営体","32"
"1305","新潟県_妙高市_原通村２－２","1007","農業経営体_団体経営","経営体","2"
"1305","新潟県_妙高市_原通村２－２","1008","農業経営体_団体経営_法人経営","経営体","2"
"1305","新潟県_妙高市_原通村２－２","1009","林業経営体_計","経営体","-"
"1305","新潟県_妙高市_原通村２－２","1010","林業経営体_個人経営","経営体","-"
"1305","新潟県_妙高市_原通村２－２","1011","林業経営体_団体経営","経営体","-"
"1305","新潟県_妙高市_原通村２－２","1012","林業経営体_団体経営_法人経営","経営体","-"
"1306","新潟県_妙高市_鳥坂村","1001","農林業経営体_計","経営体","37"
"1306","新潟県_妙高市_鳥坂村","1002","農林業経営体_個人経営","経営体","36"
"1306","新潟県_妙高市_鳥坂村","1003","農林業経営体_団体経営","経営体","1"
"1306","新潟県_妙高市_鳥坂村","1004","農林業経営体_団体経営_法人経営","経営体","1"
"1306","新潟県_妙高市_鳥坂村","1005","農業経営体_計","経営体","37"
"1306","新潟県_妙高市_鳥坂村","1006","農業経営体_個人経営","経営体","36"
"1306","新潟県_妙高市_鳥坂村","1007","農業経営体_団体経営","経営体","1"
"1306","新潟県_妙高市_鳥坂村","1008","農業経営体_団体経営_法人経営","経営体","1"
"1306","新潟県_妙高市_鳥坂村","1009","林業経営体_計","経営体","-"
"1306","新潟県_妙高市_鳥坂村","1010","林業経営体_個人経営","経営体","-"
"1306","新潟県_妙高市_鳥坂村","1011","林業経営体_団体経営","経営体","-"
"1306","新潟県_妙高市_鳥坂村","1012","林業経営体_団体経営_法人経営","経営体","-"
"1307","新潟県_妙高市_矢代村２－１","1001","農林業経営体_計","経営体","142"
"1307","新潟県_妙高市_矢代村２－１","1002","農林業経営体_個人経営","経営体","139"
"1307","新潟県_妙高市_矢代村２－１","1003","農林業経営体_団体経営","経営体","3"
"1307","新潟県_妙高市_矢代村２－１","1004","農林業経営体_団体経営_法人経営","経営体","3"
"1307","新潟県_妙高市_矢代村２－１","1005","農業経営体_計","経営体","141"
"1307","新潟県_妙高市_矢代村２－１","1006","農業経営体_個人経営","経営体","139"
"1307","新潟県_妙高市_矢代村２－１","1007","農業経営体_団体経営","経営体","2"
"1307","新潟県_妙高市_矢代村２－１","1008","農業経営体_団体経営_法人経営","経営体","2"
"1307","新潟県_妙高市_矢代村２－１","1009","林業経営体_計","経営体","1"
"1307","新潟県_妙高市_矢代村２－１","1010","林業経営体_個人経営","経営体","-"
"1307","新潟県_妙高市_矢代村２－１","1011","林業経営体_団体経営","経営体","1"
"1307","新潟県_妙高市_矢代村２－１","1012","林業経営体_団体経営_法人経営","経営体","1"
"1308","新潟県_妙高市_名香山村","1001","農林業経営体_計","経営体","14"
"1308","新潟県_妙高市_名香山村","1002","農林業経営体_個人経営","経営体","12"
"1308","新潟県_妙高市_名香山村","1003","農林業経営体_団体経営","経営体","2"
"1308","新潟県_妙高市_名香山村","1004","農林業経営体_団体経営_法人経営","経営体","2"
"1308","新潟県_妙高市_名香山村","1005","農業経営体_計","経営体","14"
"1308","新潟県_妙高市_名香山村","1006","農業経営体_個人経営","経営体","12"
"1308","新潟県_妙高市_名香山村","1007","農業経営体_団体経営","経営体","2"
"1308","新潟県_妙高市_名香山村","1008","農業経営体_団体経営_法人経営","経営体","2"
"1308","新潟県_妙高市_名香山村","1009","林業経営体_計","経営体","1"
"1308","新潟県_妙高市_名香山村","1010","林業経営体_個人経営","経営体","1"
"1308","新潟県_妙高市_名香山村","1011","林業経営体_団体経営","経営体","-"
"1308","新潟県_妙高市_名香山村","1012","林業経営体_団体経営_法人経営","経営体","-"
"1309","新潟県_妙高市_杉野沢村","1001","農林業経営体_計","経営体","27"
"1309","新潟県_妙高市_杉野沢村","1002","農林業経営体_個人経営","経営体","27"
"1309","新潟県_妙高市_杉野沢村","1003","農林業経営体_団体経営","経営体","-"
"1309","新潟県_妙高市_杉野沢村","1004","農林業経営体_団体経営_法人経営","経営体","-"
"1309","新潟県_妙高市_杉野沢村","1005","農業経営体_計","経営体","27"
"1309","新潟県_妙高市_杉野沢村","1006","農業経営体_個人経営","経営体","27"
"1309","新潟県_妙高市_杉野沢村","1007","農業経営体_団体経営","経営体","-"
"1309","新潟県_妙高市_杉野沢村","1008","農業経営体_団体経営_法人経営","経営体","-"
"1309","新潟県_妙高市_杉野沢村","1009","林業経営体_計","経営体","-"
"1309","新潟県_妙高市_杉野沢村","1010","林業経営体_個人経営","経営体","-"
"1309","新潟県_妙高市_杉野沢村","1011","林業経営体_団体経営","経営体","-"
"1309","新潟県_妙高市_杉野沢村","1012","林業経営体_団体経営_法人経営","経営体","-"
"1310","新潟県_妙高市_関山村","1001","農林業経営体_計","経営体","61"
"1310","新潟県_妙高市_関山村","1002","農林業経営体_個人経営","経営体","58"
"1310","新潟県_妙高市_関山村","1003","農林業経営体_団体経営","経営体","3"
"1310","新潟県_妙高市_関山村","1004","農林業経営体_団体経営_法人経営","経営体","2"
"1310","新潟県_妙高市_関山村","1005","農業経営体_計","経営体","61"
"1310","新潟県_妙高市_関山村","1006","農業経営体_個人経営","経営体","58"
"1310","新潟県_妙高市_関山村","1007","農業経営体_団体経営","経営体","3"
"1310","新潟県_妙高市_関山村","1008","農業経営体_団体経営_法人経営","経営体","2"
"1310","新潟県_妙高市_関山村","1009","林業経営体_計","経営体","-"
"1310","新潟県_妙高市_関山村","1010","林業経営体_個人経営","経営体","-"
"1310","新潟県_妙高市_関山村","1011","林業経営体_団体経営","経営体","-"
"1310","新潟県_妙高市_関山村","1012","林業経営体_団体経営_法人経営","経営体","-"
"1311","新潟県_妙高市_原通村２－１","1001","農林業経営体_計","経営体","96"
"1311","新潟県_妙高市_原通村２－１","1002","農林業経営体_個人経営","経営体","94"
"1311","新潟県_妙高市_原通村２－１","1003","農林業経営体_団体経営","経営体","2"
"1311","新潟県_妙高市_原通村２－１","1004","農林業経営体_団体経営_法人経営","経営体","2"
"1311","新潟県_妙高市_原通村２－１","1005","農業経営体_計","経営体","96"
"1311","新潟県_妙高市_原通村２－１","1006","農業経営体_個人経営","経営体","94"
"1311","新潟県_妙高市_原通村２－１","1007","農業経営体_団体経営","経営体","2"
"1311","新潟県_妙高市_原通村２－１","1008","農業経営体_団体経営_法人経営","経営体","2"
"1311","新潟県_妙高市_原通村２－１","1009","林業経営体_計","経営体","1"
"1311","新潟県_妙高市_原通村２－１","1010","林業経営体_個人経営","経営体","1"
"1311","新潟県_妙高市_原通村２－１","1011","林業経営体_団体経営","経営体","-"
"1311","新潟県_妙高市_原通村２－１","1012","林業経営体_団体経営_法人経営","経営体","-"
"1312","新潟県_妙高市_大鹿村","1001","農林業経営体_計","経営体","35"
"1312","新潟県_妙高市_大鹿村","1002","農林業経営体_個人経営","経営体","35"
"1312","新潟県_妙高市_大鹿村","1003","農林業経営体_団体経営","経営体","-"
"1312","新潟県_妙高市_大鹿村","1004","農林業経営体_団体経営_法人経営","経営体","-"
"1312","新潟県_妙高市_大鹿村","1005","農業経営体_計","経営体","35"
"1312","新潟県_妙高市_大鹿村","1006","農業経営体_個人経営","経営体","35"
"1312","新潟県_妙高市_大鹿村","1007","農業経営体_団体経営","経営体","-"
"1312","新潟県_妙高市_大鹿村","1008","農業経営体_団体経営_法人経営","経営体","-"
"1312","新潟県_妙高市_大鹿村","1009","林業経営体_計","経営体","-"
"1312","新潟県_妙高市_大鹿村","1010","林業経営体_個人経営","経営体","-"
"1312","新潟県_妙高市_大鹿村","1011","林業経営体_団体経営","経営体","-"
"1312","新潟県_妙高市_大鹿村","1012","林業経営体_団体経営_法人経営","経営体","-"
"1313","新潟県_妙高市_豊葦村","1001","農林業経営体_計","経営体","1"
"1313","新潟県_妙高市_豊葦村","1002","農林業経営体_個人経営","経営体","1"
"1313","新潟県_妙高市_豊葦村","1003","農林業経営体_団体経営","経営体","-"
"1313","新潟県_妙高市_豊葦村","1004","農林業経営体_団体経営_法人経営","経営体","-"
"1313","新潟県_妙高市_豊葦村","1005","農業経営体_計","経営体","1"
"1313","新潟県_妙高市_豊葦村","1006","農業経営体_個人経営","経営体","1"
"1313","新潟県_妙高市_豊葦村","1007","農業経営体_団体経営","経営体","-"
"1313","新潟県_妙高市_豊葦村","1008","農業経営体_団体経営_法人経営","経営体","-"
"1313","新潟県_妙高市_豊葦村","1009","林業経営体_計","経営体","-"
"1313","新潟県_妙高市_豊葦村","1010","林業経営体_個人経営","経営体","-"
"1313","新潟県_妙高市_豊葦村","1011","林業経営体_団体経営","経営体","-"
"1313","新潟県_妙高市_豊葦村","1012","林業経営体_団体経営_法人経営","経営体","-"
"1314","新潟県_五泉市","1001","農林業経営体_計","経営体","1594"
"1314","新潟県_五泉市","1002","農林業経営体_個人経営","経営体","1562"
"1314","新潟県_五泉市","1003","農林業経営体_団体経営","経営体","32"
"1314","新潟県_五泉市","1004","農林業経営体_団体経営_法人経営","経営体","23"
"1314","新潟県_五泉市","1005","農業経営体_計","経営体","1530"
"1314","新潟県_五泉市","1006","農業経営体_個人経営","経営体","1508"
"1314","新潟県_五泉市","1007","農業経営体_団体経営","経営体","22"
"1314","新潟県_五泉市","1008","農業経営体_団体経営_法人経営","経営体","15"
"1314","新潟県_五泉市","1009","林業経営体_計","経営体","135"
"1314","新潟県_五泉市","1010","林業経営体_個人経営","経営体","125"
"1314","新潟県_五泉市","1011","林業経営体_団体経営","経営体","10"
"1314","新潟県_五泉市","1012","林業経営体_団体経営_法人経営","経営体","8"
"1315","新潟県_五泉市_五泉町","1001","農林業経営体_計","経営体","180"
"1315","新潟県_五泉市_五泉町","1002","農林業経営体_個人経営","経営体","178"
"1315","新潟県_五泉市_五泉町","1003","農林業経営体_団体経営","経営体","2"
"1315","新潟県_五泉市_五泉町","1004","農林業経営体_団体経営_法人経営","経営体","2"
"1315","新潟県_五泉市_五泉町","1005","農業経営体_計","経営体","178"
"1315","新潟県_五泉市_五泉町","1006","農業経営体_個人経営","経営体","176"
"1315","新潟県_五泉市_五泉町","1007","農業経営体_団体経営","経営体","2"
"1315","新潟県_五泉市_五泉町","1008","農業経営体_団体経営_法人経営","経営体","2"
"1315","新潟県_五泉市_五泉町","1009","林業経営体_計","経営体","2"
"1315","新潟県_五泉市_五泉町","1010","林業経営体_個人経営","経営体","2"
"1315","新潟県_五泉市_五泉町","1011","林業経営体_団体経営","経営体","-"
"1315","新潟県_五泉市_五泉町","1012","林業経営体_団体経営_法人経営","経営体","-"
"1316","新潟県_五泉市_川東村","1001","農林業経営体_計","経営体","194"
"1316","新潟県_五泉市_川東村","1002","農林業経営体_個人経営","経営体","189"
"1316","新潟県_五泉市_川東村","1003","農林業経営体_団体経営","経営体","5"
"1316","新潟県_五泉市_川東村","1004","農林業経営体_団体経営_法人経営","経営体","4"
"1316","新潟県_五泉市_川東村","1005","農業経営体_計","経営体","192"
"1316","新潟県_五泉市_川東村","1006","農業経営体_個人経営","経営体","188"
"1316","新潟県_五泉市_川東村","1007","農業経営体_団体経営","経営体","4"
"1316","新潟県_五泉市_川東村","1008","農業経営体_団体経営_法人経営","経営体","3"
"1316","新潟県_五泉市_川東村","1009","林業経営体_計","経営体","11"
"1316","新潟県_五泉市_川東村","1010","林業経営体_個人経営","経営体","10"
"1316","新潟県_五泉市_川東村","1011","林業経営体_団体経営","経営体","1"
"1316","新潟県_五泉市_川東村","1012","林業経営体_団体経営_法人経営","経営体","1"
"1317","新潟県_五泉市_巣本村","1001","農林業経営体_計","経営体","189"
"1317","新潟県_五泉市_巣本村","1002","農林業経営体_個人経営","経営体","187"
"1317","新潟県_五泉市_巣本村","1003","農林業経営体_団体経営","経営体","2"
"1317","新潟県_五泉市_巣本村","1004","農林業経営体_団体経営_法人経営","経営体","2"
"1317","新潟県_五泉市_巣本村","1005","農業経営体_計","経営体","189"
"1317","新潟県_五泉市_巣本村","1006","農業経営体_個人経営","経営体","187"
"1317","新潟県_五泉市_巣本村","1007","農業経営体_団体経営","経営体","2"
"1317","新潟県_五泉市_巣本村","1008","農業経営体_団体経営_法人経営","経営体","2"
"1317","新潟県_五泉市_巣本村","1009","林業経営体_計","経営体","-"
"1317","新潟県_五泉市_巣本村","1010","林業経営体_個人経営","経営体","-"
"1317","新潟県_五泉市_巣本村","1011","林業経営体_団体経営","経営体","-"
"1317","新潟県_五泉市_巣本村","1012","林業経営体_団体経営_法人経営","経営体","-"
"1318","新潟県_五泉市_橋田村","1001","農林業経営体_計","経営体","174"
"1318","新潟県_五泉市_橋田村","1002","農林業経営体_個人経営","経営体","170"
"1318","新潟県_五泉市_橋田村","1003","農林業経営体_団体経営","経営体","4"
"1318","新潟県_五泉市_橋田村","1004","農林業経営体_団体経営_法人経営","経営体","2"
"1318","新潟県_五泉市_橋田村","1005","農業経営体_計","経営体","149"
"1318","新潟県_五泉市_橋田村","1006","農業経営体_個人経営","経営体","147"
"1318","新潟県_五泉市_橋田村","1007","農業経営体_団体経営","経営体","2"
"1318","新潟県_五泉市_橋田村","1008","農業経営体_団体経営_法人経営","経営体","1"
"1318","新潟県_五泉市_橋田村","1009","林業経営体_計","経営体","52"
"1318","新潟県_五泉市_橋田村","1010","林業経営体_個人経営","経営体","50"
"1318","新潟県_五泉市_橋田村","1011","林業経営体_団体経営","経営体","2"
"1318","新潟県_五泉市_橋田村","1012","林業経営体_団体経営_法人経営","経営体","1"
"1319","新潟県_五泉市_菅名村２－２","1001","農林業経営体_計","経営体","101"
"1319","新潟県_五泉市_菅名村２－２","1002","農林業経営体_個人経営","経営体","100"
"1319","新潟県_五泉市_菅名村２－２","1003","農林業経営体_団体経営","経営体","1"
"1319","新潟県_五泉市_菅名村２－２","1004","農林業経営体_団体経営_法人経営","経営体","1"
"1319","新潟県_五泉市_菅名村２－２","1005","農業経営体_計","経営体","101"
"1319","新潟県_五泉市_菅名村２－２","1006","農業経営体_個人経営","経営体","100"
"1319","新潟県_五泉市_菅名村２－２","1007","農業経営体_団体経営","経営体","1"
"1319","新潟県_五泉市_菅名村２－２","1008","農業経営体_団体経営_法人経営","経営体","1"
"1319","新潟県_五泉市_菅名村２－２","1009","林業経営体_計","経営体","-"
"1319","新潟県_五泉市_菅名村２－２","1010","林業経営体_個人経営","経営体","-"
"1319","新潟県_五泉市_菅名村２－２","1011","林業経営体_団体経営","経営体","-"
"1319","新潟県_五泉市_菅名村２－２","1012","林業経営体_団体経営_法人経営","経営体","-"
"1320","新潟県_五泉市_新関村２－２","1001","農林業経営体_計","経営体","48"
"1320","新潟県_五泉市_新関村２－２","1002","農林業経営体_個人経営","経営体","47"
"1320","新潟県_五泉市_新関村２－２","1003","農林業経営体_団体経営","経営体","1"
"1320","新潟県_五泉市_新関村２－２","1004","農林業経営体_団体経営_法人経営","経営体","-"
"1320","新潟県_五泉市_新関村２－２","1005","農業経営体_計","経営体","48"
"1320","新潟県_五泉市_新関村２－２","1006","農業経営体_個人経営","経営体","47"
"1320","新潟県_五泉市_新関村２－２","1007","農業経営体_団体経営","経営体","1"
"1320","新潟県_五泉市_新関村２－２","1008","農業経営体_団体経営_法人経営","経営体","-"
"1320","新潟県_五泉市_新関村２－２","1009","林業経営体_計","経営体","-"
"1320","新潟県_五泉市_新関村２－２","1010","林業経営体_個人経営","経営体","-"
"1320","新潟県_五泉市_新関村２－２","1011","林業経営体_団体経営","経営体","-"
"1320","新潟県_五泉市_新関村２－２","1012","林業経営体_団体経営_法人経営","経営体","-"
"1321","新潟県_五泉市_安田村２－２","1001","農林業経営体_計","経営体","9"
"1321","新潟県_五泉市_安田村２－２","1002","農林業経営体_個人経営","経営体","9"
"1321","新潟県_五泉市_安田村２－２","1003","農林業経営体_団体経営","経営体","-"
"1321","新潟県_五泉市_安田村２－２","1004","農林業経営体_団体経営_法人経営","経営体","-"
"1321","新潟県_五泉市_安田村２－２","1005","農業経営体_計","経営体","9"
"1321","新潟県_五泉市_安田村２－２","1006","農業経営体_個人経営","経営体","9"
"1321","新潟県_五泉市_安田村２－２","1007","農業経営体_団体経営","経営体","-"
"1321","新潟県_五泉市_安田村２－２","1008","農業経営体_団体経営_法人経営","経営体","-"
"1321","新潟県_五泉市_安田村２－２","1009","林業経営体_計","経営体","-"
"1321","新潟県_五泉市_安田村２－２","1010","林業経営体_個人経営","経営体","-"
"1321","新潟県_五泉市_安田村２－２","1011","林業経営体_団体経営","経営体","-"
"1321","新潟県_五泉市_安田村２－２","1012","林業経営体_団体経営_法人経営","経営体","-"
"1322","新潟県_五泉市_下条村３－３","1001","農林業経営体_計","経営体","-"
"1322","新潟県_五泉市_下条村３－３","1002","農林業経営体_個人経営","経営体","-"
"1322","新潟県_五泉市_下条村３－３","1003","農林業経営体_団体経営","経営体","-"
"1322","新潟県_五泉市_下条村３－３","1004","農林業経営体_団体経営_法人経営","経営体","-"
"1322","新潟県_五泉市_下条村３－３","1005","農業経営体_計","経営体","-"
"1322","新潟県_五泉市_下条村３－３","1006","農業経営体_個人経営","経営体","-"
"1322","新潟県_五泉市_下条村３－３","1007","農業経営体_団体経営","経営体","-"
"1322","新潟県_五泉市_下条村３－３","1008","農業経営体_団体経営_法人経営","経営体","-"
"1322","新潟県_五泉市_下条村３－３","1009","林業経営体_計","経営体","-"
"1322","新潟県_五泉市_下条村３－３","1010","林業経営体_個人経営","経営体","-"
"1322","新潟県_五泉市_下条村３－３","1011","林業経営体_団体経営","経営体","-"
"1322","新潟県_五泉市_下条村３－３","1012","林業経営体_団体経営_法人経営","経営体","-"
"1323","新潟県_五泉市_村松町","1001","農林業経営体_計","経営体","42"
"1323","新潟県_五泉市_村松町","1002","農林業経営体_個人経営","経営体","41"
"1323","新潟県_五泉市_村松町","1003","農林業経営体_団体経営","経営体","1"
"1323","新潟県_五泉市_村松町","1004","農林業経営体_団体経営_法人経営","経営体","1"
"1323","新潟県_五泉市_村松町","1005","農業経営体_計","経営体","36"
"1323","新潟県_五泉市_村松町","1006","農業経営体_個人経営","経営体","35"
"1323","新潟県_五泉市_村松町","1007","農業経営体_団体経営","経営体","1"
"1323","新潟県_五泉市_村松町","1008","農業経営体_団体経営_法人経営","経営体","1"
"1323","新潟県_五泉市_村松町","1009","林業経営体_計","経営体","6"
"1323","新潟県_五泉市_村松町","1010","林業経営体_個人経営","経営体","6"
"1323","新潟県_五泉市_村松町","1011","林業経営体_団体経営","経営体","-"
"1323","新潟県_五泉市_村松町","1012","林業経営体_団体経営_法人経営","経営体","-"
"1324","新潟県_五泉市_菅名村２－１","1001","農林業経営体_計","経営体","129"
"1324","新潟県_五泉市_菅名村２－１","1002","農林業経営体_個人経営","経営体","127"
"1324","新潟県_五泉市_菅名村２－１","1003","農林業経営体_団体経営","経営体","2"
"1324","新潟県_五泉市_菅名村２－１","1004","農林業経営体_団体経営_法人経営","経営体","1"
"1324","新潟県_五泉市_菅名村２－１","1005","農業経営体_計","経営体","127"
"1324","新潟県_五泉市_菅名村２－１","1006","農業経営体_個人経営","経営体","125"
"1324","新潟県_五泉市_菅名村２－１","1007","農業経営体_団体経営","経営体","2"
"1324","新潟県_五泉市_菅名村２－１","1008","農業経営体_団体経営_法人経営","経営体","1"
"1324","新潟県_五泉市_菅名村２－１","1009","林業経営体_計","経営体","2"
"1324","新潟県_五泉市_菅名村２－１","1010","林業経営体_個人経営","経営体","2"
"1324","新潟県_五泉市_菅名村２－１","1011","林業経営体_団体経営","経営体","-"
"1324","新潟県_五泉市_菅名村２－１","1012","林業経営体_団体経営_法人経営","経営体","-"
"1325","新潟県_五泉市_大蒲原村","1001","農林業経営体_計","経営体","269"
"1325","新潟県_五泉市_大蒲原村","1002","農林業経営体_個人経営","経営体","264"
"1325","新潟県_五泉市_大蒲原村","1003","農林業経営体_団体経営","経営体","5"
"1325","新潟県_五泉市_大蒲原村","1004","農林業経営体_団体経営_法人経営","経営体","4"
"1325","新潟県_五泉市_大蒲原村","1005","農業経営体_計","経営体","257"
"1325","新潟県_五泉市_大蒲原村","1006","農業経営体_個人経営","経営体","254"
"1325","新潟県_五泉市_大蒲原村","1007","農業経営体_団体経営","経営体","3"
"1325","新潟県_五泉市_大蒲原村","1008","農業経営体_団体経営_法人経営","経営体","2"
"1325","新潟県_五泉市_大蒲原村","1009","林業経営体_計","経営体","37"
"1325","新潟県_五泉市_大蒲原村","1010","林業経営体_個人経営","経営体","35"
"1325","新潟県_五泉市_大蒲原村","1011","林業経営体_団体経営","経営体","2"
"1325","新潟県_五泉市_大蒲原村","1012","林業経営体_団体経営_法人経営","経営体","2"
"1326","新潟県_五泉市_十全村","1001","農林業経営体_計","経営体","138"
"1326","新潟県_五泉市_十全村","1002","農林業経営体_個人経営","経営体","131"
"1326","新潟県_五泉市_十全村","1003","農林業経営体_団体経営","経営体","7"
"1326","新潟県_五泉市_十全村","1004","農林業経営体_団体経営_法人経営","経営体","4"
"1326","新潟県_五泉市_十全村","1005","農業経営体_計","経営体","127"
"1326","新潟県_五泉市_十全村","1006","農業経営体_個人経営","経営体","124"
"1326","新潟県_五泉市_十全村","1007","農業経営体_団体経営","経営体","3"
"1326","新潟県_五泉市_十全村","1008","農業経営体_団体経営_法人経営","経営体","1"
"1326","新潟県_五泉市_十全村","1009","林業経営体_計","経営体","20"
"1326","新潟県_五泉市_十全村","1010","林業経営体_個人経営","経営体","16"
"1326","新潟県_五泉市_十全村","1011","林業経営体_団体経営","経営体","4"
"1326","新潟県_五泉市_十全村","1012","林業経営体_団体経営_法人経営","経営体","3"
"1327","新潟県_五泉市_川内村","1001","農林業経営体_計","経営体","121"
"1327","新潟県_五泉市_川内村","1002","農林業経営体_個人経営","経営体","119"
"1327","新潟県_五泉市_川内村","1003","農林業経営体_団体経営","経営体","2"
"1327","新潟県_五泉市_川内村","1004","農林業経営体_団体経営_法人経営","経営体","2"
"1327","新潟県_五泉市_川内村","1005","農業経営体_計","経営体","117"
"1327","新潟県_五泉市_川内村","1006","農業経営体_個人経営","経営体","116"
"1327","新潟県_五泉市_川内村","1007","農業経営体_団体経営","経営体","1"
"1327","新潟県_五泉市_川内村","1008","農業経営体_団体経営_法人経営","経営体","1"
"1327","新潟県_五泉市_川内村","1009","林業経営体_計","経営体","5"
"1327","新潟県_五泉市_川内村","1010","林業経営体_個人経営","経営体","4"
"1327","新潟県_五泉市_川内村","1011","林業経営体_団体経営","経営体","1"
"1327","新潟県_五泉市_川内村","1012","林業経営体_団体経営_法人経営","経営体","1"
"1328","新潟県_上越市","1001","農林業経営体_計","経営体","3130"
"1328","新潟県_上越市","1002","農林業経営体_個人経営","経営体","2924"
"1328","新潟県_上越市","1003","農林業経営体_団体経営","経営体","206"
"1328","新潟県_上越市","1004","農林業経営体_団体経営_法人経営","経営体","174"
"1328","新潟県_上越市","1005","農業経営体_計","経営体","3111"
"1328","新潟県_上越市","1006","農業経営体_個人経営","経営体","2909"
"1328","新潟県_上越市","1007","農業経営体_団体経営","経営体","202"
"1328","新潟県_上越市","1008","農業経営体_団体経営_法人経営","経営体","171"
"1328","新潟県_上越市","1009","林業経営体_計","経営体","35"
"1328","新潟県_上越市","1010","林業経営体_個人経営","経営体","31"
"1328","新潟県_上越市","1011","林業経営体_団体経営","経営体","4"
"1328","新潟県_上越市","1012","林業経営体_団体経営_法人経営","経営体","3"
"1329","新潟県_上越市_高田市","1001","農林業経営体_計","経営体","7"
"1329","新潟県_上越市_高田市","1002","農林業経営体_個人経営","経営体","6"
"1329","新潟県_上越市_高田市","1003","農林業経営体_団体経営","経営体","1"
"1329","新潟県_上越市_高田市","1004","農林業経営体_団体経営_法人経営","経営体","1"
"1329","新潟県_上越市_高田市","1005","農業経営体_計","経営体","7"
"1329","新潟県_上越市_高田市","1006","農業経営体_個人経営","経営体","6"
"1329","新潟県_上越市_高田市","1007","農業経営体_団体経営","経営体","1"
"1329","新潟県_上越市_高田市","1008","農業経営体_団体経営_法人経営","経営体","1"
"1329","新潟県_上越市_高田市","1009","林業経営体_計","経営体","-"
"1329","新潟県_上越市_高田市","1010","林業経営体_個人経営","経営体","-"
"1329","新潟県_上越市_高田市","1011","林業経営体_団体経営","経営体","-"
"1329","新潟県_上越市_高田市","1012","林業経営体_団体経営_法人経営","経営体","-"
"1330","新潟県_上越市_新道村","1001","農林業経営体_計","経営体","46"
"1330","新潟県_上越市_新道村","1002","農林業経営体_個人経営","経営体","44"
"1330","新潟県_上越市_新道村","1003","農林業経営体_団体経営","経営体","2"
"1330","新潟県_上越市_新道村","1004","農林業経営体_団体経営_法人経営","経営体","2"
"1330","新潟県_上越市_新道村","1005","農業経営体_計","経営体","46"
"1330","新潟県_上越市_新道村","1006","農業経営体_個人経営","経営体","44"
"1330","新潟県_上越市_新道村","1007","農業経営体_団体経営","経営体","2"
"1330","新潟県_上越市_新道村","1008","農業経営体_団体経営_法人経営","経営体","2"
"1330","新潟県_上越市_新道村","1009","林業経営体_計","経営体","1"
"1330","新潟県_上越市_新道村","1010","林業経営体_個人経営","経営体","1"
"1330","新潟県_上越市_新道村","1011","林業経営体_団体経営","経営体","-"
"1330","新潟県_上越市_新道村","1012","林業経営体_団体経営_法人経営","経営体","-"
"1331","新潟県_上越市_津有村","1001","農林業経営体_計","経営体","134"
"1331","新潟県_上越市_津有村","1002","農林業経営体_個人経営","経営体","115"
"1331","新潟県_上越市_津有村","1003","農林業経営体_団体経営","経営体","19"
"1331","新潟県_上越市_津有村","1004","農林業経営体_団体経営_法人経営","経営体","19"
"1331","新潟県_上越市_津有村","1005","農業経営体_計","経営体","134"
"1331","新潟県_上越市_津有村","1006","農業経営体_個人経営","経営体","115"
"1331","新潟県_上越市_津有村","1007","農業経営体_団体経営","経営体","19"
"1331","新潟県_上越市_津有村","1008","農業経営体_団体経営_法人経営","経営体","19"
"1331","新潟県_上越市_津有村","1009","林業経営体_計","経営体","-"
"1331","新潟県_上越市_津有村","1010","林業経営体_個人経営","経営体","-"
"1331","新潟県_上越市_津有村","1011","林業経営体_団体経営","経営体","-"
"1331","新潟県_上越市_津有村","1012","林業経営体_団体経営_法人経営","経営体","-"
"1332","新潟県_上越市_諏訪村２－２","1001","農林業経営体_計","経営体","53"
"1332","新潟県_上越市_諏訪村２－２","1002","農林業経営体_個人経営","経営体","49"
"1332","新潟県_上越市_諏訪村２－２","1003","農林業経営体_団体経営","経営体","4"
"1332","新潟県_上越市_諏訪村２－２","1004","農林業経営体_団体経営_法人経営","経営体","4"
"1332","新潟県_上越市_諏訪村２－２","1005","農業経営体_計","経営体","53"
"1332","新潟県_上越市_諏訪村２－２","1006","農業経営体_個人経営","経営体","49"
"1332","新潟県_上越市_諏訪村２－２","1007","農業経営体_団体経営","経営体","4"
"1332","新潟県_上越市_諏訪村２－２","1008","農業経営体_団体経営_法人経営","経営体","4"
"1332","新潟県_上越市_諏訪村２－２","1009","林業経営体_計","経営体","-"
"1332","新潟県_上越市_諏訪村２－２","1010","林業経営体_個人経営","経営体","-"
"1332","新潟県_上越市_諏訪村２－２","1011","林業経営体_団体経営","経営体","-"
"1332","新潟県_上越市_諏訪村２－２","1012","林業経営体_団体経営_法人経営","経営体","-"
"1333","新潟県_上越市_三郷村","1001","農林業経営体_計","経営体","62"
"1333","新潟県_上越市_三郷村","1002","農林業経営体_個人経営","経営体","59"
"1333","新潟県_上越市_三郷村","1003","農林業経営体_団体経営","経営体","3"
"1333","新潟県_上越市_三郷村","1004","農林業経営体_団体経営_法人経営","経営体","2"
"1333","新潟県_上越市_三郷村","1005","農業経営体_計","経営体","62"
"1333","新潟県_上越市_三郷村","1006","農業経営体_個人経営","経営体","59"
"1333","新潟県_上越市_三郷村","1007","農業経営体_団体経営","経営体","3"
"1333","新潟県_上越市_三郷村","1008","農業経営体_団体経営_法人経営","経営体","2"
"1333","新潟県_上越市_三郷村","1009","林業経営体_計","経営体","-"
"1333","新潟県_上越市_三郷村","1010","林業経営体_個人経営","経営体","-"
"1333","新潟県_上越市_三郷村","1011","林業経営体_団体経営","経営体","-"
"1333","新潟県_上越市_三郷村","1012","林業経営体_団体経営_法人経営","経営体","-"
"1334","新潟県_上越市_和田村２－１","1001","農林業経営体_計","経営体","110"
"1334","新潟県_上越市_和田村２－１","1002","農林業経営体_個人経営","経営体","102"
"1334","新潟県_上越市_和田村２－１","1003","農林業経営体_団体経営","経営体","8"
"1334","新潟県_上越市_和田村２－１","1004","農林業経営体_団体経営_法人経営","経営体","8"
"1334","新潟県_上越市_和田村２－１","1005","農業経営体_計","経営体","110"
"1334","新潟県_上越市_和田村２－１","1006","農業経営体_個人経営","経営体","102"
"1334","新潟県_上越市_和田村２－１","1007","農業経営体_団体経営","経営体","8"
"1334","新潟県_上越市_和田村２－１","1008","農業経営体_団体経営_法人経営","経営体","8"
"1334","新潟県_上越市_和田村２－１","1009","林業経営体_計","経営体","-"
"1334","新潟県_上越市_和田村２－１","1010","林業経営体_個人経営","経営体","-"
"1334","新潟県_上越市_和田村２－１","1011","林業経営体_団体経営","経営体","-"
"1334","新潟県_上越市_和田村２－１","1012","林業経営体_団体経営_法人経営","経営体","-"
"1335","新潟県_上越市_斐太村２－２","1001","農林業経営体_計","経営体","12"
"1335","新潟県_上越市_斐太村２－２","1002","農林業経営体_個人経営","経営体","11"
"1335","新潟県_上越市_斐太村２－２","1003","農林業経営体_団体経営","経営体","1"
"1335","新潟県_上越市_斐太村２－２","1004","農林業経営体_団体経営_法人経営","経営体","-"
"1335","新潟県_上越市_斐太村２－２","1005","農業経営体_計","経営体","12"
"1335","新潟県_上越市_斐太村２－２","1006","農業経営体_個人経営","経営体","11"
"1335","新潟県_上越市_斐太村２－２","1007","農業経営体_団体経営","経営体","1"
"1335","新潟県_上越市_斐太村２－２","1008","農業経営体_団体経営_法人経営","経営体","-"
"1335","新潟県_上越市_斐太村２－２","1009","林業経営体_計","経営体","-"
"1335","新潟県_上越市_斐太村２－２","1010","林業経営体_個人経営","経営体","-"
"1335","新潟県_上越市_斐太村２－２","1011","林業経営体_団体経営","経営体","-"
"1335","新潟県_上越市_斐太村２－２","1012","林業経営体_団体経営_法人経営","経営体","-"
"1336","新潟県_上越市_金谷村","1001","農林業経営体_計","経営体","82"
"1336","新潟県_上越市_金谷村","1002","農林業経営体_個人経営","経営体","78"
"1336","新潟県_上越市_金谷村","1003","農林業経営体_団体経営","経営体","4"
"1336","新潟県_上越市_金谷村","1004","農林業経営体_団体経営_法人経営","経営体","4"
"1336","新潟県_上越市_金谷村","1005","農業経営体_計","経営体","82"
"1336","新潟県_上越市_金谷村","1006","農業経営体_個人経営","経営体","78"
"1336","新潟県_上越市_金谷村","1007","農業経営体_団体経営","経営体","4"
"1336","新潟県_上越市_金谷村","1008","農業経営体_団体経営_法人経営","経営体","4"
"1336","新潟県_上越市_金谷村","1009","林業経営体_計","経営体","-"
"1336","新潟県_上越市_金谷村","1010","林業経営体_個人経営","経営体","-"
"1336","新潟県_上越市_金谷村","1011","林業経営体_団体経営","経営体","-"
"1336","新潟県_上越市_金谷村","1012","林業経営体_団体経営_法人経営","経営体","-"
"1337","新潟県_上越市_春日村２－１","1001","農林業経営体_計","経営体","77"
"1337","新潟県_上越市_春日村２－１","1002","農林業経営体_個人経営","経営体","72"
"1337","新潟県_上越市_春日村２－１","1003","農林業経営体_団体経営","経営体","5"
"1337","新潟県_上越市_春日村２－１","1004","農林業経営体_団体経営_法人経営","経営体","3"
"1337","新潟県_上越市_春日村２－１","1005","農業経営体_計","経営体","77"
"1337","新潟県_上越市_春日村２－１","1006","農業経営体_個人経営","経営体","72"
"1337","新潟県_上越市_春日村２－１","1007","農業経営体_団体経営","経営体","5"
"1337","新潟県_上越市_春日村２－１","1008","農業経営体_団体経営_法人経営","経営体","3"
"1337","新潟県_上越市_春日村２－１","1009","林業経営体_計","経営体","2"
"1337","新潟県_上越市_春日村２－１","1010","林業経営体_個人経営","経営体","2"
"1337","新潟県_上越市_春日村２－１","1011","林業経営体_団体経営","経営体","-"
"1337","新潟県_上越市_春日村２－１","1012","林業経営体_団体経営_法人経営","経営体","-"
"1338","新潟県_上越市_高士村","1001","農林業経営体_計","経営体","69"
"1338","新潟県_上越市_高士村","1002","農林業経営体_個人経営","経営体","64"
"1338","新潟県_上越市_高士村","1003","農林業経営体_団体経営","経営体","5"
"1338","新潟県_上越市_高士村","1004","農林業経営体_団体経営_法人経営","経営体","4"
"1338","新潟県_上越市_高士村","1005","農業経営体_計","経営体","69"
"1338","新潟県_上越市_高士村","1006","農業経営体_個人経営","経営体","64"
"1338","新潟県_上越市_高士村","1007","農業経営体_団体経営","経営体","5"
"1338","新潟県_上越市_高士村","1008","農業経営体_団体経営_法人経営","経営体","4"
"1338","新潟県_上越市_高士村","1009","林業経営体_計","経営体","-"
"1338","新潟県_上越市_高士村","1010","林業経営体_個人経営","経営体","-"
"1338","新潟県_上越市_高士村","1011","林業経営体_団体経営","経営体","-"
"1338","新潟県_上越市_高士村","1012","林業経営体_団体経営_法人経営","経営体","-"
"1339","新潟県_上越市_直江津町","1001","農林業経営体_計","経営体","2"
"1339","新潟県_上越市_直江津町","1002","農林業経営体_個人経営","経営体","2"
"1339","新潟県_上越市_直江津町","1003","農林業経営体_団体経営","経営体","-"
"1339","新潟県_上越市_直江津町","1004","農林業経営体_団体経営_法人経営","経営体","-"
"1339","新潟県_上越市_直江津町","1005","農業経営体_計","経営体","2"
"1339","新潟県_上越市_直江津町","1006","農業経営体_個人経営","経営体","2"
"1339","新潟県_上越市_直江津町","1007","農業経営体_団体経営","経営体","-"
"1339","新潟県_上越市_直江津町","1008","農業経営体_団体経営_法人経営","経営体","-"
"1339","新潟県_上越市_直江津町","1009","林業経営体_計","経営体","-"
"1339","新潟県_上越市_直江津町","1010","林業経営体_個人経営","経営体","-"
"1339","新潟県_上越市_直江津町","1011","林業経営体_団体経営","経営体","-"
"1339","新潟県_上越市_直江津町","1012","林業経営体_団体経営_法人経営","経営体","-"
"1340","新潟県_上越市_春日村２－２","1001","農林業経営体_計","経営体","19"
"1340","新潟県_上越市_春日村２－２","1002","農林業経営体_個人経営","経営体","19"
"1340","新潟県_上越市_春日村２－２","1003","農林業経営体_団体経営","経営体","-"
"1340","新潟県_上越市_春日村２－２","1004","農林業経営体_団体経営_法人経営","経営体","-"
"1340","新潟県_上越市_春日村２－２","1005","農業経営体_計","経営体","18"
"1340","新潟県_上越市_春日村２－２","1006","農業経営体_個人経営","経営体","18"
"1340","新潟県_上越市_春日村２－２","1007","農業経営体_団体経営","経営体","-"
"1340","新潟県_上越市_春日村２－２","1008","農業経営体_団体経営_法人経営","経営体","-"
"1340","新潟県_上越市_春日村２－２","1009","林業経営体_計","経営体","1"
"1340","新潟県_上越市_春日村２－２","1010","林業経営体_個人経営","経営体","1"
"1340","新潟県_上越市_春日村２－２","1011","林業経営体_団体経営","経営体","-"
"1340","新潟県_上越市_春日村２－２","1012","林業経営体_団体経営_法人経営","経営体","-"
"1341","新潟県_上越市_有田村","1001","農林業経営体_計","経営体","48"
"1341","新潟県_上越市_有田村","1002","農林業経営体_個人経営","経営体","48"
"1341","新潟県_上越市_有田村","1003","農林業経営体_団体経営","経営体","-"
"1341","新潟県_上越市_有田村","1004","農林業経営体_団体経営_法人経営","経営体","-"
"1341","新潟県_上越市_有田村","1005","農業経営体_計","経営体","48"
"1341","新潟県_上越市_有田村","1006","農業経営体_個人経営","経営体","48"
"1341","新潟県_上越市_有田村","1007","農業経営体_団体経営","経営体","-"
"1341","新潟県_上越市_有田村","1008","農業経営体_団体経営_法人経営","経営体","-"
"1341","新潟県_上越市_有田村","1009","林業経営体_計","経営体","-"
"1341","新潟県_上越市_有田村","1010","林業経営体_個人経営","経営体","-"
"1341","新潟県_上越市_有田村","1011","林業経営体_団体経営","経営体","-"
"1341","新潟県_上越市_有田村","1012","林業経営体_団体経営_法人経営","経営体","-"
"1342","新潟県_上越市_八千浦村","1001","農林業経営体_計","経営体","10"
"1342","新潟県_上越市_八千浦村","1002","農林業経営体_個人経営","経営体","10"
"1342","新潟県_上越市_八千浦村","1003","農林業経営体_団体経営","経営体","-"
"1342","新潟県_上越市_八千浦村","1004","農林業経営体_団体経営_法人経営","経営体","-"
"1342","新潟県_上越市_八千浦村","1005","農業経営体_計","経営体","10"
"1342","新潟県_上越市_八千浦村","1006","農業経営体_個人経営","経営体","10"
"1342","新潟県_上越市_八千浦村","1007","農業経営体_団体経営","経営体","-"
"1342","新潟県_上越市_八千浦村","1008","農業経営体_団体経営_法人経営","経営体","-"
"1342","新潟県_上越市_八千浦村","1009","林業経営体_計","経営体","-"
"1342","新潟県_上越市_八千浦村","1010","林業経営体_個人経営","経営体","-"
"1342","新潟県_上越市_八千浦村","1011","林業経営体_団体経営","経営体","-"
"1342","新潟県_上越市_八千浦村","1012","林業経営体_団体経営_法人経営","経営体","-"
"1343","新潟県_上越市_保倉村","1001","農林業経営体_計","経営体","84"
"1343","新潟県_上越市_保倉村","1002","農林業経営体_個人経営","経営体","81"
"1343","新潟県_上越市_保倉村","1003","農林業経営体_団体経営","経営体","3"
"1343","新潟県_上越市_保倉村","1004","農林業経営体_団体経営_法人経営","経営体","3"
"1343","新潟県_上越市_保倉村","1005","農業経営体_計","経営体","84"
"1343","新潟県_上越市_保倉村","1006","農業経営体_個人経営","経営体","81"
"1343","新潟県_上越市_保倉村","1007","農業経営体_団体経営","経営体","3"
"1343","新潟県_上越市_保倉村","1008","農業経営体_団体経営_法人経営","経営体","3"
"1343","新潟県_上越市_保倉村","1009","林業経営体_計","経営体","-"
"1343","新潟県_上越市_保倉村","1010","林業経営体_個人経営","経営体","-"
"1343","新潟県_上越市_保倉村","1011","林業経営体_団体経営","経営体","-"
"1343","新潟県_上越市_保倉村","1012","林業経営体_団体経営_法人経営","経営体","-"
"1344","新潟県_上越市_諏訪村２－１","1001","農林業経営体_計","経営体","33"
"1344","新潟県_上越市_諏訪村２－１","1002","農林業経営体_個人経営","経営体","29"
"1344","新潟県_上越市_諏訪村２－１","1003","農林業経営体_団体経営","経営体","4"
"1344","新潟県_上越市_諏訪村２－１","1004","農林業経営体_団体経営_法人経営","経営体","4"
"1344","新潟県_上越市_諏訪村２－１","1005","農業経営体_計","経営体","33"
"1344","新潟県_上越市_諏訪村２－１","1006","農業経営体_個人経営","経営体","29"
"1344","新潟県_上越市_諏訪村２－１","1007","農業経営体_団体経営","経営体","4"
"1344","新潟県_上越市_諏訪村２－１","1008","農業経営体_団体経営_法人経営","経営体","4"
"1344","新潟県_上越市_諏訪村２－１","1009","林業経営体_計","経営体","-"
"1344","新潟県_上越市_諏訪村２－１","1010","林業経営体_個人経営","経営体","-"
"1344","新潟県_上越市_諏訪村２－１","1011","林業経営体_団体経営","経営体","-"
"1344","新潟県_上越市_諏訪村２－１","1012","林業経営体_団体経営_法人経営","経営体","-"
"1345","新潟県_上越市_谷浜村","1001","農林業経営体_計","経営体","40"
"1345","新潟県_上越市_谷浜村","1002","農林業経営体_個人経営","経営体","39"
"1345","新潟県_上越市_谷浜村","1003","農林業経営体_団体経営","経営体","1"
"1345","新潟県_上越市_谷浜村","1004","農林業経営体_団体経営_法人経営","経営体","1"
"1345","新潟県_上越市_谷浜村","1005","農業経営体_計","経営体","38"
"1345","新潟県_上越市_谷浜村","1006","農業経営体_個人経営","経営体","37"
"1345","新潟県_上越市_谷浜村","1007","農業経営体_団体経営","経営体","1"
"1345","新潟県_上越市_谷浜村","1008","農業経営体_団体経営_法人経営","経営体","1"
"1345","新潟県_上越市_谷浜村","1009","林業経営体_計","経営体","5"
"1345","新潟県_上越市_谷浜村","1010","林業経営体_個人経営","経営体","5"
"1345","新潟県_上越市_谷浜村","1011","林業経営体_団体経営","経営体","-"
"1345","新潟県_上越市_谷浜村","1012","林業経営体_団体経営_法人経営","経営体","-"
"1346","新潟県_上越市_桑取村","1001","農林業経営体_計","経営体","25"
"1346","新潟県_上越市_桑取村","1002","農林業経営体_個人経営","経営体","24"
"1346","新潟県_上越市_桑取村","1003","農林業経営体_団体経営","経営体","1"
"1346","新潟県_上越市_桑取村","1004","農林業経営体_団体経営_法人経営","経営体","1"
"1346","新潟県_上越市_桑取村","1005","農業経営体_計","経営体","25"
"1346","新潟県_上越市_桑取村","1006","農業経営体_個人経営","経営体","24"
"1346","新潟県_上越市_桑取村","1007","農業経営体_団体経営","経営体","1"
"1346","新潟県_上越市_桑取村","1008","農業経営体_団体経営_法人経営","経営体","1"
"1346","新潟県_上越市_桑取村","1009","林業経営体_計","経営体","1"
"1346","新潟県_上越市_桑取村","1010","林業経営体_個人経営","経営体","1"
"1346","新潟県_上越市_桑取村","1011","林業経営体_団体経営","経営体","-"
"1346","新潟県_上越市_桑取村","1012","林業経営体_団体経営_法人経営","経営体","-"
"1347","新潟県_上越市_安塚村２－１","1001","農林業経営体_計","経営体","82"
"1347","新潟県_上越市_安塚村２－１","1002","農林業経営体_個人経営","経営体","79"
"1347","新潟県_上越市_安塚村２－１","1003","農林業経営体_団体経営","経営体","3"
"1347","新潟県_上越市_安塚村２－１","1004","農林業経営体_団体経営_法人経営","経営体","1"
"1347","新潟県_上越市_安塚村２－１","1005","農業経営体_計","経営体","82"
"1347","新潟県_上越市_安塚村２－１","1006","農業経営体_個人経営","経営体","79"
"1347","新潟県_上越市_安塚村２－１","1007","農業経営体_団体経営","経営体","3"
"1347","新潟県_上越市_安塚村２－１","1008","農業経営体_団体経営_法人経営","経営体","1"
"1347","新潟県_上越市_安塚村２－１","1009","林業経営体_計","経営体","-"
"1347","新潟県_上越市_安塚村２－１","1010","林業経営体_個人経営","経営体","-"
"1347","新潟県_上越市_安塚村２－１","1011","林業経営体_団体経営","経営体","-"
"1347","新潟県_上越市_安塚村２－１","1012","林業経営体_団体経営_法人経営","経営体","-"
"1348","新潟県_上越市_菱里村","1001","農林業経営体_計","経営体","55"
"1348","新潟県_上越市_菱里村","1002","農林業経営体_個人経営","経営体","52"
"1348","新潟県_上越市_菱里村","1003","農林業経営体_団体経営","経営体","3"
"1348","新潟県_上越市_菱里村","1004","農林業経営体_団体経営_法人経営","経営体","3"
"1348","新潟県_上越市_菱里村","1005","農業経営体_計","経営体","55"
"1348","新潟県_上越市_菱里村","1006","農業経営体_個人経営","経営体","52"
"1348","新潟県_上越市_菱里村","1007","農業経営体_団体経営","経営体","3"
"1348","新潟県_上越市_菱里村","1008","農業経営体_団体経営_法人経営","経営体","3"
"1348","新潟県_上越市_菱里村","1009","林業経営体_計","経営体","-"
"1348","新潟県_上越市_菱里村","1010","林業経営体_個人経営","経営体","-"
"1348","新潟県_上越市_菱里村","1011","林業経営体_団体経営","経営体","-"
"1348","新潟県_上越市_菱里村","1012","林業経営体_団体経営_法人経営","経営体","-"
"1349","新潟県_上越市_小黒村","1001","農林業経営体_計","経営体","39"
"1349","新潟県_上越市_小黒村","1002","農林業経営体_個人経営","経営体","38"
"1349","新潟県_上越市_小黒村","1003","農林業経営体_団体経営","経営体","1"
"1349","新潟県_上越市_小黒村","1004","農林業経営体_団体経営_法人経営","経営体","1"
"1349","新潟県_上越市_小黒村","1005","農業経営体_計","経営体","39"
"1349","新潟県_上越市_小黒村","1006","農業経営体_個人経営","経営体","38"
"1349","新潟県_上越市_小黒村","1007","農業経営体_団体経営","経営体","1"
"1349","新潟県_上越市_小黒村","1008","農業経営体_団体経営_法人経営","経営体","1"
"1349","新潟県_上越市_小黒村","1009","林業経営体_計","経営体","1"
"1349","新潟県_上越市_小黒村","1010","林業経営体_個人経営","経営体","1"
"1349","新潟県_上越市_小黒村","1011","林業経営体_団体経営","経営体","-"
"1349","新潟県_上越市_小黒村","1012","林業経営体_団体経営_法人経営","経営体","-"
"1350","新潟県_上越市_下保倉村","1001","農林業経営体_計","経営体","99"
"1350","新潟県_上越市_下保倉村","1002","農林業経営体_個人経営","経営体","94"
"1350","新潟県_上越市_下保倉村","1003","農林業経営体_団体経営","経営体","5"
"1350","新潟県_上越市_下保倉村","1004","農林業経営体_団体経営_法人経営","経営体","5"
"1350","新潟県_上越市_下保倉村","1005","農業経営体_計","経営体","95"
"1350","新潟県_上越市_下保倉村","1006","農業経営体_個人経営","経営体","90"
"1350","新潟県_上越市_下保倉村","1007","農業経営体_団体経営","経営体","5"
"1350","新潟県_上越市_下保倉村","1008","農業経営体_団体経営_法人経営","経営体","5"
"1350","新潟県_上越市_下保倉村","1009","林業経営体_計","経営体","7"
"1350","新潟県_上越市_下保倉村","1010","林業経営体_個人経営","経営体","7"
"1350","新潟県_上越市_下保倉村","1011","林業経営体_団体経営","経営体","-"
"1350","新潟県_上越市_下保倉村","1012","林業経営体_団体経営_法人経営","経営体","-"
"1351","新潟県_上越市_安塚村２－２","1001","農林業経営体_計","経営体","51"
"1351","新潟県_上越市_安塚村２－２","1002","農林業経営体_個人経営","経営体","48"
"1351","新潟県_上越市_安塚村２－２","1003","農林業経営体_団体経営","経営体","3"
"1351","新潟県_上越市_安塚村２－２","1004","農林業経営体_団体経営_法人経営","経営体","3"
"1351","新潟県_上越市_安塚村２－２","1005","農業経営体_計","経営体","50"
"1351","新潟県_上越市_安塚村２－２","1006","農業経営体_個人経営","経営体","47"
"1351","新潟県_上越市_安塚村２－２","1007","農業経営体_団体経営","経営体","3"
"1351","新潟県_上越市_安塚村２－２","1008","農業経営体_団体経営_法人経営","経営体","3"
"1351","新潟県_上越市_安塚村２－２","1009","林業経営体_計","経営体","1"
"1351","新潟県_上越市_安塚村２－２","1010","林業経営体_個人経営","経営体","1"
"1351","新潟県_上越市_安塚村２－２","1011","林業経営体_団体経営","経営体","-"
"1351","新潟県_上越市_安塚村２－２","1012","林業経営体_団体経営_法人経営","経営体","-"
"1352","新潟県_上越市_沖見村２－２","1001","農林業経営体_計","経営体","3"
"1352","新潟県_上越市_沖見村２－２","1002","農林業経営体_個人経営","経営体","3"
"1352","新潟県_上越市_沖見村２－２","1003","農林業経営体_団体経営","経営体","-"
"1352","新潟県_上越市_沖見村２－２","1004","農林業経営体_団体経営_法人経営","経営体","-"
"1352","新潟県_上越市_沖見村２－２","1005","農業経営体_計","経営体","3"
"1352","新潟県_上越市_沖見村２－２","1006","農業経営体_個人経営","経営体","3"
"1352","新潟県_上越市_沖見村２－２","1007","農業経営体_団体経営","経営体","-"
"1352","新潟県_上越市_沖見村２－２","1008","農業経営体_団体経営_法人経営","経営体","-"
"1352","新潟県_上越市_沖見村２－２","1009","林業経営体_計","経営体","-"
"1352","新潟県_上越市_沖見村２－２","1010","林業経営体_個人経営","経営体","-"
"1352","新潟県_上越市_沖見村２－２","1011","林業経営体_団体経営","経営体","-"
"1352","新潟県_上越市_沖見村２－２","1012","林業経営体_団体経営_法人経営","経営体","-"
"1353","新潟県_上越市_大島村","1001","農林業経営体_計","経営体","68"
"1353","新潟県_上越市_大島村","1002","農林業経営体_個人経営","経営体","64"
"1353","新潟県_上越市_大島村","1003","農林業経営体_団体経営","経営体","4"
"1353","新潟県_上越市_大島村","1004","農林業経営体_団体経営_法人経営","経営体","3"
"1353","新潟県_上越市_大島村","1005","農業経営体_計","経営体","67"
"1353","新潟県_上越市_大島村","1006","農業経営体_個人経営","経営体","64"
"1353","新潟県_上越市_大島村","1007","農業経営体_団体経営","経営体","3"
"1353","新潟県_上越市_大島村","1008","農業経営体_団体経営_法人経営","経営体","2"
"1353","新潟県_上越市_大島村","1009","林業経営体_計","経営体","2"
"1353","新潟県_上越市_大島村","1010","林業経営体_個人経営","経営体","1"
"1353","新潟県_上越市_大島村","1011","林業経営体_団体経営","経営体","1"
"1353","新潟県_上越市_大島村","1012","林業経営体_団体経営_法人経営","経営体","1"
"1354","新潟県_上越市_保倉村","1001","農林業経営体_計","経営体","56"
"1354","新潟県_上越市_保倉村","1002","農林業経営体_個人経営","経営体","54"
"1354","新潟県_上越市_保倉村","1003","農林業経営体_団体経営","経営体","2"
"1354","新潟県_上越市_保倉村","1004","農林業経営体_団体経営_法人経営","経営体","2"
"1354","新潟県_上越市_保倉村","1005","農業経営体_計","経営体","56"
"1354","新潟県_上越市_保倉村","1006","農業経営体_個人経営","経営体","54"
"1354","新潟県_上越市_保倉村","1007","農業経営体_団体経営","経営体","2"
"1354","新潟県_上越市_保倉村","1008","農業経営体_団体経営_法人経営","経営体","2"
"1354","新潟県_上越市_保倉村","1009","林業経営体_計","経営体","1"
"1354","新潟県_上越市_保倉村","1010","林業経営体_個人経営","経営体","1"
"1354","新潟県_上越市_保倉村","1011","林業経営体_団体経営","経営体","-"
"1354","新潟県_上越市_保倉村","1012","林業経営体_団体経営_法人経営","経営体","-"
"1355","新潟県_上越市_旭村","1001","農林業経営体_計","経営体","39"
"1355","新潟県_上越市_旭村","1002","農林業経営体_個人経営","経営体","38"
"1355","新潟県_上越市_旭村","1003","農林業経営体_団体経営","経営体","1"
"1355","新潟県_上越市_旭村","1004","農林業経営体_団体経営_法人経営","経営体","1"
"1355","新潟県_上越市_旭村","1005","農業経営体_計","経営体","38"
"1355","新潟県_上越市_旭村","1006","農業経営体_個人経営","経営体","37"
"1355","新潟県_上越市_旭村","1007","農業経営体_団体経営","経営体","1"
"1355","新潟県_上越市_旭村","1008","農業経営体_団体経営_法人経営","経営体","1"
"1355","新潟県_上越市_旭村","1009","林業経営体_計","経営体","1"
"1355","新潟県_上越市_旭村","1010","林業経営体_個人経営","経営体","1"
"1355","新潟県_上越市_旭村","1011","林業経営体_団体経営","経営体","-"
"1355","新潟県_上越市_旭村","1012","林業経営体_団体経営_法人経営","経営体","-"
"1356","新潟県_上越市_牧村","1001","農林業経営体_計","経営体","111"
"1356","新潟県_上越市_牧村","1002","農林業経営体_個人経営","経営体","102"
"1356","新潟県_上越市_牧村","1003","農林業経営体_団体経営","経営体","9"
"1356","新潟県_上越市_牧村","1004","農林業経営体_団体経営_法人経営","経営体","7"
"1356","新潟県_上越市_牧村","1005","農業経営体_計","経営体","111"
"1356","新潟県_上越市_牧村","1006","農業経営体_個人経営","経営体","102"
"1356","新潟県_上越市_牧村","1007","農業経営体_団体経営","経営体","9"
"1356","新潟県_上越市_牧村","1008","農業経営体_団体経営_法人経営","経営体","7"
"1356","新潟県_上越市_牧村","1009","林業経営体_計","経営体","-"
"1356","新潟県_上越市_牧村","1010","林業経営体_個人経営","経営体","-"
"1356","新潟県_上越市_牧村","1011","林業経営体_団体経営","経営体","-"
"1356","新潟県_上越市_牧村","1012","林業経営体_団体経営_法人経営","経営体","-"
"1357","新潟県_上越市_沖見村２－１","1001","農林業経営体_計","経営体","22"
"1357","新潟県_上越市_沖見村２－１","1002","農林業経営体_個人経営","経営体","20"
"1357","新潟県_上越市_沖見村２－１","1003","農林業経営体_団体経営","経営体","2"
"1357","新潟県_上越市_沖見村２－１","1004","農林業経営体_団体経営_法人経営","経営体","2"
"1357","新潟県_上越市_沖見村２－１","1005","農業経営体_計","経営体","22"
"1357","新潟県_上越市_沖見村２－１","1006","農業経営体_個人経営","経営体","20"
"1357","新潟県_上越市_沖見村２－１","1007","農業経営体_団体経営","経営体","2"
"1357","新潟県_上越市_沖見村２－１","1008","農業経営体_団体経営_法人経営","経営体","2"
"1357","新潟県_上越市_沖見村２－１","1009","林業経営体_計","経営体","-"
"1357","新潟県_上越市_沖見村２－１","1010","林業経営体_個人経営","経営体","-"
"1357","新潟県_上越市_沖見村２－１","1011","林業経営体_団体経営","経営体","-"
"1357","新潟県_上越市_沖見村２－１","1012","林業経営体_団体経営_法人経営","経営体","-"
"1358","新潟県_上越市_柿崎町","1001","農林業経営体_計","経営体","83"
"1358","新潟県_上越市_柿崎町","1002","農林業経営体_個人経営","経営体","80"
"1358","新潟県_上越市_柿崎町","1003","農林業経営体_団体経営","経営体","3"
"1358","新潟県_上越市_柿崎町","1004","農林業経営体_団体経営_法人経営","経営体","3"
"1358","新潟県_上越市_柿崎町","1005","農業経営体_計","経営体","81"
"1358","新潟県_上越市_柿崎町","1006","農業経営体_個人経営","経営体","78"
"1358","新潟県_上越市_柿崎町","1007","農業経営体_団体経営","経営体","3"
"1358","新潟県_上越市_柿崎町","1008","農業経営体_団体経営_法人経営","経営体","3"
"1358","新潟県_上越市_柿崎町","1009","林業経営体_計","経営体","2"
"1358","新潟県_上越市_柿崎町","1010","林業経営体_個人経営","経営体","2"
"1358","新潟県_上越市_柿崎町","1011","林業経営体_団体経営","経営体","-"
"1358","新潟県_上越市_柿崎町","1012","林業経営体_団体経営_法人経営","経営体","-"
"1359","新潟県_上越市_下黒川村","1001","農林業経営体_計","経営体","99"
"1359","新潟県_上越市_下黒川村","1002","農林業経営体_個人経営","経営体","93"
"1359","新潟県_上越市_下黒川村","1003","農林業経営体_団体経営","経営体","6"
"1359","新潟県_上越市_下黒川村","1004","農林業経営体_団体経営_法人経営","経営体","4"
"1359","新潟県_上越市_下黒川村","1005","農業経営体_計","経営体","98"
"1359","新潟県_上越市_下黒川村","1006","農業経営体_個人経営","経営体","92"
"1359","新潟県_上越市_下黒川村","1007","農業経営体_団体経営","経営体","6"
"1359","新潟県_上越市_下黒川村","1008","農業経営体_団体経営_法人経営","経営体","4"
"1359","新潟県_上越市_下黒川村","1009","林業経営体_計","経営体","1"
"1359","新潟県_上越市_下黒川村","1010","林業経営体_個人経営","経営体","1"
"1359","新潟県_上越市_下黒川村","1011","林業経営体_団体経営","経営体","-"
"1359","新潟県_上越市_下黒川村","1012","林業経営体_団体経営_法人経営","経営体","-"
"1360","新潟県_上越市_黒川村","1001","農林業経営体_計","経営体","89"
"1360","新潟県_上越市_黒川村","1002","農林業経営体_個人経営","経営体","84"
"1360","新潟県_上越市_黒川村","1003","農林業経営体_団体経営","経営体","5"
"1360","新潟県_上越市_黒川村","1004","農林業経営体_団体経営_法人経営","経営体","-"
"1360","新潟県_上越市_黒川村","1005","農業経営体_計","経営体","89"
"1360","新潟県_上越市_黒川村","1006","農業経営体_個人経営","経営体","84"
"1360","新潟県_上越市_黒川村","1007","農業経営体_団体経営","経営体","5"
"1360","新潟県_上越市_黒川村","1008","農業経営体_団体経営_法人経営","経営体","-"
"1360","新潟県_上越市_黒川村","1009","林業経営体_計","経営体","-"
"1360","新潟県_上越市_黒川村","1010","林業経営体_個人経営","経営体","-"
"1360","新潟県_上越市_黒川村","1011","林業経営体_団体経営","経営体","-"
"1360","新潟県_上越市_黒川村","1012","林業経営体_団体経営_法人経営","経営体","-"
"1361","新潟県_上越市_黒岩村","1001","農林業経営体_計","経営体","10"
"1361","新潟県_上越市_黒岩村","1002","農林業経営体_個人経営","経営体","10"
"1361","新潟県_上越市_黒岩村","1003","農林業経営体_団体経営","経営体","-"
"1361","新潟県_上越市_黒岩村","1004","農林業経営体_団体経営_法人経営","経営体","-"
"1361","新潟県_上越市_黒岩村","1005","農業経営体_計","経営体","10"
"1361","新潟県_上越市_黒岩村","1006","農業経営体_個人経営","経営体","10"
"1361","新潟県_上越市_黒岩村","1007","農業経営体_団体経営","経営体","-"
"1361","新潟県_上越市_黒岩村","1008","農業経営体_団体経営_法人経営","経営体","-"
"1361","新潟県_上越市_黒岩村","1009","林業経営体_計","経営体","-"
"1361","新潟県_上越市_黒岩村","1010","林業経営体_個人経営","経営体","-"
"1361","新潟県_上越市_黒岩村","1011","林業経営体_団体経営","経営体","-"
"1361","新潟県_上越市_黒岩村","1012","林業経営体_団体経営_法人経営","経営体","-"
"1362","新潟県_上越市_米山村２－２－１","1001","農林業経営体_計","経営体","6"
"1362","新潟県_上越市_米山村２－２－１","1002","農林業経営体_個人経営","経営体","6"
"1362","新潟県_上越市_米山村２－２－１","1003","農林業経営体_団体経営","経営体","-"
"1362","新潟県_上越市_米山村２－２－１","1004","農林業経営体_団体経営_法人経営","経営体","-"
"1362","新潟県_上越市_米山村２－２－１","1005","農業経営体_計","経営体","6"
"1362","新潟県_上越市_米山村２－２－１","1006","農業経営体_個人経営","経営体","6"
"1362","新潟県_上越市_米山村２－２－１","1007","農業経営体_団体経営","経営体","-"
"1362","新潟県_上越市_米山村２－２－１","1008","農業経営体_団体経営_法人経営","経営体","-"
"1362","新潟県_上越市_米山村２－２－１","1009","林業経営体_計","経営体","-"
"1362","新潟県_上越市_米山村２－２－１","1010","林業経営体_個人経営","経営体","-"
"1362","新潟県_上越市_米山村２－２－１","1011","林業経営体_団体経営","経営体","-"
"1362","新潟県_上越市_米山村２－２－１","1012","林業経営体_団体経営_法人経営","経営体","-"
"1363","新潟県_上越市_潟町村","1001","農林業経営体_計","経営体","48"
"1363","新潟県_上越市_潟町村","1002","農林業経営体_個人経営","経営体","46"
"1363","新潟県_上越市_潟町村","1003","農林業経営体_団体経営","経営体","2"
"1363","新潟県_上越市_潟町村","1004","農林業経営体_団体経営_法人経営","経営体","2"
"1363","新潟県_上越市_潟町村","1005","農業経営体_計","経営体","48"
"1363","新潟県_上越市_潟町村","1006","農業経営体_個人経営","経営体","46"
"1363","新潟県_上越市_潟町村","1007","農業経営体_団体経営","経営体","2"
"1363","新潟県_上越市_潟町村","1008","農業経営体_団体経営_法人経営","経営体","2"
"1363","新潟県_上越市_潟町村","1009","林業経営体_計","経営体","-"
"1363","新潟県_上越市_潟町村","1010","林業経営体_個人経営","経営体","-"
"1363","新潟県_上越市_潟町村","1011","林業経営体_団体経営","経営体","-"
"1363","新潟県_上越市_潟町村","1012","林業経営体_団体経営_法人経営","経営体","-"
"1364","新潟県_上越市_旭村２－２","1001","農林業経営体_計","経営体","29"
"1364","新潟県_上越市_旭村２－２","1002","農林業経営体_個人経営","経営体","28"
"1364","新潟県_上越市_旭村２－２","1003","農林業経営体_団体経営","経営体","1"
"1364","新潟県_上越市_旭村２－２","1004","農林業経営体_団体経営_法人経営","経営体","1"
"1364","新潟県_上越市_旭村２－２","1005","農業経営体_計","経営体","29"
"1364","新潟県_上越市_旭村２－２","1006","農業経営体_個人経営","経営体","28"
"1364","新潟県_上越市_旭村２－２","1007","農業経営体_団体経営","経営体","1"
"1364","新潟県_上越市_旭村２－２","1008","農業経営体_団体経営_法人経営","経営体","1"
"1364","新潟県_上越市_旭村２－２","1009","林業経営体_計","経営体","-"
"1364","新潟県_上越市_旭村２－２","1010","林業経営体_個人経営","経営体","-"
"1364","新潟県_上越市_旭村２－２","1011","林業経営体_団体経営","経営体","-"
"1364","新潟県_上越市_旭村２－２","1012","林業経営体_団体経営_法人経営","経営体","-"
"1365","新潟県_上越市_大瀁村","1001","農林業経営体_計","経営体","117"
"1365","新潟県_上越市_大瀁村","1002","農林業経営体_個人経営","経営体","104"
"1365","新潟県_上越市_大瀁村","1003","農林業経営体_団体経営","経営体","13"
"1365","新潟県_上越市_大瀁村","1004","農林業経営体_団体経営_法人経営","経営体","13"
"1365","新潟県_上越市_大瀁村","1005","農業経営体_計","経営体","117"
"1365","新潟県_上越市_大瀁村","1006","農業経営体_個人経営","経営体","104"
"1365","新潟県_上越市_大瀁村","1007","農業経営体_団体経営","経営体","13"
"1365","新潟県_上越市_大瀁村","1008","農業経営体_団体経営_法人経営","経営体","13"
"1365","新潟県_上越市_大瀁村","1009","林業経営体_計","経営体","-"
"1365","新潟県_上越市_大瀁村","1010","林業経営体_個人経営","経営体","-"
"1365","新潟県_上越市_大瀁村","1011","林業経営体_団体経営","経営体","-"
"1365","新潟県_上越市_大瀁村","1012","林業経営体_団体経営_法人経営","経営体","-"
"1366","新潟県_上越市_明治村","1001","農林業経営体_計","経営体","73"
"1366","新潟県_上越市_明治村","1002","農林業経営体_個人経営","経営体","66"
"1366","新潟県_上越市_明治村","1003","農林業経営体_団体経営","経営体","7"
"1366","新潟県_上越市_明治村","1004","農林業経営体_団体経営_法人経営","経営体","7"
"1366","新潟県_上越市_明治村","1005","農業経営体_計","経営体","73"
"1366","新潟県_上越市_明治村","1006","農業経営体_個人経営","経営体","66"
"1366","新潟県_上越市_明治村","1007","農業経営体_団体経営","経営体","7"
"1366","新潟県_上越市_明治村","1008","農業経営体_団体経営_法人経営","経営体","7"
"1366","新潟県_上越市_明治村","1009","林業経営体_計","経営体","-"
"1366","新潟県_上越市_明治村","1010","林業経営体_個人経営","経営体","-"
"1366","新潟県_上越市_明治村","1011","林業経営体_団体経営","経営体","-"
"1366","新潟県_上越市_明治村","1012","林業経営体_団体経営_法人経営","経営体","-"
"1367","新潟県_上越市_吉川村","1001","農林業経営体_計","経営体","135"
"1367","新潟県_上越市_吉川村","1002","農林業経営体_個人経営","経営体","122"
"1367","新潟県_上越市_吉川村","1003","農林業経営体_団体経営","経営体","13"
"1367","新潟県_上越市_吉川村","1004","農林業経営体_団体経営_法人経営","経営体","13"
"1367","新潟県_上越市_吉川村","1005","農業経営体_計","経営体","134"
"1367","新潟県_上越市_吉川村","1006","農業経営体_個人経営","経営体","121"
"1367","新潟県_上越市_吉川村","1007","農業経営体_団体経営","経営体","13"
"1367","新潟県_上越市_吉川村","1008","農業経営体_団体経営_法人経営","経営体","13"
"1367","新潟県_上越市_吉川村","1009","林業経営体_計","経営体","1"
"1367","新潟県_上越市_吉川村","1010","林業経営体_個人経営","経営体","1"
"1367","新潟県_上越市_吉川村","1011","林業経営体_団体経営","経営体","-"
"1367","新潟県_上越市_吉川村","1012","林業経営体_団体経営_法人経営","経営体","-"
"1368","新潟県_上越市_源村","1001","農林業経営体_計","経営体","42"
"1368","新潟県_上越市_源村","1002","農林業経営体_個人経営","経営体","39"
"1368","新潟県_上越市_源村","1003","農林業経営体_団体経営","経営体","3"
"1368","新潟県_上越市_源村","1004","農林業経営体_団体経営_法人経営","経営体","3"
"1368","新潟県_上越市_源村","1005","農業経営体_計","経営体","42"
"1368","新潟県_上越市_源村","1006","農業経営体_個人経営","経営体","39"
"1368","新潟県_上越市_源村","1007","農業経営体_団体経営","経営体","3"
"1368","新潟県_上越市_源村","1008","農業経営体_団体経営_法人経営","経営体","3"
"1368","新潟県_上越市_源村","1009","林業経営体_計","経営体","2"
"1368","新潟県_上越市_源村","1010","林業経営体_個人経営","経営体","2"
"1368","新潟県_上越市_源村","1011","林業経営体_団体経営","経営体","-"
"1368","新潟県_上越市_源村","1012","林業経営体_団体経営_法人経営","経営体","-"
"1369","新潟県_上越市_旭村２－１","1001","農林業経営体_計","経営体","27"
"1369","新潟県_上越市_旭村２－１","1002","農林業経営体_個人経営","経営体","20"
"1369","新潟県_上越市_旭村２－１","1003","農林業経営体_団体経営","経営体","7"
"1369","新潟県_上越市_旭村２－１","1004","農林業経営体_団体経営_法人経営","経営体","7"
"1369","新潟県_上越市_旭村２－１","1005","農業経営体_計","経営体","27"
"1369","新潟県_上越市_旭村２－１","1006","農業経営体_個人経営","経営体","20"
"1369","新潟県_上越市_旭村２－１","1007","農業経営体_団体経営","経営体","7"
"1369","新潟県_上越市_旭村２－１","1008","農業経営体_団体経営_法人経営","経営体","7"
"1369","新潟県_上越市_旭村２－１","1009","林業経営体_計","経営体","-"
"1369","新潟県_上越市_旭村２－１","1010","林業経営体_個人経営","経営体","-"
"1369","新潟県_上越市_旭村２－１","1011","林業経営体_団体経営","経営体","-"
"1369","新潟県_上越市_旭村２－１","1012","林業経営体_団体経営_法人経営","経営体","-"
"1370","新潟県_上越市_中郷村","1001","農林業経営体_計","経営体","105"
"1370","新潟県_上越市_中郷村","1002","農林業経営体_個人経営","経営体","104"
"1370","新潟県_上越市_中郷村","1003","農林業経営体_団体経営","経営体","1"
"1370","新潟県_上越市_中郷村","1004","農林業経営体_団体経営_法人経営","経営体","1"
"1370","新潟県_上越市_中郷村","1005","農業経営体_計","経営体","105"
"1370","新潟県_上越市_中郷村","1006","農業経営体_個人経営","経営体","104"
"1370","新潟県_上越市_中郷村","1007","農業経営体_団体経営","経営体","1"
"1370","新潟県_上越市_中郷村","1008","農業経営体_団体経営_法人経営","経営体","1"
"1370","新潟県_上越市_中郷村","1009","林業経営体_計","経営体","-"
"1370","新潟県_上越市_中郷村","1010","林業経営体_個人経営","経営体","-"
"1370","新潟県_上越市_中郷村","1011","林業経営体_団体経営","経営体","-"
"1370","新潟県_上越市_中郷村","1012","林業経営体_団体経営_法人経営","経営体","-"
"1371","新潟県_上越市_矢代村２－２","1001","農林業経営体_計","経営体","39"
"1371","新潟県_上越市_矢代村２－２","1002","農林業経営体_個人経営","経営体","36"
"1371","新潟県_上越市_矢代村２－２","1003","農林業経営体_団体経営","経営体","3"
"1371","新潟県_上越市_矢代村２－２","1004","農林業経営体_団体経営_法人経営","経営体","1"
"1371","新潟県_上越市_矢代村２－２","1005","農業経営体_計","経営体","38"
"1371","新潟県_上越市_矢代村２－２","1006","農業経営体_個人経営","経営体","36"
"1371","新潟県_上越市_矢代村２－２","1007","農業経営体_団体経営","経営体","2"
"1371","新潟県_上越市_矢代村２－２","1008","農業経営体_団体経営_法人経営","経営体","1"
"1371","新潟県_上越市_矢代村２－２","1009","林業経営体_計","経営体","1"
"1371","新潟県_上越市_矢代村２－２","1010","林業経営体_個人経営","経営体","-"
"1371","新潟県_上越市_矢代村２－２","1011","林業経営体_団体経営","経営体","1"
"1371","新潟県_上越市_矢代村２－２","1012","林業経営体_団体経営_法人経営","経営体","-"
"1372","新潟県_上越市_板倉村","1001","農林業経営体_計","経営体","233"
"1372","新潟県_上越市_板倉村","1002","農林業経営体_個人経営","経営体","213"
"1372","新潟県_上越市_板倉村","1003","農林業経営体_団体経営","経営体","20"
"1372","新潟県_上越市_板倉村","1004","農林業経営体_団体経営_法人経営","経営体","10"
"1372","新潟県_上越市_板倉村","1005","農業経営体_計","経営体","233"
"1372","新潟県_上越市_板倉村","1006","農業経営体_個人経営","経営体","213"
"1372","新潟県_上越市_板倉村","1007","農業経営体_団体経営","経営体","20"
"1372","新潟県_上越市_板倉村","1008","農業経営体_団体経営_法人経営","経営体","10"
"1372","新潟県_上越市_板倉村","1009","林業経営体_計","経営体","-"
"1372","新潟県_上越市_板倉村","1010","林業経営体_個人経営","経営体","-"
"1372","新潟県_上越市_板倉村","1011","林業経営体_団体経営","経営体","-"
"1372","新潟県_上越市_板倉村","1012","林業経営体_団体経営_法人経営","経営体","-"
"1373","新潟県_上越市_寺野村","1001","農林業経営体_計","経営体","29"
"1373","新潟県_上越市_寺野村","1002","農林業経営体_個人経営","経営体","28"
"1373","新潟県_上越市_寺野村","1003","農林業経営体_団体経営","経営体","1"
"1373","新潟県_上越市_寺野村","1004","農林業経営体_団体経営_法人経営","経営体","-"
"1373","新潟県_上越市_寺野村","1005","農業経営体_計","経営体","29"
"1373","新潟県_上越市_寺野村","1006","農業経営体_個人経営","経営体","28"
"1373","新潟県_上越市_寺野村","1007","農業経営体_団体経営","経営体","1"
"1373","新潟県_上越市_寺野村","1008","農業経営体_団体経営_法人経営","経営体","-"
"1373","新潟県_上越市_寺野村","1009","林業経営体_計","経営体","-"
"1373","新潟県_上越市_寺野村","1010","林業経営体_個人経営","経営体","-"
"1373","新潟県_上越市_寺野村","1011","林業経営体_団体経営","経営体","-"
"1373","新潟県_上越市_寺野村","1012","林業経営体_団体経営_法人経営","経営体","-"
"1374","新潟県_上越市_菅原村","1001","農林業経営体_計","経営体","75"
"1374","新潟県_上越市_菅原村","1002","農林業経営体_個人経営","経営体","73"
"1374","新潟県_上越市_菅原村","1003","農林業経営体_団体経営","経営体","2"
"1374","新潟県_上越市_菅原村","1004","農林業経営体_団体経営_法人経営","経営体","2"
"1374","新潟県_上越市_菅原村","1005","農業経営体_計","経営体","75"
"1374","新潟県_上越市_菅原村","1006","農業経営体_個人経営","経営体","73"
"1374","新潟県_上越市_菅原村","1007","農業経営体_団体経営","経営体","2"
"1374","新潟県_上越市_菅原村","1008","農業経営体_団体経営_法人経営","経営体","2"
"1374","新潟県_上越市_菅原村","1009","林業経営体_計","経営体","-"
"1374","新潟県_上越市_菅原村","1010","林業経営体_個人経営","経営体","-"
"1374","新潟県_上越市_菅原村","1011","林業経営体_団体経営","経営体","-"
"1374","新潟県_上越市_菅原村","1012","林業経営体_団体経営_法人経営","経営体","-"
"1375","新潟県_上越市_櫛池村","1001","農林業経営体_計","経営体","51"
"1375","新潟県_上越市_櫛池村","1002","農林業経営体_個人経営","経営体","47"
"1375","新潟県_上越市_櫛池村","1003","農林業経営体_団体経営","経営体","4"
"1375","新潟県_上越市_櫛池村","1004","農林業経営体_団体経営_法人経営","経営体","4"
"1375","新潟県_上越市_櫛池村","1005","農業経営体_計","経営体","51"
"1375","新潟県_上越市_櫛池村","1006","農業経営体_個人経営","経営体","47"
"1375","新潟県_上越市_櫛池村","1007","農業経営体_団体経営","経営体","4"
"1375","新潟県_上越市_櫛池村","1008","農業経営体_団体経営_法人経営","経営体","4"
"1375","新潟県_上越市_櫛池村","1009","林業経営体_計","経営体","-"
"1375","新潟県_上越市_櫛池村","1010","林業経営体_個人経営","経営体","-"
"1375","新潟県_上越市_櫛池村","1011","林業経営体_団体経営","経営体","-"
"1375","新潟県_上越市_櫛池村","1012","林業経営体_団体経営_法人経営","経営体","-"
"1376","新潟県_上越市_里五十公野村","1001","農林業経営体_計","経営体","56"
"1376","新潟県_上越市_里五十公野村","1002","農林業経営体_個人経営","経営体","49"
"1376","新潟県_上越市_里五十公野村","1003","農林業経営体_団体経営","経営体","7"
"1376","新潟県_上越市_里五十公野村","1004","農林業経営体_団体経営_法人経営","経営体","6"
"1376","新潟県_上越市_里五十公野村","1005","農業経営体_計","経営体","54"
"1376","新潟県_上越市_里五十公野村","1006","農業経営体_個人経営","経営体","47"
"1376","新潟県_上越市_里五十公野村","1007","農業経営体_団体経営","経営体","7"
"1376","新潟県_上越市_里五十公野村","1008","農業経営体_団体経営_法人経営","経営体","6"
"1376","新潟県_上越市_里五十公野村","1009","林業経営体_計","経営体","2"
"1376","新潟県_上越市_里五十公野村","1010","林業経営体_個人経営","経営体","2"
"1376","新潟県_上越市_里五十公野村","1011","林業経営体_団体経営","経営体","-"
"1376","新潟県_上越市_里五十公野村","1012","林業経営体_団体経営_法人経営","経営体","-"
"1377","新潟県_上越市_上杉村","1001","農林業経営体_計","経営体","61"
"1377","新潟県_上越市_上杉村","1002","農林業経営体_個人経営","経営体","56"
"1377","新潟県_上越市_上杉村","1003","農林業経営体_団体経営","経営体","5"
"1377","新潟県_上越市_上杉村","1004","農林業経営体_団体経営_法人経営","経営体","5"
"1377","新潟県_上越市_上杉村","1005","農業経営体_計","経営体","61"
"1377","新潟県_上越市_上杉村","1006","農業経営体_個人経営","経営体","56"
"1377","新潟県_上越市_上杉村","1007","農業経営体_団体経営","経営体","5"
"1377","新潟県_上越市_上杉村","1008","農業経営体_団体経営_法人経営","経営体","5"
"1377","新潟県_上越市_上杉村","1009","林業経営体_計","経営体","-"
"1377","新潟県_上越市_上杉村","1010","林業経営体_個人経営","経営体","-"
"1377","新潟県_上越市_上杉村","1011","林業経営体_団体経営","経営体","-"
"1377","新潟県_上越市_上杉村","1012","林業経営体_団体経営_法人経営","経営体","-"
"1378","新潟県_上越市_美守村","1001","農林業経営体_計","経営体","76"
"1378","新潟県_上越市_美守村","1002","農林業経営体_個人経営","経営体","71"
"1378","新潟県_上越市_美守村","1003","農林業経営体_団体経営","経営体","5"
"1378","新潟県_上越市_美守村","1004","農林業経営体_団体経営_法人経営","経営体","5"
"1378","新潟県_上越市_美守村","1005","農業経営体_計","経営体","76"
"1378","新潟県_上越市_美守村","1006","農業経営体_個人経営","経営体","71"
"1378","新潟県_上越市_美守村","1007","農業経営体_団体経営","経営体","5"
"1378","新潟県_上越市_美守村","1008","農業経営体_団体経営_法人経営","経営体","5"
"1378","新潟県_上越市_美守村","1009","林業経営体_計","経営体","-"
"1378","新潟県_上越市_美守村","1010","林業経営体_個人経営","経営体","-"
"1378","新潟県_上越市_美守村","1011","林業経営体_団体経営","経営体","-"
"1378","新潟県_上越市_美守村","1012","林業経営体_団体経営_法人経営","経営体","-"
"1379","新潟県_上越市_名立町","1001","農林業経営体_計","経営体","12"
"1379","新潟県_上越市_名立町","1002","農林業経営体_個人経営","経営体","11"
"1379","新潟県_上越市_名立町","1003","農林業経営体_団体経営","経営体","1"
"1379","新潟県_上越市_名立町","1004","農林業経営体_団体経営_法人経営","経営体","1"
"1379","新潟県_上越市_名立町","1005","農業経営体_計","経営体","11"
"1379","新潟県_上越市_名立町","1006","農業経営体_個人経営","経営体","11"
"1379","新潟県_上越市_名立町","1007","農業経営体_団体経営","経営体","-"
"1379","新潟県_上越市_名立町","1008","農業経営体_団体経営_法人経営","経営体","-"
"1379","新潟県_上越市_名立町","1009","林業経営体_計","経営体","1"
"1379","新潟県_上越市_名立町","1010","林業経営体_個人経営","経営体","-"
"1379","新潟県_上越市_名立町","1011","林業経営体_団体経営","経営体","1"
"1379","新潟県_上越市_名立町","1012","林業経営体_団体経営_法人経営","経営体","1"
"1380","新潟県_上越市_名立村","1001","農林業経営体_計","経営体","97"
"1380","新潟県_上越市_名立村","1002","農林業経営体_個人経営","経営体","94"
"1380","新潟県_上越市_名立村","1003","農林業経営体_団体経営","経営体","3"
"1380","新潟県_上越市_名立村","1004","農林業経営体_団体経営_法人経営","経営体","2"
"1380","新潟県_上越市_名立村","1005","農業経営体_計","経営体","96"
"1380","新潟県_上越市_名立村","1006","農業経営体_個人経営","経営体","94"
"1380","新潟県_上越市_名立村","1007","農業経営体_団体経営","経営体","2"
"1380","新潟県_上越市_名立村","1008","農業経営体_団体経営_法人経営","経営体","1"
"1380","新潟県_上越市_名立村","1009","林業経営体_計","経営体","2"
"1380","新潟県_上越市_名立村","1010","林業経営体_個人経営","経営体","1"
"1380","新潟県_上越市_名立村","1011","林業経営体_団体経営","経営体","1"
"1380","新潟県_上越市_名立村","1012","林業経営体_団体経営_法人経営","経営体","1"
"1381","新潟県_阿賀野市","1001","農林業経営体_計","経営体","1740"
"1381","新潟県_阿賀野市","1002","農林業経営体_個人経営","経営体","1702"
"1381","新潟県_阿賀野市","1003","農林業経営体_団体経営","経営体","38"
"1381","新潟県_阿賀野市","1004","農林業経営体_団体経営_法人経営","経営体","33"
"1381","新潟県_阿賀野市","1005","農業経営体_計","経営体","1731"
"1381","新潟県_阿賀野市","1006","農業経営体_個人経営","経営体","1697"
"1381","新潟県_阿賀野市","1007","農業経営体_団体経営","経営体","34"
"1381","新潟県_阿賀野市","1008","農業経営体_団体経営_法人経営","経営体","32"
"1381","新潟県_阿賀野市","1009","林業経営体_計","経営体","12"
"1381","新潟県_阿賀野市","1010","林業経営体_個人経営","経営体","8"
"1381","新潟県_阿賀野市","1011","林業経営体_団体経営","経営体","4"
"1381","新潟県_阿賀野市","1012","林業経営体_団体経営_法人経営","経営体","1"
"1382","新潟県_阿賀野市_水原町","1001","農林業経営体_計","経営体","107"
"1382","新潟県_阿賀野市_水原町","1002","農林業経営体_個人経営","経営体","102"
"1382","新潟県_阿賀野市_水原町","1003","農林業経営体_団体経営","経営体","5"
"1382","新潟県_阿賀野市_水原町","1004","農林業経営体_団体経営_法人経営","経営体","3"
"1382","新潟県_阿賀野市_水原町","1005","農業経営体_計","経営体","105"
"1382","新潟県_阿賀野市_水原町","1006","農業経営体_個人経営","経営体","102"
"1382","新潟県_阿賀野市_水原町","1007","農業経営体_団体経営","経営体","3"
"1382","新潟県_阿賀野市_水原町","1008","農業経営体_団体経営_法人経営","経営体","3"
"1382","新潟県_阿賀野市_水原町","1009","林業経営体_計","経営体","2"
"1382","新潟県_阿賀野市_水原町","1010","林業経営体_個人経営","経営体","-"
"1382","新潟県_阿賀野市_水原町","1011","林業経営体_団体経営","経営体","2"
"1382","新潟県_阿賀野市_水原町","1012","林業経営体_団体経営_法人経営","経営体","-"
"1383","新潟県_阿賀野市_分田村２－１","1001","農林業経営体_計","経営体","129"
"1383","新潟県_阿賀野市_分田村２－１","1002","農林業経営体_個人経営","経営体","126"
"1383","新潟県_阿賀野市_分田村２－１","1003","農林業経営体_団体経営","経営体","3"
"1383","新潟県_阿賀野市_分田村２－１","1004","農林業経営体_団体経営_法人経営","経営体","3"
"1383","新潟県_阿賀野市_分田村２－１","1005","農業経営体_計","経営体","129"
"1383","新潟県_阿賀野市_分田村２－１","1006","農業経営体_個人経営","経営体","126"
"1383","新潟県_阿賀野市_分田村２－１","1007","農業経営体_団体経営","経営体","3"
"1383","新潟県_阿賀野市_分田村２－１","1008","農業経営体_団体経営_法人経営","経営体","3"
"1383","新潟県_阿賀野市_分田村２－１","1009","林業経営体_計","経営体","-"
"1383","新潟県_阿賀野市_分田村２－１","1010","林業経営体_個人経営","経営体","-"
"1383","新潟県_阿賀野市_分田村２－１","1011","林業経営体_団体経営","経営体","-"
"1383","新潟県_阿賀野市_分田村２－１","1012","林業経営体_団体経営_法人経営","経営体","-"
"1384","新潟県_阿賀野市_堀越村","1001","農林業経営体_計","経営体","179"
"1384","新潟県_阿賀野市_堀越村","1002","農林業経営体_個人経営","経営体","171"
"1384","新潟県_阿賀野市_堀越村","1003","農林業経営体_団体経営","経営体","8"
"1384","新潟県_阿賀野市_堀越村","1004","農林業経営体_団体経営_法人経営","経営体","7"
"1384","新潟県_阿賀野市_堀越村","1005","農業経営体_計","経営体","176"
"1384","新潟県_阿賀野市_堀越村","1006","農業経営体_個人経営","経営体","170"
"1384","新潟県_阿賀野市_堀越村","1007","農業経営体_団体経営","経営体","6"
"1384","新潟県_阿賀野市_堀越村","1008","農業経営体_団体経営_法人経営","経営体","6"
"1384","新潟県_阿賀野市_堀越村","1009","林業経営体_計","経営体","3"
"1384","新潟県_阿賀野市_堀越村","1010","林業経営体_個人経営","経営体","1"
"1384","新潟県_阿賀野市_堀越村","1011","林業経営体_団体経営","経営体","2"
"1384","新潟県_阿賀野市_堀越村","1012","林業経営体_団体経営_法人経営","経営体","1"
"1385","新潟県_阿賀野市_神山村３－２","1001","農林業経営体_計","経営体","15"
"1385","新潟県_阿賀野市_神山村３－２","1002","農林業経営体_個人経営","経営体","15"
"1385","新潟県_阿賀野市_神山村３－２","1003","農林業経営体_団体経営","経営体","-"
"1385","新潟県_阿賀野市_神山村３－２","1004","農林業経営体_団体経営_法人経営","経営体","-"
"1385","新潟県_阿賀野市_神山村３－２","1005","農業経営体_計","経営体","15"
"1385","新潟県_阿賀野市_神山村３－２","1006","農業経営体_個人経営","経営体","15"
"1385","新潟県_阿賀野市_神山村３－２","1007","農業経営体_団体経営","経営体","-"
"1385","新潟県_阿賀野市_神山村３－２","1008","農業経営体_団体経営_法人経営","経営体","-"
"1385","新潟県_阿賀野市_神山村３－２","1009","林業経営体_計","経営体","-"
"1385","新潟県_阿賀野市_神山村３－２","1010","林業経営体_個人経営","経営体","-"
"1385","新潟県_阿賀野市_神山村３－２","1011","林業経営体_団体経営","経営体","-"
"1385","新潟県_阿賀野市_神山村３－２","1012","林業経営体_団体経営_法人経営","経営体","-"
"1386","新潟県_阿賀野市_安田村２－１","1001","農林業経営体_計","経営体","249"
"1386","新潟県_阿賀野市_安田村２－１","1002","農林業経営体_個人経営","経営体","241"
"1386","新潟県_阿賀野市_安田村２－１","1003","農林業経営体_団体経営","経営体","8"
"1386","新潟県_阿賀野市_安田村２－１","1004","農林業経営体_団体経営_法人経営","経営体","8"
"1386","新潟県_阿賀野市_安田村２－１","1005","農業経営体_計","経営体","248"
"1386","新潟県_阿賀野市_安田村２－１","1006","農業経営体_個人経営","経営体","240"
"1386","新潟県_阿賀野市_安田村２－１","1007","農業経営体_団体経営","経営体","8"
"1386","新潟県_阿賀野市_安田村２－１","1008","農業経営体_団体経営_法人経営","経営体","8"
"1386","新潟県_阿賀野市_安田村２－１","1009","林業経営体_計","経営体","1"
"1386","新潟県_阿賀野市_安田村２－１","1010","林業経営体_個人経営","経営体","1"
"1386","新潟県_阿賀野市_安田村２－１","1011","林業経営体_団体経営","経営体","-"
"1386","新潟県_阿賀野市_安田村２－１","1012","林業経営体_団体経営_法人経営","経営体","-"
"1387","新潟県_阿賀野市_下条村３－２","1001","農林業経営体_計","経営体","2"
"1387","新潟県_阿賀野市_下条村３－２","1002","農林業経営体_個人経営","経営体","2"
"1387","新潟県_阿賀野市_下条村３－２","1003","農林業経営体_団体経営","経営体","-"
"1387","新潟県_阿賀野市_下条村３－２","1004","農林業経営体_団体経営_法人経営","経営体","-"
"1387","新潟県_阿賀野市_下条村３－２","1005","農業経営体_計","経営体","2"
"1387","新潟県_阿賀野市_下条村３－２","1006","農業経営体_個人経営","経営体","2"
"1387","新潟県_阿賀野市_下条村３－２","1007","農業経営体_団体経営","経営体","-"
"1387","新潟県_阿賀野市_下条村３－２","1008","農業経営体_団体経営_法人経営","経営体","-"
"1387","新潟県_阿賀野市_下条村３－２","1009","林業経営体_計","経営体","-"
"1387","新潟県_阿賀野市_下条村３－２","1010","林業経営体_個人経営","経営体","-"
"1387","新潟県_阿賀野市_下条村３－２","1011","林業経営体_団体経営","経営体","-"
"1387","新潟県_阿賀野市_下条村３－２","1012","林業経営体_団体経営_法人経営","経営体","-"
"1388","新潟県_阿賀野市_分田村２－２","1001","農林業経営体_計","経営体","35"
"1388","新潟県_阿賀野市_分田村２－２","1002","農林業経営体_個人経営","経営体","35"
"1388","新潟県_阿賀野市_分田村２－２","1003","農林業経営体_団体経営","経営体","-"
"1388","新潟県_阿賀野市_分田村２－２","1004","農林業経営体_団体経営_法人経営","経営体","-"
"1388","新潟県_阿賀野市_分田村２－２","1005","農業経営体_計","経営体","35"
"1388","新潟県_阿賀野市_分田村２－２","1006","農業経営体_個人経営","経営体","35"
"1388","新潟県_阿賀野市_分田村２－２","1007","農業経営体_団体経営","経営体","-"
"1388","新潟県_阿賀野市_分田村２－２","1008","農業経営体_団体経営_法人経営","経営体","-"
"1388","新潟県_阿賀野市_分田村２－２","1009","林業経営体_計","経営体","-"
"1388","新潟県_阿賀野市_分田村２－２","1010","林業経営体_個人経営","経営体","-"
"1388","新潟県_阿賀野市_分田村２－２","1011","林業経営体_団体経営","経営体","-"
"1388","新潟県_阿賀野市_分田村２－２","1012","林業経営体_団体経営_法人経営","経営体","-"
"1389","新潟県_阿賀野市_笹岡村","1001","農林業経営体_計","経営体","282"
"1389","新潟県_阿賀野市_笹岡村","1002","農林業経営体_個人経営","経営体","272"
"1389","新潟県_阿賀野市_笹岡村","1003","農林業経営体_団体経営","経営体","10"
"1389","新潟県_阿賀野市_笹岡村","1004","農林業経営体_団体経営_法人経営","経営体","8"
"1389","新潟県_阿賀野市_笹岡村","1005","農業経営体_計","経営体","280"
"1389","新潟県_阿賀野市_笹岡村","1006","農業経営体_個人経営","経営体","270"
"1389","新潟県_阿賀野市_笹岡村","1007","農業経営体_団体経営","経営体","10"
"1389","新潟県_阿賀野市_笹岡村","1008","農業経営体_団体経営_法人経営","経営体","8"
"1389","新潟県_阿賀野市_笹岡村","1009","林業経営体_計","経営体","4"
"1389","新潟県_阿賀野市_笹岡村","1010","林業経営体_個人経営","経営体","4"
"1389","新潟県_阿賀野市_笹岡村","1011","林業経営体_団体経営","経営体","-"
"1389","新潟県_阿賀野市_笹岡村","1012","林業経営体_団体経営_法人経営","経営体","-"
"1390","新潟県_阿賀野市_神山村３－１","1001","農林業経営体_計","経営体","219"
"1390","新潟県_阿賀野市_神山村３－１","1002","農林業経営体_個人経営","経営体","217"
"1390","新潟県_阿賀野市_神山村３－１","1003","農林業経営体_団体経営","経営体","2"
"1390","新潟県_阿賀野市_神山村３－１","1004","農林業経営体_団体経営_法人経営","経営体","2"
"1390","新潟県_阿賀野市_神山村３－１","1005","農業経営体_計","経営体","218"
"1390","新潟県_阿賀野市_神山村３－１","1006","農業経営体_個人経営","経営体","216"
"1390","新潟県_阿賀野市_神山村３－１","1007","農業経営体_団体経営","経営体","2"
"1390","新潟県_阿賀野市_神山村３－１","1008","農業経営体_団体経営_法人経営","経営体","2"
"1390","新潟県_阿賀野市_神山村３－１","1009","林業経営体_計","経営体","2"
"1390","新潟県_阿賀野市_神山村３－１","1010","林業経営体_個人経営","経営体","2"
"1390","新潟県_阿賀野市_神山村３－１","1011","林業経営体_団体経営","経営体","-"
"1390","新潟県_阿賀野市_神山村３－１","1012","林業経営体_団体経営_法人経営","経営体","-"
"1391","新潟県_阿賀野市_京ヶ瀬村","1001","農林業経営体_計","経営体","523"
"1391","新潟県_阿賀野市_京ヶ瀬村","1002","農林業経営体_個人経営","経営体","521"
"1391","新潟県_阿賀野市_京ヶ瀬村","1003","農林業経営体_団体経営","経営体","2"
"1391","新潟県_阿賀野市_京ヶ瀬村","1004","農林業経営体_団体経営_法人経営","経営体","2"
"1391","新潟県_阿賀野市_京ヶ瀬村","1005","農業経営体_計","経営体","523"
"1391","新潟県_阿賀野市_京ヶ瀬村","1006","農業経営体_個人経営","経営体","521"
"1391","新潟県_阿賀野市_京ヶ瀬村","1007","農業経営体_団体経営","経営体","2"
"1391","新潟県_阿賀野市_京ヶ瀬村","1008","農業経営体_団体経営_法人経営","経営体","2"
"1391","新潟県_阿賀野市_京ヶ瀬村","1009","林業経営体_計","経営体","-"
"1391","新潟県_阿賀野市_京ヶ瀬村","1010","林業経営体_個人経営","経営体","-"
"1391","新潟県_阿賀野市_京ヶ瀬村","1011","林業経営体_団体経営","経営体","-"
"1391","新潟県_阿賀野市_京ヶ瀬村","1012","林業経営体_団体経営_法人経営","経営体","-"
"1392","新潟県_佐渡市","1001","農林業経営体_計","経営体","3425"
"1392","新潟県_佐渡市","1002","農林業経営体_個人経営","経営体","3338"
"1392","新潟県_佐渡市","1003","農林業経営体_団体経営","経営体","87"
"1392","新潟県_佐渡市","1004","農林業経営体_団体経営_法人経営","経営体","60"
"1392","新潟県_佐渡市","1005","農業経営体_計","経営体","3404"
"1392","新潟県_佐渡市","1006","農業経営体_個人経営","経営体","3333"
"1392","新潟県_佐渡市","1007","農業経営体_団体経営","経営体","71"
"1392","新潟県_佐渡市","1008","農業経営体_団体経営_法人経営","経営体","51"
"1392","新潟県_佐渡市","1009","林業経営体_計","経営体","54"
"1392","新潟県_佐渡市","1010","林業経営体_個人経営","経営体","38"
"1392","新潟県_佐渡市","1011","林業経営体_団体経営","経営体","16"
"1392","新潟県_佐渡市","1012","林業経営体_団体経営_法人経営","経営体","9"
"1393","新潟県_佐渡市_両津町","1001","農林業経営体_計","経営体","3"
"1393","新潟県_佐渡市_両津町","1002","農林業経営体_個人経営","経営体","3"
"1393","新潟県_佐渡市_両津町","1003","農林業経営体_団体経営","経営体","-"
"1393","新潟県_佐渡市_両津町","1004","農林業経営体_団体経営_法人経営","経営体","-"
"1393","新潟県_佐渡市_両津町","1005","農業経営体_計","経営体","3"
"1393","新潟県_佐渡市_両津町","1006","農業経営体_個人経営","経営体","3"
"1393","新潟県_佐渡市_両津町","1007","農業経営体_団体経営","経営体","-"
"1393","新潟県_佐渡市_両津町","1008","農業経営体_団体経営_法人経営","経営体","-"
"1393","新潟県_佐渡市_両津町","1009","林業経営体_計","経営体","-"
"1393","新潟県_佐渡市_両津町","1010","林業経営体_個人経営","経営体","-"
"1393","新潟県_佐渡市_両津町","1011","林業経営体_団体経営","経営体","-"
"1393","新潟県_佐渡市_両津町","1012","林業経営体_団体経営_法人経営","経営体","-"
"1394","新潟県_佐渡市_加茂村","1001","農林業経営体_計","経営体","166"
"1394","新潟県_佐渡市_加茂村","1002","農林業経営体_個人経営","経営体","165"
"1394","新潟県_佐渡市_加茂村","1003","農林業経営体_団体経営","経営体","1"
"1394","新潟県_佐渡市_加茂村","1004","農林業経営体_団体経営_法人経営","経営体","1"
"1394","新潟県_佐渡市_加茂村","1005","農業経営体_計","経営体","166"
"1394","新潟県_佐渡市_加茂村","1006","農業経営体_個人経営","経営体","165"
"1394","新潟県_佐渡市_加茂村","1007","農業経営体_団体経営","経営体","1"
"1394","新潟県_佐渡市_加茂村","1008","農業経営体_団体経営_法人経営","経営体","1"
"1394","新潟県_佐渡市_加茂村","1009","林業経営体_計","経営体","-"
"1394","新潟県_佐渡市_加茂村","1010","林業経営体_個人経営","経営体","-"
"1394","新潟県_佐渡市_加茂村","1011","林業経営体_団体経営","経営体","-"
"1394","新潟県_佐渡市_加茂村","1012","林業経営体_団体経営_法人経営","経営体","-"
"1395","新潟県_佐渡市_河崎村","1001","農林業経営体_計","経営体","195"
"1395","新潟県_佐渡市_河崎村","1002","農林業経営体_個人経営","経営体","188"
"1395","新潟県_佐渡市_河崎村","1003","農林業経営体_団体経営","経営体","7"
"1395","新潟県_佐渡市_河崎村","1004","農林業経営体_団体経営_法人経営","経営体","4"
"1395","新潟県_佐渡市_河崎村","1005","農業経営体_計","経営体","191"
"1395","新潟県_佐渡市_河崎村","1006","農業経営体_個人経営","経営体","188"
"1395","新潟県_佐渡市_河崎村","1007","農業経営体_団体経営","経営体","3"
"1395","新潟県_佐渡市_河崎村","1008","農業経営体_団体経営_法人経営","経営体","2"
"1395","新潟県_佐渡市_河崎村","1009","林業経営体_計","経営体","4"
"1395","新潟県_佐渡市_河崎村","1010","林業経営体_個人経営","経営体","-"
"1395","新潟県_佐渡市_河崎村","1011","林業経営体_団体経営","経営体","4"
"1395","新潟県_佐渡市_河崎村","1012","林業経営体_団体経営_法人経営","経営体","2"
"1396","新潟県_佐渡市_水津村","1001","農林業経営体_計","経営体","36"
"1396","新潟県_佐渡市_水津村","1002","農林業経営体_個人経営","経営体","34"
"1396","新潟県_佐渡市_水津村","1003","農林業経営体_団体経営","経営体","2"
"1396","新潟県_佐渡市_水津村","1004","農林業経営体_団体経営_法人経営","経営体","2"
"1396","新潟県_佐渡市_水津村","1005","農業経営体_計","経営体","36"
"1396","新潟県_佐渡市_水津村","1006","農業経営体_個人経営","経営体","34"
"1396","新潟県_佐渡市_水津村","1007","農業経営体_団体経営","経営体","2"
"1396","新潟県_佐渡市_水津村","1008","農業経営体_団体経営_法人経営","経営体","2"
"1396","新潟県_佐渡市_水津村","1009","林業経営体_計","経営体","-"
"1396","新潟県_佐渡市_水津村","1010","林業経営体_個人経営","経営体","-"
"1396","新潟県_佐渡市_水津村","1011","林業経営体_団体経営","経営体","-"
"1396","新潟県_佐渡市_水津村","1012","林業経営体_団体経営_法人経営","経営体","-"
"1397","新潟県_佐渡市_岩首村","1001","農林業経営体_計","経営体","23"
"1397","新潟県_佐渡市_岩首村","1002","農林業経営体_個人経営","経営体","20"
"1397","新潟県_佐渡市_岩首村","1003","農林業経営体_団体経営","経営体","3"
"1397","新潟県_佐渡市_岩首村","1004","農林業経営体_団体経営_法人経営","経営体","1"
"1397","新潟県_佐渡市_岩首村","1005","農業経営体_計","経営体","23"
"1397","新潟県_佐渡市_岩首村","1006","農業経営体_個人経営","経営体","20"
"1397","新潟県_佐渡市_岩首村","1007","農業経営体_団体経営","経営体","3"
"1397","新潟県_佐渡市_岩首村","1008","農業経営体_団体経営_法人経営","経営体","1"
"1397","新潟県_佐渡市_岩首村","1009","林業経営体_計","経営体","1"
"1397","新潟県_佐渡市_岩首村","1010","林業経営体_個人経営","経営体","1"
"1397","新潟県_佐渡市_岩首村","1011","林業経営体_団体経営","経営体","-"
"1397","新潟県_佐渡市_岩首村","1012","林業経営体_団体経営_法人経営","経営体","-"
"1398","新潟県_佐渡市_内海府村","1001","農林業経営体_計","経営体","27"
"1398","新潟県_佐渡市_内海府村","1002","農林業経営体_個人経営","経営体","27"
"1398","新潟県_佐渡市_内海府村","1003","農林業経営体_団体経営","経営体","-"
"1398","新潟県_佐渡市_内海府村","1004","農林業経営体_団体経営_法人経営","経営体","-"
"1398","新潟県_佐渡市_内海府村","1005","農業経営体_計","経営体","27"
"1398","新潟県_佐渡市_内海府村","1006","農業経営体_個人経営","経営体","27"
"1398","新潟県_佐渡市_内海府村","1007","農業経営体_団体経営","経営体","-"
"1398","新潟県_佐渡市_内海府村","1008","農業経営体_団体経営_法人経営","経営体","-"
"1398","新潟県_佐渡市_内海府村","1009","林業経営体_計","経営体","1"
"1398","新潟県_佐渡市_内海府村","1010","林業経営体_個人経営","経営体","1"
"1398","新潟県_佐渡市_内海府村","1011","林業経営体_団体経営","経営体","-"
"1398","新潟県_佐渡市_内海府村","1012","林業経営体_団体経営_法人経営","経営体","-"
"1399","新潟県_佐渡市_外海府村２－１","1001","農林業経営体_計","経営体","27"
"1399","新潟県_佐渡市_外海府村２－１","1002","農林業経営体_個人経営","経営体","27"
"1399","新潟県_佐渡市_外海府村２－１","1003","農林業経営体_団体経営","経営体","-"
"1399","新潟県_佐渡市_外海府村２－１","1004","農林業経営体_団体経営_法人経営","経営体","-"
"1399","新潟県_佐渡市_外海府村２－１","1005","農業経営体_計","経営体","27"
"1399","新潟県_佐渡市_外海府村２－１","1006","農業経営体_個人経営","経営体","27"
"1399","新潟県_佐渡市_外海府村２－１","1007","農業経営体_団体経営","経営体","-"
"1399","新潟県_佐渡市_外海府村２－１","1008","農業経営体_団体経営_法人経営","経営体","-"
"1399","新潟県_佐渡市_外海府村２－１","1009","林業経営体_計","経営体","-"
"1399","新潟県_佐渡市_外海府村２－１","1010","林業経営体_個人経営","経営体","-"
"1399","新潟県_佐渡市_外海府村２－１","1011","林業経営体_団体経営","経営体","-"
"1399","新潟県_佐渡市_外海府村２－１","1012","林業経営体_団体経営_法人経営","経営体","-"
"1400","新潟県_佐渡市_吉井村２－１","1001","農林業経営体_計","経営体","157"
"1400","新潟県_佐渡市_吉井村２－１","1002","農林業経営体_個人経営","経営体","156"
"1400","新潟県_佐渡市_吉井村２－１","1003","農林業経営体_団体経営","経営体","1"
"1400","新潟県_佐渡市_吉井村２－１","1004","農林業経営体_団体経営_法人経営","経営体","1"
"1400","新潟県_佐渡市_吉井村２－１","1005","農業経営体_計","経営体","157"
"1400","新潟県_佐渡市_吉井村２－１","1006","農業経営体_個人経営","経営体","156"
"1400","新潟県_佐渡市_吉井村２－１","1007","農業経営体_団体経営","経営体","1"
"1400","新潟県_佐渡市_吉井村２－１","1008","農業経営体_団体経営_法人経営","経営体","1"
"1400","新潟県_佐渡市_吉井村２－１","1009","林業経営体_計","経営体","-"
"1400","新潟県_佐渡市_吉井村２－１","1010","林業経営体_個人経営","経営体","-"
"1400","新潟県_佐渡市_吉井村２－１","1011","林業経営体_団体経営","経営体","-"
"1400","新潟県_佐渡市_吉井村２－１","1012","林業経営体_団体経営_法人経営","経営体","-"
"1401","新潟県_佐渡市_相川町","1001","農林業経営体_計","経営体","13"
"1401","新潟県_佐渡市_相川町","1002","農林業経営体_個人経営","経営体","12"
"1401","新潟県_佐渡市_相川町","1003","農林業経営体_団体経営","経営体","1"
"1401","新潟県_佐渡市_相川町","1004","農林業経営体_団体経営_法人経営","経営体","1"
"1401","新潟県_佐渡市_相川町","1005","農業経営体_計","経営体","13"
"1401","新潟県_佐渡市_相川町","1006","農業経営体_個人経営","経営体","12"
"1401","新潟県_佐渡市_相川町","1007","農業経営体_団体経営","経営体","1"
"1401","新潟県_佐渡市_相川町","1008","農業経営体_団体経営_法人経営","経営体","1"
"1401","新潟県_佐渡市_相川町","1009","林業経営体_計","経営体","-"
"1401","新潟県_佐渡市_相川町","1010","林業経営体_個人経営","経営体","-"
"1401","新潟県_佐渡市_相川町","1011","林業経営体_団体経営","経営体","-"
"1401","新潟県_佐渡市_相川町","1012","林業経営体_団体経営_法人経営","経営体","-"
"1402","新潟県_佐渡市_二見村","1001","農林業経営体_計","経営体","67"
"1402","新潟県_佐渡市_二見村","1002","農林業経営体_個人経営","経営体","67"
"1402","新潟県_佐渡市_二見村","1003","農林業経営体_団体経営","経営体","-"
"1402","新潟県_佐渡市_二見村","1004","農林業経営体_団体経営_法人経営","経営体","-"
"1402","新潟県_佐渡市_二見村","1005","農業経営体_計","経営体","67"
"1402","新潟県_佐渡市_二見村","1006","農業経営体_個人経営","経営体","67"
"1402","新潟県_佐渡市_二見村","1007","農業経営体_団体経営","経営体","-"
"1402","新潟県_佐渡市_二見村","1008","農業経営体_団体経営_法人経営","経営体","-"
"1402","新潟県_佐渡市_二見村","1009","林業経営体_計","経営体","-"
"1402","新潟県_佐渡市_二見村","1010","林業経営体_個人経営","経営体","-"
"1402","新潟県_佐渡市_二見村","1011","林業経営体_団体経営","経営体","-"
"1402","新潟県_佐渡市_二見村","1012","林業経営体_団体経営_法人経営","経営体","-"
"1403","新潟県_佐渡市_金泉村","1001","農林業経営体_計","経営体","49"
"1403","新潟県_佐渡市_金泉村","1002","農林業経営体_個人経営","経営体","44"
"1403","新潟県_佐渡市_金泉村","1003","農林業経営体_団体経営","経営体","5"
"1403","新潟県_佐渡市_金泉村","1004","農林業経営体_団体経営_法人経営","経営体","3"
"1403","新潟県_佐渡市_金泉村","1005","農業経営体_計","経営体","49"
"1403","新潟県_佐渡市_金泉村","1006","農業経営体_個人経営","経営体","44"
"1403","新潟県_佐渡市_金泉村","1007","農業経営体_団体経営","経営体","5"
"1403","新潟県_佐渡市_金泉村","1008","農業経営体_団体経営_法人経営","経営体","3"
"1403","新潟県_佐渡市_金泉村","1009","林業経営体_計","経営体","1"
"1403","新潟県_佐渡市_金泉村","1010","林業経営体_個人経営","経営体","1"
"1403","新潟県_佐渡市_金泉村","1011","林業経営体_団体経営","経営体","-"
"1403","新潟県_佐渡市_金泉村","1012","林業経営体_団体経営_法人経営","経営体","-"
"1404","新潟県_佐渡市_高千村","1001","農林業経営体_計","経営体","144"
"1404","新潟県_佐渡市_高千村","1002","農林業経営体_個人経営","経営体","141"
"1404","新潟県_佐渡市_高千村","1003","農林業経営体_団体経営","経営体","3"
"1404","新潟県_佐渡市_高千村","1004","農林業経営体_団体経営_法人経営","経営体","2"
"1404","新潟県_佐渡市_高千村","1005","農業経営体_計","経営体","143"
"1404","新潟県_佐渡市_高千村","1006","農業経営体_個人経営","経営体","141"
"1404","新潟県_佐渡市_高千村","1007","農業経営体_団体経営","経営体","2"
"1404","新潟県_佐渡市_高千村","1008","農業経営体_団体経営_法人経営","経営体","2"
"1404","新潟県_佐渡市_高千村","1009","林業経営体_計","経営体","1"
"1404","新潟県_佐渡市_高千村","1010","林業経営体_個人経営","経営体","-"
"1404","新潟県_佐渡市_高千村","1011","林業経営体_団体経営","経営体","1"
"1404","新潟県_佐渡市_高千村","1012","林業経営体_団体経営_法人経営","経営体","-"
"1405","新潟県_佐渡市_外海府村２－２","1001","農林業経営体_計","経営体","21"
"1405","新潟県_佐渡市_外海府村２－２","1002","農林業経営体_個人経営","経営体","19"
"1405","新潟県_佐渡市_外海府村２－２","1003","農林業経営体_団体経営","経営体","2"
"1405","新潟県_佐渡市_外海府村２－２","1004","農林業経営体_団体経営_法人経営","経営体","1"
"1405","新潟県_佐渡市_外海府村２－２","1005","農業経営体_計","経営体","21"
"1405","新潟県_佐渡市_外海府村２－２","1006","農業経営体_個人経営","経営体","19"
"1405","新潟県_佐渡市_外海府村２－２","1007","農業経営体_団体経営","経営体","2"
"1405","新潟県_佐渡市_外海府村２－２","1008","農業経営体_団体経営_法人経営","経営体","1"
"1405","新潟県_佐渡市_外海府村２－２","1009","林業経営体_計","経営体","-"
"1405","新潟県_佐渡市_外海府村２－２","1010","林業経営体_個人経営","経営体","-"
"1405","新潟県_佐渡市_外海府村２－２","1011","林業経営体_団体経営","経営体","-"
"1405","新潟県_佐渡市_外海府村２－２","1012","林業経営体_団体経営_法人経営","経営体","-"
"1406","新潟県_佐渡市_二宮村","1001","農林業経営体_計","経営体","149"
"1406","新潟県_佐渡市_二宮村","1002","農林業経営体_個人経営","経営体","145"
"1406","新潟県_佐渡市_二宮村","1003","農林業経営体_団体経営","経営体","4"
"1406","新潟県_佐渡市_二宮村","1004","農林業経営体_団体経営_法人経営","経営体","4"
"1406","新潟県_佐渡市_二宮村","1005","農業経営体_計","経営体","148"
"1406","新潟県_佐渡市_二宮村","1006","農業経営体_個人経営","経営体","144"
"1406","新潟県_佐渡市_二宮村","1007","農業経営体_団体経営","経営体","4"
"1406","新潟県_佐渡市_二宮村","1008","農業経営体_団体経営_法人経営","経営体","4"
"1406","新潟県_佐渡市_二宮村","1009","林業経営体_計","経営体","1"
"1406","新潟県_佐渡市_二宮村","1010","林業経営体_個人経営","経営体","1"
"1406","新潟県_佐渡市_二宮村","1011","林業経営体_団体経営","経営体","-"
"1406","新潟県_佐渡市_二宮村","1012","林業経営体_団体経営_法人経営","経営体","-"
"1407","新潟県_佐渡市_八幡村","1001","農林業経営体_計","経営体","44"
"1407","新潟県_佐渡市_八幡村","1002","農林業経営体_個人経営","経営体","44"
"1407","新潟県_佐渡市_八幡村","1003","農林業経営体_団体経営","経営体","-"
"1407","新潟県_佐渡市_八幡村","1004","農林業経営体_団体経営_法人経営","経営体","-"
"1407","新潟県_佐渡市_八幡村","1005","農業経営体_計","経営体","44"
"1407","新潟県_佐渡市_八幡村","1006","農業経営体_個人経営","経営体","44"
"1407","新潟県_佐渡市_八幡村","1007","農業経営体_団体経営","経営体","-"
"1407","新潟県_佐渡市_八幡村","1008","農業経営体_団体経営_法人経営","経営体","-"
"1407","新潟県_佐渡市_八幡村","1009","林業経営体_計","経営体","-"
"1407","新潟県_佐渡市_八幡村","1010","林業経営体_個人経営","経営体","-"
"1407","新潟県_佐渡市_八幡村","1011","林業経営体_団体経営","経営体","-"
"1407","新潟県_佐渡市_八幡村","1012","林業経営体_団体経営_法人経営","経営体","-"
"1408","新潟県_佐渡市_河原田町","1001","農林業経営体_計","経営体","1"
"1408","新潟県_佐渡市_河原田町","1002","農林業経営体_個人経営","経営体","1"
"1408","新潟県_佐渡市_河原田町","1003","農林業経営体_団体経営","経営体","-"
"1408","新潟県_佐渡市_河原田町","1004","農林業経営体_団体経営_法人経営","経営体","-"
"1408","新潟県_佐渡市_河原田町","1005","農業経営体_計","経営体","1"
"1408","新潟県_佐渡市_河原田町","1006","農業経営体_個人経営","経営体","1"
"1408","新潟県_佐渡市_河原田町","1007","農業経営体_団体経営","経営体","-"
"1408","新潟県_佐渡市_河原田町","1008","農業経営体_団体経営_法人経営","経営体","-"
"1408","新潟県_佐渡市_河原田町","1009","林業経営体_計","経営体","-"
"1408","新潟県_佐渡市_河原田町","1010","林業経営体_個人経営","経営体","-"
"1408","新潟県_佐渡市_河原田町","1011","林業経営体_団体経営","経営体","-"
"1408","新潟県_佐渡市_河原田町","1012","林業経営体_団体経営_法人経営","経営体","-"
"1409","新潟県_佐渡市_沢根町","1001","農林業経営体_計","経営体","60"
"1409","新潟県_佐渡市_沢根町","1002","農林業経営体_個人経営","経営体","60"
"1409","新潟県_佐渡市_沢根町","1003","農林業経営体_団体経営","経営体","-"
"1409","新潟県_佐渡市_沢根町","1004","農林業経営体_団体経営_法人経営","経営体","-"
"1409","新潟県_佐渡市_沢根町","1005","農業経営体_計","経営体","60"
"1409","新潟県_佐渡市_沢根町","1006","農業経営体_個人経営","経営体","60"
"1409","新潟県_佐渡市_沢根町","1007","農業経営体_団体経営","経営体","-"
"1409","新潟県_佐渡市_沢根町","1008","農業経営体_団体経営_法人経営","経営体","-"
"1409","新潟県_佐渡市_沢根町","1009","林業経営体_計","経営体","-"
"1409","新潟県_佐渡市_沢根町","1010","林業経営体_個人経営","経営体","-"
"1409","新潟県_佐渡市_沢根町","1011","林業経営体_団体経営","経営体","-"
"1409","新潟県_佐渡市_沢根町","1012","林業経営体_団体経営_法人経営","経営体","-"
"1410","新潟県_佐渡市_金沢村","1001","農林業経営体_計","経営体","290"
"1410","新潟県_佐渡市_金沢村","1002","農林業経営体_個人経営","経営体","281"
"1410","新潟県_佐渡市_金沢村","1003","農林業経営体_団体経営","経営体","9"
"1410","新潟県_佐渡市_金沢村","1004","農林業経営体_団体経営_法人経営","経営体","6"
"1410","新潟県_佐渡市_金沢村","1005","農業経営体_計","経営体","287"
"1410","新潟県_佐渡市_金沢村","1006","農業経営体_個人経営","経営体","281"
"1410","新潟県_佐渡市_金沢村","1007","農業経営体_団体経営","経営体","6"
"1410","新潟県_佐渡市_金沢村","1008","農業経営体_団体経営_法人経営","経営体","6"
"1410","新潟県_佐渡市_金沢村","1009","林業経営体_計","経営体","4"
"1410","新潟県_佐渡市_金沢村","1010","林業経営体_個人経営","経営体","1"
"1410","新潟県_佐渡市_金沢村","1011","林業経営体_団体経営","経営体","3"
"1410","新潟県_佐渡市_金沢村","1012","林業経営体_団体経営_法人経営","経営体","-"
"1411","新潟県_佐渡市_吉井村２－２","1001","農林業経営体_計","経営体","107"
"1411","新潟県_佐渡市_吉井村２－２","1002","農林業経営体_個人経営","経営体","103"
"1411","新潟県_佐渡市_吉井村２－２","1003","農林業経営体_団体経営","経営体","4"
"1411","新潟県_佐渡市_吉井村２－２","1004","農林業経営体_団体経営_法人経営","経営体","4"
"1411","新潟県_佐渡市_吉井村２－２","1005","農業経営体_計","経営体","106"
"1411","新潟県_佐渡市_吉井村２－２","1006","農業経営体_個人経営","経営体","103"
"1411","新潟県_佐渡市_吉井村２－２","1007","農業経営体_団体経営","経営体","3"
"1411","新潟県_佐渡市_吉井村２－２","1008","農業経営体_団体経営_法人経営","経営体","3"
"1411","新潟県_佐渡市_吉井村２－２","1009","林業経営体_計","経営体","1"
"1411","新潟県_佐渡市_吉井村２－２","1010","林業経営体_個人経営","経営体","-"
"1411","新潟県_佐渡市_吉井村２－２","1011","林業経営体_団体経営","経営体","1"
"1411","新潟県_佐渡市_吉井村２－２","1012","林業経営体_団体経営_法人経営","経営体","1"
"1412","新潟県_佐渡市_新穂村","1001","農林業経営体_計","経営体","300"
"1412","新潟県_佐渡市_新穂村","1002","農林業経営体_個人経営","経営体","284"
"1412","新潟県_佐渡市_新穂村","1003","農林業経営体_団体経営","経営体","16"
"1412","新潟県_佐渡市_新穂村","1004","農林業経営体_団体経営_法人経営","経営体","13"
"1412","新潟県_佐渡市_新穂村","1005","農業経営体_計","経営体","297"
"1412","新潟県_佐渡市_新穂村","1006","農業経営体_個人経営","経営体","283"
"1412","新潟県_佐渡市_新穂村","1007","農業経営体_団体経営","経営体","14"
"1412","新潟県_佐渡市_新穂村","1008","農業経営体_団体経営_法人経営","経営体","11"
"1412","新潟県_佐渡市_新穂村","1009","林業経営体_計","経営体","6"
"1412","新潟県_佐渡市_新穂村","1010","林業経営体_個人経営","経営体","4"
"1412","新潟県_佐渡市_新穂村","1011","林業経営体_団体経営","経営体","2"
"1412","新潟県_佐渡市_新穂村","1012","林業経営体_団体経営_法人経営","経営体","2"
"1413","新潟県_佐渡市_畑野村２－１","1001","農林業経営体_計","経営体","271"
"1413","新潟県_佐渡市_畑野村２－１","1002","農林業経営体_個人経営","経営体","265"
"1413","新潟県_佐渡市_畑野村２－１","1003","農林業経営体_団体経営","経営体","6"
"1413","新潟県_佐渡市_畑野村２－１","1004","農林業経営体_団体経営_法人経営","経営体","4"
"1413","新潟県_佐渡市_畑野村２－１","1005","農業経営体_計","経営体","271"
"1413","新潟県_佐渡市_畑野村２－１","1006","農業経営体_個人経営","経営体","265"
"1413","新潟県_佐渡市_畑野村２－１","1007","農業経営体_団体経営","経営体","6"
"1413","新潟県_佐渡市_畑野村２－１","1008","農業経営体_団体経営_法人経営","経営体","4"
"1413","新潟県_佐渡市_畑野村２－１","1009","林業経営体_計","経営体","3"
"1413","新潟県_佐渡市_畑野村２－１","1010","林業経営体_個人経営","経営体","3"
"1413","新潟県_佐渡市_畑野村２－１","1011","林業経営体_団体経営","経営体","-"
"1413","新潟県_佐渡市_畑野村２－１","1012","林業経営体_団体経営_法人経営","経営体","-"
"1414","新潟県_佐渡市_松ケ崎村","1001","農林業経営体_計","経営体","28"
"1414","新潟県_佐渡市_松ケ崎村","1002","農林業経営体_個人経営","経営体","26"
"1414","新潟県_佐渡市_松ケ崎村","1003","農林業経営体_団体経営","経営体","2"
"1414","新潟県_佐渡市_松ケ崎村","1004","農林業経営体_団体経営_法人経営","経営体","1"
"1414","新潟県_佐渡市_松ケ崎村","1005","農業経営体_計","経営体","28"
"1414","新潟県_佐渡市_松ケ崎村","1006","農業経営体_個人経営","経営体","26"
"1414","新潟県_佐渡市_松ケ崎村","1007","農業経営体_団体経営","経営体","2"
"1414","新潟県_佐渡市_松ケ崎村","1008","農業経営体_団体経営_法人経営","経営体","1"
"1414","新潟県_佐渡市_松ケ崎村","1009","林業経営体_計","経営体","-"
"1414","新潟県_佐渡市_松ケ崎村","1010","林業経営体_個人経営","経営体","-"
"1414","新潟県_佐渡市_松ケ崎村","1011","林業経営体_団体経営","経営体","-"
"1414","新潟県_佐渡市_松ケ崎村","1012","林業経営体_団体経営_法人経営","経営体","-"
"1415","新潟県_佐渡市_真野村","1001","農林業経営体_計","経営体","220"
"1415","新潟県_佐渡市_真野村","1002","農林業経営体_個人経営","経営体","216"
"1415","新潟県_佐渡市_真野村","1003","農林業経営体_団体経営","経営体","4"
"1415","新潟県_佐渡市_真野村","1004","農林業経営体_団体経営_法人経営","経営体","2"
"1415","新潟県_佐渡市_真野村","1005","農業経営体_計","経営体","218"
"1415","新潟県_佐渡市_真野村","1006","農業経営体_個人経営","経営体","215"
"1415","新潟県_佐渡市_真野村","1007","農業経営体_団体経営","経営体","3"
"1415","新潟県_佐渡市_真野村","1008","農業経営体_団体経営_法人経営","経営体","2"
"1415","新潟県_佐渡市_真野村","1009","林業経営体_計","経営体","6"
"1415","新潟県_佐渡市_真野村","1010","林業経営体_個人経営","経営体","5"
"1415","新潟県_佐渡市_真野村","1011","林業経営体_団体経営","経営体","1"
"1415","新潟県_佐渡市_真野村","1012","林業経営体_団体経営_法人経営","経営体","-"
"1416","新潟県_佐渡市_西三川村２－１","1001","農林業経営体_計","経営体","151"
"1416","新潟県_佐渡市_西三川村２－１","1002","農林業経営体_個人経営","経営体","151"
"1416","新潟県_佐渡市_西三川村２－１","1003","農林業経営体_団体経営","経営体","-"
"1416","新潟県_佐渡市_西三川村２－１","1004","農林業経営体_団体経営_法人経営","経営体","-"
"1416","新潟県_佐渡市_西三川村２－１","1005","農業経営体_計","経営体","151"
"1416","新潟県_佐渡市_西三川村２－１","1006","農業経営体_個人経営","経営体","151"
"1416","新潟県_佐渡市_西三川村２－１","1007","農業経営体_団体経営","経営体","-"
"1416","新潟県_佐渡市_西三川村２－１","1008","農業経営体_団体経営_法人経営","経営体","-"
"1416","新潟県_佐渡市_西三川村２－１","1009","林業経営体_計","経営体","3"
"1416","新潟県_佐渡市_西三川村２－１","1010","林業経営体_個人経営","経営体","3"
"1416","新潟県_佐渡市_西三川村２－１","1011","林業経営体_団体経営","経営体","-"
"1416","新潟県_佐渡市_西三川村２－１","1012","林業経営体_団体経営_法人経営","経営体","-"
"1417","新潟県_佐渡市_畑野村２－２","1001","農林業経営体_計","経営体","3"
"1417","新潟県_佐渡市_畑野村２－２","1002","農林業経営体_個人経営","経営体","3"
"1417","新潟県_佐渡市_畑野村２－２","1003","農林業経営体_団体経営","経営体","-"
"1417","新潟県_佐渡市_畑野村２－２","1004","農林業経営体_団体経営_法人経営","経営体","-"
"1417","新潟県_佐渡市_畑野村２－２","1005","農業経営体_計","経営体","3"
"1417","新潟県_佐渡市_畑野村２－２","1006","農業経営体_個人経営","経営体","3"
"1417","新潟県_佐渡市_畑野村２－２","1007","農業経営体_団体経営","経営体","-"
"1417","新潟県_佐渡市_畑野村２－２","1008","農業経営体_団体経営_法人経営","経営体","-"
"1417","新潟県_佐渡市_畑野村２－２","1009","林業経営体_計","経営体","-"
"1417","新潟県_佐渡市_畑野村２－２","1010","林業経営体_個人経営","経営体","-"
"1417","新潟県_佐渡市_畑野村２－２","1011","林業経営体_団体経営","経営体","-"
"1417","新潟県_佐渡市_畑野村２－２","1012","林業経営体_団体経営_法人経営","経営体","-"
"1418","新潟県_佐渡市_小木町","1001","農林業経営体_計","経営体","198"
"1418","新潟県_佐渡市_小木町","1002","農林業経営体_個人経営","経営体","196"
"1418","新潟県_佐渡市_小木町","1003","農林業経営体_団体経営","経営体","2"
"1418","新潟県_佐渡市_小木町","1004","農林業経営体_団体経営_法人経営","経営体","-"
"1418","新潟県_佐渡市_小木町","1005","農業経営体_計","経営体","198"
"1418","新潟県_佐渡市_小木町","1006","農業経営体_個人経営","経営体","196"
"1418","新潟県_佐渡市_小木町","1007","農業経営体_団体経営","経営体","2"
"1418","新潟県_佐渡市_小木町","1008","農業経営体_団体経営_法人経営","経営体","-"
"1418","新潟県_佐渡市_小木町","1009","林業経営体_計","経営体","-"
"1418","新潟県_佐渡市_小木町","1010","林業経営体_個人経営","経営体","-"
"1418","新潟県_佐渡市_小木町","1011","林業経営体_団体経営","経営体","-"
"1418","新潟県_佐渡市_小木町","1012","林業経営体_団体経営_法人経営","経営体","-"
"1419","新潟県_佐渡市_羽茂村","1001","農林業経営体_計","経営体","391"
"1419","新潟県_佐渡市_羽茂村","1002","農林業経営体_個人経営","経営体","381"
"1419","新潟県_佐渡市_羽茂村","1003","農林業経営体_団体経営","経営体","10"
"1419","新潟県_佐渡市_羽茂村","1004","農林業経営体_団体経営_法人経営","経営体","6"
"1419","新潟県_佐渡市_羽茂村","1005","農業経営体_計","経営体","387"
"1419","新潟県_佐渡市_羽茂村","1006","農業経営体_個人経営","経営体","380"
"1419","新潟県_佐渡市_羽茂村","1007","農業経営体_団体経営","経営体","7"
"1419","新潟県_佐渡市_羽茂村","1008","農業経営体_団体経営_法人経営","経営体","3"
"1419","新潟県_佐渡市_羽茂村","1009","林業経営体_計","経営体","11"
"1419","新潟県_佐渡市_羽茂村","1010","林業経営体_個人経営","経営体","8"
"1419","新潟県_佐渡市_羽茂村","1011","林業経営体_団体経営","経営体","3"
"1419","新潟県_佐渡市_羽茂村","1012","林業経営体_団体経営_法人経営","経営体","3"
"1420","新潟県_佐渡市_西三川村２－２","1001","農林業経営体_計","経営体","54"
"1420","新潟県_佐渡市_西三川村２－２","1002","農林業経営体_個人経営","経営体","53"
"1420","新潟県_佐渡市_西三川村２－２","1003","農林業経営体_団体経営","経営体","1"
"1420","新潟県_佐渡市_西三川村２－２","1004","農林業経営体_団体経営_法人経営","経営体","1"
"1420","新潟県_佐渡市_西三川村２－２","1005","農業経営体_計","経営体","54"
"1420","新潟県_佐渡市_西三川村２－２","1006","農業経営体_個人経営","経営体","53"
"1420","新潟県_佐渡市_西三川村２－２","1007","農業経営体_団体経営","経営体","1"
"1420","新潟県_佐渡市_西三川村２－２","1008","農業経営体_団体経営_法人経営","経営体","1"
"1420","新潟県_佐渡市_西三川村２－２","1009","林業経営体_計","経営体","-"
"1420","新潟県_佐渡市_西三川村２－２","1010","林業経営体_個人経営","経営体","-"
"1420","新潟県_佐渡市_西三川村２－２","1011","林業経営体_団体経営","経営体","-"
"1420","新潟県_佐渡市_西三川村２－２","1012","林業経営体_団体経営_法人経営","経営体","-"
"1421","新潟県_佐渡市_赤泊村","1001","農林業経営体_計","経営体","230"
"1421","新潟県_佐渡市_赤泊村","1002","農林業経営体_個人経営","経営体","226"
"1421","新潟県_佐渡市_赤泊村","1003","農林業経営体_団体経営","経営体","4"
"1421","新潟県_佐渡市_赤泊村","1004","農林業経営体_団体経営_法人経営","経営体","3"
"1421","新潟県_佐渡市_赤泊村","1005","農業経営体_計","経営体","228"
"1421","新潟県_佐渡市_赤泊村","1006","農業経営体_個人経営","経営体","225"
"1421","新潟県_佐渡市_赤泊村","1007","農業経営体_団体経営","経営体","3"
"1421","新潟県_佐渡市_赤泊村","1008","農業経営体_団体経営_法人経営","経営体","2"
"1421","新潟県_佐渡市_赤泊村","1009","林業経営体_計","経営体","11"
"1421","新潟県_佐渡市_赤泊村","1010","林業経営体_個人経営","経営体","10"
"1421","新潟県_佐渡市_赤泊村","1011","林業経営体_団体経営","経営体","1"
"1421","新潟県_佐渡市_赤泊村","1012","林業経営体_団体経営_法人経営","経営体","1"
"1422","新潟県_魚沼市","1001","農林業経営体_計","経営体","1597"
"1422","新潟県_魚沼市","1002","農林業経営体_個人経営","経営体","1540"
"1422","新潟県_魚沼市","1003","農林業経営体_団体経営","経営体","57"
"1422","新潟県_魚沼市","1004","農林業経営体_団体経営_法人経営","経営体","45"
"1422","新潟県_魚沼市","1005","農業経営体_計","経営体","1590"
"1422","新潟県_魚沼市","1006","農業経営体_個人経営","経営体","1538"
"1422","新潟県_魚沼市","1007","農業経営体_団体経営","経営体","52"
"1422","新潟県_魚沼市","1008","農業経営体_団体経営_法人経営","経営体","40"
"1422","新潟県_魚沼市","1009","林業経営体_計","経営体","14"
"1422","新潟県_魚沼市","1010","林業経営体_個人経営","経営体","8"
"1422","新潟県_魚沼市","1011","林業経営体_団体経営","経営体","6"
"1422","新潟県_魚沼市","1012","林業経営体_団体経営_法人経営","経営体","6"
"1423","新潟県_魚沼市_小出町２－１","1001","農林業経営体_計","経営体","122"
"1423","新潟県_魚沼市_小出町２－１","1002","農林業経営体_個人経営","経営体","118"
"1423","新潟県_魚沼市_小出町２－１","1003","農林業経営体_団体経営","経営体","4"
"1423","新潟県_魚沼市_小出町２－１","1004","農林業経営体_団体経営_法人経営","経営体","3"
"1423","新潟県_魚沼市_小出町２－１","1005","農業経営体_計","経営体","121"
"1423","新潟県_魚沼市_小出町２－１","1006","農業経営体_個人経営","経営体","118"
"1423","新潟県_魚沼市_小出町２－１","1007","農業経営体_団体経営","経営体","3"
"1423","新潟県_魚沼市_小出町２－１","1008","農業経営体_団体経営_法人経営","経営体","2"
"1423","新潟県_魚沼市_小出町２－１","1009","林業経営体_計","経営体","1"
"1423","新潟県_魚沼市_小出町２－１","1010","林業経営体_個人経営","経営体","-"
"1423","新潟県_魚沼市_小出町２－１","1011","林業経営体_団体経営","経営体","1"
"1423","新潟県_魚沼市_小出町２－１","1012","林業経営体_団体経営_法人経営","経営体","1"
"1424","新潟県_魚沼市_伊米ケ崎村","1001","農林業経営体_計","経営体","106"
"1424","新潟県_魚沼市_伊米ケ崎村","1002","農林業経営体_個人経営","経営体","105"
"1424","新潟県_魚沼市_伊米ケ崎村","1003","農林業経営体_団体経営","経営体","1"
"1424","新潟県_魚沼市_伊米ケ崎村","1004","農林業経営体_団体経営_法人経営","経営体","1"
"1424","新潟県_魚沼市_伊米ケ崎村","1005","農業経営体_計","経営体","106"
"1424","新潟県_魚沼市_伊米ケ崎村","1006","農業経営体_個人経営","経営体","105"
"1424","新潟県_魚沼市_伊米ケ崎村","1007","農業経営体_団体経営","経営体","1"
"1424","新潟県_魚沼市_伊米ケ崎村","1008","農業経営体_団体経営_法人経営","経営体","1"
"1424","新潟県_魚沼市_伊米ケ崎村","1009","林業経営体_計","経営体","-"
"1424","新潟県_魚沼市_伊米ケ崎村","1010","林業経営体_個人経営","経営体","-"
"1424","新潟県_魚沼市_伊米ケ崎村","1011","林業経営体_団体経営","経営体","-"
"1424","新潟県_魚沼市_伊米ケ崎村","1012","林業経営体_団体経営_法人経営","経営体","-"
"1425","新潟県_魚沼市_湯之谷村２－２","1001","農林業経営体_計","経営体","-"
"1425","新潟県_魚沼市_湯之谷村２－２","1002","農林業経営体_個人経営","経営体","-"
"1425","新潟県_魚沼市_湯之谷村２－２","1003","農林業経営体_団体経営","経営体","-"
"1425","新潟県_魚沼市_湯之谷村２－２","1004","農林業経営体_団体経営_法人経営","経営体","-"
"1425","新潟県_魚沼市_湯之谷村２－２","1005","農業経営体_計","経営体","-"
"1425","新潟県_魚沼市_湯之谷村２－２","1006","農業経営体_個人経営","経営体","-"
"1425","新潟県_魚沼市_湯之谷村２－２","1007","農業経営体_団体経営","経営体","-"
"1425","新潟県_魚沼市_湯之谷村２－２","1008","農業経営体_団体経営_法人経営","経営体","-"
"1425","新潟県_魚沼市_湯之谷村２－２","1009","林業経営体_計","経営体","-"
"1425","新潟県_魚沼市_湯之谷村２－２","1010","林業経営体_個人経営","経営体","-"
"1425","新潟県_魚沼市_湯之谷村２－２","1011","林業経営体_団体経営","経営体","-"
"1425","新潟県_魚沼市_湯之谷村２－２","1012","林業経営体_団体経営_法人経営","経営体","-"
"1426","新潟県_魚沼市_堀之内町","1001","農林業経営体_計","経営体","384"
"1426","新潟県_魚沼市_堀之内町","1002","農林業経営体_個人経営","経営体","371"
"1426","新潟県_魚沼市_堀之内町","1003","農林業経営体_団体経営","経営体","13"
"1426","新潟県_魚沼市_堀之内町","1004","農林業経営体_団体経営_法人経営","経営体","9"
"1426","新潟県_魚沼市_堀之内町","1005","農業経営体_計","経営体","384"
"1426","新潟県_魚沼市_堀之内町","1006","農業経営体_個人経営","経営体","371"
"1426","新潟県_魚沼市_堀之内町","1007","農業経営体_団体経営","経営体","13"
"1426","新潟県_魚沼市_堀之内町","1008","農業経営体_団体経営_法人経営","経営体","9"
"1426","新潟県_魚沼市_堀之内町","1009","林業経営体_計","経営体","2"
"1426","新潟県_魚沼市_堀之内町","1010","林業経営体_個人経営","経営体","2"
"1426","新潟県_魚沼市_堀之内町","1011","林業経営体_団体経営","経営体","-"
"1426","新潟県_魚沼市_堀之内町","1012","林業経営体_団体経営_法人経営","経営体","-"
"1427","新潟県_魚沼市_湯之谷村２－１","1001","農林業経営体_計","経営体","146"
"1427","新潟県_魚沼市_湯之谷村２－１","1002","農林業経営体_個人経営","経営体","140"
"1427","新潟県_魚沼市_湯之谷村２－１","1003","農林業経営体_団体経営","経営体","6"
"1427","新潟県_魚沼市_湯之谷村２－１","1004","農林業経営体_団体経営_法人経営","経営体","6"
"1427","新潟県_魚沼市_湯之谷村２－１","1005","農業経営体_計","経営体","143"
"1427","新潟県_魚沼市_湯之谷村２－１","1006","農業経営体_個人経営","経営体","139"
"1427","新潟県_魚沼市_湯之谷村２－１","1007","農業経営体_団体経営","経営体","4"
"1427","新潟県_魚沼市_湯之谷村２－１","1008","農業経営体_団体経営_法人経営","経営体","4"
"1427","新潟県_魚沼市_湯之谷村２－１","1009","林業経営体_計","経営体","6"
"1427","新潟県_魚沼市_湯之谷村２－１","1010","林業経営体_個人経営","経営体","4"
"1427","新潟県_魚沼市_湯之谷村２－１","1011","林業経営体_団体経営","経営体","2"
"1427","新潟県_魚沼市_湯之谷村２－１","1012","林業経営体_団体経営_法人経営","経営体","2"
"1428","新潟県_魚沼市_小出町２－２","1001","農林業経営体_計","経営体","1"
"1428","新潟県_魚沼市_小出町２－２","1002","農林業経営体_個人経営","経営体","1"
"1428","新潟県_魚沼市_小出町２－２","1003","農林業経営体_団体経営","経営体","-"
"1428","新潟県_魚沼市_小出町２－２","1004","農林業経営体_団体経営_法人経営","経営体","-"
"1428","新潟県_魚沼市_小出町２－２","1005","農業経営体_計","経営体","1"
"1428","新潟県_魚沼市_小出町２－２","1006","農業経営体_個人経営","経営体","1"
"1428","新潟県_魚沼市_小出町２－２","1007","農業経営体_団体経営","経営体","-"
"1428","新潟県_魚沼市_小出町２－２","1008","農業経営体_団体経営_法人経営","経営体","-"
"1428","新潟県_魚沼市_小出町２－２","1009","林業経営体_計","経営体","-"
"1428","新潟県_魚沼市_小出町２－２","1010","林業経営体_個人経営","経営体","-"
"1428","新潟県_魚沼市_小出町２－２","1011","林業経営体_団体経営","経営体","-"
"1428","新潟県_魚沼市_小出町２－２","1012","林業経営体_団体経営_法人経営","経営体","-"
"1429","新潟県_魚沼市_広瀬村","1001","農林業経営体_計","経営体","229"
"1429","新潟県_魚沼市_広瀬村","1002","農林業経営体_個人経営","経営体","223"
"1429","新潟県_魚沼市_広瀬村","1003","農林業経営体_団体経営","経営体","6"
"1429","新潟県_魚沼市_広瀬村","1004","農林業経営体_団体経営_法人経営","経営体","6"
"1429","新潟県_魚沼市_広瀬村","1005","農業経営体_計","経営体","229"
"1429","新潟県_魚沼市_広瀬村","1006","農業経営体_個人経営","経営体","223"
"1429","新潟県_魚沼市_広瀬村","1007","農業経営体_団体経営","経営体","6"
"1429","新潟県_魚沼市_広瀬村","1008","農業経営体_団体経営_法人経営","経営体","6"
"1429","新潟県_魚沼市_広瀬村","1009","林業経営体_計","経営体","-"
"1429","新潟県_魚沼市_広瀬村","1010","林業経営体_個人経営","経営体","-"
"1429","新潟県_魚沼市_広瀬村","1011","林業経営体_団体経営","経営体","-"
"1429","新潟県_魚沼市_広瀬村","1012","林業経営体_団体経営_法人経営","経営体","-"
"1430","新潟県_魚沼市_東竹沢村２－２","1001","農林業経営体_計","経営体","3"
"1430","新潟県_魚沼市_東竹沢村２－２","1002","農林業経営体_個人経営","経営体","3"
"1430","新潟県_魚沼市_東竹沢村２－２","1003","農林業経営体_団体経営","経営体","-"
"1430","新潟県_魚沼市_東竹沢村２－２","1004","農林業経営体_団体経営_法人経営","経営体","-"
"1430","新潟県_魚沼市_東竹沢村２－２","1005","農業経営体_計","経営体","3"
"1430","新潟県_魚沼市_東竹沢村２－２","1006","農業経営体_個人経営","経営体","3"
"1430","新潟県_魚沼市_東竹沢村２－２","1007","農業経営体_団体経営","経営体","-"
"1430","新潟県_魚沼市_東竹沢村２－２","1008","農業経営体_団体経営_法人経営","経営体","-"
"1430","新潟県_魚沼市_東竹沢村２－２","1009","林業経営体_計","経営体","-"
"1430","新潟県_魚沼市_東竹沢村２－２","1010","林業経営体_個人経営","経営体","-"
"1430","新潟県_魚沼市_東竹沢村２－２","1011","林業経営体_団体経営","経営体","-"
"1430","新潟県_魚沼市_東竹沢村２－２","1012","林業経営体_団体経営_法人経営","経営体","-"
"1431","新潟県_魚沼市_薮神村","1001","農林業経営体_計","経営体","199"
"1431","新潟県_魚沼市_薮神村","1002","農林業経営体_個人経営","経営体","181"
"1431","新潟県_魚沼市_薮神村","1003","農林業経営体_団体経営","経営体","18"
"1431","新潟県_魚沼市_薮神村","1004","農林業経営体_団体経営_法人経営","経営体","15"
"1431","新潟県_魚沼市_薮神村","1005","農業経営体_計","経営体","199"
"1431","新潟県_魚沼市_薮神村","1006","農業経営体_個人経営","経営体","181"
"1431","新潟県_魚沼市_薮神村","1007","農業経営体_団体経営","経営体","18"
"1431","新潟県_魚沼市_薮神村","1008","農業経営体_団体経営_法人経営","経営体","15"
"1431","新潟県_魚沼市_薮神村","1009","林業経営体_計","経営体","-"
"1431","新潟県_魚沼市_薮神村","1010","林業経営体_個人経営","経営体","-"
"1431","新潟県_魚沼市_薮神村","1011","林業経営体_団体経営","経営体","-"
"1431","新潟県_魚沼市_薮神村","1012","林業経営体_団体経営_法人経営","経営体","-"
"1432","新潟県_魚沼市_須原村","1001","農林業経営体_計","経営体","217"
"1432","新潟県_魚沼市_須原村","1002","農林業経営体_個人経営","経営体","212"
"1432","新潟県_魚沼市_須原村","1003","農林業経営体_団体経営","経営体","5"
"1432","新潟県_魚沼市_須原村","1004","農林業経営体_団体経営_法人経営","経営体","3"
"1432","新潟県_魚沼市_須原村","1005","農業経営体_計","経営体","215"
"1432","新潟県_魚沼市_須原村","1006","農業経営体_個人経営","経営体","212"
"1432","新潟県_魚沼市_須原村","1007","農業経営体_団体経営","経営体","3"
"1432","新潟県_魚沼市_須原村","1008","農業経営体_団体経営_法人経営","経営体","1"
"1432","新潟県_魚沼市_須原村","1009","林業経営体_計","経営体","3"
"1432","新潟県_魚沼市_須原村","1010","林業経営体_個人経営","経営体","1"
"1432","新潟県_魚沼市_須原村","1011","林業経営体_団体経営","経営体","2"
"1432","新潟県_魚沼市_須原村","1012","林業経営体_団体経営_法人経営","経営体","2"
"1433","新潟県_魚沼市_上条村","1001","農林業経営体_計","経営体","104"
"1433","新潟県_魚沼市_上条村","1002","農林業経営体_個人経営","経営体","104"
"1433","新潟県_魚沼市_上条村","1003","農林業経営体_団体経営","経営体","-"
"1433","新潟県_魚沼市_上条村","1004","農林業経営体_団体経営_法人経営","経営体","-"
"1433","新潟県_魚沼市_上条村","1005","農業経営体_計","経営体","104"
"1433","新潟県_魚沼市_上条村","1006","農業経営体_個人経営","経営体","104"
"1433","新潟県_魚沼市_上条村","1007","農業経営体_団体経営","経営体","-"
"1433","新潟県_魚沼市_上条村","1008","農業経営体_団体経営_法人経営","経営体","-"
"1433","新潟県_魚沼市_上条村","1009","林業経営体_計","経営体","-"
"1433","新潟県_魚沼市_上条村","1010","林業経営体_個人経営","経営体","-"
"1433","新潟県_魚沼市_上条村","1011","林業経営体_団体経営","経営体","-"
"1433","新潟県_魚沼市_上条村","1012","林業経営体_団体経営_法人経営","経営体","-"
"1434","新潟県_魚沼市_入広瀬村","1001","農林業経営体_計","経営体","86"
"1434","新潟県_魚沼市_入広瀬村","1002","農林業経営体_個人経営","経営体","82"
"1434","新潟県_魚沼市_入広瀬村","1003","農林業経営体_団体経営","経営体","4"
"1434","新潟県_魚沼市_入広瀬村","1004","農林業経営体_団体経営_法人経営","経営体","2"
"1434","新潟県_魚沼市_入広瀬村","1005","農業経営体_計","経営体","85"
"1434","新潟県_魚沼市_入広瀬村","1006","農業経営体_個人経営","経営体","81"
"1434","新潟県_魚沼市_入広瀬村","1007","農業経営体_団体経営","経営体","4"
"1434","新潟県_魚沼市_入広瀬村","1008","農業経営体_団体経営_法人経営","経営体","2"
"1434","新潟県_魚沼市_入広瀬村","1009","林業経営体_計","経営体","2"
"1434","新潟県_魚沼市_入広瀬村","1010","林業経営体_個人経営","経営体","1"
"1434","新潟県_魚沼市_入広瀬村","1011","林業経営体_団体経営","経営体","1"
"1434","新潟県_魚沼市_入広瀬村","1012","林業経営体_団体経営_法人経営","経営体","1"
"1435","新潟県_南魚沼市","1001","農林業経営体_計","経営体","2968"
"1435","新潟県_南魚沼市","1002","農林業経営体_個人経営","経営体","2863"
"1435","新潟県_南魚沼市","1003","農林業経営体_団体経営","経営体","105"
"1435","新潟県_南魚沼市","1004","農林業経営体_団体経営_法人経営","経営体","76"
"1435","新潟県_南魚沼市","1005","農業経営体_計","経営体","2959"
"1435","新潟県_南魚沼市","1006","農業経営体_個人経営","経営体","2862"
"1435","新潟県_南魚沼市","1007","農業経営体_団体経営","経営体","97"
"1435","新潟県_南魚沼市","1008","農業経営体_団体経営_法人経営","経営体","70"
"1435","新潟県_南魚沼市","1009","林業経営体_計","経営体","18"
"1435","新潟県_南魚沼市","1010","林業経営体_個人経営","経営体","9"
"1435","新潟県_南魚沼市","1011","林業経営体_団体経営","経営体","9"
"1435","新潟県_南魚沼市","1012","林業経営体_団体経営_法人経営","経営体","6"
"1436","新潟県_南魚沼市_六日町","1001","農林業経営体_計","経営体","265"
"1436","新潟県_南魚沼市_六日町","1002","農林業経営体_個人経営","経営体","258"
"1436","新潟県_南魚沼市_六日町","1003","農林業経営体_団体経営","経営体","7"
"1436","新潟県_南魚沼市_六日町","1004","農林業経営体_団体経営_法人経営","経営体","6"
"1436","新潟県_南魚沼市_六日町","1005","農業経営体_計","経営体","263"
"1436","新潟県_南魚沼市_六日町","1006","農業経営体_個人経営","経営体","257"
"1436","新潟県_南魚沼市_六日町","1007","農業経営体_団体経営","経営体","6"
"1436","新潟県_南魚沼市_六日町","1008","農業経営体_団体経営_法人経営","経営体","6"
"1436","新潟県_南魚沼市_六日町","1009","林業経営体_計","経営体","2"
"1436","新潟県_南魚沼市_六日町","1010","林業経営体_個人経営","経営体","1"
"1436","新潟県_南魚沼市_六日町","1011","林業経営体_団体経営","経営体","1"
"1436","新潟県_南魚沼市_六日町","1012","林業経営体_団体経営_法人経営","経営体","-"
"1437","新潟県_南魚沼市_五十沢村","1001","農林業経営体_計","経営体","203"
"1437","新潟県_南魚沼市_五十沢村","1002","農林業経営体_個人経営","経営体","199"
"1437","新潟県_南魚沼市_五十沢村","1003","農林業経営体_団体経営","経営体","4"
"1437","新潟県_南魚沼市_五十沢村","1004","農林業経営体_団体経営_法人経営","経営体","4"
"1437","新潟県_南魚沼市_五十沢村","1005","農業経営体_計","経営体","203"
"1437","新潟県_南魚沼市_五十沢村","1006","農業経営体_個人経営","経営体","199"
"1437","新潟県_南魚沼市_五十沢村","1007","農業経営体_団体経営","経営体","4"
"1437","新潟県_南魚沼市_五十沢村","1008","農業経営体_団体経営_法人経営","経営体","4"
"1437","新潟県_南魚沼市_五十沢村","1009","林業経営体_計","経営体","1"
"1437","新潟県_南魚沼市_五十沢村","1010","林業経営体_個人経営","経営体","1"
"1437","新潟県_南魚沼市_五十沢村","1011","林業経営体_団体経営","経営体","-"
"1437","新潟県_南魚沼市_五十沢村","1012","林業経営体_団体経営_法人経営","経営体","-"
"1438","新潟県_南魚沼市_城内村","1001","農林業経営体_計","経営体","269"
"1438","新潟県_南魚沼市_城内村","1002","農林業経営体_個人経営","経営体","256"
"1438","新潟県_南魚沼市_城内村","1003","農林業経営体_団体経営","経営体","13"
"1438","新潟県_南魚沼市_城内村","1004","農林業経営体_団体経営_法人経営","経営体","8"
"1438","新潟県_南魚沼市_城内村","1005","農業経営体_計","経営体","268"
"1438","新潟県_南魚沼市_城内村","1006","農業経営体_個人経営","経営体","256"
"1438","新潟県_南魚沼市_城内村","1007","農業経営体_団体経営","経営体","12"
"1438","新潟県_南魚沼市_城内村","1008","農業経営体_団体経営_法人経営","経営体","8"
"1438","新潟県_南魚沼市_城内村","1009","林業経営体_計","経営体","2"
"1438","新潟県_南魚沼市_城内村","1010","林業経営体_個人経営","経営体","1"
"1438","新潟県_南魚沼市_城内村","1011","林業経営体_団体経営","経営体","1"
"1438","新潟県_南魚沼市_城内村","1012","林業経営体_団体経営_法人経営","経営体","-"
"1439","新潟県_南魚沼市_大巻村","1001","農林業経営体_計","経営体","189"
"1439","新潟県_南魚沼市_大巻村","1002","農林業経営体_個人経営","経営体","180"
"1439","新潟県_南魚沼市_大巻村","1003","農林業経営体_団体経営","経営体","9"
"1439","新潟県_南魚沼市_大巻村","1004","農林業経営体_団体経営_法人経営","経営体","6"
"1439","新潟県_南魚沼市_大巻村","1005","農業経営体_計","経営体","189"
"1439","新潟県_南魚沼市_大巻村","1006","農業経営体_個人経営","経営体","180"
"1439","新潟県_南魚沼市_大巻村","1007","農業経営体_団体経営","経営体","9"
"1439","新潟県_南魚沼市_大巻村","1008","農業経営体_団体経営_法人経営","経営体","6"
"1439","新潟県_南魚沼市_大巻村","1009","林業経営体_計","経営体","2"
"1439","新潟県_南魚沼市_大巻村","1010","林業経営体_個人経営","経営体","2"
"1439","新潟県_南魚沼市_大巻村","1011","林業経営体_団体経営","経営体","-"
"1439","新潟県_南魚沼市_大巻村","1012","林業経営体_団体経営_法人経営","経営体","-"
"1440","新潟県_南魚沼市_浦佐村","1001","農林業経営体_計","経営体","99"
"1440","新潟県_南魚沼市_浦佐村","1002","農林業経営体_個人経営","経営体","94"
"1440","新潟県_南魚沼市_浦佐村","1003","農林業経営体_団体経営","経営体","5"
"1440","新潟県_南魚沼市_浦佐村","1004","農林業経営体_団体経営_法人経営","経営体","4"
"1440","新潟県_南魚沼市_浦佐村","1005","農業経営体_計","経営体","99"
"1440","新潟県_南魚沼市_浦佐村","1006","農業経営体_個人経営","経営体","94"
"1440","新潟県_南魚沼市_浦佐村","1007","農業経営体_団体経営","経営体","5"
"1440","新潟県_南魚沼市_浦佐村","1008","農業経営体_団体経営_法人経営","経営体","4"
"1440","新潟県_南魚沼市_浦佐村","1009","林業経営体_計","経営体","-"
"1440","新潟県_南魚沼市_浦佐村","1010","林業経営体_個人経営","経営体","-"
"1440","新潟県_南魚沼市_浦佐村","1011","林業経営体_団体経営","経営体","-"
"1440","新潟県_南魚沼市_浦佐村","1012","林業経営体_団体経営_法人経営","経営体","-"
"1441","新潟県_南魚沼市_東村","1001","農林業経営体_計","経営体","243"
"1441","新潟県_南魚沼市_東村","1002","農林業経営体_個人経営","経営体","231"
"1441","新潟県_南魚沼市_東村","1003","農林業経営体_団体経営","経営体","12"
"1441","新潟県_南魚沼市_東村","1004","農林業経営体_団体経営_法人経営","経営体","9"
"1441","新潟県_南魚沼市_東村","1005","農業経営体_計","経営体","243"
"1441","新潟県_南魚沼市_東村","1006","農業経営体_個人経営","経営体","231"
"1441","新潟県_南魚沼市_東村","1007","農業経営体_団体経営","経営体","12"
"1441","新潟県_南魚沼市_東村","1008","農業経営体_団体経営_法人経営","経営体","9"
"1441","新潟県_南魚沼市_東村","1009","林業経営体_計","経営体","1"
"1441","新潟県_南魚沼市_東村","1010","林業経営体_個人経営","経営体","1"
"1441","新潟県_南魚沼市_東村","1011","林業経営体_団体経営","経営体","-"
"1441","新潟県_南魚沼市_東村","1012","林業経営体_団体経営_法人経営","経営体","-"
"1442","新潟県_南魚沼市_大崎村","1001","農林業経営体_計","経営体","180"
"1442","新潟県_南魚沼市_大崎村","1002","農林業経営体_個人経営","経営体","172"
"1442","新潟県_南魚沼市_大崎村","1003","農林業経営体_団体経営","経営体","8"
"1442","新潟県_南魚沼市_大崎村","1004","農林業経営体_団体経営_法人経営","経営体","7"
"1442","新潟県_南魚沼市_大崎村","1005","農業経営体_計","経営体","180"
"1442","新潟県_南魚沼市_大崎村","1006","農業経営体_個人経営","経営体","172"
"1442","新潟県_南魚沼市_大崎村","1007","農業経営体_団体経営","経営体","8"
"1442","新潟県_南魚沼市_大崎村","1008","農業経営体_団体経営_法人経営","経営体","7"
"1442","新潟県_南魚沼市_大崎村","1009","林業経営体_計","経営体","-"
"1442","新潟県_南魚沼市_大崎村","1010","林業経営体_個人経営","経営体","-"
"1442","新潟県_南魚沼市_大崎村","1011","林業経営体_団体経営","経営体","-"
"1442","新潟県_南魚沼市_大崎村","1012","林業経営体_団体経営_法人経営","経営体","-"
"1443","新潟県_南魚沼市_薮神村","1001","農林業経営体_計","経営体","231"
"1443","新潟県_南魚沼市_薮神村","1002","農林業経営体_個人経営","経営体","220"
"1443","新潟県_南魚沼市_薮神村","1003","農林業経営体_団体経営","経営体","11"
"1443","新潟県_南魚沼市_薮神村","1004","農林業経営体_団体経営_法人経営","経営体","5"
"1443","新潟県_南魚沼市_薮神村","1005","農業経営体_計","経営体","231"
"1443","新潟県_南魚沼市_薮神村","1006","農業経営体_個人経営","経営体","220"
"1443","新潟県_南魚沼市_薮神村","1007","農業経営体_団体経営","経営体","11"
"1443","新潟県_南魚沼市_薮神村","1008","農業経営体_団体経営_法人経営","経営体","5"
"1443","新潟県_南魚沼市_薮神村","1009","林業経営体_計","経営体","1"
"1443","新潟県_南魚沼市_薮神村","1010","林業経営体_個人経営","経営体","1"
"1443","新潟県_南魚沼市_薮神村","1011","林業経営体_団体経営","経営体","-"
"1443","新潟県_南魚沼市_薮神村","1012","林業経営体_団体経営_法人経営","経営体","-"
"1444","新潟県_南魚沼市_塩沢町","1001","農林業経営体_計","経営体","348"
"1444","新潟県_南魚沼市_塩沢町","1002","農林業経営体_個人経営","経営体","344"
"1444","新潟県_南魚沼市_塩沢町","1003","農林業経営体_団体経営","経営体","4"
"1444","新潟県_南魚沼市_塩沢町","1004","農林業経営体_団体経営_法人経営","経営体","4"
"1444","新潟県_南魚沼市_塩沢町","1005","農業経営体_計","経営体","348"
"1444","新潟県_南魚沼市_塩沢町","1006","農業経営体_個人経営","経営体","344"
"1444","新潟県_南魚沼市_塩沢町","1007","農業経営体_団体経営","経営体","4"
"1444","新潟県_南魚沼市_塩沢町","1008","農業経営体_団体経営_法人経営","経営体","4"
"1444","新潟県_南魚沼市_塩沢町","1009","林業経営体_計","経営体","-"
"1444","新潟県_南魚沼市_塩沢町","1010","林業経営体_個人経営","経営体","-"
"1444","新潟県_南魚沼市_塩沢町","1011","林業経営体_団体経営","経営体","-"
"1444","新潟県_南魚沼市_塩沢町","1012","林業経営体_団体経営_法人経営","経営体","-"
"1445","新潟県_南魚沼市_中之島村","1001","農林業経営体_計","経営体","432"
"1445","新潟県_南魚沼市_中之島村","1002","農林業経営体_個人経営","経営体","416"
"1445","新潟県_南魚沼市_中之島村","1003","農林業経営体_団体経営","経営体","16"
"1445","新潟県_南魚沼市_中之島村","1004","農林業経営体_団体経営_法人経営","経営体","9"
"1445","新潟県_南魚沼市_中之島村","1005","農業経営体_計","経営体","430"
"1445","新潟県_南魚沼市_中之島村","1006","農業経営体_個人経営","経営体","416"
"1445","新潟県_南魚沼市_中之島村","1007","農業経営体_団体経営","経営体","14"
"1445","新潟県_南魚沼市_中之島村","1008","農業経営体_団体経営_法人経営","経営体","7"
"1445","新潟県_南魚沼市_中之島村","1009","林業経営体_計","経営体","2"
"1445","新潟県_南魚沼市_中之島村","1010","林業経営体_個人経営","経営体","-"
"1445","新潟県_南魚沼市_中之島村","1011","林業経営体_団体経営","経営体","2"
"1445","新潟県_南魚沼市_中之島村","1012","林業経営体_団体経営_法人経営","経営体","2"
"1446","新潟県_南魚沼市_石打村","1001","農林業経営体_計","経営体","239"
"1446","新潟県_南魚沼市_石打村","1002","農林業経営体_個人経営","経営体","231"
"1446","新潟県_南魚沼市_石打村","1003","農林業経営体_団体経営","経営体","8"
"1446","新潟県_南魚沼市_石打村","1004","農林業経営体_団体経営_法人経営","経営体","8"
"1446","新潟県_南魚沼市_石打村","1005","農業経営体_計","経営体","237"
"1446","新潟県_南魚沼市_石打村","1006","農業経営体_個人経営","経営体","231"
"1446","新潟県_南魚沼市_石打村","1007","農業経営体_団体経営","経営体","6"
"1446","新潟県_南魚沼市_石打村","1008","農業経営体_団体経営_法人経営","経営体","6"
"1446","新潟県_南魚沼市_石打村","1009","林業経営体_計","経営体","3"
"1446","新潟県_南魚沼市_石打村","1010","林業経営体_個人経営","経営体","1"
"1446","新潟県_南魚沼市_石打村","1011","林業経営体_団体経営","経営体","2"
"1446","新潟県_南魚沼市_石打村","1012","林業経営体_団体経営_法人経営","経営体","2"
"1447","新潟県_南魚沼市_上田村","1001","農林業経営体_計","経営体","270"
"1447","新潟県_南魚沼市_上田村","1002","農林業経営体_個人経営","経営体","262"
"1447","新潟県_南魚沼市_上田村","1003","農林業経営体_団体経営","経営体","8"
"1447","新潟県_南魚沼市_上田村","1004","農林業経営体_団体経営_法人経営","経営体","6"
"1447","新潟県_南魚沼市_上田村","1005","農業経営体_計","経営体","268"
"1447","新潟県_南魚沼市_上田村","1006","農業経営体_個人経営","経営体","262"
"1447","新潟県_南魚沼市_上田村","1007","農業経営体_団体経営","経営体","6"
"1447","新潟県_南魚沼市_上田村","1008","農業経営体_団体経営_法人経営","経営体","4"
"1447","新潟県_南魚沼市_上田村","1009","林業経営体_計","経営体","4"
"1447","新潟県_南魚沼市_上田村","1010","林業経営体_個人経営","経営体","1"
"1447","新潟県_南魚沼市_上田村","1011","林業経営体_団体経営","経営体","3"
"1447","新潟県_南魚沼市_上田村","1012","林業経営体_団体経営_法人経営","経営体","2"
"1448","新潟県_胎内市","1001","農林業経営体_計","経営体","1037"
"1448","新潟県_胎内市","1002","農林業経営体_個人経営","経営体","984"
"1448","新潟県_胎内市","1003","農林業経営体_団体経営","経営体","53"
"1448","新潟県_胎内市","1004","農林業経営体_団体経営_法人経営","経営体","43"
"1448","新潟県_胎内市","1005","農業経営体_計","経営体","1033"
"1448","新潟県_胎内市","1006","農業経営体_個人経営","経営体","981"
"1448","新潟県_胎内市","1007","農業経営体_団体経営","経営体","52"
"1448","新潟県_胎内市","1008","農業経営体_団体経営_法人経営","経営体","42"
"1448","新潟県_胎内市","1009","林業経営体_計","経営体","7"
"1448","新潟県_胎内市","1010","林業経営体_個人経営","経営体","6"
"1448","新潟県_胎内市","1011","林業経営体_団体経営","経営体","1"
"1448","新潟県_胎内市","1012","林業経営体_団体経営_法人経営","経営体","1"
"1449","新潟県_胎内市_中条町","1001","農林業経営体_計","経営体","170"
"1449","新潟県_胎内市_中条町","1002","農林業経営体_個人経営","経営体","155"
"1449","新潟県_胎内市_中条町","1003","農林業経営体_団体経営","経営体","15"
"1449","新潟県_胎内市_中条町","1004","農林業経営体_団体経営_法人経営","経営体","13"
"1449","新潟県_胎内市_中条町","1005","農業経営体_計","経営体","169"
"1449","新潟県_胎内市_中条町","1006","農業経営体_個人経営","経営体","154"
"1449","新潟県_胎内市_中条町","1007","農業経営体_団体経営","経営体","15"
"1449","新潟県_胎内市_中条町","1008","農業経営体_団体経営_法人経営","経営体","13"
"1449","新潟県_胎内市_中条町","1009","林業経営体_計","経営体","2"
"1449","新潟県_胎内市_中条町","1010","林業経営体_個人経営","経営体","2"
"1449","新潟県_胎内市_中条町","1011","林業経営体_団体経営","経営体","-"
"1449","新潟県_胎内市_中条町","1012","林業経営体_団体経営_法人経営","経営体","-"
"1450","新潟県_胎内市_金塚村２－２","1001","農林業経営体_計","経営体","50"
"1450","新潟県_胎内市_金塚村２－２","1002","農林業経営体_個人経営","経営体","50"
"1450","新潟県_胎内市_金塚村２－２","1003","農林業経営体_団体経営","経営体","-"
"1450","新潟県_胎内市_金塚村２－２","1004","農林業経営体_団体経営_法人経営","経営体","-"
"1450","新潟県_胎内市_金塚村２－２","1005","農業経営体_計","経営体","49"
"1450","新潟県_胎内市_金塚村２－２","1006","農業経営体_個人経営","経営体","49"
"1450","新潟県_胎内市_金塚村２－２","1007","農業経営体_団体経営","経営体","-"
"1450","新潟県_胎内市_金塚村２－２","1008","農業経営体_団体経営_法人経営","経営体","-"
"1450","新潟県_胎内市_金塚村２－２","1009","林業経営体_計","経営体","1"
"1450","新潟県_胎内市_金塚村２－２","1010","林業経営体_個人経営","経営体","1"
"1450","新潟県_胎内市_金塚村２－２","1011","林業経営体_団体経営","経営体","-"
"1450","新潟県_胎内市_金塚村２－２","1012","林業経営体_団体経営_法人経営","経営体","-"
"1451","新潟県_胎内市_乙村","1001","農林業経営体_計","経営体","293"
"1451","新潟県_胎内市_乙村","1002","農林業経営体_個人経営","経営体","282"
"1451","新潟県_胎内市_乙村","1003","農林業経営体_団体経営","経営体","11"
"1451","新潟県_胎内市_乙村","1004","農林業経営体_団体経営_法人経営","経営体","8"
"1451","新潟県_胎内市_乙村","1005","農業経営体_計","経営体","293"
"1451","新潟県_胎内市_乙村","1006","農業経営体_個人経営","経営体","282"
"1451","新潟県_胎内市_乙村","1007","農業経営体_団体経営","経営体","11"
"1451","新潟県_胎内市_乙村","1008","農業経営体_団体経営_法人経営","経営体","8"
"1451","新潟県_胎内市_乙村","1009","林業経営体_計","経営体","-"
"1451","新潟県_胎内市_乙村","1010","林業経営体_個人経営","経営体","-"
"1451","新潟県_胎内市_乙村","1011","林業経営体_団体経営","経営体","-"
"1451","新潟県_胎内市_乙村","1012","林業経営体_団体経営_法人経営","経営体","-"
"1452","新潟県_胎内市_築地村","1001","農林業経営体_計","経営体","230"
"1452","新潟県_胎内市_築地村","1002","農林業経営体_個人経営","経営体","218"
"1452","新潟県_胎内市_築地村","1003","農林業経営体_団体経営","経営体","12"
"1452","新潟県_胎内市_築地村","1004","農林業経営体_団体経営_法人経営","経営体","12"
"1452","新潟県_胎内市_築地村","1005","農業経営体_計","経営体","230"
"1452","新潟県_胎内市_築地村","1006","農業経営体_個人経営","経営体","218"
"1452","新潟県_胎内市_築地村","1007","農業経営体_団体経営","経営体","12"
"1452","新潟県_胎内市_築地村","1008","農業経営体_団体経営_法人経営","経営体","12"
"1452","新潟県_胎内市_築地村","1009","林業経営体_計","経営体","-"
"1452","新潟県_胎内市_築地村","1010","林業経営体_個人経営","経営体","-"
"1452","新潟県_胎内市_築地村","1011","林業経営体_団体経営","経営体","-"
"1452","新潟県_胎内市_築地村","1012","林業経営体_団体経営_法人経営","経営体","-"
"1453","新潟県_胎内市_松塚村２－２","1001","農林業経営体_計","経営体","3"
"1453","新潟県_胎内市_松塚村２－２","1002","農林業経営体_個人経営","経営体","2"
"1453","新潟県_胎内市_松塚村２－２","1003","農林業経営体_団体経営","経営体","1"
"1453","新潟県_胎内市_松塚村２－２","1004","農林業経営体_団体経営_法人経営","経営体","1"
"1453","新潟県_胎内市_松塚村２－２","1005","農業経営体_計","経営体","3"
"1453","新潟県_胎内市_松塚村２－２","1006","農業経営体_個人経営","経営体","2"
"1453","新潟県_胎内市_松塚村２－２","1007","農業経営体_団体経営","経営体","1"
"1453","新潟県_胎内市_松塚村２－２","1008","農業経営体_団体経営_法人経営","経営体","1"
"1453","新潟県_胎内市_松塚村２－２","1009","林業経営体_計","経営体","-"
"1453","新潟県_胎内市_松塚村２－２","1010","林業経営体_個人経営","経営体","-"
"1453","新潟県_胎内市_松塚村２－２","1011","林業経営体_団体経営","経営体","-"
"1453","新潟県_胎内市_松塚村２－２","1012","林業経営体_団体経営_法人経営","経営体","-"
"1454","新潟県_胎内市_黒川村","1001","農林業経営体_計","経営体","291"
"1454","新潟県_胎内市_黒川村","1002","農林業経営体_個人経営","経営体","277"
"1454","新潟県_胎内市_黒川村","1003","農林業経営体_団体経営","経営体","14"
"1454","新潟県_胎内市_黒川村","1004","農林業経営体_団体経営_法人経営","経営体","9"
"1454","新潟県_胎内市_黒川村","1005","農業経営体_計","経営体","289"
"1454","新潟県_胎内市_黒川村","1006","農業経営体_個人経営","経営体","276"
"1454","新潟県_胎内市_黒川村","1007","農業経営体_団体経営","経営体","13"
"1454","新潟県_胎内市_黒川村","1008","農業経営体_団体経営_法人経営","経営体","8"
"1454","新潟県_胎内市_黒川村","1009","林業経営体_計","経営体","4"
"1454","新潟県_胎内市_黒川村","1010","林業経営体_個人経営","経営体","3"
"1454","新潟県_胎内市_黒川村","1011","林業経営体_団体経営","経営体","1"
"1454","新潟県_胎内市_黒川村","1012","林業経営体_団体経営_法人経営","経営体","1"
"1455","新潟県_聖籠町","1001","農林業経営体_計","経営体","303"
"1455","新潟県_聖籠町","1002","農林業経営体_個人経営","経営体","289"
"1455","新潟県_聖籠町","1003","農林業経営体_団体経営","経営体","14"
"1455","新潟県_聖籠町","1004","農林業経営体_団体経営_法人経営","経営体","14"
"1455","新潟県_聖籠町","1005","農業経営体_計","経営体","303"
"1455","新潟県_聖籠町","1006","農業経営体_個人経営","経営体","289"
"1455","新潟県_聖籠町","1007","農業経営体_団体経営","経営体","14"
"1455","新潟県_聖籠町","1008","農業経営体_団体経営_法人経営","経営体","14"
"1455","新潟県_聖籠町","1009","林業経営体_計","経営体","-"
"1455","新潟県_聖籠町","1010","林業経営体_個人経営","経営体","-"
"1455","新潟県_聖籠町","1011","林業経営体_団体経営","経営体","-"
"1455","新潟県_聖籠町","1012","林業経営体_団体経営_法人経営","経営体","-"
"1456","新潟県_聖籠町_聖籠村","1001","農林業経営体_計","経営体","264"
"1456","新潟県_聖籠町_聖籠村","1002","農林業経営体_個人経営","経営体","254"
"1456","新潟県_聖籠町_聖籠村","1003","農林業経営体_団体経営","経営体","10"
"1456","新潟県_聖籠町_聖籠村","1004","農林業経営体_団体経営_法人経営","経営体","10"
"1456","新潟県_聖籠町_聖籠村","1005","農業経営体_計","経営体","264"
"1456","新潟県_聖籠町_聖籠村","1006","農業経営体_個人経営","経営体","254"
"1456","新潟県_聖籠町_聖籠村","1007","農業経営体_団体経営","経営体","10"
"1456","新潟県_聖籠町_聖籠村","1008","農業経営体_団体経営_法人経営","経営体","10"
"1456","新潟県_聖籠町_聖籠村","1009","林業経営体_計","経営体","-"
"1456","新潟県_聖籠町_聖籠村","1010","林業経営体_個人経営","経営体","-"
"1456","新潟県_聖籠町_聖籠村","1011","林業経営体_団体経営","経営体","-"
"1456","新潟県_聖籠町_聖籠村","1012","林業経営体_団体経営_法人経営","経営体","-"
"1457","新潟県_聖籠町_亀代村","1001","農林業経営体_計","経営体","39"
"1457","新潟県_聖籠町_亀代村","1002","農林業経営体_個人経営","経営体","35"
"1457","新潟県_聖籠町_亀代村","1003","農林業経営体_団体経営","経営体","4"
"1457","新潟県_聖籠町_亀代村","1004","農林業経営体_団体経営_法人経営","経営体","4"
"1457","新潟県_聖籠町_亀代村","1005","農業経営体_計","経営体","39"
"1457","新潟県_聖籠町_亀代村","1006","農業経営体_個人経営","経営体","35"
"1457","新潟県_聖籠町_亀代村","1007","農業経営体_団体経営","経営体","4"
"1457","新潟県_聖籠町_亀代村","1008","農業経営体_団体経営_法人経営","経営体","4"
"1457","新潟県_聖籠町_亀代村","1009","林業経営体_計","経営体","-"
"1457","新潟県_聖籠町_亀代村","1010","林業経営体_個人経営","経営体","-"
"1457","新潟県_聖籠町_亀代村","1011","林業経営体_団体経営","経営体","-"
"1457","新潟県_聖籠町_亀代村","1012","林業経営体_団体経営_法人経営","経営体","-"
"1458","新潟県_弥彦村","1001","農林業経営体_計","経営体","166"
"1458","新潟県_弥彦村","1002","農林業経営体_個人経営","経営体","161"
"1458","新潟県_弥彦村","1003","農林業経営体_団体経営","経営体","5"
"1458","新潟県_弥彦村","1004","農林業経営体_団体経営_法人経営","経営体","5"
"1458","新潟県_弥彦村","1005","農業経営体_計","経営体","166"
"1458","新潟県_弥彦村","1006","農業経営体_個人経営","経営体","161"
"1458","新潟県_弥彦村","1007","農業経営体_団体経営","経営体","5"
"1458","新潟県_弥彦村","1008","農業経営体_団体経営_法人経営","経営体","5"
"1458","新潟県_弥彦村","1009","林業経営体_計","経営体","-"
"1458","新潟県_弥彦村","1010","林業経営体_個人経営","経営体","-"
"1458","新潟県_弥彦村","1011","林業経営体_団体経営","経営体","-"
"1458","新潟県_弥彦村","1012","林業経営体_団体経営_法人経営","経営体","-"
"1459","新潟県_田上町","1001","農林業経営体_計","経営体","186"
"1459","新潟県_田上町","1002","農林業経営体_個人経営","経営体","179"
"1459","新潟県_田上町","1003","農林業経営体_団体経営","経営体","7"
"1459","新潟県_田上町","1004","農林業経営体_団体経営_法人経営","経営体","2"
"1459","新潟県_田上町","1005","農業経営体_計","経営体","186"
"1459","新潟県_田上町","1006","農業経営体_個人経営","経営体","179"
"1459","新潟県_田上町","1007","農業経営体_団体経営","経営体","7"
"1459","新潟県_田上町","1008","農業経営体_団体経営_法人経営","経営体","2"
"1459","新潟県_田上町","1009","林業経営体_計","経営体","2"
"1459","新潟県_田上町","1010","林業経営体_個人経営","経営体","2"
"1459","新潟県_田上町","1011","林業経営体_団体経営","経営体","-"
"1459","新潟県_田上町","1012","林業経営体_団体経営_法人経営","経営体","-"
"1460","新潟県_阿賀町","1001","農林業経営体_計","経営体","382"
"1460","新潟県_阿賀町","1002","農林業経営体_個人経営","経営体","344"
"1460","新潟県_阿賀町","1003","農林業経営体_団体経営","経営体","38"
"1460","新潟県_阿賀町","1004","農林業経営体_団体経営_法人経営","経営体","25"
"1460","新潟県_阿賀町","1005","農業経営体_計","経営体","353"
"1460","新潟県_阿賀町","1006","農業経営体_個人経営","経営体","331"
"1460","新潟県_阿賀町","1007","農業経営体_団体経営","経営体","22"
"1460","新潟県_阿賀町","1008","農業経営体_団体経営_法人経営","経営体","11"
"1460","新潟県_阿賀町","1009","林業経営体_計","経営体","30"
"1460","新潟県_阿賀町","1010","林業経営体_個人経営","経営体","14"
"1460","新潟県_阿賀町","1011","林業経営体_団体経営","経営体","16"
"1460","新潟県_阿賀町","1012","林業経営体_団体経営_法人経営","経営体","14"
"1461","新潟県_阿賀町_津川町","1001","農林業経営体_計","経営体","9"
"1461","新潟県_阿賀町_津川町","1002","農林業経営体_個人経営","経営体","7"
"1461","新潟県_阿賀町_津川町","1003","農林業経営体_団体経営","経営体","2"
"1461","新潟県_阿賀町_津川町","1004","農林業経営体_団体経営_法人経営","経営体","2"
"1461","新潟県_阿賀町_津川町","1005","農業経営体_計","経営体","9"
"1461","新潟県_阿賀町_津川町","1006","農業経営体_個人経営","経営体","7"
"1461","新潟県_阿賀町_津川町","1007","農業経営体_団体経営","経営体","2"
"1461","新潟県_阿賀町_津川町","1008","農業経営体_団体経営_法人経営","経営体","2"
"1461","新潟県_阿賀町_津川町","1009","林業経営体_計","経営体","-"
"1461","新潟県_阿賀町_津川町","1010","林業経営体_個人経営","経営体","-"
"1461","新潟県_阿賀町_津川町","1011","林業経営体_団体経営","経営体","-"
"1461","新潟県_阿賀町_津川町","1012","林業経営体_団体経営_法人経営","経営体","-"
"1462","新潟県_阿賀町_小川村","1001","農林業経営体_計","経営体","57"
"1462","新潟県_阿賀町_小川村","1002","農林業経営体_個人経営","経営体","51"
"1462","新潟県_阿賀町_小川村","1003","農林業経営体_団体経営","経営体","6"
"1462","新潟県_阿賀町_小川村","1004","農林業経営体_団体経営_法人経営","経営体","4"
"1462","新潟県_阿賀町_小川村","1005","農業経営体_計","経営体","54"
"1462","新潟県_阿賀町_小川村","1006","農業経営体_個人経営","経営体","50"
"1462","新潟県_阿賀町_小川村","1007","農業経営体_団体経営","経営体","4"
"1462","新潟県_阿賀町_小川村","1008","農業経営体_団体経営_法人経営","経営体","2"
"1462","新潟県_阿賀町_小川村","1009","林業経営体_計","経営体","4"
"1462","新潟県_阿賀町_小川村","1010","林業経営体_個人経営","経営体","2"
"1462","新潟県_阿賀町_小川村","1011","林業経営体_団体経営","経営体","2"
"1462","新潟県_阿賀町_小川村","1012","林業経営体_団体経営_法人経営","経営体","2"
"1463","新潟県_阿賀町_揚川村２－１","1001","農林業経営体_計","経営体","5"
"1463","新潟県_阿賀町_揚川村２－１","1002","農林業経営体_個人経営","経営体","2"
"1463","新潟県_阿賀町_揚川村２－１","1003","農林業経営体_団体経営","経営体","3"
"1463","新潟県_阿賀町_揚川村２－１","1004","農林業経営体_団体経営_法人経営","経営体","3"
"1463","新潟県_阿賀町_揚川村２－１","1005","農業経営体_計","経営体","1"
"1463","新潟県_阿賀町_揚川村２－１","1006","農業経営体_個人経営","経営体","1"
"1463","新潟県_阿賀町_揚川村２－１","1007","農業経営体_団体経営","経営体","-"
"1463","新潟県_阿賀町_揚川村２－１","1008","農業経営体_団体経営_法人経営","経営体","-"
"1463","新潟県_阿賀町_揚川村２－１","1009","林業経営体_計","経営体","4"
"1463","新潟県_阿賀町_揚川村２－１","1010","林業経営体_個人経営","経営体","1"
"1463","新潟県_阿賀町_揚川村２－１","1011","林業経営体_団体経営","経営体","3"
"1463","新潟県_阿賀町_揚川村２－１","1012","林業経営体_団体経営_法人経営","経営体","3"
"1464","新潟県_阿賀町_上条村２－２","1001","農林業経営体_計","経営体","1"
"1464","新潟県_阿賀町_上条村２－２","1002","農林業経営体_個人経営","経営体","-"
"1464","新潟県_阿賀町_上条村２－２","1003","農林業経営体_団体経営","経営体","1"
"1464","新潟県_阿賀町_上条村２－２","1004","農林業経営体_団体経営_法人経営","経営体","-"
"1464","新潟県_阿賀町_上条村２－２","1005","農業経営体_計","経営体","-"
"1464","新潟県_阿賀町_上条村２－２","1006","農業経営体_個人経営","経営体","-"
"1464","新潟県_阿賀町_上条村２－２","1007","農業経営体_団体経営","経営体","-"
"1464","新潟県_阿賀町_上条村２－２","1008","農業経営体_団体経営_法人経営","経営体","-"
"1464","新潟県_阿賀町_上条村２－２","1009","林業経営体_計","経営体","1"
"1464","新潟県_阿賀町_上条村２－２","1010","林業経営体_個人経営","経営体","-"
"1464","新潟県_阿賀町_上条村２－２","1011","林業経営体_団体経営","経営体","1"
"1464","新潟県_阿賀町_上条村２－２","1012","林業経営体_団体経営_法人経営","経営体","-"
"1465","新潟県_阿賀町_両鹿瀬村","1001","農林業経営体_計","経営体","21"
"1465","新潟県_阿賀町_両鹿瀬村","1002","農林業経営体_個人経営","経営体","17"
"1465","新潟県_阿賀町_両鹿瀬村","1003","農林業経営体_団体経営","経営体","4"
"1465","新潟県_阿賀町_両鹿瀬村","1004","農林業経営体_団体経営_法人経営","経営体","4"
"1465","新潟県_阿賀町_両鹿瀬村","1005","農業経営体_計","経営体","19"
"1465","新潟県_阿賀町_両鹿瀬村","1006","農業経営体_個人経営","経営体","17"
"1465","新潟県_阿賀町_両鹿瀬村","1007","農業経営体_団体経営","経営体","2"
"1465","新潟県_阿賀町_両鹿瀬村","1008","農業経営体_団体経営_法人経営","経営体","2"
"1465","新潟県_阿賀町_両鹿瀬村","1009","林業経営体_計","経営体","2"
"1465","新潟県_阿賀町_両鹿瀬村","1010","林業経営体_個人経営","経営体","-"
"1465","新潟県_阿賀町_両鹿瀬村","1011","林業経営体_団体経営","経営体","2"
"1465","新潟県_阿賀町_両鹿瀬村","1012","林業経営体_団体経営_法人経営","経営体","2"
"1466","新潟県_阿賀町_日出谷村","1001","農林業経営体_計","経営体","33"
"1466","新潟県_阿賀町_日出谷村","1002","農林業経営体_個人経営","経営体","27"
"1466","新潟県_阿賀町_日出谷村","1003","農林業経営体_団体経営","経営体","6"
"1466","新潟県_阿賀町_日出谷村","1004","農林業経営体_団体経営_法人経営","経営体","1"
"1466","新潟県_阿賀町_日出谷村","1005","農業経営体_計","経営体","30"
"1466","新潟県_阿賀町_日出谷村","1006","農業経営体_個人経営","経営体","25"
"1466","新潟県_阿賀町_日出谷村","1007","農業経営体_団体経営","経営体","5"
"1466","新潟県_阿賀町_日出谷村","1008","農業経営体_団体経営_法人経営","経営体","-"
"1466","新潟県_阿賀町_日出谷村","1009","林業経営体_計","経営体","3"
"1466","新潟県_阿賀町_日出谷村","1010","林業経営体_個人経営","経営体","2"
"1466","新潟県_阿賀町_日出谷村","1011","林業経営体_団体経営","経営体","1"
"1466","新潟県_阿賀町_日出谷村","1012","林業経営体_団体経営_法人経営","経営体","1"
"1467","新潟県_阿賀町_豊実村","1001","農林業経営体_計","経営体","10"
"1467","新潟県_阿賀町_豊実村","1002","農林業経営体_個人経営","経営体","8"
"1467","新潟県_阿賀町_豊実村","1003","農林業経営体_団体経営","経営体","2"
"1467","新潟県_阿賀町_豊実村","1004","農林業経営体_団体経営_法人経営","経営体","1"
"1467","新潟県_阿賀町_豊実村","1005","農業経営体_計","経営体","7"
"1467","新潟県_阿賀町_豊実村","1006","農業経営体_個人経営","経営体","6"
"1467","新潟県_阿賀町_豊実村","1007","農業経営体_団体経営","経営体","1"
"1467","新潟県_阿賀町_豊実村","1008","農業経営体_団体経営_法人経営","経営体","-"
"1467","新潟県_阿賀町_豊実村","1009","林業経営体_計","経営体","3"
"1467","新潟県_阿賀町_豊実村","1010","林業経営体_個人経営","経営体","2"
"1467","新潟県_阿賀町_豊実村","1011","林業経営体_団体経営","経営体","1"
"1467","新潟県_阿賀町_豊実村","1012","林業経営体_団体経営_法人経営","経営体","1"
"1468","新潟県_阿賀町_西川村","1001","農林業経営体_計","経営体","115"
"1468","新潟県_阿賀町_西川村","1002","農林業経営体_個人経営","経営体","110"
"1468","新潟県_阿賀町_西川村","1003","農林業経営体_団体経営","経営体","5"
"1468","新潟県_阿賀町_西川村","1004","農林業経営体_団体経営_法人経営","経営体","3"
"1468","新潟県_阿賀町_西川村","1005","農業経営体_計","経営体","110"
"1468","新潟県_阿賀町_西川村","1006","農業経営体_個人経営","経営体","108"
"1468","新潟県_阿賀町_西川村","1007","農業経営体_団体経営","経営体","2"
"1468","新潟県_阿賀町_西川村","1008","農業経営体_団体経営_法人経営","経営体","1"
"1468","新潟県_阿賀町_西川村","1009","林業経営体_計","経営体","5"
"1468","新潟県_阿賀町_西川村","1010","林業経営体_個人経営","経営体","2"
"1468","新潟県_阿賀町_西川村","1011","林業経営体_団体経営","経営体","3"
"1468","新潟県_阿賀町_西川村","1012","林業経営体_団体経営_法人経営","経営体","2"
"1469","新潟県_阿賀町_東川村","1001","農林業経営体_計","経営体","22"
"1469","新潟県_阿賀町_東川村","1002","農林業経営体_個人経営","経営体","21"
"1469","新潟県_阿賀町_東川村","1003","農林業経営体_団体経営","経営体","1"
"1469","新潟県_阿賀町_東川村","1004","農林業経営体_団体経営_法人経営","経営体","-"
"1469","新潟県_阿賀町_東川村","1005","農業経営体_計","経営体","21"
"1469","新潟県_阿賀町_東川村","1006","農業経営体_個人経営","経営体","20"
"1469","新潟県_阿賀町_東川村","1007","農業経営体_団体経営","経営体","1"
"1469","新潟県_阿賀町_東川村","1008","農業経営体_団体経営_法人経営","経営体","-"
"1469","新潟県_阿賀町_東川村","1009","林業経営体_計","経営体","1"
"1469","新潟県_阿賀町_東川村","1010","林業経営体_個人経営","経営体","1"
"1469","新潟県_阿賀町_東川村","1011","林業経営体_団体経営","経営体","-"
"1469","新潟県_阿賀町_東川村","1012","林業経営体_団体経営_法人経営","経営体","-"
"1470","新潟県_阿賀町_上条村２－１","1001","農林業経営体_計","経営体","35"
"1470","新潟県_阿賀町_上条村２－１","1002","農林業経営体_個人経営","経営体","32"
"1470","新潟県_阿賀町_上条村２－１","1003","農林業経営体_団体経営","経営体","3"
"1470","新潟県_阿賀町_上条村２－１","1004","農林業経営体_団体経営_法人経営","経営体","2"
"1470","新潟県_阿賀町_上条村２－１","1005","農業経営体_計","経営体","33"
"1470","新潟県_阿賀町_上条村２－１","1006","農業経営体_個人経営","経営体","31"
"1470","新潟県_阿賀町_上条村２－１","1007","農業経営体_団体経営","経営体","2"
"1470","新潟県_阿賀町_上条村２－１","1008","農業経営体_団体経営_法人経営","経営体","1"
"1470","新潟県_阿賀町_上条村２－１","1009","林業経営体_計","経営体","2"
"1470","新潟県_阿賀町_上条村２－１","1010","林業経営体_個人経営","経営体","1"
"1470","新潟県_阿賀町_上条村２－１","1011","林業経営体_団体経営","経営体","1"
"1470","新潟県_阿賀町_上条村２－１","1012","林業経営体_団体経営_法人経営","経営体","1"
"1471","新潟県_阿賀町_三川村","1001","農林業経営体_計","経営体","43"
"1471","新潟県_阿賀町_三川村","1002","農林業経営体_個人経営","経営体","40"
"1471","新潟県_阿賀町_三川村","1003","農林業経営体_団体経営","経営体","3"
"1471","新潟県_阿賀町_三川村","1004","農林業経営体_団体経営_法人経営","経営体","3"
"1471","新潟県_阿賀町_三川村","1005","農業経営体_計","経営体","40"
"1471","新潟県_阿賀町_三川村","1006","農業経営体_個人経営","経営体","37"
"1471","新潟県_阿賀町_三川村","1007","農業経営体_団体経営","経営体","3"
"1471","新潟県_阿賀町_三川村","1008","農業経営体_団体経営_法人経営","経営体","3"
"1471","新潟県_阿賀町_三川村","1009","林業経営体_計","経営体","3"
"1471","新潟県_阿賀町_三川村","1010","林業経営体_個人経営","経営体","3"
"1471","新潟県_阿賀町_三川村","1011","林業経営体_団体経営","経営体","-"
"1471","新潟県_阿賀町_三川村","1012","林業経営体_団体経営_法人経営","経営体","-"
"1472","新潟県_阿賀町_下条村３－１","1001","農林業経営体_計","経営体","23"
"1472","新潟県_阿賀町_下条村３－１","1002","農林業経営体_個人経営","経営体","21"
"1472","新潟県_阿賀町_下条村３－１","1003","農林業経営体_団体経営","経営体","2"
"1472","新潟県_阿賀町_下条村３－１","1004","農林業経営体_団体経営_法人経営","経営体","2"
"1472","新潟県_阿賀町_下条村３－１","1005","農業経営体_計","経営体","21"
"1472","新潟県_阿賀町_下条村３－１","1006","農業経営体_個人経営","経営体","21"
"1472","新潟県_阿賀町_下条村３－１","1007","農業経営体_団体経営","経営体","-"
"1472","新潟県_阿賀町_下条村３－１","1008","農業経営体_団体経営_法人経営","経営体","-"
"1472","新潟県_阿賀町_下条村３－１","1009","林業経営体_計","経営体","2"
"1472","新潟県_阿賀町_下条村３－１","1010","林業経営体_個人経営","経営体","-"
"1472","新潟県_阿賀町_下条村３－１","1011","林業経営体_団体経営","経営体","2"
"1472","新潟県_阿賀町_下条村３－１","1012","林業経営体_団体経営_法人経営","経営体","2"
"1473","新潟県_阿賀町_揚川村２－２","1001","農林業経営体_計","経営体","8"
"1473","新潟県_阿賀町_揚川村２－２","1002","農林業経営体_個人経営","経営体","8"
"1473","新潟県_阿賀町_揚川村２－２","1003","農林業経営体_団体経営","経営体","-"
"1473","新潟県_阿賀町_揚川村２－２","1004","農林業経営体_団体経営_法人経営","経営体","-"
"1473","新潟県_阿賀町_揚川村２－２","1005","農業経営体_計","経営体","8"
"1473","新潟県_阿賀町_揚川村２－２","1006","農業経営体_個人経営","経営体","8"
"1473","新潟県_阿賀町_揚川村２－２","1007","農業経営体_団体経営","経営体","-"
"1473","新潟県_阿賀町_揚川村２－２","1008","農業経営体_団体経営_法人経営","経営体","-"
"1473","新潟県_阿賀町_揚川村２－２","1009","林業経営体_計","経営体","-"
"1473","新潟県_阿賀町_揚川村２－２","1010","林業経営体_個人経営","経営体","-"
"1473","新潟県_阿賀町_揚川村２－２","1011","林業経営体_団体経営","経営体","-"
"1473","新潟県_阿賀町_揚川村２－２","1012","林業経営体_団体経営_法人経営","経営体","-"
"1474","新潟県_出雲崎町","1001","農林業経営体_計","経営体","168"
"1474","新潟県_出雲崎町","1002","農林業経営体_個人経営","経営体","162"
"1474","新潟県_出雲崎町","1003","農林業経営体_団体経営","経営体","6"
"1474","新潟県_出雲崎町","1004","農林業経営体_団体経営_法人経営","経営体","3"
"1474","新潟県_出雲崎町","1005","農業経営体_計","経営体","167"
"1474","新潟県_出雲崎町","1006","農業経営体_個人経営","経営体","162"
"1474","新潟県_出雲崎町","1007","農業経営体_団体経営","経営体","5"
"1474","新潟県_出雲崎町","1008","農業経営体_団体経営_法人経営","経営体","3"
"1474","新潟県_出雲崎町","1009","林業経営体_計","経営体","4"
"1474","新潟県_出雲崎町","1010","林業経営体_個人経営","経営体","3"
"1474","新潟県_出雲崎町","1011","林業経営体_団体経営","経営体","1"
"1474","新潟県_出雲崎町","1012","林業経営体_団体経営_法人経営","経営体","-"
"1475","新潟県_出雲崎町_出雲崎町","1001","農林業経営体_計","経営体","1"
"1475","新潟県_出雲崎町_出雲崎町","1002","農林業経営体_個人経営","経営体","1"
"1475","新潟県_出雲崎町_出雲崎町","1003","農林業経営体_団体経営","経営体","-"
"1475","新潟県_出雲崎町_出雲崎町","1004","農林業経営体_団体経営_法人経営","経営体","-"
"1475","新潟県_出雲崎町_出雲崎町","1005","農業経営体_計","経営体","1"
"1475","新潟県_出雲崎町_出雲崎町","1006","農業経営体_個人経営","経営体","1"
"1475","新潟県_出雲崎町_出雲崎町","1007","農業経営体_団体経営","経営体","-"
"1475","新潟県_出雲崎町_出雲崎町","1008","農業経営体_団体経営_法人経営","経営体","-"
"1475","新潟県_出雲崎町_出雲崎町","1009","林業経営体_計","経営体","-"
"1475","新潟県_出雲崎町_出雲崎町","1010","林業経営体_個人経営","経営体","-"
"1475","新潟県_出雲崎町_出雲崎町","1011","林業経営体_団体経営","経営体","-"
"1475","新潟県_出雲崎町_出雲崎町","1012","林業経営体_団体経営_法人経営","経営体","-"
"1476","新潟県_出雲崎町_西越村２－１","1001","農林業経営体_計","経営体","167"
"1476","新潟県_出雲崎町_西越村２－１","1002","農林業経営体_個人経営","経営体","161"
"1476","新潟県_出雲崎町_西越村２－１","1003","農林業経営体_団体経営","経営体","6"
"1476","新潟県_出雲崎町_西越村２－１","1004","農林業経営体_団体経営_法人経営","経営体","3"
"1476","新潟県_出雲崎町_西越村２－１","1005","農業経営体_計","経営体","166"
"1476","新潟県_出雲崎町_西越村２－１","1006","農業経営体_個人経営","経営体","161"
"1476","新潟県_出雲崎町_西越村２－１","1007","農業経営体_団体経営","経営体","5"
"1476","新潟県_出雲崎町_西越村２－１","1008","農業経営体_団体経営_法人経営","経営体","3"
"1476","新潟県_出雲崎町_西越村２－１","1009","林業経営体_計","経営体","4"
"1476","新潟県_出雲崎町_西越村２－１","1010","林業経営体_個人経営","経営体","3"
"1476","新潟県_出雲崎町_西越村２－１","1011","林業経営体_団体経営","経営体","1"
"1476","新潟県_出雲崎町_西越村２－１","1012","林業経営体_団体経営_法人経営","経営体","-"
"1477","新潟県_湯沢町","1001","農林業経営体_計","経営体","132"
"1477","新潟県_湯沢町","1002","農林業経営体_個人経営","経営体","123"
"1477","新潟県_湯沢町","1003","農林業経営体_団体経営","経営体","9"
"1477","新潟県_湯沢町","1004","農林業経営体_団体経営_法人経営","経営体","6"
"1477","新潟県_湯沢町","1005","農業経営体_計","経営体","130"
"1477","新潟県_湯沢町","1006","農業経営体_個人経営","経営体","123"
"1477","新潟県_湯沢町","1007","農業経営体_団体経営","経営体","7"
"1477","新潟県_湯沢町","1008","農業経営体_団体経営_法人経営","経営体","5"
"1477","新潟県_湯沢町","1009","林業経営体_計","経営体","6"
"1477","新潟県_湯沢町","1010","林業経営体_個人経営","経営体","4"
"1477","新潟県_湯沢町","1011","林業経営体_団体経営","経営体","2"
"1477","新潟県_湯沢町","1012","林業経営体_団体経営_法人経営","経営体","1"
"1478","新潟県_湯沢町_湯沢村","1001","農林業経営体_計","経営体","7"
"1478","新潟県_湯沢町_湯沢村","1002","農林業経営体_個人経営","経営体","6"
"1478","新潟県_湯沢町_湯沢村","1003","農林業経営体_団体経営","経営体","1"
"1478","新潟県_湯沢町_湯沢村","1004","農林業経営体_団体経営_法人経営","経営体","-"
"1478","新潟県_湯沢町_湯沢村","1005","農業経営体_計","経営体","6"
"1478","新潟県_湯沢町_湯沢村","1006","農業経営体_個人経営","経営体","6"
"1478","新潟県_湯沢町_湯沢村","1007","農業経営体_団体経営","経営体","-"
"1478","新潟県_湯沢町_湯沢村","1008","農業経営体_団体経営_法人経営","経営体","-"
"1478","新潟県_湯沢町_湯沢村","1009","林業経営体_計","経営体","1"
"1478","新潟県_湯沢町_湯沢村","1010","林業経営体_個人経営","経営体","-"
"1478","新潟県_湯沢町_湯沢村","1011","林業経営体_団体経営","経営体","1"
"1478","新潟県_湯沢町_湯沢村","1012","林業経営体_団体経営_法人経営","経営体","-"
"1479","新潟県_湯沢町_神立村","1001","農林業経営体_計","経営体","32"
"1479","新潟県_湯沢町_神立村","1002","農林業経営体_個人経営","経営体","31"
"1479","新潟県_湯沢町_神立村","1003","農林業経営体_団体経営","経営体","1"
"1479","新潟県_湯沢町_神立村","1004","農林業経営体_団体経営_法人経営","経営体","1"
"1479","新潟県_湯沢町_神立村","1005","農業経営体_計","経営体","32"
"1479","新潟県_湯沢町_神立村","1006","農業経営体_個人経営","経営体","31"
"1479","新潟県_湯沢町_神立村","1007","農業経営体_団体経営","経営体","1"
"1479","新潟県_湯沢町_神立村","1008","農業経営体_団体経営_法人経営","経営体","1"
"1479","新潟県_湯沢町_神立村","1009","林業経営体_計","経営体","2"
"1479","新潟県_湯沢町_神立村","1010","林業経営体_個人経営","経営体","2"
"1479","新潟県_湯沢町_神立村","1011","林業経営体_団体経営","経営体","-"
"1479","新潟県_湯沢町_神立村","1012","林業経営体_団体経営_法人経営","経営体","-"
"1480","新潟県_湯沢町_土樽村","1001","農林業経営体_計","経営体","91"
"1480","新潟県_湯沢町_土樽村","1002","農林業経営体_個人経営","経営体","86"
"1480","新潟県_湯沢町_土樽村","1003","農林業経営体_団体経営","経営体","5"
"1480","新潟県_湯沢町_土樽村","1004","農林業経営体_団体経営_法人経営","経営体","4"
"1480","新潟県_湯沢町_土樽村","1005","農業経営体_計","経営体","91"
"1480","新潟県_湯沢町_土樽村","1006","農業経営体_個人経営","経営体","86"
"1480","新潟県_湯沢町_土樽村","1007","農業経営体_団体経営","経営体","5"
"1480","新潟県_湯沢町_土樽村","1008","農業経営体_団体経営_法人経営","経営体","4"
"1480","新潟県_湯沢町_土樽村","1009","林業経営体_計","経営体","2"
"1480","新潟県_湯沢町_土樽村","1010","林業経営体_個人経営","経営体","2"
"1480","新潟県_湯沢町_土樽村","1011","林業経営体_団体経営","経営体","-"
"1480","新潟県_湯沢町_土樽村","1012","林業経営体_団体経営_法人経営","経営体","-"
"1481","新潟県_湯沢町_三俣村","1001","農林業経営体_計","経営体","1"
"1481","新潟県_湯沢町_三俣村","1002","農林業経営体_個人経営","経営体","-"
"1481","新潟県_湯沢町_三俣村","1003","農林業経営体_団体経営","経営体","1"
"1481","新潟県_湯沢町_三俣村","1004","農林業経営体_団体経営_法人経営","経営体","-"
"1481","新潟県_湯沢町_三俣村","1005","農業経営体_計","経営体","1"
"1481","新潟県_湯沢町_三俣村","1006","農業経営体_個人経営","経営体","-"
"1481","新潟県_湯沢町_三俣村","1007","農業経営体_団体経営","経営体","1"
"1481","新潟県_湯沢町_三俣村","1008","農業経営体_団体経営_法人経営","経営体","-"
"1481","新潟県_湯沢町_三俣村","1009","林業経営体_計","経営体","-"
"1481","新潟県_湯沢町_三俣村","1010","林業経営体_個人経営","経営体","-"
"1481","新潟県_湯沢町_三俣村","1011","林業経営体_団体経営","経営体","-"
"1481","新潟県_湯沢町_三俣村","1012","林業経営体_団体経営_法人経営","経営体","-"
"1482","新潟県_湯沢町_三国村","1001","農林業経営体_計","経営体","1"
"1482","新潟県_湯沢町_三国村","1002","農林業経営体_個人経営","経営体","-"
"1482","新潟県_湯沢町_三国村","1003","農林業経営体_団体経営","経営体","1"
"1482","新潟県_湯沢町_三国村","1004","農林業経営体_団体経営_法人経営","経営体","1"
"1482","新潟県_湯沢町_三国村","1005","農業経営体_計","経営体","-"
"1482","新潟県_湯沢町_三国村","1006","農業経営体_個人経営","経営体","-"
"1482","新潟県_湯沢町_三国村","1007","農業経営体_団体経営","経営体","-"
"1482","新潟県_湯沢町_三国村","1008","農業経営体_団体経営_法人経営","経営体","-"
"1482","新潟県_湯沢町_三国村","1009","林業経営体_計","経営体","1"
"1482","新潟県_湯沢町_三国村","1010","林業経営体_個人経営","経営体","-"
"1482","新潟県_湯沢町_三国村","1011","林業経営体_団体経営","経営体","1"
"1482","新潟県_湯沢町_三国村","1012","林業経営体_団体経営_法人経営","経営体","1"
"1483","新潟県_津南町","1001","農林業経営体_計","経営体","867"
"1483","新潟県_津南町","1002","農林業経営体_個人経営","経営体","840"
"1483","新潟県_津南町","1003","農林業経営体_団体経営","経営体","27"
"1483","新潟県_津南町","1004","農林業経営体_団体経営_法人経営","経営体","21"
"1483","新潟県_津南町","1005","農業経営体_計","経営体","866"
"1483","新潟県_津南町","1006","農業経営体_個人経営","経営体","840"
"1483","新潟県_津南町","1007","農業経営体_団体経営","経営体","26"
"1483","新潟県_津南町","1008","農業経営体_団体経営_法人経営","経営体","20"
"1483","新潟県_津南町","1009","林業経営体_計","経営体","7"
"1483","新潟県_津南町","1010","林業経営体_個人経営","経営体","6"
"1483","新潟県_津南町","1011","林業経営体_団体経営","経営体","1"
"1483","新潟県_津南町","1012","林業経営体_団体経営_法人経営","経営体","1"
"1484","新潟県_津南町_下船渡村","1001","農林業経営体_計","経営体","204"
"1484","新潟県_津南町_下船渡村","1002","農林業経営体_個人経営","経営体","195"
"1484","新潟県_津南町_下船渡村","1003","農林業経営体_団体経営","経営体","9"
"1484","新潟県_津南町_下船渡村","1004","農林業経営体_団体経営_法人経営","経営体","8"
"1484","新潟県_津南町_下船渡村","1005","農業経営体_計","経営体","204"
"1484","新潟県_津南町_下船渡村","1006","農業経営体_個人経営","経営体","195"
"1484","新潟県_津南町_下船渡村","1007","農業経営体_団体経営","経営体","9"
"1484","新潟県_津南町_下船渡村","1008","農業経営体_団体経営_法人経営","経営体","8"
"1484","新潟県_津南町_下船渡村","1009","林業経営体_計","経営体","1"
"1484","新潟県_津南町_下船渡村","1010","林業経営体_個人経営","経営体","1"
"1484","新潟県_津南町_下船渡村","1011","林業経営体_団体経営","経営体","-"
"1484","新潟県_津南町_下船渡村","1012","林業経営体_団体経営_法人経営","経営体","-"
"1485","新潟県_津南町_外丸村","1001","農林業経営体_計","経営体","74"
"1485","新潟県_津南町_外丸村","1002","農林業経営体_個人経営","経営体","73"
"1485","新潟県_津南町_外丸村","1003","農林業経営体_団体経営","経営体","1"
"1485","新潟県_津南町_外丸村","1004","農林業経営体_団体経営_法人経営","経営体","1"
"1485","新潟県_津南町_外丸村","1005","農業経営体_計","経営体","74"
"1485","新潟県_津南町_外丸村","1006","農業経営体_個人経営","経営体","73"
"1485","新潟県_津南町_外丸村","1007","農業経営体_団体経営","経営体","1"
"1485","新潟県_津南町_外丸村","1008","農業経営体_団体経営_法人経営","経営体","1"
"1485","新潟県_津南町_外丸村","1009","林業経営体_計","経営体","-"
"1485","新潟県_津南町_外丸村","1010","林業経営体_個人経営","経営体","-"
"1485","新潟県_津南町_外丸村","1011","林業経営体_団体経営","経営体","-"
"1485","新潟県_津南町_外丸村","1012","林業経営体_団体経営_法人経営","経営体","-"
"1486","新潟県_津南町_上郷村","1001","農林業経営体_計","経営体","206"
"1486","新潟県_津南町_上郷村","1002","農林業経営体_個人経営","経営体","200"
"1486","新潟県_津南町_上郷村","1003","農林業経営体_団体経営","経営体","6"
"1486","新潟県_津南町_上郷村","1004","農林業経営体_団体経営_法人経営","経営体","3"
"1486","新潟県_津南町_上郷村","1005","農業経営体_計","経営体","206"
"1486","新潟県_津南町_上郷村","1006","農業経営体_個人経営","経営体","200"
"1486","新潟県_津南町_上郷村","1007","農業経営体_団体経営","経営体","6"
"1486","新潟県_津南町_上郷村","1008","農業経営体_団体経営_法人経営","経営体","3"
"1486","新潟県_津南町_上郷村","1009","林業経営体_計","経営体","3"
"1486","新潟県_津南町_上郷村","1010","林業経営体_個人経営","経営体","3"
"1486","新潟県_津南町_上郷村","1011","林業経営体_団体経営","経営体","-"
"1486","新潟県_津南町_上郷村","1012","林業経営体_団体経営_法人経営","経営体","-"
"1487","新潟県_津南町_芦ケ崎村","1001","農林業経営体_計","経営体","185"
"1487","新潟県_津南町_芦ケ崎村","1002","農林業経営体_個人経営","経営体","181"
"1487","新潟県_津南町_芦ケ崎村","1003","農林業経営体_団体経営","経営体","4"
"1487","新潟県_津南町_芦ケ崎村","1004","農林業経営体_団体経営_法人経営","経営体","3"
"1487","新潟県_津南町_芦ケ崎村","1005","農業経営体_計","経営体","185"
"1487","新潟県_津南町_芦ケ崎村","1006","農業経営体_個人経営","経営体","181"
"1487","新潟県_津南町_芦ケ崎村","1007","農業経営体_団体経営","経営体","4"
"1487","新潟県_津南町_芦ケ崎村","1008","農業経営体_団体経営_法人経営","経営体","3"
"1487","新潟県_津南町_芦ケ崎村","1009","林業経営体_計","経営体","1"
"1487","新潟県_津南町_芦ケ崎村","1010","林業経営体_個人経営","経営体","1"
"1487","新潟県_津南町_芦ケ崎村","1011","林業経営体_団体経営","経営体","-"
"1487","新潟県_津南町_芦ケ崎村","1012","林業経営体_団体経営_法人経営","経営体","-"
"1488","新潟県_津南町_秋成村","1001","農林業経営体_計","経営体","61"
"1488","新潟県_津南町_秋成村","1002","農林業経営体_個人経営","経営体","60"
"1488","新潟県_津南町_秋成村","1003","農林業経営体_団体経営","経営体","1"
"1488","新潟県_津南町_秋成村","1004","農林業経営体_団体経営_法人経営","経営体","1"
"1488","新潟県_津南町_秋成村","1005","農業経営体_計","経営体","61"
"1488","新潟県_津南町_秋成村","1006","農業経営体_個人経営","経営体","60"
"1488","新潟県_津南町_秋成村","1007","農業経営体_団体経営","経営体","1"
"1488","新潟県_津南町_秋成村","1008","農業経営体_団体経営_法人経営","経営体","1"
"1488","新潟県_津南町_秋成村","1009","林業経営体_計","経営体","1"
"1488","新潟県_津南町_秋成村","1010","林業経営体_個人経営","経営体","1"
"1488","新潟県_津南町_秋成村","1011","林業経営体_団体経営","経営体","-"
"1488","新潟県_津南町_秋成村","1012","林業経営体_団体経営_法人経営","経営体","-"
"1489","新潟県_津南町_中深見村２－１","1001","農林業経営体_計","経営体","102"
"1489","新潟県_津南町_中深見村２－１","1002","農林業経営体_個人経営","経営体","97"
"1489","新潟県_津南町_中深見村２－１","1003","農林業経営体_団体経営","経営体","5"
"1489","新潟県_津南町_中深見村２－１","1004","農林業経営体_団体経営_法人経営","経営体","4"
"1489","新潟県_津南町_中深見村２－１","1005","農業経営体_計","経営体","101"
"1489","新潟県_津南町_中深見村２－１","1006","農業経営体_個人経営","経営体","97"
"1489","新潟県_津南町_中深見村２－１","1007","農業経営体_団体経営","経営体","4"
"1489","新潟県_津南町_中深見村２－１","1008","農業経営体_団体経営_法人経営","経営体","3"
"1489","新潟県_津南町_中深見村２－１","1009","林業経営体_計","経営体","1"
"1489","新潟県_津南町_中深見村２－１","1010","林業経営体_個人経営","経営体","-"
"1489","新潟県_津南町_中深見村２－１","1011","林業経営体_団体経営","経営体","1"
"1489","新潟県_津南町_中深見村２－１","1012","林業経営体_団体経営_法人経営","経営体","1"
"1490","新潟県_津南町_倉俣村２－２","1001","農林業経営体_計","経営体","35"
"1490","新潟県_津南町_倉俣村２－２","1002","農林業経営体_個人経営","経営体","34"
"1490","新潟県_津南町_倉俣村２－２","1003","農林業経営体_団体経営","経営体","1"
"1490","新潟県_津南町_倉俣村２－２","1004","農林業経営体_団体経営_法人経営","経営体","1"
"1490","新潟県_津南町_倉俣村２－２","1005","農業経営体_計","経営体","35"
"1490","新潟県_津南町_倉俣村２－２","1006","農業経営体_個人経営","経営体","34"
"1490","新潟県_津南町_倉俣村２－２","1007","農業経営体_団体経営","経営体","1"
"1490","新潟県_津南町_倉俣村２－２","1008","農業経営体_団体経営_法人経営","経営体","1"
"1490","新潟県_津南町_倉俣村２－２","1009","林業経営体_計","経営体","-"
"1490","新潟県_津南町_倉俣村２－２","1010","林業経営体_個人経営","経営体","-"
"1490","新潟県_津南町_倉俣村２－２","1011","林業経営体_団体経営","経営体","-"
"1490","新潟県_津南町_倉俣村２－２","1012","林業経営体_団体経営_法人経営","経営体","-"
"1491","新潟県_刈羽村","1001","農林業経営体_計","経営体","115"
"1491","新潟県_刈羽村","1002","農林業経営体_個人経営","経営体","102"
"1491","新潟県_刈羽村","1003","農林業経営体_団体経営","経営体","13"
"1491","新潟県_刈羽村","1004","農林業経営体_団体経営_法人経営","経営体","11"
"1491","新潟県_刈羽村","1005","農業経営体_計","経営体","115"
"1491","新潟県_刈羽村","1006","農業経営体_個人経営","経営体","102"
"1491","新潟県_刈羽村","1007","農業経営体_団体経営","経営体","13"
"1491","新潟県_刈羽村","1008","農業経営体_団体経営_法人経営","経営体","11"
"1491","新潟県_刈羽村","1009","林業経営体_計","経営体","-"
"1491","新潟県_刈羽村","1010","林業経営体_個人経営","経営体","-"
"1491","新潟県_刈羽村","1011","林業経営体_団体経営","経営体","-"
"1491","新潟県_刈羽村","1012","林業経営体_団体経営_法人経営","経営体","-"
"1492","新潟県_刈羽村_刈羽村","1001","農林業経営体_計","経営体","92"
"1492","新潟県_刈羽村_刈羽村","1002","農林業経営体_個人経営","経営体","84"
"1492","新潟県_刈羽村_刈羽村","1003","農林業経営体_団体経営","経営体","8"
"1492","新潟県_刈羽村_刈羽村","1004","農林業経営体_団体経営_法人経営","経営体","6"
"1492","新潟県_刈羽村_刈羽村","1005","農業経営体_計","経営体","92"
"1492","新潟県_刈羽村_刈羽村","1006","農業経営体_個人経営","経営体","84"
"1492","新潟県_刈羽村_刈羽村","1007","農業経営体_団体経営","経営体","8"
"1492","新潟県_刈羽村_刈羽村","1008","農業経営体_団体経営_法人経営","経営体","6"
"1492","新潟県_刈羽村_刈羽村","1009","林業経営体_計","経営体","-"
"1492","新潟県_刈羽村_刈羽村","1010","林業経営体_個人経営","経営体","-"
"1492","新潟県_刈羽村_刈羽村","1011","林業経営体_団体経営","経営体","-"
"1492","新潟県_刈羽村_刈羽村","1012","林業経営体_団体経営_法人経営","経営体","-"
"1493","新潟県_刈羽村_中通村２－２","1001","農林業経営体_計","経営体","22"
"1493","新潟県_刈羽村_中通村２－２","1002","農林業経営体_個人経営","経営体","18"
"1493","新潟県_刈羽村_中通村２－２","1003","農林業経営体_団体経営","経営体","4"
"1493","新潟県_刈羽村_中通村２－２","1004","農林業経営体_団体経営_法人経営","経営体","4"
"1493","新潟県_刈羽村_中通村２－２","1005","農業経営体_計","経営体","22"
"1493","新潟県_刈羽村_中通村２－２","1006","農業経営体_個人経営","経営体","18"
"1493","新潟県_刈羽村_中通村２－２","1007","農業経営体_団体経営","経営体","4"
"1493","新潟県_刈羽村_中通村２－２","1008","農業経営体_団体経営_法人経営","経営体","4"
"1493","新潟県_刈羽村_中通村２－２","1009","林業経営体_計","経営体","-"
"1493","新潟県_刈羽村_中通村２－２","1010","林業経営体_個人経営","経営体","-"
"1493","新潟県_刈羽村_中通村２－２","1011","林業経営体_団体経営","経営体","-"
"1493","新潟県_刈羽村_中通村２－２","1012","林業経営体_団体経営_法人経営","経営体","-"
"1494","新潟県_刈羽村_二田村２－２","1001","農林業経営体_計","経営体","1"
"1494","新潟県_刈羽村_二田村２－２","1002","農林業経営体_個人経営","経営体","-"
"1494","新潟県_刈羽村_二田村２－２","1003","農林業経営体_団体経営","経営体","1"
"1494","新潟県_刈羽村_二田村２－２","1004","農林業経営体_団体経営_法人経営","経営体","1"
"1494","新潟県_刈羽村_二田村２－２","1005","農業経営体_計","経営体","1"
"1494","新潟県_刈羽村_二田村２－２","1006","農業経営体_個人経営","経営体","-"
"1494","新潟県_刈羽村_二田村２－２","1007","農業経営体_団体経営","経営体","1"
"1494","新潟県_刈羽村_二田村２－２","1008","農業経営体_団体経営_法人経営","経営体","1"
"1494","新潟県_刈羽村_二田村２－２","1009","林業経営体_計","経営体","-"
"1494","新潟県_刈羽村_二田村２－２","1010","林業経営体_個人経営","経営体","-"
"1494","新潟県_刈羽村_二田村２－２","1011","林業経営体_団体経営","経営体","-"
"1494","新潟県_刈羽村_二田村２－２","1012","林業経営体_団体経営_法人経営","経営体","-"
"1495","新潟県_関川村","1001","農林業経営体_計","経営体","418"
"1495","新潟県_関川村","1002","農林業経営体_個人経営","経営体","400"
"1495","新潟県_関川村","1003","農林業経営体_団体経営","経営体","18"
"1495","新潟県_関川村","1004","農林業経営体_団体経営_法人経営","経営体","17"
"1495","新潟県_関川村","1005","農業経営体_計","経営体","408"
"1495","新潟県_関川村","1006","農業経営体_個人経営","経営体","394"
"1495","新潟県_関川村","1007","農業経営体_団体経営","経営体","14"
"1495","新潟県_関川村","1008","農業経営体_団体経営_法人経営","経営体","14"
"1495","新潟県_関川村","1009","林業経営体_計","経営体","17"
"1495","新潟県_関川村","1010","林業経営体_個人経営","経営体","13"
"1495","新潟県_関川村","1011","林業経営体_団体経営","経営体","4"
"1495","新潟県_関川村","1012","林業経営体_団体経営_法人経営","経営体","3"
"1496","新潟県_関川村_関谷村","1001","農林業経営体_計","経営体","211"
"1496","新潟県_関川村_関谷村","1002","農林業経営体_個人経営","経営体","202"
"1496","新潟県_関川村_関谷村","1003","農林業経営体_団体経営","経営体","9"
"1496","新潟県_関川村_関谷村","1004","農林業経営体_団体経営_法人経営","経営体","8"
"1496","新潟県_関川村_関谷村","1005","農業経営体_計","経営体","202"
"1496","新潟県_関川村_関谷村","1006","農業経営体_個人経営","経営体","197"
"1496","新潟県_関川村_関谷村","1007","農業経営体_団体経営","経営体","5"
"1496","新潟県_関川村_関谷村","1008","農業経営体_団体経営_法人経営","経営体","5"
"1496","新潟県_関川村_関谷村","1009","林業経営体_計","経営体","14"
"1496","新潟県_関川村_関谷村","1010","林業経営体_個人経営","経営体","10"
"1496","新潟県_関川村_関谷村","1011","林業経営体_団体経営","経営体","4"
"1496","新潟県_関川村_関谷村","1012","林業経営体_団体経営_法人経営","経営体","3"
"1497","新潟県_関川村_女川村","1001","農林業経営体_計","経営体","207"
"1497","新潟県_関川村_女川村","1002","農林業経営体_個人経営","経営体","198"
"1497","新潟県_関川村_女川村","1003","農林業経営体_団体経営","経営体","9"
"1497","新潟県_関川村_女川村","1004","農林業経営体_団体経営_法人経営","経営体","9"
"1497","新潟県_関川村_女川村","1005","農業経営体_計","経営体","206"
"1497","新潟県_関川村_女川村","1006","農業経営体_個人経営","経営体","197"
"1497","新潟県_関川村_女川村","1007","農業経営体_団体経営","経営体","9"
"1497","新潟県_関川村_女川村","1008","農業経営体_団体経営_法人経営","経営体","9"
"1497","新潟県_関川村_女川村","1009","林業経営体_計","経営体","3"
"1497","新潟県_関川村_女川村","1010","林業経営体_個人経営","経営体","3"
"1497","新潟県_関川村_女川村","1011","林業経営体_団体経営","経営体","-"
"1497","新潟県_関川村_女川村","1012","林業経営体_団体経営_法人経営","経営体","-"
"1498","新潟県_粟島浦村","1001","農林業経営体_計","経営体","1"
"1498","新潟県_粟島浦村","1002","農林業経営体_個人経営","経営体","-"
"1498","新潟県_粟島浦村","1003","農林業経営体_団体経営","経営体","1"
"1498","新潟県_粟島浦村","1004","農林業経営体_団体経営_法人経営","経営体","1"
"1498","新潟県_粟島浦村","1005","農業経営体_計","経営体","1"
"1498","新潟県_粟島浦村","1006","農業経営体_個人経営","経営体","-"
"1498","新潟県_粟島浦村","1007","農業経営体_団体経営","経営体","1"
"1498","新潟県_粟島浦村","1008","農業経営体_団体経営_法人経営","経営体","1"
"1498","新潟県_粟島浦村","1009","林業経営体_計","経営体","-"
"1498","新潟県_粟島浦村","1010","林業経営体_個人経営","経営体","-"
"1498","新潟県_粟島浦村","1011","林業経営体_団体経営","経営体","-"
"1498","新潟県_粟島浦村","1012","林業経営体_団体経営_法人経営","経営体","-"
